<?xml version="1.0" encoding="UTF-8"?>
<?xml-stylesheet type="text/xsl" href="liivike_tekst.xsl"?>
<liivike>
	<info><tyyp>suuline</tyyp><teema>Kettunen2</teema><keel>liivi</keel><murre>idaliivi</murre><kirjaviis>foneetiline transkriptsioon</kirjaviis><kyla longituud="22.317" latituud="57.68167">Irē</kyla><teos pealkiri="Untersuchung über die livische sprache" aasta="1925" koht="Tartu">L. Kettunen</teos><keelejuht id="KS" haridus="" synniaasta="1870" synnikoht="Ire" vanus="54" sugu="M">Karl Stalte</keelejuht></info><sisu id="Kettunen2">
		<lause id="l1" koneleja="27">
			<sone id="l1_s1" meta="number">2</sone>
			<sone id="l1_s2" meta="vahemärk">.</sone><sone id="l1_s3" lemma="Punap" tahendus="Punapea" liik="H" vorm="sg.nom." kommentaar="?">punàp̀</sone><sone id="l1_s4" meta="vahemärk">.</sone></lause>
		<lause id="l2" koneleja=""><sone id="l2_s1" meta="kommentaar">Ire</sone><sone id="l2_s2" meta="number">12</sone><sone id="l2_s3" meta="vahemärk">.</sone><sone id="l2_s4" meta="kommentaar">I</sone><sone id="l2_s5" meta="vahemärk">.</sone><sone id="l2_s6" meta="number">25</sone><sone id="l2_s7" meta="vahemärk">.</sone><sone id="l2_s8" meta="kommentaar">Karl</sone><sone id="l2_s9" meta="muukeelne">Stalte</sone><sone id="l2_s10" meta="vahemärk">.</sone><sone id="l2_s11" meta="number">54</sone><sone id="l2_s12" meta="kommentaar">j</sone><sone id="l2_s13" meta="vahemärk">.</sone></lause><lause id="l3" koneleja=""><sone id="l3_s1" lemma="Punap" tahendus="Punapea" liik="H" vorm="sg.gen.">punàp̀</sone><sone id="l3_s2" lemma="perī+mīez" tahendus="peremees" ingl="host" liik="S" vorm="sg.nom.">perì+mìe̯z</sone><sone id="l3_s3" meta="vahemärk">,</sone><sone id="l3_s4" lemma="Irē" tahendus="Irē" ingl="Mazirbe" liik="H" vorm="sg.ad.">iràʼil</sone><sone id="l3_s5" meta="vahemärk">,</sone><sone id="l3_s6" lemma="tǭ’dõ" tahendus="tahta" ingl="want" liik="V" vorm="pers.ind.ipf.sg.3.">tō̬ʼž́</sone><sone id="l3_s7" meta="vahemärk">=</sone><sone id="l3_s8" lemma="rikāz" tahendus="rikas" ingl="rich" liik="A" vorm="sg.instl.">rikkə̑ks</sone><sone id="l3_s9" lemma="sǭdõ" tahendus="saada" ingl="get" liik="V" vorm="inf.">sō̬də̑</sone><sone id="l3_s10" meta="vahemärk">.</sone></lause><lause id="l4" koneleja=""><sone id="l4_s1" lemma="eņtš" tahendus="enese" ingl="own" liik="ProS" vorm="sg.gen.">en̄́ts̆</sone><sone id="l4_s2" lemma="joud" tahendus="jõud" ingl="force" liik="S" vorm="sg.instl.">i̯où̯tkə̑ks</sone><sone id="l4_s3" lemma="ī’d" tahendus="ainult, üha" ingl="only" liik="Adv">ǖʼt</sone><sone id="l4_s4" meta="vahemärk">=</sone><sone id="l4_s5" lemma="tämā" tahendus="tema" ingl="he, she" liik="ProS" vorm="sg.nom.">ta</sone><sone id="l4_s6" lemma="se" tahendus="see" ingl="this" liik="ProS" vorm="sg.part.">si̯edà</sone><sone id="l4_s7" lemma="iz" tahendus="ei" liik="Mn" vorm="ipf.sg.3.">is</sone><sone id="l4_s8" meta="vahemärk">=</sone><sone id="l4_s9" lemma="sõitõ" tahendus="suuta" ingl="be able" liik="V" vorm="pers.ind.sg.3.neg.">sè̮i̯t̆ta</sone><sone id="l4_s10" meta="vahemärk">,</sone><sone id="l4_s11" lemma="sīe+pierāst" tahendus="seepärast" ingl="therefore" liik="ProAdv">sìe̯+p̆pi̯eràst</sone><sone id="l4_s12" lemma="tämā" tahendus="tema" ingl="he, she" liik="ProS" vorm="sg.nom.">ta</sone><sone id="l4_s13" lemma="vȯtšõ" tahendus="otsida" ingl="look for" liik="V" vorm="pers.ind.ipf.sg.3.">vo͕t̆š́is</sone><sone id="l4_s14" meta="vahemärk">=</sone><sone id="l4_s15" lemma="kuŗē" tahendus="kurat" ingl="devil" liik="S" vorm="sg.gen.">kurè</sone><sone id="l4_s16" lemma="a’b" tahendus="abi" ingl="help" liik="S" vorm="sg.part.">aʼbbə̑</sone><sone id="l4_s17" meta="vahemärk">.</sone></lause><lause id="l5" koneleja=""><sone id="l5_s1" lemma="tieudõ" tahendus="teada" ingl="know" liik="V" vorm="inf.">ti̯eù̯t̆tə̑</sone><sone id="l5_s2" lemma="sǭdõ" tahendus="saada" ingl="get" liik="V" vorm="nud.sg.">sō̬nᴅ</sone><sone id="l5_s3" meta="vahemärk">,</sone><sone id="l5_s4" lemma="kui" tahendus="kuidas" ingl="how" liik="Intr" kommentaar="?">kui̯</sone><sone id="l5_s5" lemma="kuŗē" tahendus="kurat" ingl="devil" liik="S" vorm="sg.part.">kuʼr̀ŕə̑</sone><sone id="l5_s6" lemma="võidõ" tahendus="võida" ingl="can" liik="V" vorm="pers.ind.pr.sg.3.">ve̮ì̯b</sone><sone id="l5_s7" meta="vahemärk">=</sone><sone id="l5_s8" lemma="eņtš" tahendus="enese" ingl="own" liik="ProS" vorm="sg.gen.">en̄́ts̆</sone><sone id="l5_s9" lemma="jū’rõ" tahendus="juurde" ingl="to" liik="Post">i̯ūʼrə̑</sone><sone id="l5_s10" lemma="kutsõ" tahendus="kutsuda" ingl="invite" liik="V" vorm="inf.">kut̄sə̑</sone><sone id="l5_s11" meta="vahemärk">,</sone><sone id="l5_s12" lemma="lǟ’dõ" tahendus="minna" ingl="go" liik="V" vorm="pers.ind.ipf.sg.3.">lek̄s̆</sone><sone id="l5_s13" lemma="tämā" tahendus="tema" ingl="he, she" liik="ProS" vorm="sg.nom.">ta</sone><sone id="l5_s14" lemma="brēḑig" tahendus="reede" ingl="Friday" liik="S" vorm="sg.gen.">brēd́ig</sone><sone id="l5_s15" meta="vahemärk">=</sone><sone id="l5_s16" lemma="ȭ’dõn" tahendus="õhtul" ingl="evening" liik="Adv">ē̮ʼdə̑n</sone><sone id="l5_s17" lemma="rī’j" tahendus="rehi" liik="S" vorm="sg.gen.">rīʼt̆</sone><sone id="l5_s18" meta="vahemärk">=</sone><sone id="l5_s19" lemma="tagān" tahendus="taha" ingl="behind" liik="Post">tagàn</sone><sone id="l5_s20" lemma="un" tahendus="ja" ingl="and" liik="Konj">un</sone><sone id="l5_s21" lemma="sviļpõ" tahendus="vilistada" ingl="whistle" liik="V" vorm="pers.ind.ipf.sg.3.">svīĺp̆piz</sone><sone id="l5_s22" meta="vahemärk">.</sone></lause><lause id="l6" koneleja=""><sone id="l6_s1" lemma="ku" tahendus="kui" ingl="when" liik="Konj">ku</sone><sone id="l6_s2" lemma="tämā" tahendus="tema" ingl="he, she" liik="ProS" vorm="sg.nom.">ta</sone><sone id="l6_s3" lemma="kuolm" tahendus="kolm" ingl="three" liik="Nump" vorm="sg.nom.">ku̯ol̄m</sone><sone id="l6_s4" lemma="kõrd" tahendus="kord" ingl="time" liik="S" vorm="sg.part.">ke̮r̄də̑</sone><sone id="l6_s5" lemma="vȱlda" tahendus="olla" ingl="be" liik="Va" vorm="pers.ind.ipf.sg.3.">vo͕ʼĺ</sone><sone id="l6_s6" lemma="sviļpõ" tahendus="vilistada" ingl="whistle" liik="V" vorm="nud.sg.">svilppə̑n</sone><sone id="l6_s7" meta="vahemärk">,</sone><sone id="l6_s8" lemma="tūlda" tahendus="tulla" ingl="come" liik="V" vorm="pers.ind.ipf.sg.3.">tuʼĺ</sone><sone id="l6_s9" lemma="ka" tahendus="ka" ingl="also" liik="ModAdv">ka</sone><sone id="l6_s10" lemma="kuŗē" tahendus="kurat" ingl="devil" liik="S" vorm="sg.nom.">kurè</sone><sone id="l6_s11" lemma="un" tahendus="ja" ingl="and" liik="Konj">un</sone><sone id="l6_s12" lemma="ki’zzõ" tahendus="küsida" ingl="ask" liik="V" vorm="pers.ind.ipf.sg.3.">küzìz</sone><sone id="l6_s13" meta="vahemärk">=</sone><sone id="l6_s14" lemma="mis" tahendus="mis" ingl="what" liik="Intr">mìs</sone><sone id="l6_s15" lemma="tämā" tahendus="tema" ingl="he, she" liik="ProS" vorm="sg.nom.">ta</sone><sone id="l6_s16" lemma="tǭ’dõ" tahendus="tahta" ingl="want" liik="V" vorm="pers.ind.ipf.sg.3.">tō̬ʼį̯ì</sone><sone id="l6_s17" meta="vahemärk">.</sone></lause><lause id="l7" koneleja=""><sone id="l7_s1" lemma="Punap" tahendus="Punapea" liik="H" vorm="sg.nom.">punàp̀</sone><sone id="l7_s2" lemma="nīžõ" tahendus="jutustada" ingl="tell" liik="V" vorm="pers.ind.ipf.sg.3.">nīžìs</sone><sone id="l7_s3" meta="vahemärk">=</sone><sone id="l7_s4" lemma="kuŗē" tahendus="kurat" ingl="devil" liik="S" vorm="sg.dat.">kurèn</sone><sone id="l7_s5" lemma="eņtš" tahendus="enese" ingl="own" liik="ProS" vorm="sg.gen.">en̄́tš</sone><sone id="l7_s6" lemma="tǭ’mi" tahendus="tahe" ingl="will" liik="S" vorm="sg.part.">tō̬ʼmistə̑</sone><sone id="l7_s7" lemma="un" tahendus="ja" ingl="and" liik="Konj">un</sone><sone id="l7_s8" lemma="pallõ" tahendus="paluda" ingl="beg" liik="V" vorm="pers.ind.ipf.sg.3.">pō̬lìs</sone><sone id="l7_s9" meta="vahemärk">=</sone><sone id="l7_s10" lemma="tämā" tahendus="tema" ingl="he, she" liik="ProS" vorm="sg.dat.">täʼmmə̑n</sone><sone id="l7_s11" lemma="a’b" tahendus="abi" ingl="help" liik="S" vorm="sg.part.">aʼbbə̑</sone><sone id="l7_s12" meta="vahemärk">.</sone></lause><lause id="l8" koneleja=""><sone id="l8_s1" lemma="kuŗē" tahendus="kurat" ingl="devil" liik="S" vorm="sg.nom.">kurè</sone><sone id="l8_s2" lemma="vȱlda" tahendus="olla" ingl="be" liik="Va" vorm="pers.ind.ipf.sg.3.">vo͕ʼĺ</sone><sone id="l8_s3" lemma="ka" tahendus="ka" ingl="also" liik="ModAdv">ka</sone><sone id="l8_s4" lemma="nõ’v" tahendus="nõu" liik="S" vorm="sg.in.">ne̮ʼus̆sə̑</sone><sone id="l8_s5" lemma="se" tahendus="see" ingl="this" liik="ProS" vorm="sg.part.">si̯edà</sone><sone id="l8_s6" lemma="tī’edõ" tahendus="teha" ingl="do" liik="V" vorm="inf.">tìʼedə̑</sone><sone id="l8_s7" meta="vahemärk">,</sone><sone id="l8_s8" lemma="a’ž" tahendus="kui" ingl="if" liik="Konj">aš</sone><sone id="l8_s9" meta="vahemärk">=</sone><sone id="l8_s10" lemma="set" tahendus="ainult" ingl="only" liik="ModAdv">šet̄</sone><sone id="l8_s11" lemma="Punap" tahendus="Punapea" liik="H" vorm="sg.nom.">punàp̀</sone><sone id="l8_s12" lemma="tämā" tahendus="tema" ingl="he, she" liik="ProS" vorm="sg.dat.">täʼmmə̑n</sone><sone id="l8_s13" lemma="tõitõ" tahendus="tõotada" ingl="promise" liik="V" vorm="pers.ind.pr.sg.3.">tè̮i̯t̆tab</sone><sone id="l8_s14" meta="vahemärk">=</sone><sone id="l8_s15" lemma="eņtš" tahendus="enese" ingl="own" liik="ProS" vorm="sg.gen.">en̄́tš</sone><sone id="l8_s16" lemma="jeng" tahendus="hing" ingl="soul" liik="S" vorm="sg.part.">i̯eƞ̄gə̑</sone><sone id="l8_s17" meta="vahemärk">.</sone></lause><lause id="l9" koneleja=""><sone id="l9_s1" lemma="ku" tahendus="kui" ingl="when" liik="Konj">ku</sone><sone id="l9_s2" lemma="Punap" tahendus="Punapea" liik="H" vorm="sg.nom.">punàp̀</sone><sone id="l9_s3" lemma="se" tahendus="see" ingl="this" liik="ProS" vorm="sg.part.">si̯edà</sone><sone id="l9_s4" lemma="vȱlda" tahendus="olla" ingl="be" liik="Va" vorm="pers.ind.ipf.sg.3.">vo͕ʼĺ</sone><sone id="l9_s5" lemma="tõitõ" tahendus="tõotada" ingl="promise" liik="V" vorm="nud.sg.">te̮ì̯t̆tə̑n</sone><sone id="l9_s6" meta="vahemärk">,</sone><sone id="l9_s7" lemma="si’z" tahendus="siis" ingl="then" liik="ProAdv">sìz</sone><sone id="l9_s8" meta="vahemärk">=</sone><sone id="l9_s9" lemma="ni" tahendus="nüüd" ingl="now" liik="Adv">ni</sone><sone id="l9_s10" lemma="irgõ" tahendus="hakata" ingl="begin" liik="V" vorm="pers.ind.ipf.pl.3.">ǖrgistə̑</sone><sone id="l9_s11" lemma="amā" tahendus="kõik" ingl="all" liik="ProS" vorm="pl.nom.">amàd</sone><sone id="l9_s12" meta="vahemärk">=</sone><sone id="l9_s13" lemma="ne" tahendus="need" ingl="these" liik="ProS" vorm="pl.nom.">ne</sone><sone id="l9_s14" lemma="pat" tahendus="patt" ingl="sin" liik="S" vorm="pl.nom.">pat̆tùd</sone><sone id="l9_s15" meta="vahemärk">=</sone><sone id="l9_s16" lemma="un" tahendus="ja" ingl="and" liik="Konj">un</sone><sone id="l9_s17" lemma="buŗā+tīe" tahendus="nõia+töö" liik="S" vorm="pl.nom.">bur̀a+tìe̯ᴅ</sone><sone id="l9_s18" meta="vahemärk">,</sone><sone id="l9_s19" lemma="mis" tahendus="mis" ingl="what" liik="Intr" vorm="sg.instl.">mis̀sə̑ks</sone><sone id="l9_s20" lemma="tämā" tahendus="tema" ingl="he, she" liik="ProS" vorm="sg.nom.">ta</sone><sone id="l9_s21" lemma="eņtš" tahendus="enese" ingl="own" liik="ProS" vorm="sg.part.">ēǹtšta</sone><sone id="l9_s22" lemma="jarā" tahendus="ära" ingl="away" liik="Adva">i̯arà</sone><sone id="l9_s23" lemma="rikkõ" tahendus="rikkuda" ingl="ruin" liik="V" vorm="pers.ind.ipf.sg.3.">rik̆kiz</sone><sone id="l9_s24" meta="vahemärk">.</sone></lause><lause id="l10" koneleja=""><sone id="l10_s1" lemma="a’ž" tahendus="kui" ingl="if" liik="Konj">až</sone><sone id="l10_s2" meta="vahemärk">=</sone><sone id="l10_s3" lemma="ni" tahendus="nüüd" ingl="now" liik="Adv">ni</sone><sone id="l10_s4" lemma="mū" tahendus="muu, teine" ingl="other" liik="ProS" vorm="pl.dat.">mun̄t̆tə̑n</sone><sone id="l10_s5" lemma="vīļa" tahendus="vili" liik="S" vorm="sg.nom.">vīĺa</sone><sone id="l10_s6" lemma="ulzõ" tahendus="ära" ingl="out" liik="Adva" kommentaar="?">ul̄zə̑</sone><sone id="l10_s7" lemma="kuijõ" tahendus="kuivada" ingl="dry" liik="V" vorm="pers.ind.ipf.sg.3.">kūì̯iz</sone><sone id="l10_s8" meta="vahemärk">,</sone><sone id="l10_s9" lemma="si’z" tahendus="siis" ingl="then" liik="ProAdv">sis</sone><sone id="l10_s10" meta="vahemärk">=</sone><sone id="l10_s11" lemma="Punap" tahendus="Punapea" liik="H" vorm="sg.dat.">punàp̆pə̑n</sone><sone id="l10_s12" lemma="tämā" tahendus="tema" ingl="he, she" liik="ProS" vorm="sg.nom.">ta</sone><sone id="l10_s13" lemma="ka’zzõ" tahendus="kasvada" ingl="grow" liik="V" vorm="pers.ind.ipf.sg.3.">kaziz</sone><sone id="l10_s14" meta="vahemärk">.</sone></lause><lause id="l11" koneleja=""><sone id="l11_s1" lemma="mū" tahendus="muu, teine" ingl="other" liik="ProS" vorm="pl.dat.">mun̄t̆tə̑n</sone><sone id="l11_s2" lemma="lǟ’dõ" tahendus="minna" ingl="go" liik="V" vorm="pers.ind.ipf.pl.3.">lek̆štà</sone><sone id="l11_s3" lemma="lūomõz" tahendus="loom" ingl="animal" liik="S" vorm="pl.nom.">lùo̯mə̑d</sone><sone id="l11_s4" meta="vahemärk">=</sone><sone id="l11_s5" lemma="ukkõ" tahendus="hukka" liik="Adva">uk̀kə̑</sone><sone id="l11_s6" meta="vahemärk">,</sone><sone id="l11_s7" lemma="Punap" tahendus="Punapea" liik="H" vorm="sg.dat.">punàp̆pə̑n</sone><sone id="l11_s8" lemma="ikš" tahendus="üks" liik="Nump" vorm="sg.dat.">ǖʼdə̑n</sone><sone id="l11_s9" lemma="ne" tahendus="need" ingl="these" liik="ProS" vorm="pl.nom.">ne</sone><sone id="l11_s10" lemma="vȱlda" tahendus="olla" ingl="be" liik="V" vorm="pers.ind.ipf.pl.3.">vo͕ʼĺt̆tə̑</sone><sone id="l11_s11" lemma="tierā" tahendus="terve" liik="A" vorm="pl.nom.">ti̯er̀rə̑ᴅ</sone><sone id="l11_s12" meta="vahemärk">.</sone></lause><lause id="l12" koneleja="28"><sone id="l12_s1" lemma="un" tahendus="ja" ingl="and" liik="Konj">un</sone><sone id="l12_s2" lemma="se" tahendus="see" ingl="this" liik="ProS" vorm="sg.nom.">se</sone><sone id="l12_s3" lemma="lǟ’dõ" tahendus="minna" ingl="go" liik="V" vorm="pers.ind.ipf.sg.3.">lek̄s̆</sone><sone id="l12_s4" lemma="ne’i" tahendus="nii" ingl="so" liik="ProAdv">neʼi</sone><sone id="l12_s5" lemma="ne’i" tahendus="nii" ingl="so" liik="ProAdv">neʼik̆</sone><sone id="l12_s6" meta="vahemärk">=</sone><sone id="l12_s7" lemma="kōgiņ" tahendus="kaugele" ingl="far" liik="Adv" kommentaar="?">kōgiǹ</sone><sone id="l12_s8" meta="vahemärk">,</sone><sone id="l12_s9" lemma="kuņtš" tahendus="kuni" ingl="until" liik="Konj">kun̄́ts̆</sone><sone id="l12_s10" lemma="tämā" tahendus="tema" ingl="he, she" liik="ProS" vorm="sg.nom.">ta</sone><sone id="l12_s11" lemma="tūlda" tahendus="tulla, sattuda" ingl="come" liik="V" vorm="pers.ind.ipf.sg.3.">tuʼĺ</sone><sone id="l12_s12" lemma="izānd" tahendus="isand" ingl="master" liik="S" vorm="pl.dat.">izàndə̑də̑n</sone><sone id="l12_s13" lemma="kūora" tahendus="kõrv" ingl="ear" liik="S" vorm="pl.ill.">kùo̯riž</sone><sone id="l12_s14" meta="vahemärk">.</sone></lause><lause id="l13" koneleja=""><sone id="l13_s1" lemma="Punap" tahendus="Punapea" liik="H" vorm="sg.nom.">punàp̀</sone><sone id="l13_s2" lemma="ni" tahendus="nüüd" ingl="now" liik="Adv">ni</sone><sone id="l13_s3" lemma="sǭdõ" tahendus="saada" ingl="get" liik="V" vorm="pers.ind.ipf.sg.3.">saì̯</sone><sone id="l13_s4" lemma="je’ddõ" tahendus="ette" ingl="in front" liik="Adv" kommentaar="?">i̯eʼddə̑</sone><sone id="l13_s5" lemma="kutsõ" tahendus="kutsuda" ingl="invite" liik="V" vorm="tud.">kut̄stə̑t̀</sone><sone id="l13_s6" meta="vahemärk">,</sone><sone id="l13_s7" lemma="kuŗē" tahendus="kurat" ingl="devil" liik="S" vorm="sg.nom.">kurè</sone><sone id="l13_s8" lemma="un" tahendus="ja" ingl="and" liik="Konj">un</sone><sone id="l13_s9" lemma="buŗā" tahendus="nõid" ingl="witch" liik="S" vorm="sg.nom.">buŕà</sone><sone id="l13_s10" lemma="tīe" tahendus="töö" ingl="work" liik="S" vorm="pl.in.">tǜö̯šši</sone><sone id="l13_s11" lemma="sīli" tahendus="süüdlane" ingl="quilty" liik="S" vorm="sg.instl.">sǖlìzə̑ks</sone><sone id="l13_s12" lemma="tundõ" tahendus="tunda" ingl="know" liik="V" vorm="tud." kommentaar="?">tun̄t̀tə̑t̀</sone><sone id="l13_s13" lemma="un" tahendus="ja" ingl="and" liik="Konj">un</sone><sone id="l13_s14" lemma="pȭrand" tahendus="tuleriit" liik="S" vorm="sg.gen.">pe̮ràndə̑ks</sone><sone id="l13_s15" lemma="pǟl" tahendus="peal" ingl="on" liik="Post">pǟl</sone><sone id="l13_s16" lemma="jarā" tahendus="ära" ingl="away" liik="Adva">i̯arà</sone><sone id="l13_s17" lemma="kittõ" tahendus="kütta" ingl="stoke" liik="V" vorm="tud.">küt̀tə̑t̀</sone><sone id="l13_s18" lemma="tämā" tahendus="tema" ingl="he, she" liik="ProS" vorm="sg.gen.">täʼm</sone><sone id="l13_s19" lemma="lejā" tahendus="liha, ihu" ingl="flesh" liik="S" vorm="sg.nom.">leį̯à</sone><sone id="l13_s20" lemma="pa’llõ" tahendus="põleda" ingl="burn" liik="V" vorm="pers.ind.ipf.sg.3.">palìz</sone><sone id="l13_s21" meta="vahemärk">=</sone><sone id="l13_s22" lemma="jarā" tahendus="ära" ingl="away" liik="Adva">i̯arà</sone><sone id="l13_s23" meta="vahemärk">,</sone><sone id="l13_s24" lemma="set" tahendus="ainult" ingl="only" liik="ModAdv">set̄</sone><sone id="l13_s25" lemma="tämā" tahendus="tema" ingl="he, she" liik="ProS" vorm="sg.gen.">täʼm</sone><sone id="l13_s26" lemma="patli" tahendus="patune" ingl="sinful" liik="A" vorm="pl.part.">pat̄list</sone><sone id="l13_s27" lemma="sidām" tahendus="süda" ingl="heart" liik="S" vorm="sg.part.">südàmt̆tə̑</sone><sone id="l13_s28" lemma="tu’ļ" tahendus="tuli" ingl="fire" liik="S" vorm="sg.nom.">tuʼĺ</sone><sone id="l13_s29" lemma="i’z" tahendus="ei" ingl="not" liik="Mn" vorm="ipf.sg.3.">iz</sone><sone id="l13_s30" meta="vahemärk">=</sone><sone id="l13_s31" lemma="võttõ" tahendus="võtta" ingl="take" liik="V" vorm="pers.ind.sg.3.neg.">ve̮t̆tà</sone><sone id="l13_s32" lemma="vastõ" tahendus="vastu" liik="Adva">vas̄tə̑</sone><sone id="l13_s33" meta="vahemärk">,</sone><sone id="l13_s34" lemma="se" tahendus="see" ingl="this" liik="ProS">se</sone><sone id="l13_s35" lemma="īekõ" tahendus="hüpata" ingl="jump" liik="V" vorm="pers.ind.ipf.sg.3.">üö̯k̆kìs</sone><sone id="l13_s36" meta="vahemärk">=</sone><sone id="l13_s37" lemma="tu’ļ" tahendus="tuli" ingl="fire" liik="S" vorm="sg.el.">tuʼlstə̑</sone><sone id="l13_s38" lemma="ulzõ" tahendus="välja" ingl="out" liik="Adva">ul̄zə̑</sone><sone id="l13_s39" lemma="un" tahendus="ja" ingl="and" liik="Konj">un</sone><sone id="l13_s40" lemma="poukõ" tahendus="paugatada" liik="V" vorm="pers.ind.ipf.sg.3.">pōk̆kiz</sone><sone id="l13_s41" meta="vahemärk">=</sone><sone id="l13_s42" lemma="lǭ’igi" tahendus="lõhki" liik="Adv">lō̬ʼigi</sone><sone id="l13_s43" meta="vahemärk">.</sone></lause><lause id="l14" koneleja=""><sone id="l14_s1" lemma="un" tahendus="ja" ingl="and" liik="Konj">un</sone><sone id="l14_s2" lemma="ni" tahendus="nüüd" ingl="now" liik="Adv">ni</sone><sone id="l14_s3" lemma="tūlda" tahendus="tulla" ingl="come" liik="V" vorm="pers.ind.ipf.sg.3.">tuʼĺ</sone><sone id="l14_s4" lemma="nǟ’dõb" tahendus="nähtav" ingl="visible" liik="A" vorm="sg.nom." kommentaar="?">nǟʼdə̑ʙ</sone><sone id="l14_s5" meta="vahemärk">,</sone><sone id="l14_s6" lemma="mis" tahendus="mis" ingl="what" liik="Intr">mìs̀s</sone><sone id="l14_s7" meta="vahemärk">=</sone><sone id="l14_s8" lemma="amā" tahendus="kõik" ingl="all" liik="ProS" vorm="sg.part.">aʼmmə̑</sone><sone id="l14_s9" lemma="Punap" tahendus="Punapea" liik="H" vorm="sg.nom.">punàp̀</sone><sone id="l14_s10" lemma="vȱlda" tahendus="olla" ingl="be" liik="Va" vorm="pers.ind.ipf.sg.3.">vo͕ʼĺ</sone><sone id="l14_s11" lemma="tī’edõ" tahendus="teha" ingl="do" liik="V" vorm="nud.sg.">tìʼenᴅ</sone><sone id="l14_s12" meta="vahemärk">,</sone><sone id="l14_s13" lemma="sīe+pierāst" tahendus="seepärast" ingl="because" liik="ProAdv">sìe̯p̆+pi̯eràst</sone><sone id="l14_s14" lemma="ku" tahendus="et" ingl="that" liik="Konj">ku</sone><sone id="l14_s15" lemma="amā" tahendus="kõik" ingl="all" liik="ProS" vorm="sg.el.">amàstə̑</sone><sone id="l14_s16" meta="vahemärk">,</sone><sone id="l14_s17" lemma="mis" tahendus="mis" ingl="what" liik="Intr">mìs̄</sone><sone id="l14_s18" lemma="tämā" tahendus="tema" ingl="he, she" liik="ProS" vorm="sg.nom.">ta</sone><sone id="l14_s19" lemma="vȱlda" tahendus="olla" ingl="be" liik="Va" vorm="pers.ind.ipf.sg.3.">vo͕ʼĺ</sone><sone id="l14_s20" lemma="jarā" tahendus="ära" ingl="away" liik="Adva">ì̯arà</sone><sone id="l14_s21" lemma="rikkõ" tahendus="rikkuda" ingl="ruin" liik="V" vorm="nud.sg.">rìkkə̑n</sone><sone id="l14_s22" meta="vahemärk">,</sone><sone id="l14_s23" lemma="tämā" tahendus="tema" ingl="he, she" liik="ProS" vorm="sg.gen.">täʼm</sone><sone id="l14_s24" lemma="sidām" tahendus="süda" ingl="heart" liik="S" vorm="sg.ill.">südàmə̑</sone><sone id="l14_s25" lemma="vȱlda" tahendus="olla" ingl="be" liik="Va" vorm="pers.ind.ipf.sg.3.">vo͕ʼĺ</sone><sone id="l14_s26" lemma="īedõ" tahendus="jääda" ingl="stay" liik="V" vorm="nud.sg.">ìe̯nd</sone><sone id="l14_s27" meta="vahemärk">=</sone><sone id="l14_s28" lemma="mingi" tahendus="mingi" ingl="some" liik="ProS" vorm="sg.nom.">mìƞ̆gì</sone><sone id="l14_s29" lemma="tē’ḑ" tahendus="täht, märk" ingl="mark, star" liik="S" vorm="sg.nom.">tēʼᴅ</sone><sone id="l14_s30" meta="vahemärk">,</sone><sone id="l14_s31" lemma="nemē" tahendus="nagu" ingl="such as" liik="Konj">neme</sone><sone id="l14_s32" lemma="rištīng" tahendus="inimene" ingl="person" liik="S" vorm="sg.el.">rìš̆tìƞgə̑st</sone><sone id="l14_s33" lemma="ibūks" tahendus="juus" ingl="hair" liik="S" vorm="sg.nom.">ibùks</sone><sone id="l14_s34" meta="vahemärk">,</sone><sone id="l14_s35" lemma="lūomõz" tahendus="loom" ingl="animal" liik="S" vorm="sg.el.">lùo̯mə̑st</sone><sone id="l14_s36" lemma="kǭra" tahendus="karv" liik="S" vorm="sg.nom.">kō̬ra</sone><sone id="l14_s37" meta="vahemärk">.</sone></lause></sisu>
</liivike>
