<?xml version="1.0" encoding="UTF-8"?>
<?xml-stylesheet type="text/xsl" href="liivike_tekst.xsl"?>
<liivike>
	<info><tyyp>kirjalik</tyyp><teema>Satuja 57</teema><keel>liivi</keel><murre>Īra</murre><kirjaviis>foneetiline transkriptsioon</kirjaviis><muu>Keelejuht Diedrich Belt</muu><kyla longituud="22.107" latituud="57.62">Īra</kyla><teos pealkiri="Näytteitä liivin kielestä" aasta="1953" koht="Helsinki">E. N. Setälä</teos></info><sisu id="Set_Sat_57">
		<lause id="l1">
			<sone id="l1_s1" lk="295" lemma="Īra" tahendus="Īra" lati="Lielirbe" liik="H" vorm="sg.gen.">Īra</sone>
			<sone id="l1_s2" lk="295" meta="vahemärk">,</sone><sone id="l1_s3" lk="295" lemma="Diedrich" tahendus="Diedrich" liik="H" vorm="sg.nom.">Diedrich</sone><sone id="l1_s4" lk="295" lemma="Belt" tahendus="Belt" liik="H" vorm="sg.nom.">Belt</sone><sone id="l1_s5" lk="295" meta="vahemärk">.</sone></lause>
		<lause id="l2"><sone id="l2_s1" lk="295" lemma="ikš" tahendus="üks" ingl="one" liik="ProS" vorm="sg.nom.">ükš</sone><sone id="l2_s2" lk="295" meta="vahemärk">[</sone><sone id="l2_s3" lk="295" lemma="kõrd" tahendus="kord" ingl="time" liik="S" vorm="sg.nom.">kürd</sone><sone id="l2_s4" lk="295" meta="vahemärk"> &gt;</sone><sone id="l2_s5" lk="295" meta="vahemärk">]</sone><sone id="l2_s6" lk="295" lemma="kõrd" tahendus="kord" ingl="time" liik="S" vorm="sg.nom.">ki̮rd</sone><sone id="l2_s7" lk="295" lemma="vȱlda" tahendus="olla" ingl="be" liik="Va" vorm="pers.ind.pr.pl.3.">ā’t</sone><sone id="l2_s8" lk="295" lemma="vȱlda" tahendus="olla" ingl="be" liik="V" vorm="nud.pl.">ve̮nnəd</sone><sone id="l2_s9" lk="295" lemma="kakš" tahendus="kaks" ingl="two" liik="Nump" vorm="sg.nom.">kakš</sone><sone id="l2_s10" lk="295" lemma="perī+mīez" tahendus="peremees" ingl="master of the house" liik="S" vorm="sg.part.">perī+miest</sone><sone id="l2_s11" lk="295" meta="vahemärk">[</sone><sone id="l2_s12" lk="295" lemma="perī+mīez" tahendus="peremees" ingl="master of the house" liik="S" vorm="sg.part.">pèri+miest</sone><sone lk="295" keel="eesti" id="l2_s13" meta="vahemärk">?</sone><sone lk="295" keel="eesti" id="l2_s14" meta="vahemärk">]</sone><sone id="l2_s15" lk="295" meta="vahemärk">,</sone><sone id="l2_s16" lk="295" lemma="ikš" tahendus="üks" ingl="one" liik="ProS" vorm="sg.nom.">ükš</sone><sone id="l2_s17" lk="295" lemma="rikāz" tahendus="rikas" ingl="rich" liik="A" vorm="sg.nom.">rikās</sone><sone id="l2_s18" lk="295" lemma="un" tahendus="ja" ingl="and" liik="Konj">un</sone><sone id="l2_s19" lk="295" lemma="tuoi" tahendus="teine" ingl="other" liik="ProS" vorm="sg.nom.">tᵘoi</sone><sone id="l2_s20" lk="295" lemma="joutõm" tahendus="vaene" ingl="poor" liik="A" vorm="sg.nom.">jovtəm</sone><sone id="l2_s21" lk="295" meta="vahemärk">.</sone></lause><lause id="l3"><sone id="l3_s1" lk="295" lemma="se" tahendus="see" ingl="this" liik="ProS" vorm="sg.nom.">se</sone><sone id="l3_s2" lk="295" lemma="joutõm" tahendus="vaene" ingl="poor" liik="A" vorm="sg.nom.">jovtəm</sone><sone id="l3_s3" lk="295" lemma="vȱlda" tahendus="olla" ingl="be" liik="Va" vorm="pers.ind.pr.sg.3.">um’</sone><sone id="l3_s4" lk="295" lemma="kindõ" tahendus="künda" ingl="plough" liik="V" vorm="nud.sg.">kündən</sone><sone id="l3_s5" lk="295" lemma="nuŗm" tahendus="põld" ingl="field" liik="S" vorm="sg.part.">nurmə</sone><sone id="l3_s6" lk="295" meta="vahemärk">.</sone></lause><lause id="l4"><sone id="l4_s1" lk="295" lemma="si’z" tahendus="siis" ingl="then" liik="ProAdv">sis</sone><sone id="l4_s2" lk="295" lemma="tūlda" tahendus="tulla" ingl="come" liik="V" vorm="nud.sg.">tund</sone><sone id="l4_s3" lk="295" lemma="ratstõ" tahendus="ratsutada" ingl="ride" liik="V" vorm="ger.">ratstə</sone><sone id="l4_s4" lk="295" lemma="pivā" tahendus="püha" ingl="saint" liik="A" vorm="sg.nom.">püvā</sone><sone id="l4_s5" lk="295" lemma="Jūŗi" tahendus="Jüri" ingl="George" liik="H" vorm="sg.nom.">jūŕi</sone><sone id="l4_s6" lk="295" meta="vahemärk">–</sone><sone id="l4_s7" lk="295" lemma="se" tahendus="see" ingl="this" liik="ProS" vorm="sg.nom.">se</sone><sone id="l4_s8" lk="295" lemma="vȱlda" tahendus="olla" ingl="be" liik="Va" vorm="pers.ind.pr.sg.3.">um’</sone><sone id="l4_s9" lk="295" lemma="vȱlda" tahendus="olla" ingl="be" liik="V" vorm="nud.sg.">ve̮nd</sone><sone id="l4_s10" lk="295" lemma="jumāl" tahendus="jumal" ingl="god" liik="S" vorm="sg.gen.">jumāl</sone><sone id="l4_s11" lk="295" lemma="azūmnikā" tahendus="asemik" ingl="vicar" liik="S" vorm="sg.nom.">azūmnika</sone><sone id="l4_s12" lk="295" meta="vahemärk">.</sone></lause><lause id="l5"><sone id="l5_s1" lk="295" lemma="tämā" tahendus="tema" ingl="he" liik="ProS" vorm="sg.nom.">ta</sone><sone id="l5_s2" lk="295" lemma="ki’zzõ" tahendus="küsida" ingl="ask" liik="V" vorm="nud.sg.">kü’zzən</sone><sone id="l5_s3" lk="295" lemma="se" tahendus="see" ingl="this" liik="ProS" vorm="sg.gen.">sie</sone><sone id="l5_s4" lk="295" lemma="perī+mīez" tahendus="peremees" ingl="master of the house" liik="S" vorm="sg.gen.">perī+mi’e</sone><sone id="l5_s5" lk="295" lemma="kä’dst" tahendus="käest" ingl="from" liik="Post">kä’dst</sone><sone id="l5_s6" lk="295" meta="vahemärk">:</sone><sone id="l5_s7" lk="295" meta="vahemärk">”</sone><sone lk="295" keel="eesti" id="l5_s8" lemma="kui" tahendus="kuidas" ingl="how" liik="Intr">kui’</sone><sone id="l5_s9" lk="295" lemma="sinā" tahendus="sina" ingl="you" liik="ProS" vorm="sg.dat.">sin’</sone><sone id="l5_s10" lk="295" lemma="ka" tahendus="ka" ingl="also" liik="ModAdv">ka</sone><sone id="l5_s11" lk="295" lemma="lǟʼdõ" tahendus="minna" ingl="go" liik="V" vorm="pers.ind.pr.sg.3.">lǟ’b</sone><sone lk="295" keel="eesti" id="l5_s12" meta="vahemärk">?</sone><sone id="l5_s13" lk="295" meta="vahemärk">”</sone></lause><lause id="l6"><sone id="l6_s1" lk="295" lemma="tämā" tahendus="tema" ingl="he" liik="ProS" vorm="sg.nom.">ta</sone><sone id="l6_s2" lk="295" lemma="kītõ" tahendus="öelda" ingl="say" liik="V" vorm="nud.sg.">kītən</sone><sone id="l6_s3" lk="295" meta="vahemärk">:</sone><sone id="l6_s4" lk="295" meta="vahemärk">”</sone><sone lk="295" keel="eesti" id="l6_s5" lemma="minā" tahendus="mina" ingl="I" liik="ProS" vorm="sg.nom.">ma</sone><sone id="l6_s6" lk="295" lemma="je’llõ" tahendus="töötada" ingl="work" liik="V" vorm="pers.ind.pr.sg.1.">jelāb</sone><sone id="l6_s7" lk="295" lemma="e’mmit" tahendus="enam" ingl="more" liik="Adv">jem’bit</sone><sone id="l6_s8" lk="295" lemma="ä’b" tahendus="ei" ingl="not" liik="Mn" vorm="pers.ind.pr.sg.3." kommentaar="?">äb</sone><sone id="l6_s9" lk="295" lemma="ku" tahendus="kui" ingl="than" liik="Konj">ku</sone><sone id="l6_s10" lk="295" lemma="se" tahendus="see" ingl="this" liik="ProS" vorm="sg.nom.">se</sone><sone id="l6_s11" lk="295" lemma="tuoi" tahendus="teine" ingl="other" liik="ProS" vorm="sg.nom.">tᵘoi</sone><sone id="l6_s12" lk="295" lemma="perī+mīez" tahendus="peremees" ingl="master of the house" liik="S" vorm="sg.nom.">perī+miez</sone><sone id="l6_s13" lk="295" lemma="agā" tahendus="aga" ingl="but" liik="Konj">aga</sone><sone id="l6_s14" lk="295" lemma="tämā" tahendus="tema" ingl="he" liik="ProS" vorm="sg.nom.">ta</sone><sone id="l6_s15" lk="295" lemma="vȱlda" tahendus="olla" ingl="be" liik="V" vorm="pers.ind.pr.sg.3.">um’</sone><sone id="l6_s16" lk="295" lemma="rikāz" tahendus="rikas" ingl="rich" liik="A" vorm="sg.nom.">rikāz</sone><sone id="l6_s17" lk="295" meta="vahemärk">,</sone><sone id="l6_s18" lk="295" lemma="minā" tahendus="mina" ingl="I" liik="ProS" vorm="sg.nom.">ma</sone><sone id="l6_s19" lk="295" meta="vahemärk">[</sone><sone id="l6_s20" lk="295" lemma="vȱlda" tahendus="olla" ingl="be" liik="V" vorm="pers.ind.pr.sg.1.">uob</sone><sone id="l6_s21" lk="295" meta="vahemärk"> &gt;</sone><sone id="l6_s22" lk="295" meta="vahemärk">]</sone><sone id="l6_s23" lk="295" lemma="vȱlda" tahendus="olla" ingl="be" liik="V" vorm="pers.ind.pr.sg.1.">uo</sone><sone id="l6_s24" lk="295" lemma="joutõm" tahendus="vaene" ingl="poor" liik="A" vorm="sg.nom.">jovtəm</sone><sone lk="295" keel="eesti" id="l6_s25" meta="vahemärk">.</sone><sone id="l6_s26" lk="295" meta="vahemärk">”</sone></lause><lause id="l7"><sone id="l7_s1" lk="295" lemma="si’z" tahendus="siis" ingl="then" liik="ProAdv">sis</sone><sone id="l7_s2" lk="295" lemma="pivā" tahendus="püha" ingl="saint" liik="A" vorm="sg.nom.">püvā</sone><sone id="l7_s3" lk="295" lemma="Jūŗi" tahendus="Jüri" ingl="George" liik="H" vorm="sg.nom.">jūŕi</sone><sone id="l7_s4" lk="295" lemma="vȱlda" tahendus="olla" ingl="be" liik="Va" vorm="pers.ind.pr.sg.3.">um’</sone><sone id="l7_s5" lk="295" lemma="kītõ" tahendus="öelda" ingl="say" liik="V" vorm="nud.sg.">kītən</sone><sone id="l7_s6" lk="295" meta="vahemärk">:</sone><sone id="l7_s7" lk="295" meta="vahemärk">”</sone><sone lk="295" keel="eesti" id="l7_s8" lemma="rǭz" tahendus="natuke" ingl="a little bit" liik="Adv">rāz</sone><sone id="l7_s9" lk="295" lemma="vȱlda" tahendus="olla" ingl="be" liik="V" vorm="pers.ind.pr.sg.3.">um’</sone><sone id="l7_s10" lk="295" lemma="brī" tahendus="prii" ingl="free" liik="A" vorm="sg.nom.">brī</sone><sone id="l7_s11" lk="295" lemma="salāndõ" tahendus="varastada" ingl="steal" liik="V" vorm="inf.">salāndə</sone><sone id="l7_s12" lk="295" lemma="un" tahendus="ja" ingl="and" liik="Konj">un</sone><sone id="l7_s13" lk="295" lemma="rǭz" tahendus="natuke" ingl="a little bit" liik="Adv">rāz</sone><sone id="l7_s14" lk="295" lemma="piettõ " tahendus="petta" ingl="cheat" liik="V" vorm="inf.">pⁱettə</sone><sone id="l7_s15" lk="295" lemma="un" tahendus="ja" ingl="and" liik="Konj">un</sone><sone id="l7_s16" lk="295" lemma="rǭz" tahendus="natuke" ingl="a little bit" liik="Adv">rāz</sone><sone id="l7_s17" lk="295" lemma="pȯrt" tahendus="hoor" ingl="whore" liik="S" vorm="pl.part.">pue̮rtidi</sone><sone id="l7_s18" lk="295" lemma="a’jjõ" tahendus="püüelda" ingl="chase" liik="V" vorm="inf.">aj’j</sone><sone id="l7_s19" lk="295" meta="vahemärk">,</sone><sone id="l7_s20" lk="295" lemma="si’z" tahendus="siis" ingl="then" liik="ProAdv">siz</sone><sone id="l7_s21" lk="295" lemma="sǭdõ" tahendus="saada" ingl="get" liik="V" vorm="pers.ind.pr.sg.3.">sāb</sone><sone id="l7_s22" lk="295" lemma="rikāz" tahendus="rikas" ingl="rich" liik="A" vorm="sg.tr.">rikkəks</sone><sone lk="295" keel="eesti" id="l7_s23" meta="vahemärk">.</sone><sone id="l7_s24" lk="295" meta="vahemärk">”</sone></lause><lause id="l8"><sone id="l8_s1" lk="295" lemma="si’z" tahendus="siis" ingl="then" liik="ProAdv">siz</sone><sone id="l8_s2" lk="295" lemma="perī+mīez" tahendus="peremees" ingl="master of the house" liik="S" vorm="sg.nom.">perī+mies</sone><sone id="l8_s3" lk="295" lemma="tämā" tahendus="tema" ingl="he" liik="ProS" vorm="sg.part.">tǟnda</sone><sone id="l8_s4" lk="295" lemma="pallõ" tahendus="paluda" ingl="beg" liik="V" vorm="pers.ind.ipf.sg.3.">på̄lis</sone><sone id="l8_s5" lk="295" meta="vahemärk">,</sone><sone id="l8_s6" lk="295" lemma="ku" tahendus="kui" ingl="when" liik="Konj">ku</sone><sone id="l8_s7" lk="295" lemma="tämā" tahendus="tema" ingl="he" liik="ProS" vorm="sg.nom.">ta</sone><sone id="l8_s8" lk="295" lemma="lǟʼdõ" tahendus="minna" ingl="go" liik="V" vorm="pers.ind.pr.sg.3.">lǟ’b</sone><sone id="l8_s9" lk="295" lemma="jumāl" tahendus="jumal" ingl="god" liik="S" vorm="sg.gen.">jumāl</sone><sone id="l8_s10" lk="295" lemma="jūr" tahendus="juurde" ingl="to" liik="Post">jūr</sone><sone id="l8_s11" lk="295" meta="vahemärk">,</sone><sone id="l8_s12" lk="295" lemma="la’z" tahendus="las" ingl="let" liik="ModAdv">las</sone><sone id="l8_s13" lk="295" lemma="tämā" tahendus="tema" ingl="he" liik="ProS" vorm="sg.part.">tǟnda</sone><sone id="l8_s14" lk="295" lemma="ka" tahendus="ka" ingl="also" liik="ModAdv">ka</sone><sone id="l8_s15" lk="295" lemma="si’z" tahendus="siis" ingl="then" liik="ProAdv">siz</sone><sone id="l8_s16" lk="295" lemma="mǟ’dlõ" tahendus="meelde tuletada" ingl="remind" liik="V" vorm="pers.jus.pr.sg.3.">mǟ’dləg</sone><sone id="l8_s17" lk="295" meta="vahemärk">,</sone><sone id="l8_s18" lk="295" lemma="ku" tahendus="kui" ingl="when" liik="Konj">ku</sone><sone id="l8_s19" lk="295" lemma="tämā" tahendus="tema" ingl="he" liik="ProS" vorm="sg.dat.">täm’mən</sone><sone id="l8_s20" lk="295" lemma="mēļ" tahendus="meel" ingl="mind" liik="S" vorm="sg.in.">mielə</sone><sone id="l8_s21" lk="295" lemma="tūlda" tahendus="tulla" ingl="come" liik="V" vorm="pers.knd.pr.sg.3.">tulks</sone><sone id="l8_s22" lk="295" meta="vahemärk">.</sone></lause><lause id="l9"><sone id="l9_s1" lk="295" lemma="pivā" tahendus="püha" ingl="saint" liik="A" vorm="sg.nom.">püvā</sone><sone id="l9_s2" lk="295" lemma="Jūŗi" tahendus="Jüri" ingl="George" liik="H" vorm="sg.nom.">jūŕi</sone><sone id="l9_s3" lk="295" lemma="kītõ" tahendus="öelda" ingl="say" liik="V" vorm="pers.ind.ipf.sg.3.">kītiz</sone><sone id="l9_s4" lk="295" meta="vahemärk">:</sone><sone id="l9_s5" lk="295" meta="vahemärk">”</sone><sone lk="295" keel="eesti" id="l9_s6" lemma="sä" tahendus="säh" ingl="here" liik="Par">sä</sone><sone id="l9_s7" lk="295" lemma="minā" tahendus="mina" ingl="I" liik="ProS" vorm="sg.gen.">min’</sone><sone id="l9_s8" lk="295" lemma="ikš" tahendus="üks" ingl="one" liik="ProS" vorm="sg.gen.">ǖ’d</sone><sone id="l9_s9" lk="295" lemma="kǭ’pšõl" tahendus="jalus" ingl="stirrup" liik="S" vorm="sg.gen.">kā’pšlə</sone><sone id="l9_s10" lk="295" meta="vahemärk">,</sone><sone id="l9_s11" lk="295" lemma="si’z" tahendus="siis" ingl="then" liik="ProAdv">siz</sone><sone id="l9_s12" lk="295" lemma="minā" tahendus="mina" ingl="I" liik="ProS" vorm="sg.nom.">ma</sone><sone id="l9_s13" lk="295" lemma="nǟ’dõ" tahendus="näha" ingl="see" liik="V" vorm="pers.ind.pr.sg.1.">nǟb</sone><sone id="l9_s14" lk="295" meta="vahemärk">,</sone><sone id="l9_s15" lk="295" lemma="ku" tahendus="et" ingl="that" liik="Konj">ku</sone><sone id="l9_s16" lk="295" lemma="se" tahendus="see" ingl="this" liik="ProS" vorm="sg.nom.">se</sone><sone id="l9_s17" lk="295" lemma="minā" tahendus="mina" ingl="I" liik="ProS" vorm="sg.dat.">min’</sone><sone id="l9_s18" lk="295" lemma="pūtõ" tahendus="puududa" ingl="miss" liik="V" vorm="pers.ind.pr.sg.3.">pūtəb</sone><sone id="l9_s19" lk="295" meta="vahemärk">,</sone><sone id="l9_s20" lk="295" lemma="si’z" tahendus="siis" ingl="then" liik="ProAdv">siz</sone><sone id="l9_s21" lk="295" lemma="minā" tahendus="mina" ingl="I" liik="ProS" vorm="sg.dat.">min’</sone><sone id="l9_s22" lk="295" lemma="tūlda" tahendus="tulla" ingl="come" liik="V" vorm="pers.ind.pr.sg.3.">tulūb</sone><sone id="l9_s23" lk="295" lemma="sinā" tahendus="sina" ingl="you" liik="ProS" vorm="sg.part.">sīnda</sone><sone id="l9_s24" lk="295" lemma="mēļ" tahendus="meel" ingl="mind" liik="S" vorm="sg.in.">mielə</sone><sone lk="295" keel="eesti" id="l9_s25" meta="vahemärk">.</sone><sone id="l9_s26" lk="295" meta="vahemärk">”</sone></lause><lause id="l10"><sone id="l10_s1" lk="295" lemma="si’z" tahendus="siis" ingl="then" liik="ProAdv">sis</sone><sone id="l10_s2" lk="295" lemma="tuoi" tahendus="teine" ingl="second" liik="Numj" vorm="sg.gen.">tᵘoiz</sone><sone id="l10_s3" lk="295" lemma="pǟva" tahendus="päev" ingl="day" liik="S" vorm="sg.gen.">pǟva</sone><sone id="l10_s4" lk="295" lemma="pivā" tahendus="püha" ingl="saint" liik="A" vorm="sg.nom.">püvā</sone><sone id="l10_s5" lk="295" lemma="Jūŗi" tahendus="Jüri" ingl="George" liik="H" vorm="sg.nom.">jūŕi</sone><sone id="l10_s6" lk="295" lemma="tūlda" tahendus="tulla" ingl="come" liik="V" vorm="pers.ind.ipf.sg.3.">tuĺ’</sone><sone id="l10_s7" lk="295" lemma="tā’giž" tahendus="tagasi" ingl="back" liik="Adva">ta’ggiz</sone><sone id="l10_s8" lk="295" meta="vahemärk">.</sone></lause><lause id="l11"><sone id="l11_s1" lk="295" lemma="si’z" tahendus="siis" ingl="then" liik="ProAdv">siz</sone><sone id="l11_s2" lk="295" lemma="perī+mīez" tahendus="peremees" ingl="master of the house" liik="S" vorm="sg.nom.">perī+miez</sone><sone id="l11_s3" lk="295" lemma="ki’zzõ" tahendus="küsida" ingl="ask" liik="V" vorm="pers.ind.ipf.sg.3.">küzīz</sone><sone id="l11_s4" lk="295" meta="vahemärk">:</sone><sone id="l11_s5" lk="295" meta="vahemärk">”</sone><sone lk="295" keel="eesti" id="l11_s6" lemma="u" tahendus="kas" ingl="if" liik="Intr" kommentaar="?">u</sone><sone id="l11_s7" lk="295" lemma="sinā" tahendus="sina" ingl="you" liik="ProS" vorm="sg.nom.">sa</sone><sone id="l11_s8" lk="295" lemma="minā" tahendus="mina" ingl="I" liik="ProS" vorm="sg.part.">mīnda</sone><sone id="l11_s9" lk="296" lemma="ka" tahendus="ka" ingl="also" liik="ModAdv">ka</sone><sone id="l11_s10" lk="296" lemma="mǟ’dlõ" tahendus="meelde tuletada" ingl="remind" liik="V" vorm="pers.ind.ipf.sg.3.">mǟ’dlist</sone><sone id="l11_s11" lk="296" lemma="jumāl" tahendus="jumal" ingl="god" liik="S" vorm="sg.gen.">jumāl</sone><sone id="l11_s12" lk="296" lemma="jūs" tahendus="juures" ingl="at" liik="Post">jūs</sone><sone lk="296" keel="eesti" id="l11_s13" meta="vahemärk">?</sone><sone id="l11_s14" lk="296" meta="vahemärk">”</sone></lause><lause id="l12"><sone id="l12_s1" lk="296" lemma="pivā" tahendus="püha" ingl="saint" liik="A" vorm="sg.nom.">püvā</sone><sone id="l12_s2" lk="296" lemma="Jūŗi" tahendus="Jüri" ingl="George" liik="H" vorm="sg.nom.">jūŕi</sone><sone id="l12_s3" lk="296" lemma="kītõ" tahendus="öelda" ingl="say" liik="V" vorm="pers.ind.ipf.sg.3.">kītiz</sone><sone id="l12_s4" lk="296" meta="vahemärk">:</sone><sone id="l12_s5" lk="296" meta="vahemärk">”</sone><sone id="l12_s6" lk="296" lemma="minā" tahendus="mina" ingl="I" liik="ProS" vorm="sg.nom.">ma</sone><sone id="l12_s7" lk="296" lemma="mǟ’dlõ" tahendus="meelde tuletada" ingl="remind" liik="V" vorm="pers.ind.ipf.sg.1.">mǟ’dliz</sone><sone id="l12_s8" lk="296" lemma="ki’l" tahendus="küll" ingl="indeed" liik="ModAdv">küll</sone><sone id="l12_s9" lk="296" meta="vahemärk">,</sone><sone id="l12_s10" lk="296" lemma="agā" tahendus="aga" ingl="but" liik="Konj">aga</sone><sone id="l12_s11" lk="296" lemma="andõ" tahendus="anda" ingl="give" liik="V" vorm="pers.imp.pr.sg.2.">ānda</sone><sone id="l12_s12" lk="296" lemma="ni" tahendus="nüüd" ingl="now" liik="Adv">ni</sone><sone id="l12_s13" lk="296" lemma="minā" tahendus="mina" ingl="I" liik="ProS" vorm="sg.gen.">min’</sone><sone id="l12_s14" lk="296" lemma="kǭ’pšõl" tahendus="jalus" ingl="stirrup" liik="S" vorm="sg.nom.">kā’pšl̥</sone><sone id="l12_s15" lk="296" lemma="kä’ddõ" tahendus="kätte" ingl="into hands" liik="Adva">kä’ddə</sone><sone lk="296" keel="eesti" id="l12_s16" lemma=".">.</sone><sone id="l12_s17" lk="296" meta="vahemärk">”</sone></lause><lause id="l13"><sone id="l13_s1" lk="296" lemma="perī+mīez" tahendus="peremees" ingl="master of the house" liik="S" vorm="sg.nom.">perī+miez</sone><sone id="l13_s2" lk="296" lemma="kītõ" tahendus="öelda" ingl="say" liik="V" vorm="pers.ind.ipf.sg.3.">kītiz</sone><sone id="l13_s3" lk="296" meta="vahemärk">:</sone><sone id="l13_s4" lk="296" meta="vahemärk">”</sone><sone id="l13_s5" lk="296" lemma="mis" tahendus="mis" ingl="what" liik="Intr" vorm="sg.nom.">mis</sone><sone id="l13_s6" lk="296" lemma="se" tahendus="see" ingl="this" liik="ProS" vorm="sg.nom.">se</sone><sone id="l13_s7" lk="296" lemma="pa" liik="Pre" kommentaar="?">pa</sone><sone id="l13_s8" lk="296" lemma="kǭ’pšõl" tahendus="jalus" ingl="stirrup" liik="S" vorm="sg.gen.">kā’pšlə</sone><sone lk="296" keel="eesti" id="l13_s9" meta="vahemärk">?</sone><sone id="l13_s10" lk="296" meta="vahemärk">”</sone></lause><lause id="l14"><sone id="l14_s1" lk="296" lemma="pivā" tahendus="püha" ingl="saint" liik="A" vorm="sg.nom.">püvā</sone><sone id="l14_s2" lk="296" lemma="Jūŗi" tahendus="Jüri" ingl="George" liik="H" vorm="sg.nom.">jūŕi</sone><sone id="l14_s3" lk="296" lemma="kītõ" tahendus="öelda" ingl="say" liik="V" vorm="pers.ind.ipf.sg.3.">kītiz</sone><sone id="l14_s4" lk="296" meta="vahemärk">:</sone><sone id="l14_s5" lk="296" meta="vahemärk">”</sone><sone id="l14_s6" lk="296" lemma="minā" tahendus="mina" ingl="I" liik="ProS" vorm="sg.nom.">ma</sone><sone id="l14_s7" lk="296" lemma="sinā" tahendus="sina" ingl="you" liik="ProS" vorm="sg.dat.">sin’</sone><sone id="l14_s8" lk="296" lemma="andõ" tahendus="anda" ingl="give" liik="V" vorm="pers.ind.ipf.sg.1.">āndiz</sone><sone id="l14_s9" lk="296" lemma="eņțš" tahendus="oma" ingl="own" liik="ProS" vorm="sg.gen.">eńtš</sone><sone id="l14_s10" lk="296" lemma="kuldi" tahendus="kuldne" ingl="golden" liik="A" vorm="sg.gen.">kuldiz</sone><sone id="l14_s11" lk="296" lemma="kǭ’pšõl" tahendus="jalus" ingl="stirrup" liik="S" vorm="sg.gen.">kā’pšlə</sone><sone id="l14_s12" lk="296" meta="vahemärk">.</sone><sone id="l14_s13" lk="296" meta="vahemärk">”</sone></lause><lause id="l15"><sone id="l15_s1" lk="296" lemma="perī+mīez" tahendus="peremees" ingl="master of the house" liik="S" vorm="sg.nom.">perī+miez</sone><sone id="l15_s2" lk="296" lemma="i’z" tahendus="ei" ingl="not" liik="Mn" vorm="pers.ind.ipf.pl.3.">iz</sone><sone id="l15_s3" lk="296" lemma="andõ" tahendus="anda" ingl="give" liik="V" vorm="pers.ind.sg.3.">ānda</sone><sone id="l15_s4" lk="296" lemma="tämā" tahendus="tema" ingl="he" liik="ProS" vorm="sg.dat.">täm’mən</sone><sone id="l15_s5" lk="296" meta="vahemärk">.</sone><sone id="l15_s6" lk="296" lemma="pivā" tahendus="püha" ingl="saint" liik="A" vorm="sg.nom.">püvā</sone><sone id="l15_s7" lk="296" lemma="Jūŗi" tahendus="Jüri" ingl="George" liik="H" vorm="sg.nom.">jūŕi</sone><sone id="l15_s8" lk="296" lemma="mõtlõ" tahendus="mõelda" ingl="think" liik="V" vorm="pers.ind.ipf.sg.3.">müt́liz</sone><sone id="l15_s9" lk="296" meta="vahemärk">:</sone><sone id="l15_s10" lk="296" meta="vahemärk">”</sone><sone id="l15_s11" lk="296" lemma="minā" tahendus="mina" ingl="I" liik="ProS" vorm="sg.nom.">ma</sone><sone id="l15_s12" lk="296" lemma="ī’ž" tahendus="ise" ingl="self" liik="ProS" vorm="sg.nom.">ī’ž</sone><sone id="l15_s13" lk="296" lemma="kītõ" tahendus="öelda" ingl="tell" liik="V" vorm="pers.ind.ipf.sg.1.">kītiz</sone><sone id="l15_s14" lk="296" lemma="tämā" tahendus="tema" ingl="he" liik="ProS" vorm="sg.dat.">täm’mən</sone><sone id="l15_s15" lk="296" meta="vahemärk">,</sone><sone id="l15_s16" lk="296" lemma="ku" tahendus="et" ingl="that" liik="Konj">ku</sone><sone id="l15_s17" lk="296" lemma="rǭz" tahendus="natuke" ingl="a little bit" liik="Adv">rāz</sone><sone id="l15_s18" lk="296" lemma="vȱlda" tahendus="olla" ingl="be" liik="V" vorm="pers.ind.pr.sg.3.">um</sone><sone id="l15_s19" lk="296" lemma="brī" tahendus="prii" ingl="free" liik="A" vorm="sg.nom.">brī</sone><sone id="l15_s20" lk="296" lemma="salāndõ" tahendus="varastada" ingl="steal" liik="V" vorm="inf.">salāndə</sone><sone id="l15_s21" lk="296" meta="vahemärk">,</sone><sone id="l15_s22" lk="296" lemma="un" tahendus="ja" ingl="and" liik="Konj">un</sone><sone id="l15_s23" lk="296" lemma="ni" tahendus="nüüd" ingl="now" liik="Adv">ni</sone><sone id="l15_s24" lk="296" lemma="tämā" tahendus="tema" ingl="he" liik="ProS" vorm="sg.nom.">ta</sone><sone id="l15_s25" lk="296" lemma="salāndõ" tahendus="varastada" ingl="steal" liik="V" vorm="pers.ind.pr.sg.3.">salāndəb</sone><sone lk="296" keel="eesti" id="l15_s26" meta="vahemärk">.</sone><sone id="l15_s27" lk="296" meta="vahemärk">”</sone><sone id="l15_s28" lk="296" lemma="un" tahendus="ja" ingl="and" liik="Konj">un</sone><sone id="l15_s29" lk="296" lemma="pivā" tahendus="püha" ingl="saint" liik="A" vorm="sg.nom.">püvā</sone><sone id="l15_s30" lk="296" lemma="Jūŗi" tahendus="Jüri" ingl="George" liik="H" vorm="sg.nom.">jūŕi</sone><sone id="l15_s31" lk="296" lemma="lǟ’dõ" tahendus="minna" ingl="go" liik="V" vorm="pers.ind.ipf.sg.3.">lekš</sone><sone id="l15_s32" lk="296" lemma="jarā" tahendus="ära" ingl="away" liik="Adva">jerā</sone><sone id="l15_s33" lk="296" lemma="un" tahendus="ja" ingl="and" liik="Konj">un</sone><sone id="l15_s34" lk="296" lemma="kǭ’pšõl" tahendus="jalus" ingl="stirrup" liik="S" vorm="sg.nom.">kā’pšlə</sone><sone id="l15_s35" lk="296" lemma="īedõ" tahendus="jääda" ingl="remain" liik="V" vorm="pers.ind.ipf.sg.3.">ei</sone><sone id="l15_s36" lk="296" lemma="perī+mīez" tahendus="peremees" ingl="master of the house" liik="S" vorm="sg.dat.">perī+mi’en</sone><sone id="l15_s37" lk="296" meta="vahemärk">.</sone></lause><lause id="l16"><sone id="l16_s1" lk="296" lemma="si’z" tahendus="siis" ingl="then" liik="ProAdv">sis</sone><sone id="l16_s2" lk="296" lemma="tūlda" tahendus="tulla" ingl="come" liik="V" vorm="pers.ind.ipf.sg.3.">tuĺ’</sone><sone id="l16_s3" lk="296" lemma="ikš" tahendus="üks" ingl="one" liik="ProS" vorm="sg.nom.">ükš</sone><sone id="l16_s4" lk="296" lemma="zīḑ" tahendus="juut" ingl="jew" liik="S" vorm="sg.nom.">zīd́</sone><sone id="l16_s5" lk="296" meta="vahemärk">.</sone></lause><lause id="l17"><sone id="l17_s1" lk="296" lemma="si’z" tahendus="siis" ingl="then" liik="ProAdv">sis</sone><sone id="l17_s2" lk="296" lemma="perī+mīez" tahendus="peremees" ingl="master of the house" liik="S" vorm="sg.nom.">perī+mies</sone><sone id="l17_s3" lk="296" lemma="nä’gțõ" tahendus="näidata" ingl="show" liik="V" vorm="pers.ind.ipf.sg.3.">nä’gt́iz</sone><sone id="l17_s4" lk="296" lemma="zīḑ" tahendus="juut" ingl="jew" liik="S" vorm="sg.dat.">zīd́ən</sone><sone id="l17_s5" lk="296" meta="vahemärk">:</sone><sone id="l17_s6" lk="296" meta="vahemärk">”</sone><sone lk="296" keel="eesti" id="l17_s7" lemma="kui" tahendus="kui" ingl="how" liik="Intr">kui’</sone><sone id="l17_s8" lk="296" lemma="je’nnõ" tahendus="palju" ingl="much" liik="Adv">jen’n</sone><sone id="l17_s9" lk="296" lemma="sinā" tahendus="sina" ingl="you" liik="ProS" vorm="sg.nom.">sa</sone><sone id="l17_s10" lk="296" lemma="andõ" tahendus="anda" ingl="give" liik="V" vorm="pers.ind.pr.sg.2.">āndad</sone><sone id="l17_s11" lk="296" lemma="se" tahendus="see" ingl="this" liik="ProS" vorm="sg.gen.">sie</sone><sone id="l17_s12" lk="296" lemma="kǭ’pšõl" tahendus="jalus" ingl="stirrup" liik="S" vorm="sg.gen.">kā’pšlə</sone><sone id="l17_s13" lk="296" lemma="je’dstõ" tahendus="eest" ingl="for" liik="Post">je’dst</sone><sone lk="296" keel="eesti" id="l17_s14" meta="vahemärk">?</sone><sone id="l17_s15" lk="296" meta="vahemärk">”</sone></lause><lause id="l18"><sone id="l18_s1" lk="296" lemma="zīḑ" tahendus="juut" ingl="jew" liik="S" vorm="sg.nom.">zīd́</sone><sone id="l18_s2" lk="296" meta="vahemärk">[</sone><sone id="l18_s3" lk="296" lemma="tõitõ" tahendus="lubada" ingl="promise" liik="V" vorm="pers.ind.ipf.sg.3.">tǖtiz</sone><sone id="l18_s4" lk="296" meta="vahemärk"> &gt;</sone><sone id="l18_s5" lk="296" meta="vahemärk">]</sone><sone id="l18_s6" lk="296" lemma="tõitõ" tahendus="lubada" ingl="promise" liik="V" vorm="pers.ind.ipf.sg.3.">ti̮itiz</sone><sone id="l18_s7" lk="296" meta="vahemärk">[</sone><sone id="l18_s8" lk="296" lemma="vīž+sa’ddõ" tahendus="viissada" ingl="five hundred" liik="Nump" vorm="sg.nom.">vīž+ša’ddə</sone><sone id="l18_s9" lk="296" meta="vahemärk"> &gt;</sone><sone id="l18_s10" lk="296" meta="vahemärk">]</sone><sone id="l18_s11" lk="296" lemma="vīž+sadā" tahendus="viissada" ingl="five hundred" liik="Nump" vorm="sg.nom.">vīž+sadā</sone><sone id="l18_s12" lk="296" lemma="rubīļ" tahendus="rubla" ingl="ruble" liik="S" vorm="sg.part.">ru’bĺə</sone><sone id="l18_s13" lk="296" lemma="agā" tahendus="aga" ingl="but" liik="Konj">aga</sone><sone id="l18_s14" lk="296" lemma="tämā" tahendus="tema" ingl="he" liik="ProS" vorm="sg.dat.">täm’</sone><sone id="l18_s15" lk="296" lemma="ne’i" tahendus="nii" ingl="so" liik="ProAdv">nei’</sone><sone id="l18_s16" lk="296" lemma="je’nnõ" tahendus="palju" ingl="much" liik="Adv">jen’n</sone><sone id="l18_s17" lk="296" lemma="i’z" tahendus="ei" ingl="not" liik="Mn" vorm="pers.ind.ipf.pl.3.">iz</sone><sone id="l18_s18" lk="296" lemma="vȱlda" tahendus="olla" ingl="be" liik="V" vorm="pers.ind.sg.3.neg.">uo</sone><sone id="l18_s19" lk="296" lemma="rǭ’" tahendus="raha" ingl="money" liik="S" vorm="sg.part.">rā’də</sone><sone id="l18_s20" lk="296" meta="vahemärk">.</sone></lause><lause id="l19"><sone id="l19_s1" lk="296" lemma="si’z" tahendus="siis" ingl="then" liik="ProAdv">siz</sone><sone id="l19_s2" lk="296" lemma="tämā" tahendus="tema" ingl="he" liik="ProS" vorm="sg.nom.">ta</sone><sone id="l19_s3" lk="296" lemma="andõ" tahendus="anda" ingl="give" liik="V" vorm="pers.ind.ipf.sg.2.3.">āndis</sone><sone id="l19_s4" lk="296" lemma="kuolm+sa’ddõ" tahendus="kolmsada" ingl="three hundred" liik="Nump" vorm="sg.nom.">kᵘe̮lm+sa’ddə</sone><sone id="l19_s5" lk="296" lemma="agā" tahendus="aga" ingl="but" liik="Konj">aga</sone><sone id="l19_s6" lk="296" lemma="kakš+sa’ddõ" tahendus="kakssada" ingl="two hundred" liik="Nump" vorm="sg.nom.">kakš+sa’ddə</sone><sone id="l19_s7" lk="296" lemma="īedõ" tahendus="jääda" ingl="remain" liik="V" vorm="pers.ind.ipf.pl.3.">eiti</sone><sone id="l19_s8" lk="296" lemma="ve’l" tahendus="veel" ingl="still" liik="Adv">vel</sone><sone id="l19_s9" lk="296" meta="vahemärk">[</sone><sone id="l19_s10" lk="296" lemma="vȭlga" tahendus="võlg" ingl="debt" liik="S" vorm="sg.ill.">vüĺgə</sone><sone id="l19_s11" lk="296" meta="vahemärk"> &gt;</sone><sone id="l19_s12" lk="296" meta="vahemärk">]</sone><sone id="l19_s13" lk="296" lemma="vȭlga" tahendus="võlg" ingl="debt" liik="S" vorm="sg.ill.">vi̮lgə</sone><sone id="l19_s14" lk="296" lemma="un" tahendus="ja" ingl="and" liik="Konj">un</sone><sone id="l19_s15" lk="296" lemma="kǭ’pšõl" tahendus="jalus" ingl="stirrup" liik="S" vorm="sg.nom.">kā’pšlə</sone><sone id="l19_s16" lk="296" lemma="ka" tahendus="ka" ingl="also" liik="ModAdv">ka</sone><sone id="l19_s17" lk="296" lemma="īedõ" tahendus="jääda" ingl="remain" liik="V" vorm="pers.ind.ipf.sg.3.">ei</sone><sone id="l19_s18" lk="296" lemma="perī+mīez" tahendus="peremees" ingl="master of the house" liik="S" vorm="sg.dat.">perī+mi’en</sone><sone id="l19_s19" lk="296" meta="vahemärk">.</sone></lause><lause id="l20"><sone id="l20_s1" lk="296" lemma="si’z" tahendus="siis" ingl="then" liik="ProAdv">siz</sone><sone id="l20_s2" lk="296" lemma="zīḑ" tahendus="juut" ingl="jew" liik="S" vorm="sg.nom.">zīd́</sone><sone id="l20_s3" lk="296" lemma="lǟ’dõ" tahendus="minna" ingl="go" liik="V" vorm="pers.ind.ipf.sg.3.">lekš</sone><sone id="l20_s4" lk="296" lemma="jarā" tahendus="ära" ingl="away" liik="Adva">jerā</sone><sone id="l20_s5" lk="296" meta="vahemärk">.</sone></lause><lause id="l21"><sone id="l21_s1" lk="296" lemma="si’z" tahendus="siis" ingl="then" liik="ProAdv">siz</sone><sone id="l21_s2" lk="296" lemma="tūlda" tahendus="tulla" ingl="come" liik="V" vorm="pers.ind.ipf.sg.3.">tuĺ’</sone><sone id="l21_s3" lk="296" lemma="tuoi" tahendus="teine" ingl="second" liik="Numj" vorm="sg.gen.">tᵘoiz</sone><sone id="l21_s4" lk="296" lemma="pǟva" tahendus="päev" ingl="day" liik="S" vorm="sg.gen.">pǟva</sone><sone id="l21_s5" lk="296" lemma="tā’giž" tahendus="tagasi" ingl="back" liik="Adva">ta’ggiz</sone><sone id="l21_s6" lk="296" meta="vahemärk">,</sone><sone id="l21_s7" lk="296" lemma="tūodõ" tahendus="tuua" ingl="bring" liik="V" vorm="pers.ind.ipf.sg.3.">tᵘoi</sone><sone id="l21_s8" lk="296" lemma="ne’i" tahendus="nii" ingl="so" liik="ProAdv">nei’</sone><sone id="l21_s9" lk="296" lemma="ve’l" tahendus="veel" ingl="also" liik="Adv">vel</sone><sone id="l21_s10" lk="296" lemma="ne" tahendus="need" ingl="these" liik="ProS" vorm="pl.gen.">nänt</sone><sone id="l21_s11" lk="296" lemma="kakš+sa’ddõ" tahendus="kakssada" ingl="two hundred" liik="Nump" vorm="sg.gen.">kakš+ša’ddə</sone><sone id="l21_s12" lk="296" lemma="un" tahendus="ja" ingl="and" liik="Konj">un</sone><sone id="l21_s13" lk="296" lemma="ki’zzõ" tahendus="küsida" ingl="ask" liik="V" vorm="pers.ind.ipf.sg.3.">küzīs</sone><sone id="l21_s14" lk="296" meta="vahemärk">,</sone><sone id="l21_s15" lk="296" lemma="la’z" tahendus="las" ingl="let" liik="ModAdv">laz</sone><sone id="l21_s16" lk="296" lemma="andõ" tahendus="anda" ingl="give" liik="V" vorm="pers.jus.pr.sg.3.">āndag</sone><sone id="l21_s17" lk="296" lemma="se" tahendus="see" ingl="this" liik="ProS" vorm="sg.gen.">sie</sone><sone id="l21_s18" lk="296" lemma="kǭ’pšõl" tahendus="jalus" ingl="stirrup" liik="S" vorm="sg.gen.">kā’pšlə</sone><sone id="l21_s19" lk="296" meta="vahemärk">.</sone></lause><lause id="l22"><sone id="l22_s1" lk="296" lemma="perī+mīez" tahendus="peremees" ingl="master of the house" liik="S" vorm="sg.nom.">perī+miez</sone><sone id="l22_s2" lk="296" lemma="kītõ" tahendus="öelda" ingl="say" liik="V" vorm="pers.ind.ipf.sg.3.">kītiz</sone><sone id="l22_s3" lk="296" meta="vahemärk">:</sone><sone id="l22_s4" lk="296" meta="vahemärk">”</sone><sone lk="296" keel="eesti" id="l22_s5" lemma="mis" tahendus="mis" ingl="what" liik="Intr" vorm="sg.nom.">mis</sone><sone id="l22_s6" lk="296" lemma="se" tahendus="see" ingl="this" liik="ProS" vorm="sg.nom.">se</sone><sone id="l22_s7" lk="296" lemma="pa" liik="Pre" kommentaar="?">pa</sone><sone id="l22_s8" lk="296" lemma="kǭ’pšõl" tahendus="jalus" ingl="stirrup" liik="S" vorm="sg.nom.">kā’pšlə</sone><sone lk="296" keel="eesti" id="l22_s9" meta="vahemärk">?</sone><sone id="l22_s10" lk="296" meta="vahemärk">”</sone></lause><lause id="l23"><sone id="l23_s1" lk="296" lemma="zīḑ" tahendus="juut" ingl="jew" liik="S" vorm="sg.nom.">zīd́</sone><sone id="l23_s2" lk="296" lemma="kītõ" tahendus="öelda" ingl="say" liik="V" vorm="pers.ind.ipf.sg.3.">kītiz</sone><sone id="l23_s3" lk="296" meta="vahemärk">:</sone><sone id="l23_s4" lk="296" meta="vahemärk">”</sone><sone lk="296" keel="eesti" id="l23_s5" lemma="minā" tahendus="mina" ingl="I" liik="ProS" vorm="sg.nom.">ma</sone><sone id="l23_s6" lk="296" lemma="andõ" tahendus="anda" ingl="give" liik="V" vorm="pers.ind.ipf.sg.1.">āndiz</sone><sone id="l23_s7" lk="296" lemma="sinā" tahendus="sina" ingl="you" liik="ProS" vorm="sg.dat.">sin’</sone><sone id="l23_s8" lk="296" lemma="kuolm+sadā" tahendus="kolmsada" ingl="three hundred" liik="Nump" vorm="sg.nom.">kᵘe̮lm+sadā</sone><sone id="l23_s9" lk="296" lemma="rubīļ" tahendus="rubla" ingl="ruble" liik="S" vorm="sg.part.">ru’bĺə</sone><sone id="l23_s10" lk="296" meta="vahemärk">,</sone><sone id="l23_s11" lk="296" lemma="andõ" tahendus="anda" ingl="give" liik="V" vorm="pers.imp.pr.sg.2.">ānda</sone><sone id="l23_s12" lk="296" lemma="si’z" tahendus="siis" ingl="then" liik="ModAdv">siz</sone><sone id="l23_s13" lk="296" lemma="ne" tahendus="need" ingl="these" liik="ProS" vorm="pl.gen.">nänt</sone><sone id="l23_s14" lk="296" lemma="tā’giž" tahendus="tagasi" ingl="back" liik="Adva">ta’ggiz</sone><sone lk="296" keel="eesti" id="l23_s15" meta="vahemärk">.</sone><sone id="l23_s16" lk="296" meta="vahemärk">”</sone></lause><lause id="l24"><sone id="l24_s1" lk="296" lemma="perī+mīez" tahendus="peremees" ingl="master of the house" liik="S" vorm="sg.nom.">perī+miez</sone><sone id="l24_s2" lk="296" lemma="kītõ" tahendus="öelda" ingl="say" liik="V" vorm="pers.ind.ipf.sg.3.">kītiz</sone><sone id="l24_s3" lk="296" meta="vahemärk">:</sone><sone id="l24_s4" lk="296" meta="vahemärk">”</sone><sone lk="296" keel="eesti" id="l24_s5" lemma="minā" tahendus="mina" ingl="I" liik="ProS" vorm="sg.nom.">m</sone><sone lk="296" keel="eesti" id="l24_s6" meta="vahemärk">=</sone><sone lk="296" keel="eesti" id="l24_s7" lemma="ä’b" tahendus="ei" ingl="not" liik="Mn" vorm="pers.ind.pr.sg.1.">äb</sone><sone id="l24_s8" lk="296" lemma="vȱlda" tahendus="olla" ingl="be" liik="Va" vorm="pers.ind.sg.1.neg.">uo</sone><sone id="l24_s9" lk="296" lemma="nǟ’dõ" tahendus="näha" ingl="see" liik="V" vorm="nud.sg.">nǟnd</sone><sone id="l24_s10" lk="296" lemma="sinā" tahendus="sina" ingl="you" liik="ProS" vorm="sg.part.">sīnda</sone><sone id="l24_s11" lk="296" meta="vahemärk">,</sone><sone id="l24_s12" lk="296" lemma="ä’b" tahendus="ega" ingl="not" liik="Konj">äb</sone><sone id="l24_s13" lk="296" lemma="sinā" tahendus="sina" ingl="you" liik="ProS" vorm="sg.gen.">sin’</sone><sone id="l24_s14" lk="296" lemma="kuolm+sadā" tahendus="kolmsada" ingl="three hundred" liik="Nump" vorm="sg.nom.">kᵘe̮lm+sadā</sone><sone id="l24_s15" lk="296" lemma="rubīļ" tahendus="rubla" ingl="ruble" liik="S" vorm="sg.part.">ru’bĺə</sone><sone lk="296" keel="eesti" id="l24_s16" meta="vahemärk">.</sone><sone id="l24_s17" lk="296" meta="vahemärk">”</sone></lause><lause id="l25"><sone id="l25_s1" lk="296" lemma="si’z" tahendus="siis" ingl="then" liik="ProAdv">siz</sone><sone id="l25_s2" lk="296" lemma="zīḑ" tahendus="juut" ingl="jew" liik="S" vorm="sg.nom.">zīd́</sone><sone id="l25_s3" lk="296" lemma="kītõ" tahendus="öelda" ingl="say" liik="V" vorm="pers.ind.ipf.sg.3.">kītiz</sone><sone id="l25_s4" lk="296" meta="vahemärk">:</sone><sone id="l25_s5" lk="296" meta="vahemärk">”</sone><sone lk="296" keel="eesti" id="l25_s6" lemma="minā" tahendus="mina" ingl="I" liik="ProS" vorm="sg.nom.">ma</sone><sone id="l25_s7" lk="296" lemma="kaibõ" tahendus="kaevata" ingl="sue" liik="V" vorm="pers.ind.pr.sg.1.">kå̄ibub</sone><sone id="l25_s8" lk="296" lemma="sinā" tahendus="sina" ingl="you" liik="ProS" vorm="sg.part.">sīnda</sone><sone lk="296" keel="eesti" id="l25_s9" meta="vahemärk">.</sone><sone id="l25_s10" lk="296" meta="vahemärk">”</sone></lause><lause id="l26"><sone id="l26_s1" lk="296" lemma="si’z" tahendus="siis" ingl="then" liik="ProAdv">sis</sone><sone id="l26_s2" lk="296" lemma="tämā" tahendus="tema" ingl="he" liik="ProS" vorm="sg.nom.">ta</sone><sone id="l26_s3" lk="296" lemma="lǟ’dõ" tahendus="minna" ingl="go" liik="V" vorm="pers.ind.ipf.sg.3.">lekš</sone><sone id="l26_s4" lk="296" lemma="kaibõ" tahendus="kaevata" ingl="sue" liik="V" vorm="sup.">kaibəm</sone><sone id="l26_s5" lk="296" meta="vahemärk">.</sone></lause><lause id="l27"><sone id="l27_s1" lk="297" lemma="ku" tahendus="kui" ingl="when" liik="Konj">ku</sone><sone id="l27_s2" lk="297" lemma="perī+mīez" tahendus="peremees" ingl="master of the house" liik="S" vorm="sg.nom.">perī+miez</sone><sone id="l27_s3" lk="297" lemma="nǟ’dõ" tahendus="näha" ingl="see" liik="V" vorm="pers.ind.ipf.sg.3.">neiz</sone><sone id="l27_s4" lk="297" lemma="ku" tahendus="et" ingl="that" liik="Konj">ku</sone><sone id="l27_s5" lk="297" lemma="zīḑ" tahendus="juut" ingl="jew" liik="S" vorm="sg.nom.">zīd́</sone><sone id="l27_s6" lk="297" lemma="tūlda" tahendus="tulla" ingl="come" liik="V" vorm="pers.ind.ipf.sg.3.">tuĺ’</sone><sone id="l27_s7" lk="297" lemma="tā’giž" tahendus="tagasi" ingl="back" liik="Adva">ta’ggiz</sone><sone id="l27_s8" lk="297" meta="vahemärk">,</sone><sone id="l27_s9" lk="297" lemma="si’z" tahendus="siis" ingl="then" liik="ProAdv">siz</sone><sone id="l27_s10" lk="297" lemma="tämā" tahendus="tema" ingl="he" liik="ProS" vorm="sg.nom.">ta</sone><sone id="l27_s11" lk="297" lemma="ē’ḑtõ" tahendus="riietada" ingl="dress" liik="V" vorm="pers.ind.ipf.sg.3.">ē’d́iz</sone><sone id="l27_s12" lk="297" lemma="pǭļaz" tahendus="paljas" ingl="naked" liik="A" vorm="sg.tr.">paĺĺəks</sone><sone id="l27_s13" lk="297" lemma="un" tahendus="ja" ingl="and" liik="Konj">un</sone><sone id="l27_s14" lk="297" lemma="lǟ’dõ" tahendus="minna" ingl="go" liik="V" vorm="pers.ind.ipf.sg.3.">lekš</sone><sone id="l27_s15" lk="297" lemma="ǭ’j" tahendus="ahi" ingl="stove" liik="S" vorm="sg.gen.">ā’i</sone><sone id="l27_s16" lk="297" lemma="pǟl " tahendus="peale" ingl="onto" liik="Post">pǟl</sone><sone id="l27_s17" lk="297" lemma="ma’ggõ" tahendus="magada" ingl="sleep" liik="V" vorm="sup.">ma’ggəm</sone><sone id="l27_s18" lk="297" meta="vahemärk">.</sone></lause><lause id="l28"><sone id="l28_s1" lk="297" lemma="si’z" tahendus="siis" ingl="then" liik="ProAdv">siz</sone><sone id="l28_s2" lk="297" lemma="zīḑ" tahendus="juut" ingl="jew" liik="S" vorm="sg.nom.">zīd́</sone><sone id="l28_s3" lk="297" lemma="tūlda" tahendus="tulla" ingl="come" liik="V" vorm="pers.ind.ipf.sg.3.">tuĺ’</sone><sone id="l28_s4" lk="297" lemma="tubā" tahendus="elamu" ingl="house" liik="S" vorm="sg.ill.">tu’bbə</sone><sone id="l28_s5" lk="297" lemma="un" tahendus="ja" ingl="and" liik="Konj">un</sone><sone id="l28_s6" lk="297" lemma="kītõ" tahendus="öelda" ingl="say" liik="V" vorm="pers.ind.ipf.sg.3.">kītiz</sone><sone id="l28_s7" lk="297" meta="vahemärk">:</sone><sone id="l28_s8" lk="297" meta="vahemärk">”</sone><sone lk="297" keel="eesti" id="l28_s9" lemma="ni" tahendus="nüüd" ingl="now" liik="Adv">ni</sone><sone lk="297" keel="eesti" id="l28_s10" meta="vahemärk">=</sone><sone lk="297" keel="eesti" id="l28_s11" lemma="vȱlda" tahendus="olla" ingl="be" liik="Va" vorm="pers.ind.pr.sg.3.">m’</sone><sone id="l28_s12" lk="297" lemma="lǟ’dõ" tahendus="minna" ingl="go" liik="V" vorm="deb.">lē’mist</sone><sone id="l28_s13" lk="297" lemma="ti’es" tahendus="kohus" ingl="court" liik="S" vorm="sg.gen." kommentaar="Kettuselt">ti’esə</sone><sone id="l28_s14" lk="297" lemma="jūr" tahendus="juurde" ingl="to" liik="Post">jūr</sone><sone lk="297" keel="eesti" id="l28_s15" meta="vahemärk">.</sone><sone id="l28_s16" lk="297" meta="vahemärk">”</sone></lause><lause id="l29"><sone id="l29_s1" lk="297" lemma="perī+mīez" tahendus="peremees" ingl="master of the house" liik="S" vorm="sg.nom.">perī+mies</sone><sone id="l29_s2" lk="297" lemma="kītõ" tahendus="öelda" ingl="say" liik="V" vorm="pers.ind.ipf.sg.3.">kītiz</sone><sone id="l29_s3" lk="297" meta="vahemärk">:</sone><sone id="l29_s4" lk="297" meta="vahemärk">”</sone><sone lk="297" keel="eesti" id="l29_s5" lemma="minā" tahendus="mina" ingl="I" liik="ProS" vorm="sg.nom.">ma</sone><sone id="l29_s6" lk="297" meta="vahemärk">[</sone><sone id="l29_s7" lk="297" lemma="vȱlda" tahendus="olla" ingl="be" liik="V" vorm="pers.ind.pr.sg.1.">uob</sone><sone id="l29_s8" lk="297" meta="vahemärk"> &gt;</sone><sone id="l29_s9" lk="297" meta="vahemärk">]</sone><sone id="l29_s10" lk="297" lemma="vȱlda" tahendus="olla" ingl="be" liik="Va" vorm="pers.ind.pr.sg.1.">uo</sone><sone id="l29_s11" lk="297" lemma="pǭļaz" tahendus="paljas" ingl="naked" liik="A" vorm="sg.nom.">pāĺas</sone><sone id="l29_s12" lk="297" lemma="rištīng" tahendus="inimene" ingl="person" liik="S" vorm="sg.nom.">rištīŋg</sone><sone id="l29_s13" lk="297" meta="vahemärk">,</sone><sone id="l29_s14" lk="297" lemma="minā" tahendus="mina" ingl="I" liik="ProS" vorm="sg.nom.">mä</sone><sone id="l29_s15" lk="297" meta="vahemärk">‿</sone><sone id="l29_s16" lk="297" lemma="ä’b" tahendus="ei" ingl="not" liik="Mn" vorm="pers.ind.pr.sg.1.">äb</sone><sone id="l29_s17" lk="297" lemma="võidõ" tahendus="võida" ingl="may" liik="V" vorm="pers.ind.sg.1.neg.">vi̮i</sone><sone id="l29_s18" lk="297" lemma="lǟ’dõ" tahendus="minna" ingl="go" liik="V" vorm="inf.">lǟ’də</sone><sone id="l29_s19" lk="297" lemma="ti’es" tahendus="kohus" ingl="court" liik="S" vorm="sg.gen.">ti’esə</sone><sone id="l29_s20" lk="297" lemma="jūr" tahendus="juurde" ingl="to" liik="Post">jūr</sone><sone lk="297" keel="eesti" id="l29_s21" meta="vahemärk">.</sone><sone id="l29_s22" lk="297" meta="vahemärk">”</sone></lause><lause id="l30"><sone id="l30_s1" lk="297" lemma="si’z" tahendus="siis" ingl="then" liik="ProAdv">siz</sone><sone id="l30_s2" lk="297" lemma="zīḑ" tahendus="juut" ingl="jew" liik="S" vorm="sg.nom.">zīd́</sone><sone id="l30_s3" lk="297" lemma="lǟ’dõ" tahendus="minna" ingl="go" liik="V" vorm="pers.ind.ipf.sg.3.">lekš</sone><sone id="l30_s4" lk="297" lemma="ulz" tahendus="välja" ingl="out" liik="Adva">ulz</sone><sone id="l30_s5" lk="297" lemma="un" tahendus="ja" ingl="and" liik="Konj">un</sone><sone id="l30_s6" lk="297" lemma="võttõ" tahendus="võtta" ingl="take" liik="V" vorm="pers.ind.ipf.sg.3.">vi̮tīz</sone><sone id="l30_s7" lk="297" lemma="eņțš" tahendus="oma" ingl="own" liik="ProS" vorm="sg.gen.">eńtš</sone><sone id="l30_s8" lk="297" lemma="rattõd" tahendus="vanker" liik="S" vorm="pl.gen.">rattəd</sone><sone id="l30_s9" lk="297" lemma="pǟldõ" tahendus="pealt" ingl="from the top" liik="Post">pǟld</sone><sone id="l30_s10" lk="297" lemma="sūr" tahendus="suur" ingl="big" liik="A" vorm="sg.gen.">sūr</sone><sone id="l30_s11" lk="297" lemma="mantõl" tahendus="mantel" ingl="coat" liik="S" vorm="sg.gen.">mantəl</sone><sone id="l30_s12" lk="297" meta="vahemärk">,</sone><sone id="l30_s13" lk="297" lemma="kis" tahendus="kes" ingl="who" liik="Intr" vorm="sg.nom.">kis</sone><sone id="l30_s14" lk="297" lemma="maksõ" tahendus="maksta" ingl="cost" liik="V" vorm="pers.ind.ipf.sg.3.">maksīz</sone><sone id="l30_s15" lk="297" lemma="sadā" tahendus="sada" ingl="hundred" liik="Nump" vorm="sg.nom.">sadā</sone><sone id="l30_s16" lk="297" lemma="rubīļ" tahendus="rubla" ingl="ruble" liik="S" vorm="sg.part.">ru’bĺə</sone><sone id="l30_s17" lk="297" lemma="un" tahendus="ja" ingl="and" liik="Konj">un</sone><sone id="l30_s18" lk="297" lemma="andõ" tahendus="anda" ingl="give" liik="V" vorm="pers.ind.ipf.sg.3.">āndis</sone><sone id="l30_s19" lk="297" lemma="se" tahendus="see" ingl="this" liik="ProS" vorm="sg.gen.">sie</sone><sone id="l30_s20" lk="297" lemma="perī+mīez" tahendus="peremees" ingl="master of the house" liik="S" vorm="sg.dat.">perī+mi’en</sone><sone id="l30_s21" lk="297" lemma="sälgõ" tahendus="selga" ingl="onto one's back" liik="Adv">sälgə</sone><sone id="l30_s22" lk="297" meta="vahemärk">.</sone></lause><lause id="l31"><sone id="l31_s1" lk="297" lemma="si’z" tahendus="siis" ingl="then" liik="ProAdv">siz</sone><sone id="l31_s2" lk="297" lemma="ne" tahendus="nemad" ingl="they" liik="ProS" vorm="pl.nom.">ne</sone><sone id="l31_s3" lk="297" lemma="lǟ’dõ" tahendus="minna" ingl="go" liik="V" vorm="pers.ind.ipf.pl.3.">lekšti</sone><sone id="l31_s4" lk="297" lemma="ti’es" tahendus="kohus" ingl="court" liik="S" vorm="sg.gen.">ti’esə</sone><sone id="l31_s5" lk="297" lemma="jūr" tahendus="juurde" ingl="to" liik="Post">jūr</sone><sone id="l31_s6" lk="297" meta="vahemärk">.</sone></lause><lause id="l32"><sone id="l32_s1" lk="297" lemma="si’z" tahendus="siis" ingl="then" liik="ProAdv">siz</sone><sone id="l32_s2" lk="297" lemma="zīḑ" tahendus="juut" ingl="jew" liik="S" vorm="sg.nom.">zīd́</sone><sone id="l32_s3" lk="297" lemma="tämā" tahendus="tema" ingl="he" liik="ProS" vorm="sg.part.">tǟnda</sone><sone id="l32_s4" lk="297" lemma="kaibõ" tahendus="kaevata" ingl="sue" liik="V" vorm="pers.ind.ipf.sg.3.">kāibiz</sone><sone id="l32_s5" lk="297" meta="vahemärk">,</sone><sone id="l32_s6" lk="297" lemma="ku" tahendus="et" ingl="that" liik="Konj">ku</sone><sone id="l32_s7" lk="297" lemma="tämā" tahendus="tema" ingl="he" liik="ProS" vorm="sg.nom.">ta</sone><sone id="l32_s8" lk="297" lemma="ä’b" tahendus="ei" ingl="not" liik="Mn" vorm="pers.ind.pr.sg.3.">äb</sone><sone id="l32_s9" lk="297" lemma="at+andõ" tahendus="anda" ingl="give" liik="V" vorm="inf.prf.">at+ānda</sone><sone id="l32_s10" lk="297" lemma="tämā" tahendus="tema" ingl="he" liik="ProS" vorm="sg.gen.">täm’</sone><sone id="l32_s11" lk="297" lemma="kuolm+sadā" tahendus="kolmsada" ingl="three hundred" liik="Nump" vorm="sg.nom.">kᵘe̮lm+sada</sone><sone id="l32_s12" lk="297" lemma="rubīļ" tahendus="rubla" ingl="ruble" liik="S" vorm="sg.part.">ru’bĺə</sone><sone id="l32_s13" lk="297" meta="vahemärk">.</sone></lause><lause id="l33"><sone id="l33_s1" lk="297" lemma="perī+mīez" tahendus="peremees" ingl="master of the house" liik="S" vorm="sg.nom.">perī+miez</sone><sone id="l33_s2" lk="297" lemma="kītõ" tahendus="öelda" ingl="say" liik="V" vorm="pers.ind.ipf.sg.3.">kītiz</sone><sone id="l33_s3" lk="297" meta="vahemärk">:</sone><sone id="l33_s4" lk="297" meta="vahemärk">”</sone><sone lk="297" keel="eesti" id="l33_s5" lemma="i’ldi" tahendus="kõrge" ingl="high" liik="A" vorm="sg.nom.">ül’də</sone><sone id="l33_s6" lk="297" lemma="ti’es" tahendus="kohus" ingl="court" liik="S" vorm="sg.nom.">ti’esə</sone><sone id="l33_s7" lk="297" meta="vahemärk">,</sone><sone id="l33_s8" lk="297" lemma="ki’l" tahendus="küll" ingl="surely" liik="ModAdv">küll</sone><sone id="l33_s9" lk="297" lemma="tēg" tahendus="teie" ingl="you" liik="ProS" vorm="pl.nom.">tēg</sone><sone id="l33_s10" lk="297" lemma="nǟ’dõ" tahendus="näha" ingl="see" liik="V" vorm="pers.ind.pr.pl.2.">nǟt</sone><sone id="l33_s11" lk="297" meta="vahemärk">,</sone><sone id="l33_s12" lk="297" lemma="ku" tahendus="et" ingl="that" liik="Konj">ku</sone><sone id="l33_s13" lk="297" lemma="se" tahendus="see" ingl="this" liik="ProS" vorm="sg.gen.">sie</sone><sone id="l33_s14" lk="297" lemma="zīḑ" tahendus="juut" ingl="jew" liik="S" vorm="sg.dat.">zīd́ən</sone><sone id="l33_s15" lk="297" lemma="ä’b" tahendus="ei" ingl="not" liik="Mn" vorm="pers.ind.pr.sg.3.">äb</sone><sone id="l33_s16" lk="297" lemma="līdõ" tahendus="olema saada" ingl="will be" liik="V" vorm="pers.ind.sg.3.neg.">lī</sone><sone id="l33_s17" lk="297" lemma="uid" tahendus="häbi" ingl="shame" liik="S" vorm="sg.part.">uidə</sone><sone id="l33_s18" lk="297" meta="vahemärk">,</sone><sone id="l33_s19" lk="297" lemma="tämā" tahendus="tema" ingl="he" liik="ProS" vorm="sg.nom.">ta</sone><sone id="l33_s20" lk="297" lemma="kītõ" tahendus="öelda" ingl="tell" liik="V" vorm="pers.ind.pr.sg.3.">kītəb</sone><sone id="l33_s21" lk="297" lemma="ve’l" tahendus="veel" ingl="also" liik="Adv">vel</sone><sone id="l33_s22" lk="297" meta="vahemärk">,</sone><sone id="l33_s23" lk="297" lemma="ku" tahendus="et" ingl="that" liik="Konj">ku</sone><sone id="l33_s24" lk="297" lemma="se" tahendus="see" ingl="this" liik="ProS" vorm="sg.nom.">se</sone><sone id="l33_s25" lk="297" lemma="mantõl" tahendus="mantel" ingl="coat" liik="S" vorm="sg.nom.">mantəl</sone><sone id="l33_s26" lk="297" meta="vahemärk">,</sone><sone id="l33_s27" lk="297" lemma="mis" tahendus="mis" ingl="what" liik="Intr" vorm="sg.nom.">mis</sone><sone id="l33_s28" lk="297" lemma="minā" tahendus="mina" ingl="I" liik="ProS" vorm="sg.gen.">min’</sone><sone id="l33_s29" lk="297" lemma="sǟlga" tahendus="selg" ingl="back" liik="S" vorm="sg.in.">sǟlgas</sone><sone id="l33_s30" lk="297" lemma="vȱlda" tahendus="olla" ingl="be" liik="V" vorm="pers.ind.pr.sg.3.">um’</sone><sone id="l33_s31" lk="297" meta="vahemärk">,</sone><sone id="l33_s32" lk="297" lemma="ku" tahendus="et" ingl="that" liik="Konj">ku</sone><sone id="l33_s33" lk="297" lemma="se" tahendus="see" ingl="this" liik="ProS" vorm="sg.nom.">se</sone><sone id="l33_s34" lk="297" lemma="ka" tahendus="ka" ingl="also" liik="ModAdv">ka</sone><sone id="l33_s35" lk="297" lemma="līdõ" tahendus="olema saada" ingl="will be" liik="V" vorm="pers.ind.pr.sg.3.">līb</sone><sone id="l33_s36" lk="297" lemma="tämā" tahendus="tema" ingl="he" liik="ProS" vorm="sg.dat.">täm’mən</sone><sone lk="297" keel="eesti" id="l33_s37" meta="vahemärk">.</sone><sone id="l33_s38" lk="297" meta="vahemärk">”</sone></lause><lause id="l34"><sone id="l34_s1" lk="297" lemma="si’z" tahendus="siis" ingl="then" liik="ProAdv">siz</sone><sone id="l34_s2" lk="297" lemma="zīḑ" tahendus="juut" ingl="jew" liik="S" vorm="sg.nom.">zīd́</sone><sone id="l34_s3" lk="297" lemma="kītõ" tahendus="öelda" ingl="say" liik="V" vorm="pers.ind.ipf.sg.3.">kītiz</sone><sone id="l34_s4" lk="297" meta="vahemärk">:</sone><sone id="l34_s5" lk="297" meta="vahemärk">”</sone><sone lk="297" keel="eesti" id="l34_s6" meta="muukeelne">oigvalt</sone><sone id="l34_s7" lk="297" meta="vahemärk">[</sone><sone id="l34_s8" lk="297" meta="kommentaar">juutalaissaksaa]</sone><sone id="l34_s9" lk="297" meta="vahemärk">,</sone><sone id="l34_s10" lk="297" lemma="se" tahendus="see" ingl="this" liik="ProS" vorm="sg.nom.">se</sone><sone id="l34_s11" lk="297" lemma="vȱlda" tahendus="olla" ingl="be" liik="V" vorm="pers.ind.pr.sg.3.">um’</sone><sone id="l34_s12" lk="297" lemma="minā" tahendus="mina" ingl="I" liik="ProS" vorm="sg.gen.">min’</sone><sone id="l34_s13" lk="297" lemma="mantõl" tahendus="mantel" ingl="coat" liik="S" vorm="sg.nom.">mantəl</sone><sone lk="297" keel="eesti" id="l34_s14" meta="vahemärk">.</sone><sone id="l34_s15" lk="297" meta="vahemärk">”</sone></lause><lause id="l35"><sone id="l35_s1" lk="297" lemma="si’z" tahendus="siis" ingl="then" liik="ProAdv">sis</sone><sone id="l35_s2" lk="297" lemma="ti’es" tahendus="kohtunik" ingl="judge" liik="S" vorm="sg.nom.">ti’esə</sone><sone id="l35_s3" lk="297" lemma="lǟ’dõ" tahendus="minna" ingl="go" liik="V" vorm="pers.ind.ipf.sg.3.">lekš</sone><sone id="l35_s4" lk="297" lemma="vaņțlõ" tahendus="vaadata" ingl="look" liik="V" vorm="sup.">vańḱĺəm</sone><sone id="l35_s5" lk="297" lemma="se" tahendus="see" ingl="this" liik="ProS" vorm="sg.part.">sⁱedā</sone><sone id="l35_s6" lk="297" lemma="perī+mīez" tahendus="peremees" ingl="master of the house" liik="S" vorm="sg.part.">perī+miest</sone><sone id="l35_s7" lk="297" meta="vahemärk">,</sone><sone id="l35_s8" lk="297" lemma="ku" tahendus="kuidas" ingl="how" liik="Intr">ku</sone><sone id="l35_s9" lk="297" lemma="tämā" tahendus="tema" ingl="he" liik="ProS" vorm="sg.dat.">täm’mən</sone><sone id="l35_s10" lk="297" lemma="set" tahendus="ainult" ingl="only" liik="ModAdv">set</sone><sone id="l35_s11" lk="297" lemma="ku" tahendus="et" ingl="that" liik="Konj" kommentaar="?">ku</sone><sone id="l35_s12" lk="297" lemma="mantõl" tahendus="mantel" ingl="coat" liik="S" vorm="sg.nom.">mantəl</sone><sone id="l35_s13" lk="297" lemma="vȱlda" tahendus="olla" ingl="be" liik="V" vorm="pers.ind.pr.sg.3.">um</sone><sone id="l35_s14" lk="297" lemma="sǟlga" tahendus="selg" ingl="back" liik="S" vorm="sg.in.">sǟlgas</sone><sone id="l35_s15" lk="297" meta="vahemärk">,</sone><sone id="l35_s16" lk="297" lemma="ku" tahendus="kui" ingl="when" liik="Konj">ku</sone><sone id="l35_s17" lk="297" lemma="se" tahendus="see" ingl="this" liik="ProS" vorm="sg.gen.">sie</sone><sone id="l35_s18" lk="297" lemma="vie’ddõ" tahendus="tõmmata" ingl="pull" liik="V" vorm="pers.ind.pr.sg.3.">vⁱedāb</sone><sone id="l35_s19" lk="297" lemma="mǭ’" tahendus="maha" ingl="down" liik="Adva">mā’</sone><sone id="l35_s20" lk="297" meta="vahemärk">,</sone><sone id="l35_s21" lk="297" lemma="si’z" tahendus="siis" ingl="then" liik="ProAdv">sis</sone><sone id="l35_s22" lk="297" lemma="tämā" tahendus="tema" ingl="he" liik="ProS" vorm="sg.nom.">ta</sone><sone id="l35_s23" lk="297" lemma="līdõ" tahendus="olema saada" ingl="will be" liik="V" vorm="pers.ind.pr.sg.3.">līb</sone><sone id="l35_s24" lk="297" lemma="pǭļaz" tahendus="paljas" ingl="naked" liik="A" vorm="sg.nom.">på̄ĺas</sone><sone id="l35_s25" lk="297" meta="vahemärk">–</sone><sone id="l35_s26" lk="297" lemma="un" tahendus="ja" ingl="and" liik="Konj">un</sone><sone id="l35_s27" lk="297" lemma="võttõ" tahendus="võtta" ingl="take" liik="V" vorm="ips.ind.ipf.pl.3.">vi̮tīst</sone><sone id="l35_s28" lk="297" lemma="zīḑ" tahendus="juut" ingl="jew" liik="S" vorm="sg.gen.">zīd́</sone><sone id="l35_s29" lk="297" lemma="vi’zzõ" tahendus="kinni" ingl="into custody" liik="Adv">vi’zzə</sone><sone id="l35_s30" lk="297" lemma="un" tahendus="ja" ingl="and" liik="Konj">un</sone><sone id="l35_s31" lk="297" lemma="pānda" tahendus="panna" ingl="put" liik="V" vorm="ips.ind.ipf.sg.3.">paⁱń’ti</sone><sone id="l35_s32" lk="297" lemma="tsi’etõm" tahendus="vangla" ingl="prison" liik="S" vorm="sg.ill." kommentaar="Sjögren-Wiedemann">tsi’etəmə</sone><sone id="l35_s33" lk="297" meta="vahemärk">,</sone><sone id="l35_s34" lk="297" lemma="ku" tahendus="et" ingl="that" liik="Konj">ku</sone><sone id="l35_s35" lk="297" lemma="tämā" tahendus="tema" ingl="he" liik="ProS" vorm="sg.nom.">ta</sone><sone id="l35_s36" lk="297" lemma="tǭ’dõ" tahendus="tahta" ingl="want" liik="V" vorm="pers.kvt.pr.sg.3.">tā’ji</sone><sone id="l35_s37" lk="297" lemma="rištīng" tahendus="inimene" ingl="person" liik="S" vorm="sg.gen.">rištīŋg</sone><sone id="l35_s38" lk="297" lemma="pǭļaz" tahendus="paljas" ingl="bare" liik="A" vorm="sg.tr.">paĺĺəks</sone><sone id="l35_s39" lk="297" lemma="tī’edõ" tahendus="teha" ingl="make" liik="V" vorm="inf.">ti’edə</sone><sone id="l35_s40" lk="297" meta="vahemärk">.</sone></lause><lause id="l36"><sone id="l36_s1" lk="297" lemma="si’z" tahendus="siis" ingl="then" liik="ProAdv">sis</sone><sone id="l36_s2" lk="297" lemma="perī+mīez" tahendus="peremees" ingl="master of the house" liik="S" vorm="sg.dat.">perī+mi’en</sone><sone id="l36_s3" lk="297" lemma="īedõ" tahendus="jääda" ingl="remain" liik="V" vorm="pers.ind.ipf.pl.3.">eiti</sone><sone id="l36_s4" lk="297" lemma="kuolm+sadā" tahendus="kolmsada" ingl="three hundred" liik="Nump" vorm="sg.nom.">kᵘe̮lm+sadā</sone><sone id="l36_s5" lk="297" lemma="rubīļ" tahendus="rubla" ingl="ruble" liik="S" vorm="sg.part.">ru’bĺə</sone><sone id="l36_s6" lk="297" meta="vahemärk">,</sone><sone id="l36_s7" lk="297" lemma="kuldi" tahendus="kuldne" ingl="golden" liik="A" vorm="sg.nom.">kuldi</sone><sone id="l36_s8" lk="297" lemma="kǭ’pšõl" tahendus="jalus" ingl="stirrup" liik="S" vorm="sg.nom.">kā’pšlə</sone><sone id="l36_s9" lk="297" lemma="un" tahendus="ja" ingl="and" liik="Konj">un</sone><sone id="l36_s10" lk="297" lemma="mantõl" tahendus="mantel" ingl="coat" liik="S" vorm="sg.nom.">mantəl</sone><sone id="l36_s11" lk="297" meta="vahemärk">.</sone></lause><lause id="l37"><sone id="l37_s1" lk="297" lemma="un" tahendus="ja" ingl="and" liik="Konj">un</sone><sone id="l37_s2" lk="297" lemma="si’z" tahendus="siis" ingl="then" liik="ProAdv">siz</sone><sone id="l37_s3" lk="297" lemma="tämā" tahendus="tema" ingl="he" liik="ProS" vorm="sg.nom.">ta</sone><sone id="l37_s4" lk="297" lemma="vȱlda" tahendus="olla" ingl="be" liik="V" vorm="pers.ind.ipf.sg.3.">ve̮ĺ’</sone><sone id="l37_s5" lk="297" lemma="rikāz" tahendus="rikas" ingl="rich" liik="A" vorm="sg.nom.">rikās</sone><sone id="l37_s6" lk="297" meta="vahemärk">[</sone><sone id="l37_s7" lk="297" lemma="rikāz" tahendus="rikas" ingl="rich" liik="A" vorm="sg.nom.">rìkas</sone><sone lk="297" keel="eesti" id="l37_s8" meta="vahemärk">]</sone><sone id="l37_s9" lk="297" meta="vahemärk">.</sone></lause><lause id="l38"><sone id="l38_s1" lk="297" lemma="jarā" tahendus="ära" ingl="off" liik="Adva">jera</sone><sone id="l38_s2" lk="297" meta="vahemärk">.</sone></lause></sisu>
</liivike>
