<?xml version="1.0" encoding="UTF-8"?>
<?xml-stylesheet type="text/xsl" href="liivike_tekst.xsl"?>
<liivike>
	<info><tyyp>kirjalik</tyyp><teema>Satuja 4</teema><keel>liivi</keel><murre>idaliivi</murre><kirjaviis>foneetiline transkriptsioon</kirjaviis><kyla longituud="22.588" latituud="57.744">Kuolka</kyla><teos pealkiri="Näytteitä liivin kielestä" aasta="1953" koht="Helsinki">E. N. Setälä</teos><keelejuht id="PA" haridus="" synniaasta="" synnikoht="" vanus="" sugu="">Pēter Anderssohn</keelejuht></info><sisu id="Set_Sat_4">
		<lause id="l1">
			<sone id="l1_s1" lk="66" lemma="ikš" tahendus="üks" ingl="one" liik="ProS" vorm="sg.gen.">ī’d</sone>
			<sone id="l1_s2" lk="66" lemma="izā" tahendus="isa" ingl="father" liik="S" vorm="sg.dat.">izān</sone><sone id="l1_s3" lk="66" lemma="vȱlda" tahendus="olla" ingl="be" liik="Va" vorm="pers.ind.pr.pl.3.">a’dt</sone><sone id="l1_s4" lk="66" lemma="vȱlda" tahendus="olla" ingl="be" liik="Va" vorm="nud.pl.">ve̮nnəd</sone><sone id="l1_s5" lk="66" lemma="kuolm" tahendus="kolm" ingl="three" liik="Nump" vorm="sg.nom.">kᵘolm</sone><sone id="l1_s6" lk="66" lemma="pūoga" tahendus="poeg" ingl="son" liik="S" vorm="sg.part.">pe̮igə</sone><sone id="l1_s7" lk="66" meta="vahemärk">.</sone></lause>
		<lause id="l2"><sone id="l2_s1" lk="66" lemma="ne" tahendus="nemad" ingl="they" liik="ProS" vorm="pl.nom.">n</sone><sone lk="66" keel="eesti" id="l2_s2" meta="vahemärk">=</sone><sone lk="66" keel="eesti" id="l2_s3" lemma="vȱlda" tahendus="olla" ingl="be" liik="Va" vorm="pers.ind.pr.pl.3.">a’dtə</sone><sone id="l2_s4" lk="66" lemma="lǟ’dõ" tahendus="minna" ingl="go" liik="V" vorm="nud.pl.">lǟ’nəd</sone><sone id="l2_s5" lk="66" lemma="tīe" tahendus="töö" ingl="work" liik="S" vorm="sg.part.">tiedə</sone><sone id="l2_s6" lk="66" lemma="vȯtšõ" tahendus="otsida" ingl="search" liik="V" vorm="sup.">ve̮tsəm</sone><sone id="l2_s7" lk="66" meta="vahemärk">.</sone></lause><lause id="l3"><sone id="l3_s1" lk="66" lemma="ni" tahendus="nüüd" ingl="now" liik="Adv">ni</sone><sone id="l3_s2" lk="66" lemma="ne" tahendus="nemad" ingl="they" liik="ProS" vorm="pl.nom.">n</sone><sone lk="66" keel="eesti" id="l3_s3" meta="vahemärk">=</sone><sone lk="66" keel="eesti" id="l3_s4" lemma="vȱlda" tahendus="olla" ingl="be" liik="Va" vorm="pers.ind.pr.pl.3.">a’dtə</sone><sone id="l3_s5" lk="66" lemma="lǟ’dõ" tahendus="minna" ingl="go" liik="V" vorm="ger.in.">lǟ’tsə</sone><sone id="l3_s6" lk="66" lemma="mu’ļḑõ" tahendus="eksida" ingl="get lost" liik="V" vorm="nud.pl.">muĺ’dənd</sone><sone id="l3_s7" lk="66" lemma="jarā" tahendus="ära" ingl="away" liik="Adva">jarā</sone><sone id="l3_s8" lk="66" lemma="un" tahendus="ja" ingl="and" liik="Konj">un</sone><sone id="l3_s9" lk="66" lemma="ni" tahendus="nüüd" ingl="now" liik="Adv">ni</sone><sone id="l3_s10" lk="66" lemma="ne" tahendus="nemad" ingl="they" liik="ProS" vorm="pl.nom.">n</sone><sone lk="66" keel="eesti" id="l3_s11" meta="vahemärk">=</sone><sone lk="66" keel="eesti" id="l3_s12" lemma="vȱlda" tahendus="olla" ingl="be" liik="Va" vorm="pers.ind.pr.pl.3.">a’dt</sone><sone id="l3_s13" lk="66" lemma="nǟ’dõ" tahendus="näha" ingl="see" liik="V" vorm="nud.pl.">nǟnəd</sone><sone id="l3_s14" lk="66" lemma="piški" tahendus="väike" ingl="small" liik="A" vorm="sg.gen.">piškīz</sone><sone id="l3_s15" lk="66" lemma="tu’ļ" tahendus="tuli" ingl="fire" liik="S" vorm="sg.gen.">tuĺ’</sone><sone id="l3_s16" lk="66" meta="vahemärk">(</sone><sone id="l3_s17" lk="66" meta="kommentaar">pro</sone><sone id="l3_s18" lk="66" lemma="tu’ļ" tahendus="tuli" ingl="fire" liik="S" vorm="sg.gen.">tul’</sone><sone lk="66" keel="eesti" id="l3_s19" meta="vahemärk">?</sone><sone lk="66" keel="eesti" id="l3_s20" meta="vahemärk">)</sone><sone id="l3_s21" lk="66" meta="vahemärk">.</sone></lause><lause id="l4"><sone id="l4_s1" lk="67" lemma="ni" tahendus="nüüd" ingl="now" liik="Adv">ni</sone><sone id="l4_s2" lk="67" lemma="ne" tahendus="nemad" ingl="they" liik="ProS" vorm="pl.nom.">n</sone><sone lk="67" keel="eesti" id="l4_s3" meta="vahemärk">=</sone><sone lk="67" keel="eesti" id="l4_s4" lemma="vȱlda" tahendus="olla" ingl="be" liik="Va" vorm="pers.ind.pr.pl.3.">a’dt</sone><sone id="l4_s5" lk="67" lemma="lǟ’dõ" tahendus="minna" ingl="go" liik="V" vorm="nud.pl.">lǟ’nəd</sone><sone id="l4_s6" lk="67" lemma="sīņõ" tahendus="sinna" ingl="there" liik="ProAdv">sīn</sone><sone id="l4_s7" lk="67" lemma="se" tahendus="see" ingl="this" liik="ProS" vorm="sg.gen.">sie</sone><sone id="l4_s8" lk="67" lemma="tu’ļ" tahendus="tuli" ingl="fire" liik="S" vorm="sg.gen.">tul’</sone><sone id="l4_s9" lk="67" lemma="jū’rõ" tahendus="juurde" ingl="to" liik="Post">jū’r</sone><sone id="l4_s10" lk="67" lemma="un" tahendus="ja" ingl="and" liik="Konj">un</sone><sone id="l4_s11" lk="67" lemma="ne" tahendus="nemad" ingl="they" liik="ProS" vorm="pl.nom.">n</sone><sone lk="67" keel="eesti" id="l4_s12" meta="vahemärk">=</sone><sone lk="67" keel="eesti" id="l4_s13" lemma="vȱlda" tahendus="olla" ingl="be" liik="Va" vorm="pers.ind.pr.pl.3.">a’dt</sone><sone id="l4_s14" lk="67" lemma="nǟ’dõ" tahendus="näha" ingl="see" liik="V" vorm="nud.pl.">nǟnəd</sone><sone id="l4_s15" lk="67" meta="vahemärk">,</sone><sone id="l4_s16" lk="67" lemma="ku" tahendus="et" ingl="that" liik="Konj">ku</sone><sone id="l4_s17" lk="67" lemma="sǟ’l" tahendus="seal" ingl="there" liik="ProAdv">sǟ’l</sone><sone id="l4_s18" lk="67" lemma="vȱlda" tahendus="olla" ingl="be" liik="Va" vorm="pers.ind.pr.sg.3.">um’</sone><sone id="l4_s19" lk="67" lemma="vȱlda" tahendus="olla" ingl="be" liik="V" vorm="nud.sg.">ve̮nd</sone><sone id="l4_s20" lk="67" lemma="piški" tahendus="väike" ingl="small" liik="A" vorm="sg.nom.">piški</sone><sone id="l4_s21" lk="67" lemma="tubā" tahendus="tare" ingl="hut" liik="S" vorm="sg.nom.">tubā</sone><sone id="l4_s22" lk="67" meta="vahemärk">.</sone></lause><lause id="l5"><sone id="l5_s1" lk="67" lemma="un" tahendus="ja" ingl="and" liik="Konj">un</sone><sone id="l5_s2" lk="67" lemma="ne" tahendus="nemad" ingl="they" liik="ProS" vorm="pl.nom.">n</sone><sone lk="67" keel="eesti" id="l5_s3" meta="vahemärk">=</sone><sone lk="67" keel="eesti" id="l5_s4" lemma="vȱlda" tahendus="olla" ingl="be" liik="Va" vorm="pers.ind.pr.pl.3.">a’dtə</sone><sone id="l5_s5" lk="67" lemma="lǟ’dõ" tahendus="minna" ingl="go" liik="V" vorm="nud.pl.">lǟ’nəd</sone><sone id="l5_s6" lk="67" lemma="se" tahendus="see" ingl="this" liik="ProS" vorm="sg.ill.">si’ezə</sone><sone id="l5_s7" lk="67" lemma="piški" tahendus="väike" ingl="small" liik="A" vorm="sg.ill.">piškīz</sone><sone id="l5_s8" lk="67" lemma="tubā" tahendus="tare" ingl="hut" liik="S" vorm="sg.ill.">tu’bbə</sone><sone id="l5_s9" lk="67" lemma="sillõ" tahendus="sisse" ingl="inside" liik="Adv">sil’lə</sone><sone id="l5_s10" lk="67" lemma="un" tahendus="ja" ingl="and" liik="Konj">un</sone><sone id="l5_s11" lk="67" lemma="ne" tahendus="nemad" ingl="they" liik="ProS" vorm="pl.nom.">n</sone><sone lk="67" keel="eesti" id="l5_s12" meta="vahemärk">=</sone><sone lk="67" keel="eesti" id="l5_s13" lemma="vȱlda" tahendus="olla" ingl="be" liik="Va" vorm="pers.ind.pr.pl.3.">a’dtə</sone><sone id="l5_s14" lk="67" lemma="nǟ’dõ" tahendus="näha" ingl="see" liik="V" vorm="nud.pl.">nǟnd</sone><sone id="l5_s15" lk="67" meta="vahemärk">,</sone><sone id="l5_s16" lk="67" lemma="ku" tahendus="et" ingl="that" liik="Konj">ku</sone><sone id="l5_s17" lk="67" lemma="ikš" tahendus="üks" ingl="one" liik="ProS" vorm="sg.nom.">ikš</sone><sone id="l5_s18" lk="67" lemma="vanā" tahendus="vana" ingl="old" liik="A" vorm="sg.nom.">vanā</sone><sone id="l5_s19" lk="67" lemma="mīez" tahendus="mees" ingl="man" liik="S" vorm="sg.nom.">miez</sone><sone id="l5_s20" lk="67" lemma="vȱlda" tahendus="olla" ingl="be" liik="Va" vorm="pers.ind.pr.sg.3.">um’</sone><sone id="l5_s21" lk="67" lemma="istõ" tahendus="istuda" ingl="sit" liik="V" vorm="nud.sg.">istən</sone><sone id="l5_s22" lk="67" meta="vahemärk">.</sone></lause><lause id="l6"><sone id="l6_s1" lk="67" lemma="se" tahendus="see" ingl="this" liik="ProS" vorm="sg.nom.">se</sone><sone lk="67" keel="eesti" id="l6_s2" meta="vahemärk">=</sone><sone lk="67" keel="eesti" id="l6_s3" lemma="vȱlda" tahendus="olla" ingl="be" liik="Va" vorm="pers.ind.pr.sg.3.">m’</sone><sone id="l6_s4" lk="67" lemma="ki’zzõ" tahendus="küsida" ingl="ask" liik="V" vorm="nud.sg.">ki’zzən</sone><sone id="l6_s5" lk="67" meta="vahemärk">:</sone><sone id="l6_s6" lk="67" meta="vahemärk">”</sone><sone lk="67" keel="eesti" id="l6_s7" lemma="mis" tahendus="mis" ingl="what" liik="Intr" vorm="sg.nom.">mis</sone><sone id="l6_s8" lk="67" lemma="tēg" tahendus="teie" ingl="you" liik="ProS" vorm="pl.nom.">tēg</sone><sone id="l6_s9" lk="67" lemma="vȯtšõ" tahendus="otsida" ingl="search" liik="V" vorm="pers.ind.pr.pl.2.">ve̮tšət</sone><sone id="l6_s10" lk="67" meta="vahemärk">,</sone><sone id="l6_s11" lk="67" lemma="pūoga" tahendus="poeg" ingl="son" liik="S" vorm="pl.nom.">puogad</sone><sone lk="67" keel="eesti" id="l6_s12" meta="vahemärk">?</sone><sone id="l6_s13" lk="67" meta="vahemärk">”</sone></lause><lause id="l7"><sone id="l7_s1" lk="67" meta="vahemärk">”</sone><sone lk="67" keel="eesti" id="l7_s2" lemma="mēg" tahendus="meie" ingl="we" liik="ProS" vorm="pl.nom.">mēg</sone><sone id="l7_s3" lk="67" lemma="vȯtšõ" tahendus="otsida" ingl="search" liik="V" vorm="pers.ind.pr.pl.1.">ve̮t́šəm</sone><sone id="l7_s4" lk="67" lemma="tīe" tahendus="töö" ingl="work" liik="S" vorm="sg.part.">tiedə</sone><sone lk="67" keel="eesti" id="l7_s5" meta="vahemärk">”</sone><sone id="l7_s6" lk="67" meta="vahemärk">,</sone><sone id="l7_s7" lk="67" lemma="ne" tahendus="nemad" ingl="they" liik="ProS" vorm="pl.nom.">n</sone><sone lk="67" keel="eesti" id="l7_s8" meta="vahemärk">=</sone><sone lk="67" keel="eesti" id="l7_s9" lemma="vȱlda" tahendus="olla" ingl="be" liik="Va" vorm="pers.ind.pr.pl.3.">a’dtə</sone><sone id="l7_s10" lk="67" lemma="kītõ" tahendus="öelda" ingl="say" liik="V" vorm="nud.pl.">kītənd</sone><sone id="l7_s11" lk="67" meta="vahemärk">.</sone></lause><lause id="l8"><sone id="l8_s1" lk="67" lemma="tämā" tahendus="tema" ingl="he, she" liik="ProS" vorm="sg.nom.">ta</sone><sone lk="67" keel="eesti" id="l8_s2" meta="vahemärk">=</sone><sone lk="67" keel="eesti" id="l8_s3" lemma="vȱlda" tahendus="olla" ingl="be" liik="Va" vorm="pers.ind.pr.sg.3.">m’</sone><sone id="l8_s4" lk="67" lemma="ki’zzõ" tahendus="küsida" ingl="ask" liik="V" vorm="nud.sg.">ki’zzən</sone><sone id="l8_s5" lk="67" meta="vahemärk">:</sone><sone id="l8_s6" lk="67" meta="vahemärk">”</sone><sone lk="67" keel="eesti" id="l8_s7" lemma="kui" tahendus="kui" ingl="how" liik="Intr">kui</sone><sone id="l8_s8" lk="67" lemma="je’nnõ" tahendus="palju" ingl="much" liik="Adv">je̮n’n</sone><sone id="l8_s9" lk="67" lemma="tēg" tahendus="teie" ingl="you" liik="ProS" vorm="pl.nom.">tēg</sone><sone id="l8_s10" lk="67" lemma="tǭ’dõ" tahendus="tahta" ingl="want" liik="V" vorm="pers.ind.pr.pl.2.">tå̄tə</sone><sone id="l8_s11" lk="67" lemma="pǟva" tahendus="päev" ingl="day" liik="S" vorm="sg.el.">pǟvast</sone><sone lk="67" keel="eesti" id="l8_s12" meta="vahemärk">?</sone><sone id="l8_s13" lk="67" meta="vahemärk">”</sone></lause><lause id="l9"><sone id="l9_s1" lk="67" lemma="ne" tahendus="nemad" ingl="they" liik="ProS" vorm="pl.nom.">n</sone><sone lk="67" keel="eesti" id="l9_s2" meta="vahemärk">=</sone><sone lk="67" keel="eesti" id="l9_s3" lemma="vȱlda" tahendus="olla" ingl="be" liik="Va" vorm="pers.ind.pr.pl.3.">a’dtə</sone><sone id="l9_s4" lk="67" lemma="kītõ" tahendus="öelda" ingl="say" liik="V" vorm="nud.pl.">kītənd</sone><sone id="l9_s5" lk="67" meta="vahemärk">,</sone><sone id="l9_s6" lk="67" lemma="ne" tahendus="nemad" ingl="they" liik="ProS" vorm="pl.nom.">ne</sone><sone id="l9_s7" lk="67" lemma="ä’b" tahendus="ei" ingl="not" liik="Mn" vorm="pr.pl.3.">äb</sone><sone id="l9_s8" lk="67" lemma="tieudõ" tahendus="teada" ingl="know" liik="V" vorm="pers.ind.pl.2.neg.">tiedat</sone><sone id="l9_s9" lk="67" meta="vahemärk">.</sone></lause><lause id="l10"><sone id="l10_s1" lk="67" lemma="tämā" tahendus="tema" ingl="he, she" liik="ProS" vorm="sg.nom.">ta</sone><sone lk="67" keel="eesti" id="l10_s2" meta="vahemärk">=</sone><sone lk="67" keel="eesti" id="l10_s3" lemma="vȱlda" tahendus="olla" ingl="be" liik="Va" vorm="pers.ind.pr.sg.3.">m’</sone><sone id="l10_s4" lk="67" lemma="kītõ" tahendus="öelda" ingl="say" liik="V" vorm="nud.sg.">kītən</sone><sone id="l10_s5" lk="67" meta="vahemärk">,</sone><sone id="l10_s6" lk="67" lemma="tämā" tahendus="tema" ingl="he, she" liik="ProS" vorm="sg.nom.">ta</sone><sone id="l10_s7" lk="67" lemma="jegā+ikš" tahendus="igaüks" ingl="everyone" liik="ProS" vorm="sg.dat.">je̮gā+ī’dən</sone><sone id="l10_s8" lk="67" lemma="andõ" tahendus="anda" ingl="give" liik="V" vorm="pers.ind.pr.sg.3.">āndab</sone><sone id="l10_s9" lk="67" lemma="sīek" tahendus="külimit" liik="S" vorm="sg.gen.">si’ek</sone><sone id="l10_s10" lk="67" lemma="rǭ’" tahendus="raha" ingl="money" liik="S" vorm="sg.part.">rå̄’də</sone><sone id="l10_s11" lk="67" meta="vahemärk">,</sone><sone id="l10_s12" lk="67" lemma="bet" tahendus="aga" ingl="but" liik="Konj">bet</sone><sone id="l10_s13" lk="67" lemma="ja" ingl="and" liik="Konj">ja</sone><sone id="l10_s14" lk="67" lemma="ne" tahendus="nemad" ingl="they" liik="ProS" vorm="pl.nom.">ne</sone><sone id="l10_s15" lk="67" lemma="se" tahendus="see" ingl="this" liik="ProS" vorm="sg.part.">sⁱedā</sone><sone id="l10_s16" lk="67" lemma="tīe" tahendus="töö" ingl="work" liik="S" vorm="sg.part.">tiedə</sone><sone id="l10_s17" lk="67" lemma="võidõ" tahendus="võida" ingl="can" liik="V" vorm="pers.ind.pr.pl.3.">vi̮ibəd</sone><sone id="l10_s18" lk="67">nu’o+ti’edə</sone><sone id="l10_s19" lk="67" meta="vahemärk">,</sone><sone id="l10_s20" lk="67" lemma="mis" tahendus="mis" ingl="what" liik="Intr" vorm="sg.nom.">mis</sone><sone id="l10_s21" lk="67" lemma="tämā" tahendus="tema" ingl="he, she" liik="ProS" vorm="sg.nom.">ta</sone><sone id="l10_s22" lk="67" lemma="kītõ" tahendus="öelda" ingl="say" liik="V" vorm="pers.ind.pr.sg.3.">kītəb</sone><sone id="l10_s23" lk="67" meta="vahemärk">.</sone></lause><lause id="l11"><sone id="l11_s1" lk="67" lemma="ne" tahendus="nemad" ingl="they" liik="ProS" vorm="pl.nom.">n</sone><sone lk="67" keel="eesti" id="l11_s2" meta="vahemärk">=</sone><sone lk="67" keel="eesti" id="l11_s3" lemma="vȱlda" tahendus="olla" ingl="be" liik="Va" vorm="pers.ind.pr.pl.3.">a’dtə</sone><sone id="l11_s4" lk="67" lemma="kītõ" tahendus="öelda" ingl="say" liik="V" vorm="nud.pl.">kītənd</sone><sone id="l11_s5" lk="67" meta="vahemärk">,</sone><sone id="l11_s6" lk="67" lemma="agā" tahendus="ehk" ingl="perhaps" liik="ModAdv">aga</sone><sone id="l11_s7" lk="67" lemma="võidõ" tahendus="võida" ingl="can" liik="V" vorm="pers.ind.pr.sg.3.">vi̮ib</sone><sone id="l11_s8" lk="67" meta="vahemärk">.</sone></lause><lause id="l12"><sone id="l12_s1" lk="67" lemma="tämā" tahendus="tema" ingl="he, she" liik="ProS" vorm="sg.nom.">ta</sone><sone id="l12_s2" lk="67" lemma="vȱlda" tahendus="olla" ingl="be" liik="Va" vorm="pers.ind.pr.sg.3.">um’</sone><sone id="l12_s3" lk="67" lemma="kītõ" tahendus="öelda" ingl="say" liik="V" vorm="nud.sg.">kītən</sone><sone id="l12_s4" lk="67" meta="vahemärk">:</sone><sone id="l12_s5" lk="67" meta="vahemärk">”</sone><sone lk="67" keel="eesti" id="l12_s6" lemma="minā" tahendus="mina" ingl="I" liik="ProS" vorm="sg.dat.">min’</sone><sone id="l12_s7" lk="67" lemma="vȱlda" tahendus="olla" ingl="be" liik="V" vorm="pers.ind.pr.sg.3.">um’</sone><sone id="l12_s8" lk="67" lemma="ikš" tahendus="üks" ingl="one" liik="ProS" vorm="sg.nom.">ikš</sone><sone id="l12_s9" lk="67" lemma="vanā" tahendus="vana" ingl="old" liik="A" vorm="sg.nom.">vanā</sone><sone id="l12_s10" lk="67" lemma="i’bbi" tahendus="hobune" ingl="horse" liik="S" vorm="sg.nom.">i̮’bbi</sone><sone id="l12_s11" lk="67" meta="vahemärk">[</sone><sone id="l12_s12" lk="67" lemma="taļ" tahendus="tall" ingl="stable" liik="S" vorm="sg.in.">taĺšə</sone><sone id="l12_s13" lk="67" meta="vahemärk"> &gt;</sone><sone id="l12_s14" lk="67" meta="vahemärk">]</sone><sone id="l12_s15" lk="67" lemma="taļ" tahendus="tall" ingl="stable" liik="S" vorm="sg.in.">taĺs</sone><sone id="l12_s16" lk="67" meta="vahemärk">”</sone><sone id="l12_s17" lk="67" lemma="un" tahendus="ja" ingl="and" liik="Konj">un</sone><sone id="l12_s18" lk="67" lemma="la’z" tahendus="las" ingl="let" liik="ModAdv">laz</sone><sone id="l12_s19" lk="67" lemma="võttõ" tahendus="võtta" ingl="take" liik="V" vorm="pers.jus.pr.pl.3.">vi̮tāg</sone><sone id="l12_s20" lk="67" lemma="se" tahendus="see" ingl="this" liik="ProS" vorm="sg.gen.">sie</sone><sone id="l12_s21" lk="67" lemma="i’bbi" tahendus="hobune" ingl="horse" liik="S" vorm="sg.gen.">i̮bīz</sone><sone id="l12_s22" lk="67" lemma="un" tahendus="ja" ingl="and" liik="Konj">un</sone><sone id="l12_s23" lk="67" lemma="pānda" tahendus="panna" ingl="put" liik="V" vorm="pers.jus.pr.pl.3.">paŋgə</sone><sone id="l12_s24" lk="67" lemma="rattõd" tahendus="vanker" ingl="cart" liik="S" vorm="pl.gen.">rattəd</sone><sone id="l12_s25" lk="67" lemma="je’ddõ" tahendus="ette" liik="Post">je̮’ddə</sone><sone id="l12_s26" lk="67" meta="vahemärk">,</sone><sone id="l12_s27" lk="67" lemma="un" tahendus="ja" ingl="and" liik="Konj">un</sone><sone id="l12_s28" lk="67" lemma="ne" tahendus="nemad" ingl="they" liik="ProS" vorm="pl.nom.">n</sone><sone lk="67" keel="eesti" id="l12_s29" meta="vahemärk">=</sone><sone lk="67" keel="eesti" id="l12_s30" lemma="vȱlda" tahendus="olla" ingl="be" liik="Va" vorm="pers.ind.pr.pl.3.">a’dtə</sone><sone id="l12_s31" lk="67" lemma="pānda" tahendus="panna" ingl="put" liik="V" vorm="nud.pl.">pannəd</sone><sone id="l12_s32" lk="67" meta="vahemärk">.</sone></lause><lause id="l13"><sone id="l13_s1" lk="67" lemma="un" tahendus="ja" ingl="and" liik="Konj">un</sone><sone id="l13_s2" lk="67" lemma="tämā" tahendus="tema" ingl="he, she" liik="ProS" vorm="sg.nom.">ta</sone><sone lk="67" keel="eesti" id="l13_s3" meta="vahemärk">=</sone><sone lk="67" keel="eesti" id="l13_s4" lemma="vȱlda" tahendus="olla" ingl="be" liik="Va" vorm="pers.ind.pr.sg.3.">m’</sone><sone id="l13_s5" lk="67" lemma="kītõ" tahendus="öelda" ingl="say" liik="V" vorm="nud.sg.">kītən</sone><sone id="l13_s6" lk="67" meta="vahemärk">,</sone><sone id="l13_s7" lk="67" lemma="la’z" tahendus="las" ingl="let" liik="ModAdv">las</sone><sone id="l13_s8" lk="67" lemma="tämā" tahendus="tema" ingl="he, she" liik="ProS" vorm="sg.nom.">ta</sone><sone id="l13_s9" lk="67" lemma="lǟ’dõ" tahendus="minna" ingl="go" liik="V" vorm="pers.jus.pr.sg.3.">läk</sone><sone id="l13_s10" lk="67" lemma="mõtsā" tahendus="mets" ingl="forest" liik="S" vorm="sg.ill.">mi̮tsə</sone><sone id="l13_s11" lk="67" lemma="un" tahendus="ja" ingl="and" liik="Konj">un</sone><sone id="l13_s12" lk="67" lemma="ra’dļõ" tahendus="raiuda" ingl="chop" liik="V" vorm="pers.jus.pr.sg.3.">ra’d́ĺəg</sone><sone id="l13_s13" lk="67" lemma="ikš" tahendus="üks" ingl="one" liik="ProS" vorm="sg.gen.">ī’d</sone><sone id="l13_s14" lk="67" lemma="viedām" tahendus="koorem" ingl="load" liik="S" vorm="sg.gen.">vⁱedām</sone><sone id="l13_s15" lk="67" lemma="pū" tahendus="puu" ingl="wood" liik="S" vorm="pl.part.">pūd́i</sone><sone id="l13_s16" lk="67" lemma="un" tahendus="ja" ingl="and" liik="Konj">un</sone><sone id="l13_s17" lk="67" lemma="krouvõ" tahendus="laduda" ingl="load up" liik="V" vorm="pers.jus.pr.sg.3.">krouvəg</sone><sone id="l13_s18" lk="67" lemma="pǟlõ" tahendus="peale" ingl="on" liik="Adv">pǟlə</sone><sone id="l13_s19" lk="67" lemma="un" tahendus="ja" ingl="and" liik="Konj">un</sone><sone id="l13_s20" lk="67" lemma="ne’i" tahendus="nii" ingl="so" liik="ProAdv">nei’</sone><sone id="l13_s21" lk="67" lemma="ku" tahendus="et" ingl="that" liik="Konj">ku</sone><sone id="l13_s22" lk="67" lemma="tämā" tahendus="tema" ingl="he, she" liik="ProS" vorm="sg.nom.">ta</sone><sone id="l13_s23" lk="67" lemma="je’dmõl" tahendus="enne" ingl="before" liik="Pre">je̮’dləm</sone><sone id="l13_s24" lk="67" lemma="pǟva" tahendus="päike" ingl="sun" liik="S" vorm="sg.gen.">pǟva</sone><sone id="l13_s25" lk="67">nu’o+lǟ’mət</sone><sone id="l13_s26" lk="67" lemma="līdõ" tahendus="olema saada" ingl="will be" liik="V" vorm="pers.ind.pr.sg.3.">līb</sone><sone id="l13_s27" lk="67" lemma="kuo’nnõ" tahendus="kodus" ingl="at home" liik="Adv">kᵘon’nə</sone><sone id="l13_s28" lk="67" meta="vahemärk">.</sone></lause><lause id="l14"><sone id="l14_s1" lk="67" lemma="tämā" tahendus="tema" ingl="he, she" liik="ProS" vorm="sg.nom.">ta</sone><sone lk="67" keel="eesti" id="l14_s2" meta="vahemärk">=</sone><sone lk="67" keel="eesti" id="l14_s3" lemma="vȱlda" tahendus="olla" ingl="be" liik="Va" vorm="pers.ind.pr.sg.3.">m’</sone><sone id="l14_s4" lk="67" lemma="bro’utšõ" tahendus="sõita" ingl="ride" liik="V" vorm="nud.sg.">brou’tšən</sone><sone id="l14_s5" lk="67" lemma="un" tahendus="ja" ingl="and" liik="Konj">un</sone><sone id="l14_s6" lk="67">nu’o+ra’d́ĺən</sone><sone id="l14_s7" lk="67" lemma="se" tahendus="see" ingl="this" liik="ProS" vorm="sg.gen.">sie</sone><sone id="l14_s8" lk="67" lemma="viedām" tahendus="koorem" ingl="load" liik="S" vorm="sg.gen.">vⁱedām</sone><sone id="l14_s9" lk="67" lemma="pū" tahendus="puu" ingl="wood" liik="S" vorm="pl.part.">pūd́i</sone><sone id="l14_s10" lk="67" lemma="un" tahendus="ja" ingl="and" liik="Konj">un</sone><sone id="l14_s11" lk="67" lemma="bro’utšõ" tahendus="sõita" ingl="ride" liik="V" vorm="nud.sg.">brou’tšən</sone><sone id="l14_s12" lk="67" lemma="kuodāj" tahendus="koju" ingl="home" liik="Adv">kᵘodāi</sone><sone id="l14_s13" lk="67" meta="vahemärk">.</sone></lause><lause id="l15"><sone id="l15_s1" lk="67" lemma="un" tahendus="ja" ingl="and" liik="Konj">un</sone><sone id="l15_s2" lk="67" lemma="ni" tahendus="nüüd" ingl="now" liik="Adv">ni</sone><sone id="l15_s3" lk="67" lemma="tämā" tahendus="tema" ingl="he, she" liik="ProS" vorm="sg.nom.">ta</sone><sone lk="67" keel="eesti" id="l15_s4" meta="vahemärk">=</sone><sone lk="67" keel="eesti" id="l15_s5" lemma="vȱlda" tahendus="olla" ingl="be" liik="Va" vorm="pers.ind.pr.sg.3.">m’</sone><sone id="l15_s6" lk="67" lemma="bro’utšõ" tahendus="sõita" ingl="ride" liik="V" vorm="nud.sg.">brou’tšən</sone><sone id="l15_s7" lk="67" meta="vahemärk">[</sone><sone id="l15_s8" lk="67" lemma="pi’ds" tahendus="piki" ingl="along" liik="Pre">pi’ts</sone><sone id="l15_s9" lk="67" meta="vahemärk"> &gt;</sone><sone id="l15_s10" lk="67" meta="vahemärk">]</sone><sone id="l15_s11" lk="67" lemma="pi’ds" tahendus="piki" ingl="along" liik="Pre">pits</sone><sone id="l15_s12" lk="67" lemma="se" tahendus="see" ingl="this" liik="ProS" vorm="sg.part.">sⁱedā</sone><sone id="l15_s13" lk="67" lemma="riek" tahendus="tee" ingl="road" liik="S" vorm="sg.part.">rⁱekkə</sone><sone id="l15_s14" lk="67" meta="vahemärk">.</sone></lause><lause id="l16"><sone id="l16_s1" lk="67" lemma="ku" tahendus="kui" ingl="when" liik="Konj">ku</sone><sone id="l16_s2" lk="67" lemma="ni" tahendus="nüüd" ingl="now" liik="Adv">ni</sone><sone lk="67" keel="eesti" id="l16_s3" meta="vahemärk">=</sone><sone lk="67" keel="eesti" id="l16_s4" lemma="vȱlda" tahendus="olla" ingl="be" liik="Va" vorm="pers.ind.pr.sg.3.">m’</sone><sone id="l16_s5" lk="67" lemma="sǭdõ" tahendus="saada" ingl="get" liik="V" vorm="nud.sg.">så̄nd</sone><sone id="l16_s6" lk="67" lemma="pigā" tahendus="pea" ingl="almost" liik="Adv">pigā</sone><sone id="l16_s7" lk="67" lemma="vastõ" tahendus="vastu" ingl="opposite" liik="Pre">vastə</sone><sone id="l16_s8" lk="67" lemma="kuo’d" tahendus="kodu" ingl="home" liik="S" vorm="sg.part.">kᵘotā</sone><sone id="l16_s9" lk="67" meta="vahemärk">,</sone><sone id="l16_s10" lk="67" lemma="si’z" tahendus="siis" ingl="then" liik="ProAdv">siz</sone><sone id="l16_s11" lk="67" lemma="se" tahendus="see" ingl="this" liik="ProS" vorm="sg.nom.">se</sone><sone id="l16_s12" lk="67" lemma="i’bbi" tahendus="hobune" ingl="horse" liik="S" vorm="sg.nom.">i̮’bbi</sone><sone id="l16_s13" lk="67" lemma="vȱlda" tahendus="olla" ingl="be" liik="Va" vorm="pers.ind.pr.sg.3.">um’</sone><sone id="l16_s14" lk="67" lemma="sa’ddõ" tahendus="kukkuda" ingl="fall" liik="V" vorm="nud.sg.">sa’ddən</sone><sone id="l16_s15" lk="67" lemma="mǭ’" tahendus="maha" ingl="down" liik="Adva">må̄’</sone><sone id="l16_s16" lk="67" lemma="un" tahendus="ja" ingl="and" liik="Konj">un</sone><sone id="l16_s17" lk="67" lemma="ä’b" tahendus="ei" ingl="not" liik="Mn" vorm="pr.sg.3.">äb</sone><sone id="l16_s18" lk="67" lemma="vȱlda" tahendus="olla" ingl="be" liik="Va" vorm="pers.ind.sg.3.neg.">uo</sone><sone id="l16_s19" lk="67" lemma="lǟ’dõ" tahendus="minna" ingl="go" liik="V" vorm="nud.sg.">lǟ’nd</sone><sone id="l16_s20" lk="67" lemma="je’mmitit" tahendus="enam mitte" ingl="no more" liik="Adv">je̮mīt</sone><sone id="l16_s21" lk="67" meta="vahemärk">.</sone></lause><lause id="l17"><sone id="l17_s1" lk="67" lemma="un" tahendus="ja" ingl="and" liik="Konj">un</sone><sone id="l17_s2" lk="67" lemma="ni" tahendus="nüüd" ingl="now" liik="Adv">ni</sone><sone id="l17_s3" lk="67" lemma="tämā" tahendus="tema" ingl="he, she" liik="ProS" vorm="sg.nom.">ta</sone><sone lk="67" keel="eesti" id="l17_s4" meta="vahemärk">=</sone><sone lk="67" keel="eesti" id="l17_s5" lemma="vȱlda" tahendus="olla" ingl="be" liik="Va" vorm="pers.ind.pr.sg.3.">m’</sone><sone id="l17_s6" lk="67" lemma="ra’bbõ" tahendus="lüüa" ingl="hit" liik="V" vorm="nud.sg.">ra’bbən</sone><sone id="l17_s7" lk="67" lemma="se" tahendus="see" ingl="this" liik="ProS" vorm="sg.part.">sⁱedā</sone><sone id="l17_s8" lk="67" lemma="i’bbi" tahendus="hobune" ingl="horse" liik="S" vorm="sg.part.">i̮bīst</sone><sone id="l17_s9" lk="67" lemma="un" tahendus="ja" ingl="and" liik="Konj">un</sone><sone id="l17_s10" lk="67" lemma="se" tahendus="see" ingl="this" liik="ProS" vorm="sg.nom.">se</sone><sone id="l17_s11" lk="67" lemma="i’bbi" tahendus="hobune" ingl="horse" liik="S" vorm="sg.nom.">i̮’bbi</sone><sone id="l17_s12" lk="67" lemma="ä’b" tahendus="ei" ingl="not" liik="Mn" vorm="pr.sg.3.">äb</sone><sone id="l17_s13" lk="67" lemma="vȱlda" tahendus="olla" ingl="be" liik="Va" vorm="pers.ind.sg.3.neg.">uo</sone><sone id="l17_s14" lk="67" lemma="lǟ’dõ" tahendus="minna" ingl="go" liik="V" vorm="nud.sg.">lǟ’nd</sone><sone id="l17_s15" lk="67" lemma="pa" tahendus="millekski, kellekski" liik="Pre">pa</sone><sone id="l17_s16" lk="67" meta="vahemärk">[</sone><sone id="l17_s17" lk="67">vissəm</sone><sone id="l17_s18" lk="67" meta="vahemärk"> &gt;</sone><sone id="l17_s19" lk="67" meta="vahemärk">]</sone><sone id="l17_s20" lk="67">vissam</sone><sone id="l17_s21" lk="67" meta="vahemärk">.</sone></lause><lause id="l18"><sone id="l18_s1" lk="67" lemma="ku" tahendus="kui" ingl="when" liik="Konj">ku</sone><sone id="l18_s2" lk="67" lemma="ni" tahendus="nüüd" ingl="now" liik="Adv">ni</sone><sone id="l18_s3" lk="67" lemma="vȱlda" tahendus="olla" ingl="be" liik="Va" vorm="nud.sg.">ve̮nd</sone><sone id="l18_s4" lk="67" lemma="pǟva" tahendus="päike" ingl="sun" liik="S" vorm="sg.nom.">pǟva</sone><sone id="l18_s5" lk="67">nu’o+lǟ’nd</sone><sone id="l18_s6" lk="67" meta="vahemärk">,</sone><sone id="l18_s7" lk="67" lemma="ni" tahendus="nüüd" ingl="now" liik="Adv">ni</sone><sone id="l18_s8" lk="67" lemma="se" tahendus="see" ingl="this" liik="ProS" vorm="sg.nom.">se</sone><sone id="l18_s9" lk="67" lemma="i’bbi" tahendus="hobune" ingl="horse" liik="S" vorm="sg.nom.">i̮’bbi</sone><sone id="l18_s10" lk="67" lemma="vȱlda" tahendus="olla" ingl="be" liik="Va" vorm="pers.ind.pr.sg.3.">um’</sone><sone id="l18_s11" lk="67" lemma="nūzõ" tahendus="tõusta" ingl="stand" liik="V" vorm="nud.sg.">nūzən</sone><sone id="l18_s12" lk="67" lemma="i’lzõ" tahendus="üles" ingl="up" liik="Adva">il’dzə</sone><sone id="l18_s13" lk="67" lemma="un" tahendus="ja" ingl="and" liik="Konj">un</sone><sone id="l18_s14" lk="67" lemma="lǟ’dõ" tahendus="minna" ingl="go" liik="V" vorm="nud.sg.">lǟ’nd</sone><sone id="l18_s15" lk="67" lemma="kuodāj" tahendus="koju" ingl="home" liik="Adv">kᵘodāi</sone><sone id="l18_s16" lk="67" meta="vahemärk">.</sone></lause><lause id="l19"><sone id="l19_s1" lk="67" lemma="un" tahendus="ja" ingl="and" liik="Konj">un</sone><sone id="l19_s2" lk="67" lemma="ni" tahendus="nüüd" ingl="now" liik="Adv">ni</sone><sone lk="67" keel="eesti" id="l19_s3" meta="vahemärk">=</sone><sone lk="67" keel="eesti" id="l19_s4" lemma="vȱlda" tahendus="olla" ingl="be" liik="Va" vorm="pers.ind.pr.sg.3.">m’</sone><sone id="l19_s5" lk="67" lemma="tūlda" tahendus="tulla" ingl="come" liik="V" vorm="nud.sg.">tund</sone><sone id="l19_s6" lk="67" lemma="se" tahendus="see" ingl="this" liik="ProS" vorm="sg.nom.">se</sone><sone id="l19_s7" lk="67" lemma="vanā" tahendus="vana" ingl="old" liik="A" vorm="sg.nom.">vanā</sone><sone id="l19_s8" lk="67" lemma="mīez" tahendus="mees" ingl="man" liik="S" vorm="sg.nom.">miez</sone><sone id="l19_s9" lk="67" lemma="vastõ" tahendus="vastu" liik="Adva">vastə</sone><sone id="l19_s10" lk="67" lemma="un" tahendus="ja" ingl="and" liik="Konj">un</sone><sone id="l19_s11" lk="67" lemma="kītõ" tahendus="öelda" ingl="say" liik="V" vorm="nud.sg.">kītən</sone><sone id="l19_s12" lk="67" meta="vahemärk">:</sone><sone id="l19_s13" lk="67" meta="vahemärk">”</sone><sone lk="67" keel="eesti" id="l19_s14" lemma="kus" tahendus="kus" ingl="where" liik="Intr">kus</sone><sone id="l19_s15" lk="67" lemma="sinā" tahendus="sina" ingl="you" liik="ProS" vorm="sg.nom.">sa</sone><sone id="l19_s16" lk="67" lemma="ne’i" tahendus="nii" ingl="so" liik="ProAdv">nei’</sone><sone id="l19_s17" lk="67" lemma="kōgiņ" tahendus="kaua" liik="Adv">kōgiń</sone><sone id="l19_s18" lk="67" lemma="vȱlda" tahendus="olla" ingl="be" liik="V" vorm="pers.ind.ipf.sg.2.">ve̮ĺd́</sone><sone lk="67" keel="eesti" id="l19_s19" meta="vahemärk">?</sone><sone id="l19_s20" lk="67" meta="vahemärk">”</sone></lause><lause id="l20"><sone id="l20_s1" lk="68" lemma="tämā" tahendus="tema" ingl="he, she" liik="ProS" vorm="sg.nom.">ta</sone><sone lk="68" keel="eesti" id="l20_s2" meta="vahemärk">=</sone><sone lk="68" keel="eesti" id="l20_s3" lemma="vȱlda" tahendus="olla" ingl="be" liik="Va" vorm="pers.ind.pr.sg.3.">m’</sone><sone lk="68" keel="eesti" id="l20_s4" lemma="kītõ" tahendus="öelda" ingl="say" liik="V" vorm="nud.sg.">kītən</sone><sone id="l20_s5" lk="68" meta="vahemärk">:</sone><sone id="l20_s6" lk="68" meta="vahemärk">”</sone><sone lk="68" keel="eesti" id="l20_s7" lemma="minā" tahendus="mina" ingl="I" liik="ProS" vorm="sg.gen.">min’</sone><sone id="l20_s8" lk="68" lemma="i’bbi" tahendus="hobune" ingl="horse" liik="S" vorm="sg.nom.">i̮’bbi</sone><sone id="l20_s9" lk="68" lemma="sa’ddõ" tahendus="kukkuda" ingl="fall" liik="V" vorm="pers.ind.ipf.sg.3.">sadīz</sone><sone id="l20_s10" lk="68" lemma="mǭ’zõ" tahendus="maha" ingl="down" liik="Adva">må̄’zə</sone><sone id="l20_s11" lk="68" lemma="un" tahendus="ja" ingl="and" liik="Konj">un</sone><sone id="l20_s12" lk="68" lemma="i’z" tahendus="ei" ingl="not" liik="Mn" vorm="ipf.sg.3.">iz</sone><sone id="l20_s13" lk="68" lemma="tūlda" ingl="come" liik="V" vorm="pers.ind.sg.3.neg." tahendus="tulla">tul’</sone><sone id="l20_s14" lk="68" lemma="kuodāj" tahendus="koju" ingl="home" liik="Adv">kᵘodāi</sone><sone lk="68" keel="eesti" id="l20_s15" meta="vahemärk">.</sone><sone id="l20_s16" lk="68" meta="vahemärk">”</sone></lause><lause id="l21"><sone id="l21_s1" lk="68" lemma="un" tahendus="ja" ingl="and" liik="Konj">un</sone><sone id="l21_s2" lk="68" lemma="ne’i" tahendus="nii" ingl="so" liik="ProAdv">nei’</sone><sone id="l21_s3" lk="68" lemma="tämā" tahendus="tema" ingl="he, she" liik="ProS" vorm="sg.nom.">ta</sone><sone lk="68" keel="eesti" id="l21_s4" meta="vahemärk">=</sone><sone lk="68" keel="eesti" id="l21_s5" lemma="vȱlda" tahendus="olla" ingl="be" liik="Va" vorm="pers.ind.pr.sg.3.">m’</sone><sone id="l21_s6" lk="68" lemma="võttõ" tahendus="võtta" ingl="take" liik="V" vorm="nud.sg.">vi̮ttən</sone><sone id="l21_s7" lk="68" meta="vahemärk">,</sone><sone id="l21_s8" lk="68" lemma="pānda" tahendus="panna" ingl="put" liik="V" vorm="nud.sg.">pand</sone><sone id="l21_s9" lk="68" lemma="se" tahendus="see" ingl="this" liik="ProS" vorm="sg.gen.">sie</sone><sone id="l21_s10" lk="68" lemma="pǟ" tahendus="pea" ingl="head" liik="S" vorm="sg.gen.">pǟ</sone><sone id="l21_s11" lk="68" lemma="klutš" tahendus="pakk" ingl="chopping block" liik="S" vorm="sg.gen.">klutš</sone><sone id="l21_s12" lk="68" lemma="pǟlõ" tahendus="peale" ingl="on" liik="Post">pǟlə</sone><sone id="l21_s13" lk="68" lemma="un" tahendus="ja" ingl="and" liik="Konj">un</sone><sone id="l21_s14" lk="68" lemma="ra’dļõ" tahendus="raiuda" ingl="chop" liik="V" vorm="nud.sg.">ra’d́ĺən</sone><sone id="l21_s15" lk="68" lemma="pǟ" tahendus="pea" ingl="head" liik="S" vorm="sg.gen.">pǟ</sone><sone id="l21_s16" lk="68" lemma="jarā" tahendus="ära" ingl="off" liik="Adva">jarā</sone><sone id="l21_s17" lk="68" lemma="un" tahendus="ja" ingl="and" liik="Konj">un</sone><sone id="l21_s18" lk="68" lemma="vie’ddõ" tahendus="vedada" ingl="pull" liik="V" vorm="nud.sg.">vⁱe’ddən</sone><sone id="l21_s19" lk="68" lemma="nǭ’gõ" tahendus="nahk" ingl="skin" liik="S" vorm="sg.gen.">nå̄’gə</sone><sone id="l21_s20" lk="68" lemma="mǭ’zõ" tahendus="maha" ingl="off" liik="Adva">må̄’zə</sone><sone id="l21_s21" lk="68" lemma="un" tahendus="ja" ingl="and" liik="Konj">un</sone><sone id="l21_s22" lk="68" lemma="pistõ" tahendus="toppida" ingl="stuff" liik="V" vorm="nud.sg.">pistən</sone><sone id="l21_s23" lk="68" lemma="vȯļg" tahendus="õlg" ingl="thatch" liik="S" vorm="pl.part.">ve̮ĺgi</sone><sone id="l21_s24" lk="68" lemma="tǟ’dõks" tahendus="täis" ingl="full" liik="Adva">tǟdəks</sone><sone id="l21_s25" lk="68" lemma="un" tahendus="ja" ingl="and" liik="Konj">un</sone><sone id="l21_s26" lk="68" lemma="pānda" tahendus="panna" ingl="put" liik="V" vorm="nud.sg.">pand</sone><sone id="l21_s27" lk="68" lemma="ǭ’j" tahendus="ahi" ingl="furnace" liik="S" vorm="sg.gen.">å̄’i</sone><sone id="l21_s28" lk="68" lemma="tagān" tahendus="taha" ingl="behind" liik="Post">tagān</sone><sone id="l21_s29" lk="68" meta="vahemärk">.</sone></lause><lause id="l22"><sone id="l22_s1" lk="68" lemma="ni" tahendus="nüüd" ingl="now" liik="Adv">ni</sone><sone lk="68" keel="eesti" id="l22_s2" meta="vahemärk">=</sone><sone lk="68" keel="eesti" id="l22_s3" lemma="vȱlda" tahendus="olla" ingl="be" liik="Va" vorm="pers.ind.pr.sg.3.">m’</sone><sone id="l22_s4" lk="68" lemma="pānda" tahendus="käskida" ingl="order" liik="V" vorm="nud.sg.">pand</sone><sone id="l22_s5" lk="68" lemma="se" tahendus="see" ingl="this" liik="ProS" vorm="sg.gen.">sie</sone><sone id="l22_s6" lk="68" lemma="tuoi" tahendus="teine" ingl="other" liik="ProS" vorm="sg.gen.">tᵘoiz</sone><sone id="l22_s7" lk="68" lemma="pūoga" tahendus="poeg" ingl="son" liik="S" vorm="sg.dat.">puogan</sone><sone id="l22_s8" lk="68" meta="vahemärk">,</sone><sone id="l22_s9" lk="68" lemma="la’z" tahendus="las" ingl="let" liik="ModAdv">las</sone><sone id="l22_s10" lk="68" lemma="se" tahendus="see" ingl="this" liik="ProS" vorm="sg.nom.">se</sone><sone id="l22_s11" lk="68" lemma="bro’utšõ" tahendus="sõita" ingl="ride" liik="V" vorm="pers.jus.pr.sg.3.">brou’tšəg</sone><sone id="l22_s12" lk="68" lemma="tegīž" tahendus="taas" ingl="again" liik="Adv">tegīž</sone><sone id="l22_s13" lk="68" lemma="mõtsā" tahendus="mets" ingl="forest" liik="S" vorm="sg.ill.">mi̮tsə</sone><sone id="l22_s14" lk="68" meta="vahemärk">.</sone></lause><lause id="l23"><sone id="l23_s1" lk="68" lemma="un" tahendus="ja" ingl="and" liik="Konj">un</sone><sone id="l23_s2" lk="68" lemma="tämā" tahendus="tema" ingl="he, she" liik="ProS" vorm="sg.dat.">täm’mən</sone><sone id="l23_s3" lk="68" lemma="vȱlda" tahendus="olla" ingl="be" liik="V" vorm="nud.sg.">ve̮nd</sone><sone id="l23_s4" lk="68" lemma="ne’i+ī’ž" tahendus="niisamuti" liik="ProAdv">ne+ī’ž</sone><sone id="l23_s5" lk="68" meta="vahemärk">,</sone><sone id="l23_s6" lk="68" lemma="un" tahendus="ja" ingl="and" liik="Konj">un</sone><sone id="l23_s7" lk="68" lemma="se" tahendus="see" ingl="this" liik="ProS" vorm="sg.nom.">se</sone><sone id="l23_s8" lk="68" lemma="i’bbi" tahendus="hobune" ingl="horse" liik="S" vorm="sg.nom.">i̮’bbi</sone><sone id="l23_s9" lk="68" lemma="ä’b" tahendus="ei" ingl="not" liik="Mn" vorm="pr.sg.3.">äb</sone><sone id="l23_s10" lk="68" lemma="vȱlda" tahendus="olla" ingl="be" liik="Va" vorm="pers.ind.sg.3.neg.">uo</sone><sone id="l23_s11" lk="68" lemma="tūlda" tahendus="tulla" ingl="come" liik="V" vorm="nud.sg.">tund</sone><sone id="l23_s12" lk="68" lemma="kuodāj" tahendus="koju" ingl="home" liik="Adv">kᵘodāi</sone><sone id="l23_s13" lk="68" meta="vahemärk">.</sone></lause><lause id="l24"><sone id="l24_s1" lk="68" lemma="ku" tahendus="kui" ingl="when" liik="Konj">ku</sone><sone id="l24_s2" lk="68" lemma="vȱlda" tahendus="olla" ingl="be" liik="Va" vorm="pers.ind.pr.sg.3.">um’</sone><sone id="l24_s3" lk="68" lemma="vȱlda" tahendus="olla" ingl="be" liik="Va" vorm="nud.sg.">ve̮nd</sone><sone id="l24_s4" lk="68" lemma="pǟva" tahendus="päike" ingl="sun" liik="S" vorm="sg.nom.">pǟva</sone><sone id="l24_s5" lk="68">nu’o+lǟ’nd</sone><sone id="l24_s6" lk="68" meta="vahemärk">,</sone><sone id="l24_s7" lk="68" lemma="si’z" tahendus="siis" ingl="then" liik="ProAdv">siz</sone><sone id="l24_s8" lk="68" lemma="tämā" tahendus="tema" ingl="he, she" liik="ProS" vorm="sg.nom.">ta</sone><sone lk="68" keel="eesti" id="l24_s9" meta="vahemärk">=</sone><sone lk="68" keel="eesti" id="l24_s10" lemma="vȱlda" tahendus="olla" ingl="be" liik="Va" vorm="pers.ind.pr.sg.3.">m’</sone><sone id="l24_s11" lk="68" lemma="nūzõ" tahendus="tõusta" ingl="stand" liik="V" vorm="nud.sg.">nūzən</sone><sone id="l24_s12" lk="68" lemma="i’lzõ" tahendus="üles" ingl="up" liik="Adva">il’dz</sone><sone id="l24_s13" lk="68" lemma="un" tahendus="ja" ingl="and" liik="Konj">un</sone><sone id="l24_s14" lk="68" lemma="tūlda" tahendus="tulla" ingl="come" liik="V" vorm="nud.sg.">tund</sone><sone id="l24_s15" lk="68" lemma="kuodāj" tahendus="koju" ingl="home" liik="Adv">kᵘodāi</sone><sone id="l24_s16" lk="68" meta="vahemärk">.</sone></lause><lause id="l25"><sone id="l25_s1" lk="68" lemma="ku" tahendus="kui" ingl="when" liik="Konj">ku</sone><sone id="l25_s2" lk="68" lemma="ni" tahendus="nüüd" ingl="now" liik="Adv">ni</sone><sone lk="68" keel="eesti" id="l25_s3" meta="vahemärk">=</sone><sone lk="68" keel="eesti" id="l25_s4" lemma="vȱlda" tahendus="olla" ingl="be" liik="Va" vorm="pers.ind.pr.sg.3.">m’</sone><sone id="l25_s5" lk="68" lemma="tūlda" tahendus="tulla" ingl="come" liik="V" vorm="nud.sg.">tund</sone><sone id="l25_s6" lk="68" lemma="kuodāj" tahendus="koju" ingl="home" liik="Adv">kᵘodāi</sone><sone id="l25_s7" lk="68" meta="vahemärk">,</sone><sone id="l25_s8" lk="68" lemma="ni" tahendus="nüüd" ingl="now" liik="Adv" vorm="sg.nom.">ni</sone><sone lk="68" keel="eesti" id="l25_s9" meta="vahemärk">=</sone><sone lk="68" keel="eesti" id="l25_s10" lemma="vȱlda" tahendus="olla" ingl="be" liik="Va" vorm="pers.ind.pr.sg.3.">m’</sone><sone id="l25_s11" lk="68" lemma="ra’dļõ" tahendus="raiuda" ingl="chop" liik="V" vorm="nud.sg.">ra’d́ĺən</sone><sone id="l25_s12" lk="68" lemma="tämā" tahendus="tema" ingl="he, she" liik="ProS" vorm="sg.dat.">täm’mən</sone><sone id="l25_s13" lk="68" lemma="ka" tahendus="ka" ingl="also" liik="ModAdv">ka</sone><sone id="l25_s14" lk="68" lemma="pǟ" tahendus="pea" ingl="head" liik="S" vorm="sg.gen.">pǟ</sone><sone id="l25_s15" lk="68" lemma="mǭ’" tahendus="maha" ingl="off" liik="Adva">må̄’</sone><sone id="l25_s16" lk="68" lemma="un" tahendus="ja" ingl="and" liik="Konj">un</sone><sone id="l25_s17" lk="68" lemma="vie’ddõ" tahendus="vedada" ingl="pull" liik="V" vorm="nud.sg.">vⁱe’ddən</sone><sone id="l25_s18" lk="68" lemma="nǭ’gõ" tahendus="nahk" ingl="skin" liik="S" vorm="sg.gen.">nå̄’gə</sone><sone id="l25_s19" lk="68" lemma="mǭ’zõ" tahendus="maha" ingl="down" liik="Adva">må̄’zə</sone><sone id="l25_s20" lk="68" lemma="un" tahendus="ja" ingl="and" liik="Konj">un</sone><sone id="l25_s21" lk="68" lemma="pistõ" tahendus="toppida" ingl="stuff" liik="V" vorm="nud.sg.">pistən</sone><sone id="l25_s22" lk="68" lemma="vȯļg" tahendus="õlg" ingl="thatch" liik="S" vorm="pl.part.">ve̮ĺgi</sone><sone id="l25_s23" lk="68" lemma="tǟ’dõks" tahendus="täis" ingl="full" liik="Adva">tǟdəks</sone><sone id="l25_s24" lk="68" lemma="un" tahendus="ja" ingl="and" liik="Konj">un</sone><sone id="l25_s25" lk="68" lemma="pānda" tahendus="panna" ingl="put" liik="V" vorm="nud.sg.">pand</sone><sone id="l25_s26" lk="68" lemma="ǭ’j" tahendus="ahi" ingl="furnace" liik="S" vorm="sg.gen.">å̄’i</sone><sone id="l25_s27" lk="68" lemma="tagān" tahendus="taha" ingl="behind" liik="Post">tagān</sone><sone id="l25_s28" lk="68" meta="vahemärk">.</sone></lause><lause id="l26"><sone id="l26_s1" lk="68" lemma="ni" tahendus="nüüd" ingl="now" liik="Adv">ni</sone><sone id="l26_s2" lk="68" lemma="vȱlda" tahendus="olla" ingl="be" liik="Va" vorm="pers.ind.pr.sg.3.">um’</sone><sone id="l26_s3" lk="68" lemma="se" tahendus="see" ingl="this" liik="ProS" vorm="sg.gen.">sie</sone><sone id="l26_s4" lk="68" lemma="mu’ļki" tahendus="loll" ingl="stupid" liik="A" vorm="sg.dat.">muĺ’kizən</sone><sone id="l26_s5" lk="68" lemma="kītõ" tahendus="öelda" ingl="say" liik="V" vorm="nud.sg.">kītən</sone><sone id="l26_s6" lk="68" meta="vahemärk">,</sone><sone id="l26_s7" lk="68" lemma="la’z" tahendus="las" ingl="let" liik="ModAdv">las</sone><sone id="l26_s8" lk="68" lemma="tämā" tahendus="tema" ingl="he, she" liik="ProS" vorm="sg.nom.">ta</sone><sone id="l26_s9" lk="68" lemma="pānda" tahendus="panna" ingl="put" liik="V" vorm="pers.jus.pr.sg.3.">paŋg</sone><sone id="l26_s10" lk="68" lemma="se" tahendus="see" ingl="this" liik="ProS" vorm="sg.gen.">sie</sone><sone id="l26_s11" lk="68" lemma="i’bbi" tahendus="hobune" ingl="horse" liik="S" vorm="sg.gen.">i̮bīz</sone><sone id="l26_s12" lk="68" lemma="taļ" tahendus="tall" ingl="stable" liik="S" vorm="sg.ill.">taĺĺə</sone><sone id="l26_s13" lk="68" lemma="un" tahendus="ja" ingl="and" liik="Konj">un</sone><sone id="l26_s14" lk="68" lemma="andõ" tahendus="anda" ingl="give" liik="V" vorm="pers.jus.pr.sg.3.">āndag</sone><sone id="l26_s15" lk="68" lemma="tämā" tahendus="tema" ingl="he, she" liik="ProS" vorm="sg.dat.">täm’mən</sone><sone id="l26_s16" lk="68" lemma="sīedõ" tahendus="süüa" ingl="eat" liik="V" vorm="inf.">siedə</sone><sone id="l26_s17" lk="68" meta="vahemärk">.</sone></lause><lause id="l27"><sone id="l27_s1" lk="68" lemma="un" tahendus="ja" ingl="and" liik="Konj">un</sone><sone id="l27_s2" lk="68" lemma="tämā" tahendus="tema" ingl="he, she" liik="ProS" vorm="sg.nom.">ta</sone><sone lk="68" keel="eesti" id="l27_s3" meta="vahemärk">=</sone><sone lk="68" keel="eesti" id="l27_s4" lemma="vȱlda" tahendus="olla" ingl="be" liik="Va" vorm="pers.ind.pr.sg.3.">m’</sone><sone id="l27_s5" lk="68" lemma="pānda" tahendus="panna" ingl="put" liik="V" vorm="nud.sg.">pand</sone><sone id="l27_s6" lk="68" lemma="un" tahendus="ja" ingl="and" liik="Konj">un</sone><sone id="l27_s7" lk="68" lemma="andõ" tahendus="anda" ingl="give" liik="V" vorm="nud.sg.">andən</sone><sone id="l27_s8" lk="68" lemma="se" tahendus="see" ingl="this" liik="ProS" vorm="sg.gen.">sie</sone><sone id="l27_s9" lk="68" lemma="i’bbi" tahendus="hobune" ingl="horse" liik="S" vorm="sg.dat.">i̮bīzən</sone><sone id="l27_s10" lk="68" lemma="sīedõ" tahendus="süüa" ingl="eat" liik="V" vorm="inf.">siedə</sone><sone id="l27_s11" lk="68" meta="vahemärk">.</sone></lause><lause id="l28"><sone id="l28_s1" lk="68" lemma="un" tahendus="ja" ingl="and" liik="Konj">un</sone><sone id="l28_s2" lk="68" lemma="ku" tahendus="kui" ingl="how" liik="Konj">ku</sone><sone id="l28_s3" lk="68" lemma="se" tahendus="see" ingl="this" liik="ProS" vorm="sg.nom.">se</sone><sone id="l28_s4" lk="68" lemma="i’bbi" tahendus="hobune" ingl="horse" liik="S" vorm="sg.nom.">i̮’bbi</sone><sone id="l28_s5" lk="68" lemma="ni" tahendus="nüüd" ingl="now" liik="Adv">ni</sone><sone lk="68" keel="eesti" id="l28_s6" meta="vahemärk">=</sone><sone lk="68" keel="eesti" id="l28_s7" lemma="vȱlda" tahendus="olla" ingl="be" liik="Va" vorm="pers.ind.pr.sg.3.">m’</sone><sone id="l28_s8" lk="68" lemma="vȱlda" tahendus="olla" ingl="be" liik="Va" vorm="nud.sg.">ve̮nd</sone><sone id="l28_s9" lk="68">nu’o+siend</sone><sone id="l28_s10" lk="68" meta="vahemärk">,</sone><sone id="l28_s11" lk="68" lemma="ni" tahendus="nüüd" ingl="now" liik="Adv">ni</sone><sone id="l28_s12" lk="68" lemma="se" tahendus="see" ingl="this" liik="ProS" vorm="sg.nom.">se</sone><sone id="l28_s13" lk="68" lemma="i’bbi" tahendus="hobune" ingl="horse" liik="S" vorm="sg.nom.">i̮’bbi</sone><sone id="l28_s14" lk="68" lemma="vȱlda" tahendus="olla" ingl="be" liik="Va" vorm="pers.ind.pr.sg.3.">um’</sone><sone id="l28_s15" lk="68">pi’e+paskāndən</sone><sone id="l28_s16" lk="68" lemma="se" tahendus="see" ingl="this" liik="ProS" vorm="sg.gen.">sie</sone><sone id="l28_s17" lk="68" lemma="taļ" tahendus="tall" ingl="stable" liik="S" vorm="sg.gen.">taĺĺ</sone><sone id="l28_s18" lk="68" lemma="tǟ’dõks" tahendus="täis" ingl="full" liik="Adv">tǟdəks</sone><sone id="l28_s19" lk="68" meta="vahemärk">.</sone></lause><lause id="l29"><sone id="l29_s1" lk="68" lemma="un" tahendus="ja" ingl="and" liik="Konj">un</sone><sone id="l29_s2" lk="68" lemma="ni" tahendus="nüüd" ingl="now" liik="Adv">ni</sone><sone id="l29_s3" lk="68" lemma="tämā" tahendus="tema" ingl="he, she" liik="ProS" vorm="sg.nom.">ta</sone><sone lk="68" keel="eesti" id="l29_s4" meta="vahemärk">=</sone><sone lk="68" keel="eesti" id="l29_s5" lemma="vȱlda" tahendus="olla" ingl="be" liik="Va" vorm="pers.ind.pr.sg.3.">m’</sone><sone id="l29_s6" lk="68" lemma="lǟ’dõ" tahendus="minna" ingl="go" liik="V" vorm="nud.sg.">lǟ’nd</sone><sone id="l29_s7" lk="68" lemma="kītõ" tahendus="öelda" ingl="say" liik="V" vorm="sup.">kītəm</sone><sone id="l29_s8" lk="68" lemma="un" tahendus="ja" ingl="and" liik="Konj">un</sone><sone id="l29_s9" lk="68" lemma="kuŗē" tahendus="kurat" ingl="devil" liik="S" vorm="sg.nom.">kurē</sone><sone id="l29_s10" lk="68" lemma="vȱlda" tahendus="olla" ingl="be" liik="Va" vorm="pers.ind.pr.sg.3.">um’</sone><sone id="l29_s11" lk="68" lemma="kītõ" tahendus="öelda" ingl="say" liik="V" vorm="nud.sg.">kītən</sone><sone id="l29_s12" lk="68" meta="vahemärk">,</sone><sone id="l29_s13" lk="68" lemma="la’z" tahendus="las" ingl="let" liik="ModAdv">las</sone><sone id="l29_s14" lk="68" lemma="tämā" tahendus="tema" ingl="he, she" liik="ProS" vorm="sg.nom.">ta</sone><sone id="l29_s15" lk="68" lemma="putsīņțõ" tahendus="puhastada" ingl="clean" liik="V" vorm="pers.jus.pr.sg.3.">putsīńt́əg</sone><sone id="l29_s16" lk="68" lemma="ulzõ" tahendus="välja" ingl="out" liik="Adva">uldz</sone><sone id="l29_s17" lk="68" lemma="un" tahendus="ja" ingl="and" liik="Konj">un</sone><sone id="l29_s18" lk="68" lemma="tämā" tahendus="tema" ingl="he, she" liik="ProS" vorm="sg.nom.">ta</sone><sone lk="68" keel="eesti" id="l29_s19" meta="vahemärk">=</sone><sone lk="68" keel="eesti" id="l29_s20" lemma="vȱlda" tahendus="olla" ingl="be" liik="Va" vorm="pers.ind.pr.sg.3.">m’</sone><sone id="l29_s21" lk="68">nu’o+put́sīńt́ən</sone><sone id="l29_s22" lk="68" meta="vahemärk">.</sone></lause><lause id="l30"><sone id="l30_s1" lk="68" lemma="ni" tahendus="nüüd" ingl="now" liik="Adv">ni</sone><sone id="l30_s2" lk="68" lemma="se" tahendus="see" ingl="this" liik="ProS" vorm="sg.nom.">se</sone><sone id="l30_s3" lk="68" lemma="i’bbi" tahendus="hobune" ingl="horse" liik="S" vorm="sg.nom.">i̮’bbi</sone><sone id="l30_s4" lk="68" lemma="vȱlda" tahendus="olla" ingl="be" liik="Va" vorm="pers.ind.pr.sg.3.">um’</sone><sone id="l30_s5" lk="68" lemma="irgõ" tahendus="hakata" ingl="begin" liik="V" vorm="nud.sg.">irgən</sone><sone id="l30_s6" lk="68" lemma="tegīž" tahendus="taas" ingl="again" liik="Adv">tei’ž</sone><sone id="l30_s7" lk="68" lemma="paskāndõ" tahendus="pasandada" ingl="shit" liik="V" vorm="inf.">paskānd</sone><sone id="l30_s8" lk="68" meta="vahemärk">.</sone></lause><lause id="l31"><sone id="l31_s1" lk="68" lemma="ni" tahendus="nüüd" ingl="now" liik="Adv">ni</sone><sone id="l31_s2" lk="68" lemma="tämā" tahendus="tema" ingl="he, she" liik="ProS" vorm="sg.nom.">ta</sone><sone lk="68" keel="eesti" id="l31_s3" meta="vahemärk">=</sone><sone lk="68" keel="eesti" id="l31_s4" lemma="vȱlda" tahendus="olla" ingl="be" liik="Va" vorm="pers.ind.pr.sg.3.">m’</sone><sone id="l31_s5" lk="68" lemma="kītõ" tahendus="öelda" ingl="say" liik="V" vorm="nud.sg.">kītən</sone><sone id="l31_s6" lk="68" meta="vahemärk">:</sone><sone id="l31_s7" lk="68" meta="vahemärk">”</sone><sone lk="68" keel="eesti" id="l31_s8" lemma="vȯ’dlõ" tahendus="oodata" ingl="wait" liik="V" vorm="pers.imp.pr.sg.2.">ve̮’dl</sone><sone id="l31_s9" lk="68" meta="vahemärk">,</sone><sone id="l31_s10" lk="68" lemma="vȯ’dlõ" tahendus="oodata" ingl="wait" liik="V" vorm="pers.imp.pr.sg.2.">ve̮’dl</sone><sone id="l31_s11" lk="68" meta="vahemärk">,</sone><sone id="l31_s12" lk="68" lemma="minā" tahendus="mina" ingl="I" liik="ProS" vorm="sg.nom.">ma</sone><sone id="l31_s13" lk="68" lemma="sinā" tahendus="sina" ingl="you" liik="ProS" vorm="sg.dat.">sin’</sone><sone id="l31_s14" lk="68" lemma="nä’gțõ" tahendus="näidata" ingl="show" liik="V" vorm="pers.ind.pr.sg.1.">nä’gt́əb</sone><sone id="l31_s15" lk="68" lemma="ki’l" tahendus="küll" liik="ModAdv">kil</sone><sone lk="68" keel="eesti" id="l31_s16" meta="vahemärk">!</sone><sone id="l31_s17" lk="68" meta="vahemärk">”</sone></lause><lause id="l32"><sone id="l32_s1" lk="68" lemma="ne’i" tahendus="nii" ingl="so" liik="ProAdv">nei’</sone><sone id="l32_s2" lk="68" lemma="tämā" tahendus="tema" ingl="he, she" liik="ProS" vorm="sg.nom.">ta</sone><sone lk="68" keel="eesti" id="l32_s3" meta="vahemärk">=</sone><sone lk="68" keel="eesti" id="l32_s4" lemma="vȱlda" tahendus="olla" ingl="be" liik="Va" vorm="pers.ind.pr.sg.3.">m’</sone><sone id="l32_s5" lk="68" lemma="võttõ" tahendus="võtta" ingl="take" liik="V" vorm="nud.sg.">vi̮ttən</sone><sone id="l32_s6" lk="68" lemma="pū" tahendus="puu" ingl="wood" liik="S" vorm="sg.nom." kommentaar="?">pū</sone><sone id="l32_s7" lk="68" lemma="un" tahendus="ja" ingl="and" liik="Konj">un</sone><sone id="l32_s8" lk="68" lemma="kīraz" tahendus="kirves" ingl="axe" liik="S" vorm="sg.nom." kommentaar="?">kīraz</sone><sone id="l32_s9" lk="68" lemma="un" tahendus="ja" ingl="and" liik="Konj">un</sone><sone id="l32_s10" lk="68" lemma="to’vvõ" tahendus="tahuda" ingl="hew" liik="V" vorm="nud.sg.">tou’vən</sone><sone id="l32_s11" lk="69" lemma="kīļ" tahendus="kiil" ingl="wedge" liik="S" vorm="sg.gen.">kīĺ</sone><sone id="l32_s12" lk="69" lemma="un" tahendus="ja" ingl="and" liik="Konj">un</sone><sone id="l32_s13" lk="69" lemma="kītõ" tahendus="öelda" ingl="say" liik="V" vorm="nud.sg.">kītən</sone><sone id="l32_s14" lk="69" meta="vahemärk">:</sone><sone id="l32_s15" lk="69" meta="vahemärk">”</sone><sone lk="69" keel="eesti" id="l32_s16" lemma="minā" tahendus="mina" ingl="I" liik="ProS" vorm="sg.nom.">ma</sone><sone id="l32_s17" lk="69" lemma="a’jjõ" tahendus="ajada" ingl="drive" liik="V" vorm="pers.ind.pr.sg.1.">ajāb</sone><sone id="l32_s18" lk="69" lemma="sinā" tahendus="sina" ingl="you" liik="ProS" vorm="sg.dat.">sin’nən</sone><sone id="l32_s19" lk="69" lemma="pierz" tahendus="perse" ingl="ass" liik="S" vorm="sg.gen.">pⁱerzəg</sone><sone id="l32_s20" lk="69" lemma="sillõ" tahendus="sisse" ingl="into" liik="Post">sil’lə.</sone><sone id="l32_s21" lk="69" meta="vahemärk">”</sone></lause><lause id="l33"><sone id="l33_s1" lk="69" lemma="un" tahendus="ja" ingl="and" liik="Konj">un</sone><sone id="l33_s2" lk="69" lemma="se" tahendus="see" ingl="this" liik="ProS" vorm="sg.nom.">se</sone><sone id="l33_s3" lk="69" lemma="i’bbi" tahendus="hobune" ingl="horse" liik="S" vorm="sg.nom.">i̮’bbi</sone><sone id="l33_s4" lk="69" lemma="vȱlda" tahendus="olla" ingl="be" liik="Va" vorm="pers.ind.pr.sg.3.">um’</sone><sone id="l33_s5" lk="69" lemma="kītõ" tahendus="öelda" ingl="say" liik="V" vorm="nud.sg.">kītən</sone><sone id="l33_s6" lk="69" meta="vahemärk">,</sone><sone id="l33_s7" lk="69" lemma="ku" tahendus="et" ingl="that" liik="Konj">ku</sone><sone id="l33_s8" lk="69" lemma="tämā" tahendus="tema" ingl="he, she" liik="ProS" vorm="sg.nom.">ta</sone><sone id="l33_s9" lk="69" lemma="ä’b" tahendus="ei" ingl="not" liik="Mn" vorm="pr.sg.3.">äb</sone><sone id="l33_s10" lk="69" lemma="paskāndõ" tahendus="pasandada" ingl="shit" liik="V" vorm="pers.ind.sg.3.neg.">paskānd</sone><sone id="l33_s11" lk="69" lemma="jemīņ" tahendus="rohkem, enam" ingl="anymore" liik="Adv">je̮mīń</sone><sone id="l33_s12" lk="69" meta="vahemärk">.</sone></lause><lause id="l34"><sone id="l34_s1" lk="69" lemma="bet" tahendus="aga" ingl="but" liik="Konj">bet</sone><sone id="l34_s2" lk="69" lemma="tämā" tahendus="tema" ingl="he, she" liik="ProS" vorm="sg.nom.">ta</sone><sone id="l34_s3" lk="69" lemma="ä’b" tahendus="ei" ingl="not" liik="Mn" vorm="pr.sg.3.">äb</sone><sone id="l34_s4" lk="69" lemma="vȱlda" tahendus="olla" ingl="be" liik="Va" vorm="pers.ind.sg.3.neg.">uo</sone><sone id="l34_s5" lk="69" lemma="kūlõ" tahendus="kuulda" ingl="hear" liik="V" vorm="nud.sg.">kūlən</sone><sone id="l34_s6" lk="69" lemma="se" tahendus="see" ingl="this" liik="ProS" vorm="sg.part.">sⁱedā</sone><sone id="l34_s7" lk="69" lemma="un" tahendus="ja" ingl="and" liik="Konj">un</sone><sone id="l34_s8" lk="69" lemma="vȱlda" tahendus="olla" ingl="be" liik="Va" vorm="pers.ind.pr.sg.3.">um’</sone><sone id="l34_s9" lk="69" lemma="a’jjõ" tahendus="ajada" ingl="drive" liik="V" vorm="nud.sg.">ai’jən</sone><sone id="l34_s10" lk="69" meta="vahemärk">.</sone></lause><lause id="l35"><sone id="l35_s1" lk="69" lemma="un" tahendus="ja" ingl="and" liik="Konj">un</sone><sone id="l35_s2" lk="69" lemma="ni" tahendus="nüüd" ingl="now" liik="Adv">ni</sone><sone id="l35_s3" lk="69" lemma="tämā" tahendus="tema" ingl="he, she" liik="ProS" vorm="sg.nom.">ta</sone><sone lk="69" keel="eesti" id="l35_s4" meta="vahemärk">=</sone><sone lk="69" keel="eesti" id="l35_s5" lemma="vȱlda" tahendus="olla" ingl="be" liik="Va" vorm="pers.ind.pr.sg.3.">m’</sone><sone id="l35_s6" lk="69">nu’o+putsīńt́ən</sone><sone id="l35_s7" lk="69" lemma="se" tahendus="see" ingl="this" liik="ProS" vorm="sg.gen.">sie</sone><sone id="l35_s8" lk="69" lemma="taļ" tahendus="tall" ingl="stable" liik="S" vorm="sg.gen.">taĺĺ</sone><sone id="l35_s9" lk="69" lemma="tijā" tahendus="tühi" ingl="empty" liik="A" vorm="sg.tr.">tijāks</sone><sone id="l35_s10" lk="69" lemma="un" tahendus="ja" ingl="and" liik="Konj">un</sone><sone id="l35_s11" lk="69" lemma="ni" tahendus="nüüd" ingl="now" liik="Adv">ni</sone><sone id="l35_s12" lk="69" lemma="tämā" tahendus="tema" ingl="he, she" liik="ProS" vorm="sg.nom.">ta</sone><sone lk="69" keel="eesti" id="l35_s13" meta="vahemärk">=</sone><sone lk="69" keel="eesti" id="l35_s14" lemma="vȱlda" tahendus="olla" ingl="be" liik="Va" vorm="pers.ind.pr.sg.3.">m’</sone><sone id="l35_s15" lk="69" lemma="lǟ’dõ" tahendus="minna" ingl="go" liik="V" vorm="nud.sg.">lǟ’nd</sone><sone id="l35_s16" lk="69" lemma="tubā" tahendus="tare" ingl="hut" liik="S" vorm="sg.ill.">tu’bbə</sone><sone id="l35_s17" lk="69" lemma="kītõ" tahendus="öelda" ingl="say" liik="V" vorm="sup.">kītəm</sone><sone id="l35_s18" lk="69" lemma="se" tahendus="see" ingl="this" liik="ProS" vorm="sg.gen.">sie</sone><sone id="l35_s19" lk="69" lemma="kuŗē" tahendus="kurat" ingl="devil" liik="S" vorm="sg.dat.">kurēn</sone><sone id="l35_s20" lk="69" meta="vahemärk">,</sone><sone id="l35_s21" lk="69" lemma="ku" tahendus="et" ingl="that" liik="Konj">ku</sone><sone id="l35_s22" lk="69" lemma="ni" tahendus="nüüd" ingl="now" liik="Adv">ni</sone><sone lk="69" keel="eesti" id="l35_s23" meta="vahemärk">=</sone><sone lk="69" keel="eesti" id="l35_s24" lemma="vȱlda" tahendus="olla" ingl="be" liik="V" vorm="pers.ind.pr.sg.3.">m’</sone><sone id="l35_s25" lk="69" lemma="taļ" tahendus="tall" ingl="stable" liik="S" vorm="sg.nom.">taĺĺ</sone><sone id="l35_s26" lk="69" lemma="pū’dõz" tahendus="puhas" ingl="clean" liik="A" vorm="sg.nom.">pū’dəz</sone><sone id="l35_s27" lk="69" meta="vahemärk">.</sone></lause><lause id="l36"><sone id="l36_s1" lk="69" lemma="un" tahendus="ja" ingl="and" liik="Konj">un</sone><sone id="l36_s2" lk="69" lemma="se" tahendus="see" ingl="this" liik="ProS" vorm="sg.nom.">se</sone><sone id="l36_s3" lk="69" lemma="kuŗē" tahendus="kurat" ingl="devil" liik="S" vorm="sg.nom.">kurē</sone><sone id="l36_s4" lk="69" lemma="lǟ’dõ" tahendus="minna" ingl="go" liik="V" vorm="nud.sg.">lǟ’nd</sone><sone id="l36_s5" lk="69" lemma="vaņțlõ" tahendus="vaadata" ingl="look" liik="V" vorm="sup.">vańḱĺəm</sone><sone id="l36_s6" lk="69" lemma="un" tahendus="ja" ingl="and" liik="Konj">un</sone><sone id="l36_s7" lk="69" lemma="se" tahendus="see" ingl="this" liik="ProS" vorm="sg.nom.">se</sone><sone id="l36_s8" lk="69" lemma="kuŗē" tahendus="kurat" ingl="devil" liik="S" vorm="sg.nom.">kurē</sone><sone id="l36_s9" lk="69" lemma="vȱlda" tahendus="olla" ingl="be" liik="Va" vorm="pers.ind.pr.sg.3.">um’</sone><sone id="l36_s10" lk="69" lemma="kītõ" tahendus="öelda" ingl="say" liik="V" vorm="nud.sg.">kītən</sone><sone id="l36_s11" lk="69" meta="vahemärk">,</sone><sone id="l36_s12" lk="69" lemma="ku" tahendus="et" ingl="that" liik="Konj">ku</sone><sone id="l36_s13" lk="69" lemma="vȱlda" tahendus="olla" ingl="be" liik="V" vorm="pers.ind.pr.sg.3.">um’</sone><sone id="l36_s14" lk="69" lemma="jõvīst" tahendus="hästi" ingl="well" liik="Adv">ji̮vīst</sone><sone id="l36_s15" lk="69" lemma="un" tahendus="ja" ingl="and" liik="Konj">un</sone><sone id="l36_s16" lk="69" lemma="andõ" tahendus="anda" ingl="give" liik="V" vorm="nud.sg.">andən</sone><sone id="l36_s17" lk="69" lemma="tämā" tahendus="tema" ingl="he, she" liik="ProS" vorm="sg.dat.">täm’mən</sone><sone id="l36_s18" lk="69" lemma="sīek" tahendus="külimit" liik="S" vorm="sg.gen.">si’ek</sone><sone id="l36_s19" lk="69" lemma="rǭ’" tahendus="raha" ingl="money" liik="S" vorm="sg.part.">rå̄’də</sone><sone id="l36_s20" lk="69" meta="vahemärk">,</sone><sone id="l36_s21" lk="69" lemma="un" tahendus="ja" ingl="and" liik="Konj">un</sone><sone id="l36_s22" lk="69" lemma="tämā" tahendus="tema" ingl="he, she" liik="ProS" vorm="sg.nom.">ta</sone><sone lk="69" keel="eesti" id="l36_s23" meta="vahemärk">=</sone><sone lk="69" keel="eesti" id="l36_s24" lemma="vȱlda" tahendus="olla" ingl="be" liik="Va" vorm="pers.ind.pr.sg.3.">m’</sone><sone id="l36_s25" lk="69" lemma="lǟ’dõ" tahendus="minna" ingl="go" liik="V" vorm="nud.sg.">lǟ’nd</sone><sone id="l36_s26" lk="69" lemma="kuodāj" tahendus="koju" ingl="home" liik="Adv">kᵘodāi</sone><sone id="l36_s27" lk="69" meta="vahemärk">.</sone></lause><lause id="l37"><sone id="l37_s1" lk="69" lemma="un" tahendus="ja" ingl="and" liik="Konj">un</sone><sone id="l37_s2" lk="69" lemma="tämā" tahendus="tema" ingl="he, she" liik="ProS" vorm="sg.nom.">ta</sone><sone lk="69" keel="eesti" id="l37_s3" meta="vahemärk">=</sone><sone lk="69" keel="eesti" id="l37_s4" lemma="vȱlda" tahendus="olla" ingl="be" liik="Va" vorm="pers.ind.pr.sg.3.">m’</sone><sone id="l37_s5" lk="69" lemma="võttõ" tahendus="võtta" ingl="take" liik="V" vorm="nud.sg.">vi̮ttən</sone><sone id="l37_s6" lk="69" lemma="nai" tahendus="naine" ingl="wife" liik="S" vorm="sg.gen.">naiz</sone><sone id="l37_s7" lk="69" lemma="un" tahendus="ja" ingl="and" liik="Konj">un</sone><sone id="l37_s8" lk="69" lemma="tī’edõ" tahendus="teha" ingl="do" liik="V" vorm="pers.ind.ipf.sg.3.">tei</sone><sone id="l37_s9" lk="69" lemma="kǭzgõnd" tahendus="pulmad" ingl="wedding" liik="S" vorm="sg.gen.">kå̄zgənd</sone><sone id="l37_s10" lk="69" lemma="un" tahendus="ja" ingl="and" liik="Konj">un</sone><sone id="l37_s11" lk="69" lemma="minā" tahendus="mina" ingl="I" liik="ProS" vorm="sg.nom.">ma</sone><sone id="l37_s12" lk="69" lemma="vȱlda" tahendus="olla" ingl="be" liik="V" vorm="pers.ind.ipf.sg.1.">ve̮ĺ’</sone><sone id="l37_s13" lk="69" lemma="ka" tahendus="ka" ingl="also" liik="ModAdv">ka</sone><sone id="l37_s14" lk="69" lemma="sǟ’l" tahendus="seal" ingl="there" liik="ProAdv">sǟ’l</sone><sone id="l37_s15" lk="69" lemma="un" tahendus="ja" ingl="and" liik="Konj">un</sone><sone id="l37_s16" lk="69" lemma="minā" tahendus="mina" ingl="I" liik="ProS" vorm="sg.nom.">ma</sone><sone id="l37_s17" lk="69" lemma="jūodõ" tahendus="juua" ingl="drink" liik="V" vorm="pers.ind.ipf.sg.1.">jᵘoi</sone><sone id="l37_s18" lk="69" lemma="ne’i" tahendus="nii" ingl="so" liik="ProAdv">nei’</sone><sone id="l37_s19" lk="69" meta="vahemärk">,</sone><sone id="l37_s20" lk="69" lemma="ku" tahendus="et" ingl="that" liik="Konj">ku</sone><sone id="l37_s21" lk="69" lemma="kibār" tahendus="kübar" ingl="hat" liik="S" vorm="sg.nom.">kibār</sone><sone id="l37_s22" lk="69" lemma="vȱlda" tahendus="olla" ingl="be" liik="V" vorm="pers.ind.ipf.sg.3.">ve̮ĺ’</sone><sone id="l37_s23" lk="69" lemma="ikš" tahendus="üks" ingl="one" liik="ProS" vorm="sg.gen.">ī’d</sone><sone id="l37_s24" lk="69" lemma="kūora" tahendus="kõrv" ingl="ear" liik="S" vorm="sg.gen.">kuora</sone><sone id="l37_s25" lk="69" lemma="pǟl" tahendus="peal" ingl="on" liik="Post">pǟl</sone><sone id="l37_s26" lk="69" meta="vahemärk">.</sone></lause><lause id="l38"><sone id="l38_s1" lk="69" lemma="un" tahendus="ja" ingl="and" liik="Konj">un</sone><sone id="l38_s2" lk="69" lemma="tämā" tahendus="tema" ingl="he, she" liik="ProS" vorm="sg.nom.">ta</sone><sone id="l38_s3" lk="69" lemma="ve’l" tahendus="veel" ingl="still" liik="ModAdv">vel</sone><sone id="l38_s4" lk="69" lemma="je’llõ" tahendus="elada" ingl="live" liik="V" vorm="pers.ind.pr.sg.3.">je̮lāb</sone><sone id="l38_s5" lk="69" lemma="paldīņ" tahendus="praegu" ingl="nowadays" liik="Adv">paldīń</sone><sone id="l38_s6" lk="69" meta="vahemärk">.</sone></lause></sisu>
</liivike>
