<?xml version="1.0" encoding="UTF-8"?>
<?xml-stylesheet type="text/xsl" href="liivike_tekst.xsl"?>
<liivike>
	<info><tyyp>kirjalik</tyyp><teema>Satuja 14</teema><keel>liivi</keel><murre>idaliivi</murre><kirjaviis>foneetiline transkriptsioon</kirjaviis><kyla longituud="22.588" latituud="57.744">Kuolka</kyla><teos pealkiri="Näytteitä liivin kielestä" aasta="1953" koht="Helsinki">E. N. Setälä</teos><keelejuht id="NP" haridus="" synniaasta="" synnikoht="" vanus="" sugu="M">Nikolai Pietug</keelejuht></info><sisu id="Set_Sat_14">
		<lause id="l1">
			<sone id="l1_s1" lk="100" lemma="ikš" tahendus="üks" ingl="one" liik="ProS" vorm="sg.nom.">ikš</sone>
			<sone id="l1_s2" lk="100" lemma="kõrd" tahendus="kord" ingl="time" liik="Adv">ki̮rd</sone><sone id="l1_s3" lk="100" lemma="vȱlda" tahendus="olla" ingl="be" liik="Va" vorm="pers.ind.pr.sg.3.">um’</sone><sone id="l1_s4" lk="100" lemma="vȱlda" tahendus="olla" ingl="be" liik="V" vorm="nud.sg.">ve̮nd</sone><sone id="l1_s5" lk="100" lemma="ikš" tahendus="üks" ingl="one" liik="ProS" vorm="sg.nom.">ikš</sone><sone id="l1_s6" lk="100" lemma="lāiska" tahendus="laisk" ingl="lazy" liik="A" vorm="sg.nom.">lāⁱška</sone><sone id="l1_s7" lk="100" lemma="pȯis" tahendus="sulane" ingl="farmhand" liik="S" vorm="sg.nom.">pe̮is</sone><sone id="l1_s8" lk="100" lemma="un" tahendus="ja" ingl="and" liik="Konj">un</sone><sone id="l1_s9" lk="100" lemma="tämā" tahendus="tema" ingl="he, she" liik="ProS" vorm="sg.nom.">ta</sone><sone id="l1_s10" lk="100" lemma="ä’b" tahendus="ei" ingl="not" liik="Mn" vorm="pr.sg.3.">äb</sone><sone id="l1_s11" lk="100" lemma="vȱlda" tahendus="olla" ingl="be" liik="Va" vorm="pers.ind.sg.3.neg.">uo</sone><sone id="l1_s12" lk="100" lemma="je’llõ" tahendus="töötada" ingl="work" liik="V" vorm="nud.sg.">je̮l’lən</sone><sone id="l1_s13" lk="100" lemma="mittõ" tahendus="mitte" ingl="not" liik="Mn">mittə</sone><sone id="l1_s14" lk="100" meta="vahemärk">[</sone><sone id="l1_s15" lk="100" lemma="midāgõd" tahendus="miski" ingl="something" liik="ProS" vorm="sg.part.">mid́āid́</sone><sone id="l1_s16" lk="100" meta="vahemärk"> &gt;</sone><sone id="l1_s17" lk="100" meta="vahemärk">]</sone><sone id="l1_s18" lk="100" lemma="midāgõd" tahendus="miski" ingl="something" liik="ProS" vorm="sg.part.">mid́ād</sone><sone id="l1_s19" lk="100" lemma="perī+mīez" tahendus="peremees" ingl="master of the house" liik="S" vorm="sg.gen.">perī+mi’e</sone><sone id="l1_s20" lk="100" lemma="jūsõ" tahendus="juures" ingl="at" liik="Post">jūs</sone><sone id="l1_s21" lk="100" meta="vahemärk">.</sone></lause>
		<lause id="l2"><sone id="l2_s1" lk="100" lemma="ikš" tahendus="üks" ingl="one" liik="ProS" vorm="sg.nom.">ikš</sone><sone id="l2_s2" lk="100" lemma="kõrd" tahendus="kord" ingl="time" liik="Adv">ki̮rd</sone><sone id="l2_s3" lk="100" lemma="perī+mīez" tahendus="peremees" ingl="master of the house" liik="S" vorm="sg.nom.">perī+miez</sone><sone id="l2_s4" lk="100" lemma="vȱlda" tahendus="olla" ingl="be" liik="Va" vorm="pers.ind.pr.sg.3.">um’</sone><sone id="l2_s5" lk="100" lemma="sǭtõ" tahendus="saata" ingl="send" liik="V" vorm="nud.sg.">så̄tən</sone><sone id="l2_s6" lk="100" lemma="tämā" tahendus="tema" ingl="he, she" liik="ProS" vorm="sg.part.">tǟnda</sone><sone id="l2_s7" lk="100" lemma="mõtsā" tahendus="mets" ingl="forest" liik="S" vorm="sg.ill.">mi̮tsə</sone><sone id="l2_s8" lk="100" lemma="āina" tahendus="hein" ingl="grass" liik="S" vorm="sg.part.">ainə</sone><sone id="l2_s9" lk="100" lemma="nītõ" tahendus="niita" ingl="cut" liik="V" vorm="sup.">nītəm</sone><sone id="l2_s10" lk="100" lemma="un" tahendus="ja" ingl="and" liik="Konj">un</sone><sone id="l2_s11" lk="100" lemma="tämā" tahendus="tema" ingl="he, she" liik="ProS" vorm="sg.nom.">ta</sone><sone id="l2_s12" lk="100" lemma="ne’i" tahendus="nii" ingl="so" liik="ProAdv">nei’</sone><sone id="l2_s13" lk="100" lemma="je’nnõ" tahendus="palju" ingl="much" liik="Adv">je̮n’n</sone><sone id="l2_s14" lk="100" lemma="set" tahendus="ainult" ingl="only" liik="ModAdv">set</sone><sone id="l2_s15" lk="100" lemma="vȱlda" tahendus="olla" ingl="be" liik="Va" vorm="pers.ind.pr.sg.3.">um’</sone><sone id="l2_s16" lk="100">sa+nītən</sone><sone id="l2_s17" lk="100" meta="vahemärk">,</sone><sone id="l2_s18" lk="100" lemma="ku" tahendus="et" ingl="that" liik="Konj">ku</sone><sone id="l2_s19" lk="100" lemma="tämā" tahendus="tema" ingl="he, she" liik="ProS" vorm="sg.nom.">ta</sone><sone lk="100" keel="eesti" id="l2_s20" meta="vahemärk">=</sone><sone lk="100" keel="eesti" id="l2_s21" lemma="vȱlda" tahendus="olla" ingl="be" liik="Va" vorm="pers.ind.pr.sg.3.">m’</sone><sone id="l2_s22" lk="100" lemma="sǭdõ" tahendus="saada" ingl="get" liik="V" vorm="nud.sg.">så̄nd</sone><sone id="l2_s23" lk="100" lemma="ī’ž" tahendus="ise" ingl="self" liik="ProS" vorm="sg.dat.">eńt́šən</sone><sone id="l2_s24" lk="100">pǟn</sone><sone id="l2_s25" lk="100">alā</sone><sone id="l2_s26" lk="100" meta="vahemärk">.</sone></lause><lause id="l3"><sone id="l3_s1" lk="100" lemma="un" tahendus="ja" ingl="and" liik="Konj">un</sone><sone id="l3_s2" lk="100" lemma="ni" tahendus="nüüd" ingl="now" liik="Adv">ni</sone><sone id="l3_s3" lk="100" lemma="tämā" tahendus="tema" ingl="he, she" liik="ProS" vorm="sg.nom.">ta</sone><sone lk="100" keel="eesti" id="l3_s4" meta="vahemärk">=</sone><sone lk="100" keel="eesti" id="l3_s5" lemma="vȱlda" tahendus="olla" ingl="be" liik="Va" vorm="pers.ind.pr.sg.3.">m’</sone><sone id="l3_s6" lk="100" lemma="pānda" tahendus="heita" ingl="lie down" liik="V" vorm="nud.sg.">pand</sone><sone id="l3_s7" lk="100" lemma="ma’ggõ" tahendus="magada" ingl="sleep" liik="V" vorm="sup.">ma’ggəm</sone><sone id="l3_s8" lk="100" lemma="un" tahendus="ja" ingl="and" liik="Konj">un</sone><sone id="l3_s9" lk="100" lemma="ni" tahendus="nüüd" ingl="now" liik="Adv">ni</sone><sone id="l3_s10" lk="100" lemma="perī+nai" tahendus="perenaine" ingl="housewife" liik="S" vorm="sg.nom.">perī+nai</sone><sone id="l3_s11" lk="100" lemma="vȱlda" tahendus="olla" ingl="be" liik="Va" vorm="pers.ind.pr.sg.3.">um’</sone><sone id="l3_s12" lk="100" lemma="kīetõ" tahendus="keeta" ingl="cook" liik="V" vorm="nud.sg.">kietən</sone><sone id="l3_s13" lk="100" lemma="lȭinagizt" tahendus="lõunasöök" ingl="lunch" liik="S" vorm="pl.part.">lī̮inagiži</sone><sone id="l3_s14" lk="100" lemma="un" tahendus="ja" ingl="and" liik="Konj">un</sone><sone id="l3_s15" lk="100" lemma="vīdõ" tahendus="viia" ingl="take" liik="V" vorm="nud.sg.">vīnd</sone><sone id="l3_s16" lk="100" lemma="tämā" tahendus="tema" ingl="he, she" liik="ProS" vorm="sg.gen.">täm’</sone><sone id="l3_s17" lk="100" lemma="lȭinagizt" tahendus="lõunasöök" ingl="lunch" liik="S" vorm="pl.part.">lī̮inagiži</sone><sone id="l3_s18" lk="100" lemma="un" tahendus="ja" ingl="and" liik="Konj">un</sone><sone id="l3_s19" lk="100" lemma="ne’i" tahendus="nii" ingl="so" liik="ProAdv" kommentaar="?">ne</sone><sone id="l3_s20" lk="100" lemma="ka" tahendus="nagu" ingl="when" liik="Konj" kommentaar="?">ka</sone><sone id="l3_s21" lk="100" lemma="tämā" tahendus="tema" ingl="he, she" liik="ProS" vorm="sg.nom.">ta</sone><sone lk="100" keel="eesti" id="l3_s22" meta="vahemärk">=</sone><sone lk="100" keel="eesti" id="l3_s23" lemma="vȱlda" tahendus="olla" ingl="be" liik="Va" vorm="pers.ind.pr.sg.3.">m’</sone><sone id="l3_s24" lk="100" lemma="nǟ’dõ" tahendus="näha" ingl="see" liik="V" vorm="nud.sg.">nǟnd</sone><sone id="l3_s25" lk="100" meta="vahemärk">,</sone><sone id="l3_s26" lk="100" lemma="ku" tahendus="et" ingl="that" liik="Konj">ku</sone><sone id="l3_s27" lk="100" lemma="tämā" tahendus="tema" ingl="he, she" liik="ProS" vorm="sg.nom.">ta</sone><sone lk="100" keel="eesti" id="l3_s28" meta="vahemärk">=</sone><sone lk="100" keel="eesti" id="l3_s29" lemma="vȱlda" tahendus="olla" ingl="be" liik="Va" vorm="pers.ind.pr.sg.3.">m’</sone><sone id="l3_s30" lk="100" lemma="ma’ggõ" tahendus="magada" ingl="sleep" liik="V" vorm="nud.sg." kommentaar="?">ma’ggəm</sone><sone id="l3_s31" lk="100" meta="vahemärk">(</sone><sone id="l3_s32" lk="100" meta="kommentaar">pro</sone><sone id="l3_s33" lk="100" meta="kommentaar">ma’ggən</sone><sone lk="100" keel="eesti" id="l3_s34" meta="vahemärk">)</sone><sone id="l3_s35" lk="100" meta="vahemärk">,</sone><sone id="l3_s36" lk="100" lemma="ne’i" tahendus="nii" ingl="so" liik="ProAdv">nei’</sone><sone id="l3_s37" lk="100" lemma="tämā" tahendus="tema" ingl="he, she" liik="ProS" vorm="sg.nom.">ta</sone><sone lk="100" keel="eesti" id="l3_s38" meta="vahemärk">=</sone><sone lk="100" keel="eesti" id="l3_s39" lemma="vȱlda" tahendus="olla" ingl="be" liik="Va" vorm="pers.ind.pr.sg.3.">m’</sone><sone id="l3_s40" lk="100" lemma="eitõ" tahendus="heita" ingl="throw" liik="V" vorm="nud.sg.">eitən</sone><sone id="l3_s41" lk="100" lemma="sand+rok" tahendus="puder" ingl="porridge" liik="S" vorm="sg.gen.">sand+rok</sone><sone id="l3_s42" lk="100" lemma="kouš" tahendus="kauss" ingl="bowl" liik="S" vorm="sg.gen.">kouš</sone><sone id="l3_s43" lk="100" lemma="pǟ’zõ" tahendus="pähe" liik="Adv">pǟ’zə</sone><sone id="l3_s44" lk="100" meta="vahemärk">.</sone></lause><lause id="l4"><sone id="l4_s1" lk="101" lemma="un" tahendus="ja" ingl="and" liik="Konj">un</sone><sone id="l4_s2" lk="101" lemma="ni" tahendus="nüüd" ingl="now" liik="Adv">ni</sone><sone id="l4_s3" lk="101" lemma="se" tahendus="see" ingl="this" liik="ProS" vorm="sg.nom.">se</sone><sone id="l4_s4" lk="101" lemma="pȯis" tahendus="sulane" ingl="farmhand" liik="S" vorm="sg.nom.">pe̮is</sone><sone id="l4_s5" lk="101" lemma="vȱlda" tahendus="olla" ingl="be" liik="Va" vorm="pers.ind.pr.sg.3.">um’</sone><sone id="l4_s6" lk="101" lemma="lǟ’dõ" tahendus="minna" ingl="go" liik="V" vorm="nud.sg.">lǟ’nd</sone><sone id="l4_s7" lk="101" lemma="je’ds+pēḑõn" tahendus="ära" ingl="away" liik="Adva">je̮’ds+pēd́ən</sone><sone id="l4_s8" lk="101" lemma="un" tahendus="ja" ingl="and" liik="Konj">un</sone><sone id="l4_s9" lk="101" lemma="ni" tahendus="nüüd" ingl="now" liik="Adv">ni</sone><sone id="l4_s10" lk="101" lemma="tämā" tahendus="tema" ingl="he, she" liik="ProS" vorm="sg.nom.">ta</sone><sone lk="101" keel="eesti" id="l4_s11" meta="vahemärk">=</sone><sone lk="101" keel="eesti" id="l4_s12" lemma="vȱlda" tahendus="olla" ingl="be" liik="Va" vorm="pers.ind.pr.sg.3.">m’</sone><sone id="l4_s13" lk="101" lemma="lǟ’dõ" tahendus="minna" ingl="go" liik="V" vorm="nud.sg.">lǟ’nd</sone><sone id="l4_s14" lk="101" lemma="ikš" tahendus="üks" ingl="one" liik="ProS" vorm="sg.ill.">ī’dəz</sone><sone id="l4_s15" lk="101" lemma="kǭrand" tahendus="talu" ingl="farm" liik="S" vorm="sg.ill." kommentaar="?">kå̄rand</sone><sone id="l4_s16" lk="101" lemma="un" tahendus="ja" ingl="and" liik="Konj">un</sone><sone id="l4_s17" lk="101" lemma="ni" tahendus="nüüd" ingl="now" liik="Adv">ni</sone><sone id="l4_s18" lk="101" lemma="vȱlda" tahendus="olla" ingl="be" liik="Va" vorm="pers.ind.ipf.pl.3.">ve̮ĺ’tə</sone><sone id="l4_s19" lk="101" lemma="ki’zzõ" tahendus="küsida" ingl="ask" liik="V" vorm="nud.pl.">ki’zzənd</sone><sone id="l4_s20" lk="101" meta="vahemärk">,</sone><sone id="l4_s21" lk="101" lemma="mis" tahendus="mis" ingl="what" liik="Intr" vorm="sg.nom.">mis</sone><sone id="l4_s22" lk="101" lemma="tämā" tahendus="tema" ingl="he, she" liik="ProS" vorm="sg.nom.">ta</sone><sone id="l4_s23" lk="101" lemma="vȱlda" tahendus="olla" ingl="be" liik="V" vorm="pers.ind.pr.sg.3.">um’</sone><sone id="l4_s24" lk="101" lemma="seļļi" tahendus="selline" ingl="such" liik="ProA" vorm="sg.nom.">seĺĺi</sone><sone id="l4_s25" lk="101" lemma="un" tahendus="ja" ingl="and" liik="Konj">un</sone><sone id="l4_s26" lk="101" lemma="tämā" tahendus="tema" ingl="he, she" liik="ProS" vorm="sg.nom.">ta</sone><sone lk="101" keel="eesti" id="l4_s27" meta="vahemärk">=</sone><sone lk="101" keel="eesti" id="l4_s28" lemma="vȱlda" tahendus="olla" ingl="be" liik="Va" vorm="pers.ind.pr.sg.3.">m’</sone><sone id="l4_s29" lk="101" lemma="kītõ" tahendus="öelda" ingl="say" liik="V" vorm="nud.sg.">kītən</sone><sone id="l4_s30" lk="101" lemma="tegīž" tahendus="jälle" ingl="again" liik="ModAdv">tegīž</sone><sone id="l4_s31" lk="101" meta="vahemärk">,</sone><sone id="l4_s32" lk="101" lemma="ku" tahendus="et" ingl="that" liik="Konj">ku</sone><sone id="l4_s33" lk="101" lemma="tämā" tahendus="tema" ingl="he, she" liik="ProS" vorm="sg.nom.">ta</sone><sone id="l4_s34" lk="101" lemma="vȱlda" tahendus="olla" ingl="be" liik="V" vorm="pers.ind.pr.sg.3.">um’</sone><sone id="l4_s35" lk="101" lemma="sūr" tahendus="suur" ingl="big" liik="A" vorm="sg.nom.">sūr</sone><sone id="l4_s36" lk="101">varšou</sone><sone id="l4_s37" lk="101" lemma="doktār" tahendus="doktor" ingl="doctor" liik="S" vorm="sg.nom.">doktār</sone><sone id="l4_s38" lk="101" meta="vahemärk">.</sone></lause><lause id="l5"><sone id="l5_s1" lk="101" lemma="un" tahendus="ja" ingl="and" liik="Konj">un</sone><sone id="l5_s2" lk="101" lemma="ku" tahendus="kui" ingl="when" liik="Konj">ku</sone><sone id="l5_s3" lk="101" lemma="tämā" tahendus="tema" ingl="he, she" liik="ProS" vorm="sg.nom.">ta</sone><sone id="l5_s4" lk="101" lemma="ni" tahendus="nüüd" ingl="now" liik="Adv">ni</sone><sone lk="101" keel="eesti" id="l5_s5" meta="vahemärk">=</sone><sone lk="101" keel="eesti" id="l5_s6" lemma="vȱlda" tahendus="olla" ingl="be" liik="Va" vorm="pers.ind.pr.sg.3.">m’</sone><sone id="l5_s7" lk="101" lemma="i’lzõ" tahendus="üles" ingl="up" liik="Adva">il’zə</sone><sone id="l5_s8" lk="101" lemma="nūzõ" tahendus="tõusta" ingl="get up" liik="V" vorm="nud.sg.">nūzən</sone><sone id="l5_s9" lk="101" lemma="ūoņdžõl" tahendus="hommikul" ingl="in the morning" liik="Adv">uońdžəl</sone><sone id="l5_s10" lk="101" meta="vahemärk">,</sone><sone id="l5_s11" lk="101" lemma="ni" tahendus="nüüd" ingl="now" liik="Adv">ni</sone><sone id="l5_s12" lk="101" lemma="vȱlda" tahendus="olla" ingl="be" liik="Va" vorm="pers.ind.pr.pl.3.">a’dt</sone><sone id="l5_s13" lk="101" lemma="vȱlda" tahendus="olla" ingl="be" liik="V" vorm="nud.pl.">ve̮nnəd</sone><sone id="l5_s14" lk="101" lemma="ukš" tahendus="uks" ingl="door" liik="S" vorm="pl.nom." kommentaar="?">ukst</sone><sone id="l5_s15" lk="101" lemma="vi’zzõ" tahendus="kinni" ingl="shut" liik="Adva">vi’zzə</sone><sone id="l5_s16" lk="101" lemma="klõkšõ" tahendus="lukustada" ingl="lock" liik="V" vorm="tud.">kli̮kštəd</sone><sone id="l5_s17" lk="101" meta="vahemärk">[</sone><sone id="l5_s18" lk="101" meta="kommentaar">kli̮kštət</sone><sone lk="101" keel="eesti" id="l5_s19" meta="vahemärk">]</sone><sone id="l5_s20" lk="101" meta="vahemärk">.</sone></lause><lause id="l6"><sone id="l6_s1" lk="101" lemma="seļļi" tahendus="selline" ingl="this kind of" liik="ProA" vorm="sg.gen.">seĺĺiz</sone><sone id="l6_s2" lk="101" lemma="āiga" tahendus="aeg" ingl="time" liik="S" vorm="sg.gen.">āiga</sone><sone id="l6_s3" lk="101" lemma="pie’rrõ" tahendus="järel" ingl="after" liik="Post">pⁱer’r</sone><sone id="l6_s4" lk="101" lemma="ni" tahendus="nüüd" ingl="now" liik="Adv">ni</sone><sone id="l6_s5" lk="101" lemma="tämā" tahendus="tema" ingl="he, she" liik="ProS" vorm="sg.nom.">ta</sone><sone lk="101" keel="eesti" id="l6_s6" meta="vahemärk">=</sone><sone lk="101" keel="eesti" id="l6_s7" lemma="vȱlda" tahendus="olla" ingl="be" liik="Va" vorm="pers.ind.pr.sg.3.">m’</sone><sone id="l6_s8" lk="101" lemma="nǟ’dõ" tahendus="näha" ingl="see" liik="V" vorm="nud.sg.">nǟnd</sone><sone id="l6_s9" lk="101" meta="vahemärk">,</sone><sone id="l6_s10" lk="101" lemma="ku" tahendus="et" ingl="that" liik="Konj">ku</sone><sone id="l6_s11" lk="101" lemma="vȱlda" tahendus="olla" ingl="be" liik="Va" vorm="pers.ind.pr.pl.3.">a’dt</sone><sone id="l6_s12" lk="101" lemma="bro’utšõ" tahendus="sõita" ingl="drive" liik="V" vorm="nud.pl.">brou’tšənd</sone><sone id="l6_s13" lk="101" lemma="ikš" tahendus="üks" ingl="one" liik="ProS" vorm="pl.nom.">ī’d</sone><sone id="l6_s14" lk="101">karītəd</sone><sone id="l6_s15" lk="101" lemma="sīnõ" tahendus="sinna" ingl="there" liik="ProAdv">sīn</sone><sone id="l6_s16" lk="101" lemma="se" tahendus="see" ingl="this" liik="ProS" vorm="sg.gen.">sie</sone><sone id="l6_s17" lk="101" lemma="tubā" tahendus="tare" ingl="hut" liik="S" vorm="sg.gen.">tubā</sone><sone id="l6_s18" lk="101" lemma="jū’rõ" tahendus="juurde" ingl="to" liik="Post">jū’r</sone><sone id="l6_s19" lk="101" lemma="un" tahendus="ja" ingl="and" liik="Konj">un</sone><sone id="l6_s20" lk="101" lemma="ni" tahendus="nüüd" ingl="now" liik="Adv">ni</sone><sone id="l6_s21" lk="101" lemma="tämā" tahendus="tema" ingl="he, she" liik="ProS" vorm="sg.nom.">ta</sone><sone lk="101" keel="eesti" id="l6_s22" meta="vahemärk">=</sone><sone lk="101" keel="eesti" id="l6_s23" lemma="vȱlda" tahendus="olla" ingl="be" liik="Va" vorm="pers.ind.pr.sg.3.">m’</sone><sone id="l6_s24" lk="101" lemma="sǭdõ" tahendus="saada" ingl="get" liik="V" vorm="nud.sg.">så̄nd</sone><sone id="l6_s25" lk="101" meta="vahemärk">[</sone><sone id="l6_s26" lk="101" lemma="jarā" tahendus="ära" ingl="away" liik="Adva">je̮rā</sone><sone id="l6_s27" lk="101" meta="vahemärk"> &gt;</sone><sone id="l6_s28" lk="101" meta="vahemärk">]</sone><sone id="l6_s29" lk="101" lemma="jarā" tahendus="ära" ingl="away" liik="Adva">jarā</sone><sone id="l6_s30" lk="101" lemma="vīdõ" tahendus="viia" ingl="take" liik="V" vorm="tud.">vīdəd</sone><sone id="l6_s31" lk="101" lemma="se" tahendus="see" ingl="this" liik="ProS" vorm="sg.nom.">se</sone><sone id="l6_s32" lk="101" lemma="mīez" tahendus="mees" ingl="man" liik="S" vorm="sg.nom.">miez</sone><sone id="l6_s33" lk="101" lemma="ikš" tahendus="üks" ingl="one" liik="ProS" vorm="sg.ill.">ī’dəz</sone><sone id="l6_s34" lk="101" lemma="mȯizõ" tahendus="mõis" ingl="manor" liik="S" vorm="sg.ill.">me̮izəz</sone><sone id="l6_s35" lk="101" lemma="un" tahendus="ja" ingl="and" liik="Konj">un</sone><sone id="l6_s36" lk="101" lemma="sǟ’l" tahendus="seal" ingl="there" liik="ProAdv">sǟ’l</sone><sone id="l6_s37" lk="101" lemma="vȱlda" tahendus="olla" ingl="be" liik="Va" vorm="pers.ind.pr.sg.3.">um’</sone><sone id="l6_s38" lk="101" lemma="vȱlda" tahendus="olla" ingl="be" liik="V" vorm="nud.sg.">ve̮nd</sone><sone id="l6_s39" lk="101" lemma="ikš" tahendus="üks" ingl="one" liik="ProS" vorm="sg.nom.">ikš</sone><sone id="l6_s40" lk="101" lemma="kuŗē" tahendus="kurat" ingl="devil" liik="S" vorm="sg.el.">kurēst</sone><sone id="l6_s41" lk="101">apsǟstəd</sone><sone id="l6_s42" lk="101" meta="vahemärk">[</sone><sone id="l6_s43" lk="101" meta="kommentaar">apsǟstət</sone><sone id="l6_s44" lk="101" meta="vahemärk">]</sone><sone id="l6_s45" lk="101" lemma="neitst" tahendus="neiu" ingl="maiden" liik="S" vorm="sg.nom.">neitst</sone><sone id="l6_s46" lk="101" lemma="un" tahendus="ja" ingl="and" liik="Konj">un</sone><sone id="l6_s47" lk="101" lemma="mit+ikš" tahendus="mitte ükski" ingl="noone" liik="ProS" vorm="sg.nom.">mit+ikš</sone><sone id="l6_s48" lk="101" lemma="doktār" tahendus="doktor" ingl="doctor" liik="S" vorm="sg.nom.">doktār</sone><sone id="l6_s49" lk="101" lemma="ä’b" tahendus="ei" ingl="not" liik="Mn" vorm="pr.sg.3.">äb</sone><sone id="l6_s50" lk="101" lemma="vȱlda" tahendus="olla" ingl="be" liik="Va" vorm="pers.ind.sg.3.neg.">uo</sone><sone id="l6_s51" lk="101" lemma="võidõ" tahendus="võida" ingl="can" liik="V" vorm="nud.sg.">vi̮ind</sone><sone id="l6_s52" lk="101" lemma="se" tahendus="see" ingl="this" liik="ProS" vorm="sg.part.">sⁱedā</sone><sone id="l6_s53" lk="101">iz+arštə</sone><sone id="l6_s54" lk="101" meta="vahemärk">,</sone><sone id="l6_s55" lk="101" lemma="bet" tahendus="aga" ingl="but" liik="Konj">bet</sone><sone id="l6_s56" lk="101" lemma="tämā" tahendus="tema" ingl="he, she" liik="ProS" vorm="sg.nom.">ta</sone><sone lk="101" keel="eesti" id="l6_s57" meta="vahemärk">=</sone><sone lk="101" keel="eesti" id="l6_s58" lemma="vȱlda" tahendus="olla" ingl="be" liik="Va" vorm="pers.ind.pr.sg.3.">m’</sone><sone id="l6_s59" lk="101" lemma="võttõ" tahendus="võtta" ingl="take" liik="V" vorm="nud.sg.">vi̮ttən</sone><sone id="l6_s60" lk="101" lemma="se" tahendus="see" ingl="this" liik="ProS" vorm="sg.part.">sⁱedā</sone><sone id="l6_s61" lk="101">iz+arštə</sone><sone id="l6_s62" lk="101" meta="vahemärk">.</sone></lause><lause id="l7"><sone id="l7_s1" lk="101" lemma="ȭ’dõn" tahendus="õhtul" ingl="evening" liik="Adv">ī̮’dən</sone><sone id="l7_s2" lk="101" lemma="ni" tahendus="nüüd" ingl="now" liik="Adv">ni</sone><sone id="l7_s3" lk="101" lemma="tämā" tahendus="tema" ingl="he, she" liik="ProS" vorm="sg.nom.">ta</sone><sone lk="101" keel="eesti" id="l7_s4" meta="vahemärk">=</sone><sone lk="101" keel="eesti" id="l7_s5" lemma="vȱlda" tahendus="olla" ingl="be" liik="Va" vorm="pers.ind.pr.sg.3.">m’</sone><sone id="l7_s6" lk="101" lemma="ki’zzõ" tahendus="küsida" ingl="ask" liik="V" vorm="nud.sg.">ki’zzən</sone><sone id="l7_s7" lk="101" lemma="se" tahendus="see" ingl="this" liik="ProS" vorm="sg.gen.">sie</sone><sone id="l7_s8" lk="101" lemma="perī+mīez" tahendus="peremees" ingl="master of the house" liik="S" vorm="sg.gen.">perī+mi’e</sone><sone id="l7_s9" lk="101" lemma="kä’dst" tahendus="käest" ingl="from" liik="Post">kä’dst</sone><sone id="l7_s10" lk="101" meta="vahemärk">[</sone><sone id="l7_s11" lk="101" lemma="bībõl" tahendus="piibel" ingl="bible" liik="S" vorm="sg.part.">bībəlt</sone><sone id="l7_s12" lk="101" meta="vahemärk"> &gt;</sone><sone id="l7_s13" lk="101" meta="vahemärk">]</sone><sone id="l7_s14" lk="101" lemma="bībõl" tahendus="piibel" ingl="bible" liik="S" vorm="sg.part.">bībəld</sone><sone id="l7_s15" lk="101" meta="vahemärk">,</sone><sone id="l7_s16" lk="101" lemma="ikš" tahendus="üks" ingl="one" liik="ProS" vorm="pl.nom.">ī’d</sone><sone id="l7_s17" lk="101">spēĺ</sone><sone id="l7_s18" lk="101" meta="vahemärk">[</sone><sone id="l7_s19" lk="101">kå̄rtəd</sone><sone id="l7_s20" lk="101" meta="vahemärk"> &gt;</sone><sone id="l7_s21" lk="101" meta="vahemärk">]</sone><sone id="l7_s22" lk="101">kå̄rtidi</sone><sone id="l7_s23" lk="101" lemma="un" tahendus="ja" ingl="and" liik="Konj">un</sone><sone id="l7_s24" lk="101" lemma="krīț" tahendus="kriit" ingl="chalk" liik="S" vorm="sg.gen.">krīt́</sone><sone id="l7_s25" lk="101" lemma="un" tahendus="ja" ingl="and" liik="Konj">un</sone><sone id="l7_s26" lk="101" lemma="revolmar" tahendus="revolver" ingl="revolver" liik="S" vorm="sg.gen.">revolvər</sone><sone id="l7_s27" lk="101" lemma="un" tahendus="ja" ingl="and" liik="Konj">un</sone><sone id="l7_s28" lk="101" lemma="mȭk" tahendus="mõõk" ingl="sword" liik="S" vorm="sg.gen.">mī̮k</sone><sone id="l7_s29" lk="101" lemma="un" tahendus="ja" ingl="and" liik="Konj">un</sone><sone id="l7_s30" lk="101" lemma="ni" tahendus="nüüd" ingl="now" liik="Adv">ni</sone><sone id="l7_s31" lk="101" lemma="tämā" tahendus="tema" ingl="he, she" liik="ProS" vorm="sg.nom.">ta</sone><sone lk="101" keel="eesti" id="l7_s32" meta="vahemärk">=</sone><sone lk="101" keel="eesti" id="l7_s33" lemma="vȱlda" tahendus="olla" ingl="be" liik="Va" vorm="pers.ind.pr.sg.3.">m’</sone><sone id="l7_s34" lk="101" lemma="lu’ggõ" tahendus="lugeda" ingl="read" liik="V" vorm="nud.sg.">lu’ggən</sone><sone id="l7_s35" lk="101" lemma="bībõl" tahendus="piibel" ingl="bible" liik="S" vorm="pl.part.">bībiĺi</sone><sone id="l7_s36" lk="101" meta="vahemärk">.</sone></lause><lause id="l8"><sone id="l8_s1" lk="101" lemma="īezõ" tahendus="öösel" ingl="at night" liik="Adv">iezə</sone><sone id="l8_s2" lk="101" lemma="kīela" tahendus="kell" liik="S" vorm="sg.gen.">kiela</sone><sone id="l8_s3" lk="101" meta="vahemärk">[</sone><sone id="l8_s4" lk="101" lemma="kakš+tuoistõn" tahendus="kaksteist" ingl="twelve" liik="Nump" vorm="sg.instl.">kaks+tᵘoistənəks</sone><sone id="l8_s5" lk="101" meta="vahemärk"> &gt;</sone><sone id="l8_s6" lk="101" meta="vahemärk">]</sone><sone id="l8_s7" lk="101" lemma="kakš+tuoistõn" tahendus="kaksteist" ingl="twelve" liik="Nump" vorm="sg.instl.">kå̄’d+tᵘoistənəks</sone><sone id="l8_s8" lk="101" lemma="īekõ" tahendus="hüpata" ingl="jump" liik="V" vorm="pers.ind.pr.sg.3.">iekəb</sone><sone id="l8_s9" lk="101" lemma="ikš" tahendus="üks" ingl="one" liik="ProS" vorm="sg.nom.">ikš</sone><sone id="l8_s10" lk="101" lemma="si’ņņi" tahendus="sinine" ingl="blue" liik="A" vorm="sg.nom.">siń’ńi</sone><sone id="l8_s11" lk="101" lemma="mīez" tahendus="mees" ingl="man" liik="S" vorm="sg.nom.">miez</sone><sone id="l8_s12" lk="101" lemma="sillõ" tahendus="sisse" ingl="inside" liik="Adv">sil’lə</sone><sone id="l8_s13" lk="101" lemma="un" tahendus="ja" ingl="and" liik="Konj">un</sone><sone id="l8_s14" lk="101" lemma="kītõ" tahendus="öelda" ingl="say" liik="V" vorm="pers.ind.pr.sg.3.">kītəb</sone><sone id="l8_s15" lk="101" meta="vahemärk">:</sone><sone id="l8_s16" lk="101" meta="vahemärk">”</sone><sone lk="101" keel="eesti" id="l8_s17" lemma="jõvā" tahendus="hea" ingl="good" liik="A" vorm="sg.part.">ji̮v’</sone><sone id="l8_s18" lk="101" lemma="ȭ’dõg" tahendus="õhtu" ingl="evening" liik="S" vorm="sg.part.">ī̮’dəkt</sone><sone id="l8_s19" lk="101" lemma="doktār" tahendus="doktor" ingl="doctor" liik="S" vorm="sg.gen.">doktār</sone><sone id="l8_s20" lk="101" lemma="izānd" tahendus="isand" ingl="master" liik="S" vorm="sg.nom.">izānd</sone><sone id="l8_s21" lk="101" meta="vahemärk">,</sone><sone id="l8_s22" lk="101" lemma="mis" tahendus="mis" ingl="what" liik="Intr" vorm="sg.nom.">mis</sone><sone id="l8_s23" lk="101" meta="vahemärk">[</sone><sone id="l8_s24" lk="101" lemma="sī’ḑ" tahendus="siin" ingl="here" liik="ProAdv">sīdə</sone><sone id="l8_s25" lk="101" meta="vahemärk"> &gt;</sone><sone id="l8_s26" lk="101" meta="vahemärk">]</sone><sone id="l8_s27" lk="101" lemma="sī’ḑš" tahendus="siin" ingl="here" liik="ProAdv">sī’tš</sone><sone id="l8_s28" lk="101" lemma="tī’edõ" tahendus="teha" ingl="do" liik="V" vorm="pers.ind.pr.sg.2.">ti’ed</sone><sone lk="101" keel="eesti" id="l8_s29" meta="vahemärk">?</sone><sone id="l8_s30" lk="101" meta="vahemärk">”</sone></lause><lause id="l9"><sone id="l9_s1" lk="101" lemma="tämā" tahendus="tema" ingl="he, she" liik="ProS" vorm="sg.nom.">ta</sone><sone lk="101" keel="eesti" id="l9_s2" meta="vahemärk">=</sone><sone lk="101" keel="eesti" id="l9_s3" lemma="vȱlda" tahendus="olla" ingl="be" liik="Va" vorm="pers.ind.pr.sg.3.">m’</sone><sone id="l9_s4" lk="101" lemma="kītõ" tahendus="öelda" ingl="say" liik="V" vorm="nud.sg.">kītən</sone><sone id="l9_s5" lk="101" meta="vahemärk">:</sone><sone id="l9_s6" lk="101" meta="vahemärk">”</sone><sone lk="101" keel="eesti" id="l9_s7" lemma="pallõ" tahendus="paluda" ingl="pray" liik="V" vorm="pers.ind.pr.sg.1.">på̄lab</sone><sone id="l9_s8" lk="101" lemma="jumāl" tahendus="jumal" ingl="God" liik="S" vorm="sg.part.">jumālt</sone><sone id="l9_s9" lk="101" lemma="un" tahendus="ja" ingl="and" liik="Konj">un</sone><sone id="l9_s10" lk="101" meta="vahemärk">[</sone><sone id="l9_s11" lk="101" lemma="vannõ" tahendus="needa" ingl="curse" liik="V" vorm="pers.ind.pr.sg.1.">vōnəb</sone><sone id="l9_s12" lk="101" meta="vahemärk"> &gt;</sone><sone id="l9_s13" lk="101" meta="vahemärk">]</sone><sone id="l9_s14" lk="101" lemma="vannõ" tahendus="needa" ingl="curse" liik="V" vorm="pers.ind.pr.sg.1.">vå̄nəb</sone><sone id="l9_s15" lk="101" lemma="kuŗē" tahendus="kurat" ingl="devil" liik="S" vorm="sg.part.">kurēst</sone><sone lk="101" keel="eesti" id="l9_s16" meta="vahemärk">.</sone><sone id="l9_s17" lk="101" meta="vahemärk">”</sone></lause><lause id="l10"><sone id="l10_s1" lk="101" lemma="ne’i" tahendus="nii" ingl="so" liik="ProAdv">nei’</sone><sone id="l10_s2" lk="101" lemma="se" tahendus="see" ingl="this" liik="ProS" vorm="sg.nom.">se</sone><sone id="l10_s3" lk="101" lemma="kuŗē" tahendus="kurat" ingl="devil" liik="S" vorm="sg.nom.">kurē</sone><sone id="l10_s4" lk="101" lemma="vȱlda" tahendus="olla" ingl="be" liik="Va" vorm="pers.ind.pr.sg.3.">um’</sone><sone id="l10_s5" lk="101">nu’o+siĺgən</sone><sone id="l10_s6" lk="101" lemma="un" tahendus="ja" ingl="and" liik="Konj">un</sone><sone id="l10_s7" lk="101" lemma="ne’i" tahendus="nii" ingl="so" liik="ProAdv">nei’</sone><sone id="l10_s8" lk="101" lemma="tämā" tahendus="tema" ingl="he, she" liik="ProS" vorm="sg.nom.">ta</sone><sone lk="101" keel="eesti" id="l10_s9" meta="vahemärk">=</sone><sone lk="101" keel="eesti" id="l10_s10" lemma="vȱlda" tahendus="olla" ingl="be" liik="Va" vorm="pers.ind.pr.sg.3.">m’</sone><sone id="l10_s11" lk="101" lemma="kītõ" tahendus="öelda" ingl="say" liik="V" vorm="nud.sg.">kītən</sone><sone id="l10_s12" lk="101" meta="vahemärk">:</sone><sone id="l10_s13" lk="101" meta="vahemärk">”</sone><sone lk="101" keel="eesti" id="l10_s14" lemma="kis" tahendus="kes" ingl="who" liik="Intr" vorm="sg.nom.">kis</sone><sone id="l10_s15" lk="101" lemma="ne’i" tahendus="nii" ingl="so" liik="ProAdv">nei’</sone><sone id="l10_s16" lk="101" lemma="tī’edõ" tahendus="teha" ingl="do" liik="V" vorm="pers.ind.pr.sg.3.">ti’eb</sone><sone lk="101" keel="eesti" id="l10_s17" meta="vahemärk">?</sone><sone id="l10_s18" lk="101" meta="vahemärk">”</sone></lause><lause id="l11"><sone id="l11_s1" lk="101" lemma="ne’i" tahendus="nii" ingl="so" liik="ProAdv">nei’</sone><sone id="l11_s2" lk="101" lemma="se" tahendus="see" ingl="this" liik="ProS" vorm="sg.nom.">se</sone><sone id="l11_s3" lk="101" lemma="doktār" tahendus="doktor" ingl="doctor" liik="S" vorm="sg.nom.">doktār</sone><sone id="l11_s4" lk="101" lemma="vȱlda" tahendus="olla" ingl="be" liik="Va" vorm="pers.ind.pr.sg.3.">um’</sone><sone id="l11_s5" lk="101" lemma="kītõ" tahendus="öelda" ingl="say" liik="V" vorm="nud.sg.">kītən</sone><sone id="l11_s6" lk="101" meta="vahemärk">:</sone><sone id="l11_s7" lk="101" meta="vahemärk">”</sone><sone lk="101" keel="eesti" id="l11_s8" lemma="lǟ’dõ" tahendus="minna" ingl="go" liik="V" vorm="pers.ind.pr.pl.1.">lǟ’m</sone><sone id="l11_s9" lk="101" meta="vahemärk">[</sone><sone id="l11_s10" lk="101" lemma="kǭrtõz" tahendus="kaart" ingl="card" liik="S" vorm="pl.part.">kōrtidi</sone><sone id="l11_s11" lk="101" meta="vahemärk"> &gt;</sone><sone id="l11_s12" lk="101" meta="vahemärk">]</sone><sone id="l11_s13" lk="101" lemma="kǭrtõz" tahendus="kaart" ingl="card" liik="S" vorm="pl.part.">kå̄rtidi</sone><sone id="l11_s14" lk="101" lemma="spēļõ" tahendus="mängida" ingl="play" liik="V" vorm="sup.">spēĺəm</sone><sone id="l11_s15" lk="101" meta="vahemärk">,</sone><sone id="l11_s16" lk="101" lemma="kis" tahendus="kes" ingl="who" liik="Intr" vorm="sg.dat.">kien</sone><sone id="l11_s17" lk="101" lemma="kuolm" tahendus="kolm" ingl="three" liik="Nump" vorm="sg.nom.">kᵘolm</sone><sone id="l11_s18" lk="101" lemma="kõrd" tahendus="kord" ingl="time" liik="Adv">ki̮rd</sone><sone id="l11_s19" lk="101" lemma="sigā" tahendus="siga" ingl="pig" liik="S" vorm="pl.nom.">sigād</sone><sone id="l11_s20" lk="101" meta="vahemärk">,</sone><sone id="l11_s21" lk="101" lemma="se" tahendus="see" ingl="this" liik="ProS" vorm="sg.dat.">sien</sone><sone id="l11_s22" lk="101" lemma="plik" tahendus="laks" ingl="slap" liik="V" vorm="sg.nom.">plik</sone><sone id="l11_s23" lk="102" lemma="i’ļ" tahendus="vastu" ingl="against" liik="Pre">iĺ’</sone><sone id="l11_s24" lk="102" lemma="kūora" tahendus="kõrv" ingl="ear" liik="S" vorm="sg.gen.">kuora</sone><sone lk="102" keel="eesti" id="l11_s25" meta="vahemärk">.</sone><sone id="l11_s26" lk="102" meta="vahemärk">”</sone></lause><lause id="l12"><sone id="l12_s1" lk="102" lemma="un" tahendus="ja" ingl="and" liik="Konj">un</sone><sone id="l12_s2" lk="102" lemma="ne’i" tahendus="nii" ingl="so" liik="ProAdv">nei’</sone><sone id="l12_s3" lk="102" lemma="se" tahendus="see" ingl="this" liik="ProS" vorm="sg.nom.">se</sone><sone id="l12_s4" lk="102" lemma="pȯis" tahendus="sulane" ingl="farmhand" liik="S" vorm="sg.nom.">pᵘe̮is</sone><sone id="l12_s5" lk="102" lemma="vȱlda" tahendus="olla" ingl="be" liik="Va" vorm="pers.ind.pr.sg.3.">um’</sone><sone id="l12_s6" lk="102">nu’o+andən</sone><sone id="l12_s7" lk="102" lemma="se" tahendus="see" ingl="this" liik="ProS" vorm="sg.gen.">sie</sone><sone id="l12_s8" lk="102" lemma="kuŗē" tahendus="kurat" ingl="devil" liik="S" vorm="sg.dat.">kurēn</sone><sone id="l12_s9" lk="102" lemma="kuolm" tahendus="kolm" ingl="three" liik="Nump" vorm="sg.nom.">kᵘolm</sone><sone id="l12_s10" lk="102" lemma="kõrd" tahendus="kord" ingl="time" liik="Adv">ki̮rd</sone><sone id="l12_s11" lk="102" lemma="sigā" tahendus="siga" ingl="pig" liik="S" vorm="pl.nom.">sigād</sone><sone id="l12_s12" lk="102" meta="vahemärk">.</sone></lause><lause id="l13"><sone id="l13_s1" lk="102" lemma="un" tahendus="ja" ingl="and" liik="Konj">un</sone><sone id="l13_s2" lk="102" lemma="ni" tahendus="nüüd" ingl="now" liik="Adv">ni</sone><sone id="l13_s3" lk="102" lemma="se" tahendus="see" ingl="this" liik="ProS" vorm="sg.nom.">se</sone><sone id="l13_s4" lk="102" lemma="kuŗē" tahendus="kurat" ingl="devil" liik="S" vorm="sg.nom.">kurē</sone><sone id="l13_s5" lk="102" lemma="mõtlõ" tahendus="mõelda" ingl="think" liik="V" vorm="nud.sg.">mi̮tlən</sone><sone id="l13_s6" lk="102" meta="vahemärk">,</sone><sone id="l13_s7" lk="102" lemma="ku" tahendus="et" ingl="that" liik="Konj">ku</sone><sone id="l13_s8" lk="102" lemma="tämā" tahendus="tema" ingl="he, she" liik="ProS" vorm="sg.nom.">ta</sone><sone id="l13_s9" lk="102" lemma="tämā" tahendus="tema" ingl="he, she" liik="ProS" vorm="sg.dat.">täm’mən</sone><sone id="l13_s10" lk="102" lemma="ra’bbõ" tahendus="lüüa" ingl="hit" liik="V" vorm="pers.ind.pr.sg.3.">rabūb</sone><sone id="l13_s11" lk="102" lemma="ī’ž" tahendus="ise" ingl="self" liik="ProS" vorm="sg.nom.">ī’ž</sone><sone id="l13_s12" lk="102" lemma="ke’ž" tahendus="käsi" ingl="hand" liik="S" vorm="sg.instl.">kä’dkəks</sone><sone id="l13_s13" lk="102" lemma="i’ļ" tahendus="vastu" ingl="against" liik="Pre">iĺ’</sone><sone id="l13_s14" lk="102" lemma="kūora" tahendus="kõrv" ingl="ear" liik="S" vorm="sg.gen.">kuora</sone><sone id="l13_s15" lk="102" meta="vahemärk">.</sone></lause><lause id="l14"><sone id="l14_s1" lk="102" lemma="bet" tahendus="aga" ingl="but" liik="Konj">bet</sone><sone id="l14_s2" lk="102" lemma="tämā" tahendus="tema" ingl="he, she" liik="ProS" vorm="sg.nom.">ta</sone><sone id="l14_s3" lk="102" lemma="võttõ" tahendus="võtta" ingl="take" liik="V" vorm="nud.sg.">vi̮ttən</sone><sone id="l14_s4" lk="102" lemma="mȭk" tahendus="mõõk" ingl="sword" liik="S" vorm="sg.instl.">mī̮kəks</sone><sone id="l14_s5" lk="102" meta="vahemärk">,</sone><sone id="l14_s6" lk="102" lemma="ra’dļõ" tahendus="raiuda" ingl="chop" liik="V" vorm="nud.sg.">ra’d́ĺən</sone><sone id="l14_s7" lk="102" lemma="se" tahendus="see" ingl="this" liik="ProS" vorm="sg.gen.">sie</sone><sone id="l14_s8" lk="102" lemma="kuŗē" tahendus="kurat" ingl="devil" liik="S" vorm="sg.dat.">kurēn</sone><sone id="l14_s9" lk="102" lemma="pǟ" tahendus="pea" ingl="head" liik="S" vorm="sg.gen.">pǟ</sone><sone id="l14_s10" lk="102" lemma="jarā" tahendus="ära" ingl="away" liik="Adva">jarā</sone><sone id="l14_s11" lk="102" meta="vahemärk">.</sone></lause><lause id="l15"><sone id="l15_s1" lk="102" lemma="ne’i" tahendus="nii" ingl="so" liik="ProAdv">nei’</sone><sone id="l15_s2" lk="102" lemma="se" tahendus="see" ingl="this" liik="ProS" vorm="sg.nom.">se</sone><sone id="l15_s3" lk="102" lemma="kuŗē" tahendus="kurat" ingl="devil" liik="S" vorm="sg.nom.">kurē</sone><sone id="l15_s4" lk="102" lemma="lä’b" tahendus="aken" ingl="window" liik="S" vorm="sg.el.">lä’bst</sone><sone id="l15_s5" lk="102" lemma="ulzõ" tahendus="välja" ingl="out" liik="Adv" kommentaar="?">ulz</sone><sone id="l15_s6" lk="102" lemma="un" tahendus="ja" ingl="and" liik="Konj">un</sone><sone id="l15_s7" lk="102" lemma="kītõ" tahendus="öelda" ingl="say" liik="V" vorm="nud.sg.">kītən</sone><sone id="l15_s8" lk="102" meta="vahemärk">:</sone><sone id="l15_s9" lk="102" meta="vahemärk">”</sone><sone lk="102" keel="eesti" id="l15_s10" lemma="tuoi" tahendus="teine" ingl="second" liik="ProS" vorm="sg.gen.">tᵘoiz</sone><sone id="l15_s11" lk="102" lemma="ȭ’dõg" tahendus="õhtul" ingl="evening" liik="Adv">ī̮’dəg</sone><sone id="l15_s12" lk="102" lemma="minā" tahendus="mina" ingl="I" liik="ProS" vorm="sg.nom.">ma</sone><sone id="l15_s13" lk="102" lemma="sinā" tahendus="sina" ingl="you" liik="ProS" vorm="sg.instl.">sin’kəks</sone><sone id="l15_s14" lk="102" lemma="labākõl" tahendus="paremini" ingl="better" liik="Adv">labāk</sone><sone id="l15_s15" lk="102" lemma="tī’edõ" tahendus="teha" ingl="do" liik="V" vorm="pers.ind.pr.sg.1.">ti’eb</sone><sone lk="102" keel="eesti" id="l15_s16" meta="vahemärk">.</sone><sone id="l15_s17" lk="102" meta="vahemärk">”</sone></lause><lause id="l16"><sone id="l16_s1" lk="102" lemma="ni" tahendus="nüüd" ingl="now" liik="Adv">ni</sone><sone id="l16_s2" lk="102" lemma="se" tahendus="see" ingl="this" liik="ProS" vorm="sg.nom.">se</sone><sone id="l16_s3" lk="102" lemma="tuoi" tahendus="teine" ingl="second" liik="ProS" vorm="sg.gen.">tᵘoiz</sone><sone id="l16_s4" lk="102" lemma="ȭ’dõn" tahendus="õhtul" ingl="evening" liik="Adv">ī̮’dən</sone><sone id="l16_s5" lk="102" lemma="ki’zzõ" tahendus="küsida" ingl="ask" liik="V" vorm="nud.sg.">ki’zzən</sone><sone id="l16_s6" lk="102" lemma="tegīž" tahendus="taas" ingl="again" liik="Adv">tegīž</sone><sone id="l16_s7" lk="102" lemma="bībõl" tahendus="piibel" ingl="bible" liik="S" vorm="sg.part.">bībəlt</sone><sone id="l16_s8" lk="102" lemma="un" tahendus="ja" ingl="and" liik="Konj">un</sone><sone id="l16_s9" lk="102" lemma="krīț" tahendus="kriit" ingl="chalk" liik="S" vorm="sg.gen.">krīt́</sone><sone id="l16_s10" lk="102" lemma="un" tahendus="ja" ingl="and" liik="Konj">un</sone><sone id="l16_s11" lk="102" lemma="kuolm" tahendus="kolm" ingl="three" liik="Nump" vorm="sg.nom.">kᵘolm</sone><sone id="l16_s12" lk="102" lemma="pē’gõz" tahendus="pähkel" ingl="nut" liik="S" vorm="sg.part.">pē’gəst</sone><sone id="l16_s13" lk="102" lemma="un" tahendus="ja" ingl="and" liik="Konj">un</sone><sone id="l16_s14" lk="102" lemma="la’z" tahendus="las" ingl="let" liik="ModAdv">laz</sone><sone id="l16_s15" lk="102" lemma="vȯtšõ" tahendus="otsida" ingl="search" liik="V" vorm="pers.jus.pr.sg.3.">ve̮tšəg</sone><sone id="l16_s16" lk="102" lemma="kuolm" tahendus="kolm" ingl="three" liik="Nump" vorm="sg.nom.">kᵘolm</sone><sone id="l16_s17" lk="102" lemma="seļļi" tahendus="selline" ingl="this kind of" liik="ProA" vorm="sg.part.">seĺĺist</sone><sone id="l16_s18" lk="102" lemma="ki’v" tahendus="kivi" ingl="stone" liik="S" vorm="sg.part.">kiv’və</sone><sone id="l16_s19" lk="102" meta="vahemärk">,</sone><sone id="l16_s20" lk="102" lemma="ne’i" tahendus="nii" ingl="like" liik="ProAdv">ne</sone><sone id="l16_s21" lk="102" lemma="ka" tahendus="nagu" ingl="like" liik="Konj">ka</sone><sone id="l16_s22" lk="102" meta="vahemärk">[</sone><sone id="l16_s23" lk="102" lemma="pē’gõz" tahendus="pähkel" ingl="nut" liik="S" vorm="pl.nom.">pē’gəst</sone><sone id="l16_s24" lk="102" meta="vahemärk"> &gt;</sone><sone id="l16_s25" lk="102" meta="vahemärk">]</sone><sone id="l16_s26" lk="102" lemma="pē’gõz" tahendus="pähkel" ingl="nut" liik="S" vorm="pl.nom.">pē’gəd</sone><sone id="l16_s27" lk="102" meta="vahemärk">.</sone></lause><lause id="l17"><sone id="l17_s1" lk="102" lemma="un" tahendus="ja" ingl="and" liik="Konj">un</sone><sone id="l17_s2" lk="102" lemma="ni" tahendus="nüüd" ingl="now" liik="Adv">ni</sone><sone id="l17_s3" lk="102" lemma="tegīž" tahendus="taas" ingl="again" liik="Adv">tegīž</sone><sone id="l17_s4" lk="102" lemma="īezõ" tahendus="öösel" ingl="at night" liik="Adv">iezə</sone><sone id="l17_s5" lk="102" lemma="kīela" tahendus="kell" liik="S" vorm="sg.gen.">kiela</sone><sone id="l17_s6" lk="102" lemma="kakš+tuoistõn" tahendus="kaksteist" ingl="twelve" liik="Nump" vorm="sg.instl.">kå̄’d-tᵘoistənəks</sone><sone id="l17_s7" lk="102" lemma="īekõ" tahendus="hüpata" ingl="jump" liik="V" vorm="pers.ind.pr.sg.3.">iekəb</sone><sone id="l17_s8" lk="102" lemma="tegīž" tahendus="taas" ingl="again" liik="Adv">tegīž</sone><sone id="l17_s9" lk="102" lemma="ikš" tahendus="üks" ingl="one" liik="ProS" vorm="sg.nom.">ikš</sone><sone id="l17_s10" lk="102" lemma="si’ņņi" tahendus="sinine" ingl="blue" liik="A" vorm="sg.nom.">siń’ńi</sone><sone id="l17_s11" lk="102" lemma="mīez" tahendus="mees" ingl="man" liik="S" vorm="sg.nom.">miez</sone><sone id="l17_s12" lk="102" lemma="sillõ" tahendus="sisse" ingl="inside" liik="Adv">sil’lə</sone><sone id="l17_s13" lk="102" lemma="un" tahendus="ja" ingl="and" liik="Konj">un</sone><sone id="l17_s14" lk="102" lemma="kītõ" tahendus="öelda" ingl="say" liik="V" vorm="pers.ind.pr.sg.3.">kītəb</sone><sone id="l17_s15" lk="102" meta="vahemärk">:</sone><sone id="l17_s16" lk="102" meta="vahemärk">”</sone><sone lk="102" keel="eesti" id="l17_s17" lemma="jõvā" tahendus="hea" ingl="good" liik="A" vorm="sg.part.">ji̮v’</sone><sone id="l17_s18" lk="102" lemma="ȭ’dõg" tahendus="õhtu" ingl="evening" liik="S" vorm="sg.part.">ī̮’dəkt</sone><sone id="l17_s19" lk="102" meta="vahemärk">,</sone><sone id="l17_s20" lk="102">varšou</sone><sone id="l17_s21" lk="102" lemma="doktār" tahendus="doktor" ingl="doctor" liik="S" vorm="sg.nom.">doktār</sone><sone id="l17_s22" lk="102" meta="vahemärk">,</sone><sone id="l17_s23" lk="102" lemma="mis" tahendus="mis" ingl="what" liik="Intr" vorm="sg.nom.">mis</sone><sone id="l17_s24" lk="102" lemma="sinā" tahendus="sina" ingl="you" liik="ProS" vorm="sg.nom.">sa</sone><sone id="l17_s25" lk="102" lemma="sī’ḑš" tahendus="siin" ingl="here" liik="ProAdv">sī’t́š</sone><sone id="l17_s26" lk="102" lemma="tī’edõ" tahendus="teha" ingl="do" liik="V" vorm="pers.ind.pr.sg.2.">ti’ed</sone><sone lk="102" keel="eesti" id="l17_s27" meta="vahemärk">?</sone><sone id="l17_s28" lk="102" meta="vahemärk">”</sone></lause><lause id="l18"><sone id="l18_s1" lk="102" meta="vahemärk">”</sone><sone lk="102" keel="eesti" id="l18_s2" lemma="pallõ" tahendus="paluda" ingl="pray" liik="V" vorm="pers.ind.pr.sg.1.">på̄lab</sone><sone id="l18_s3" lk="102" lemma="jumāl" tahendus="jumal" ingl="God" liik="S" vorm="sg.part.">jumālt</sone><sone id="l18_s4" lk="102" lemma="un" tahendus="ja" ingl="and" liik="Konj">un</sone><sone id="l18_s5" lk="102" lemma="vannõ" tahendus="needa" ingl="curse" liik="V" vorm="pers.ind.pr.sg.1.">vå̄nəb</sone><sone id="l18_s6" lk="102" lemma="kuŗē" tahendus="kurat" ingl="devil" liik="S" vorm="sg.el.">kurēst</sone><sone lk="102" keel="eesti" id="l18_s7" meta="vahemärk">.</sone><sone id="l18_s8" lk="102" meta="vahemärk">”</sone></lause><lause id="l19"><sone id="l19_s1" lk="102" lemma="ni" tahendus="nüüd" ingl="now" liik="Adv">ni</sone><sone id="l19_s2" lk="102">nu’o+siĺgən</sone><sone id="l19_s3" lk="102" lemma="un" tahendus="ja" ingl="and" liik="Konj">un</sone><sone id="l19_s4" lk="102" lemma="kītõ" tahendus="öelda" ingl="say" liik="V" vorm="nud.sg.">kītən</sone><sone id="l19_s5" lk="102" meta="vahemärk">:</sone><sone id="l19_s6" lk="102" meta="vahemärk">”</sone><sone lk="102" keel="eesti" id="l19_s7" lemma="kis" tahendus="kes" ingl="who" liik="Intr" vorm="sg.nom.">kis</sone><sone id="l19_s8" lk="102" lemma="ne’i" tahendus="nii" ingl="so" liik="ProAdv">nei’</sone><sone id="l19_s9" lk="102" lemma="tī’edõ" tahendus="teha" ingl="do" liik="V" vorm="pers.ind.pr.sg.3.">ti’eb</sone><sone lk="102" keel="eesti" id="l19_s10" meta="vahemärk">?</sone><sone id="l19_s11" lk="102" meta="vahemärk">”</sone></lause><lause id="l20"><sone id="l20_s1" lk="102" lemma="tämā" tahendus="tema" ingl="he, she" liik="ProS" vorm="sg.nom.">ta</sone><sone lk="102" keel="eesti" id="l20_s2" meta="vahemärk">=</sone><sone lk="102" keel="eesti" id="l20_s3" lemma="vȱlda" tahendus="olla" ingl="be" liik="Va" vorm="pers.ind.pr.sg.3.">m’</sone><sone id="l20_s4" lk="102" lemma="kītõ" tahendus="öelda" ingl="say" liik="V" vorm="nud.sg.">kītən</sone><sone id="l20_s5" lk="102" meta="vahemärk">:</sone><sone id="l20_s6" lk="102" meta="vahemärk">”</sone><sone lk="102" keel="eesti" id="l20_s7" lemma="lǟ’dõ" tahendus="minna" ingl="go" liik="V" vorm="pers.ind.pr.pl.1.">lǟ’m</sone><sone id="l20_s8" lk="102" lemma="pē’gõz" tahendus="pähkel" ingl="nut" liik="S" vorm="pl.part.">pē’gidi</sone><sone id="l20_s9" lk="102" lemma="jamstõ" tahendus="hammustada" liik="V" vorm="sup.">jāmstam</sone><sone id="l20_s10" lk="102" meta="vahemärk">,</sone><sone id="l20_s11" lk="102" lemma="bet" tahendus="aga" ingl="but" liik="Konj">bet</sone><sone id="l20_s12" lk="102" lemma="kis" tahendus="kes" ingl="who" liik="Intr" vorm="sg.dat.">kien</sone><sone id="l20_s13" lk="102" lemma="kuolm" tahendus="kolm" ingl="three" liik="Nump" vorm="sg.nom.">kᵘolm</sone><sone id="l20_s14" lk="102" lemma="kõrd" tahendus="kord" ingl="time" liik="Adv">ki̮rd</sone><sone id="l20_s15" lk="102" lemma="sigā" tahendus="siga" ingl="pig" liik="S" vorm="pl.nom.">sigād</sone><sone id="l20_s16" lk="102" meta="vahemärk">,</sone><sone id="l20_s17" lk="102" lemma="se" tahendus="see" ingl="this" liik="ProS" vorm="sg.dat.">sien</sone><sone id="l20_s18" lk="102" lemma="plik" tahendus="laks" ingl="slap" liik="V" vorm="sg.nom.">plik</sone><sone id="l20_s19" lk="102" lemma="i’ļ" tahendus="vastu" ingl="against" liik="Pre">iĺ’</sone><sone id="l20_s20" lk="102" lemma="kūora" tahendus="kõrv" ingl="ear" liik="S" vorm="sg.gen.">kuora</sone><sone lk="102" keel="eesti" id="l20_s21" meta="vahemärk">.</sone><sone id="l20_s22" lk="102" meta="vahemärk">”</sone></lause><lause id="l21"><sone id="l21_s1" lk="102" lemma="un" tahendus="ja" ingl="and" liik="Konj">un</sone><sone id="l21_s2" lk="102" lemma="ni" tahendus="nüüd" ingl="now" liik="Adv">ni</sone><sone id="l21_s3" lk="102" lemma="se" tahendus="see" ingl="this" liik="ProS" vorm="sg.nom.">se</sone><sone id="l21_s4" lk="102" lemma="pȯis" tahendus="sulane" ingl="farmhand" liik="S" vorm="sg.nom.">pᵘe̮is</sone><sone id="l21_s5" lk="102" lemma="vȱlda" tahendus="olla" ingl="be" liik="Va" vorm="pers.ind.pr.sg.3.">um’</sone><sone id="l21_s6" lk="102">nu’o+jamstən</sone><sone id="l21_s7" lk="102" lemma="ne" tahendus="need" ingl="these" liik="ProS" vorm="pl.nom.">ne</sone><sone id="l21_s8" lk="102" lemma="kuolm" tahendus="kolm" ingl="three" liik="Nump" vorm="sg.nom.">kᵘolm</sone><sone id="l21_s9" lk="102" lemma="pē’gõz" tahendus="pähkel" ingl="nut" liik="S" vorm="sg.part.">pē’gəst</sone><sone id="l21_s10" lk="102" lemma="un" tahendus="ja" ingl="and" liik="Konj">un</sone><sone id="l21_s11" lk="102" lemma="se" tahendus="see" ingl="this" liik="ProS" vorm="sg.nom.">se</sone><sone id="l21_s12" lk="102" lemma="kuŗē" tahendus="kurat" ingl="devil" liik="S" vorm="sg.nom.">kurē</sone><sone id="l21_s13" lk="102" lemma="ä’b" tahendus="ei" ingl="not" liik="Mn" vorm="pr.sg.3.">äb</sone><sone id="l21_s14" lk="102" lemma="vȱlda" tahendus="olla" ingl="be" liik="Va" vorm="pers.ind.sg.3.neg.">uo</sone><sone id="l21_s15" lk="102" lemma="mit+ikš" tahendus="mitte ükski" ingl="none" liik="ProS" vorm="sg.part.">mit+ī’tə</sone><sone id="l21_s16" lk="102">nu’o+jamstən</sone><sone id="l21_s17" lk="102" meta="vahemärk">.</sone></lause><lause id="l22"><sone id="l22_s1" lk="102" lemma="bet" tahendus="aga" ingl="but" liik="Konj">bet</sone><sone id="l22_s2" lk="102" lemma="ni" tahendus="nüüd" ingl="now" liik="Adv">ni</sone><sone id="l22_s3" lk="102" lemma="tämā" tahendus="tema" ingl="he, she" liik="ProS" vorm="sg.nom.">ta</sone><sone lk="102" keel="eesti" id="l22_s4" meta="vahemärk">=</sone><sone lk="102" keel="eesti" id="l22_s5" lemma="vȱlda" tahendus="olla" ingl="be" liik="Va" vorm="pers.ind.pr.sg.3.">m’</sone><sone id="l22_s6" lk="102" lemma="ra’dļõ" tahendus="raiuda" ingl="chop" liik="V" vorm="nud.sg.">ra’dĺən</sone><sone id="l22_s7" lk="102" lemma="tegīž" tahendus="taas" ingl="again" liik="Adv">tegīž</sone><sone id="l22_s8" lk="102" lemma="se" tahendus="see" ingl="this" liik="ProS" vorm="sg.gen.">sie</sone><sone id="l22_s9" lk="102" lemma="kuŗē" tahendus="kurat" ingl="devil" liik="S" vorm="sg.dat.">kurēn</sone><sone id="l22_s10" lk="102" lemma="pǟ" tahendus="pea" ingl="head" liik="S" vorm="sg.gen.">pǟ</sone><sone id="l22_s11" lk="102" lemma="jarā" tahendus="ära" ingl="away" liik="Adva">jarā</sone><sone id="l22_s12" lk="102" meta="vahemärk">.</sone></lause><lause id="l23"><sone id="l23_s1" lk="102" lemma="bet" tahendus="aga" ingl="but" liik="Konj">bet</sone><sone id="l23_s2" lk="102" lemma="ni" tahendus="nüüd" ingl="now" liik="Adv">ni</sone><sone id="l23_s3" lk="102" lemma="se" tahendus="see" ingl="this" liik="ProS" vorm="sg.nom.">se</sone><sone id="l23_s4" lk="102" lemma="kuŗē" tahendus="kurat" ingl="devil" liik="S" vorm="sg.nom.">kurē</sone><sone id="l23_s5" lk="102" lemma="kītõ" tahendus="öelda" ingl="say" liik="V" vorm="pers.ind.pr.sg.3.">kītəb</sone><sone id="l23_s6" lk="102" meta="vahemärk">:</sone><sone id="l23_s7" lk="102" meta="vahemärk">”</sone><sone lk="102" keel="eesti" id="l23_s8" lemma="kuolmõz" tahendus="kolmas" ingl="third" liik="Numj" vorm="sg.nom.">kᵘolməz</sone><sone id="l23_s9" lk="102" lemma="ȭ’dõg" tahendus="õhtul" ingl="evening" liik="Adv">ī̮’dəg</sone><sone id="l23_s10" lk="102" lemma="minā" tahendus="mina" ingl="I" liik="ProS" vorm="sg.nom.">ma</sone><sone id="l23_s11" lk="102" lemma="sinā" tahendus="sina" ingl="you" liik="ProS" vorm="sg.dat.">sin’nən</sone><sone id="l23_s12" lk="102" lemma="ve’l" tahendus="veel" ingl="more" liik="ModAdv">vel</sone><sone id="l23_s13" lk="102">jo</sone><sone id="l23_s14" lk="102">labākəm</sone><sone id="l23_s15" lk="102" lemma="tī’edõ" tahendus="teha" ingl="do" liik="V" vorm="pers.ind.pr.sg.1.">ti’eb</sone><sone lk="102" keel="eesti" id="l23_s16" meta="vahemärk">.</sone><sone id="l23_s17" lk="102" meta="vahemärk">”</sone></lause><lause id="l24"><sone id="l24_s1" lk="102" lemma="ni" tahendus="nüüd" ingl="now" liik="Adv">ni</sone><sone id="l24_s2" lk="102" lemma="tämā" tahendus="tema" ingl="he, she" liik="ProS" vorm="sg.nom.">ta</sone><sone lk="102" keel="eesti" id="l24_s3" meta="vahemärk">=</sone><sone lk="102" keel="eesti" id="l24_s4" lemma="vȱlda" tahendus="olla" ingl="be" liik="Va" vorm="pers.ind.pr.sg.3.">m’</sone><sone id="l24_s5" lk="102" lemma="mõtlõ" tahendus="mõelda" ingl="think" liik="V" vorm="nud.sg.">mi̮tlən</sone><sone id="l24_s6" lk="102" meta="vahemärk">,</sone><sone id="l24_s7" lk="102" lemma="mis" tahendus="mis" ingl="what" liik="Intr" vorm="sg.nom.">mis</sone><sone id="l24_s8" lk="102" lemma="tämā" tahendus="tema" ingl="he, she" liik="ProS" vorm="sg.nom.">ta</sone><sone id="l24_s9" lk="102" lemma="ni" tahendus="nüüd" ingl="now" liik="Adv">ni</sone><sone id="l24_s10" lk="102" lemma="la’z" tahendus="las" ingl="let" liik="ModAdv">las</sone><sone id="l24_s11" lk="102" lemma="tī’edõ" tahendus="teha" ingl="do" liik="V" vorm="pers.jus.pr.sg.3.">tieg</sone><sone id="l24_s12" lk="102" meta="vahemärk">.</sone></lause><lause id="l25"><sone id="l25_s1" lk="102" lemma="ni" tahendus="nüüd" ingl="now" liik="Adv">ni</sone><sone id="l25_s2" lk="102" lemma="tämā" tahendus="tema" ingl="he, she" liik="ProS" vorm="sg.nom.">ta</sone><sone lk="102" keel="eesti" id="l25_s3" meta="vahemärk">=</sone><sone lk="102" keel="eesti" id="l25_s4" lemma="vȱlda" tahendus="olla" ingl="be" liik="Va" vorm="pers.ind.pr.sg.3.">m’</sone><sone id="l25_s5" lk="102" lemma="pānda" tahendus="käskida" ingl="order" liik="V" vorm="nud.sg.">pand</sone><sone id="l25_s6" lk="102" lemma="kaļāj" tahendus="sepp" ingl="smith" liik="S" vorm="sg.dat.">kalājən</sone><sone id="l25_s7" lk="102">nu’o+tagām</sone><sone id="l25_s8" lk="102" lemma="roudi" tahendus="raudne" ingl="iron" liik="A" vorm="pl.nom.">roudist</sone><sone id="l25_s9" lk="102" lemma="pīk" tahendus="piik" ingl="spike" liik="S" vorm="pl.nom." kommentaar="?">pīkəd</sone><sone id="l25_s10" lk="102" lemma="ukš" tahendus="uks" ingl="door" liik="S" vorm="sg.ill.">uksəz</sone><sone id="l25_s11" lk="102" lemma="un" tahendus="ja" ingl="and" liik="Konj">un</sone><sone id="l25_s12" lk="102" lemma="ne’i" tahendus="nii" ingl="so" liik="ProAdv">ne</sone><sone id="l25_s13" lk="102" lemma="ka" tahendus="nagu" ingl="when" liik="Konj">ka</sone><sone id="l25_s14" lk="102" lemma="tämā" tahendus="tema" ingl="he, she" liik="ProS" vorm="sg.nom.">ta</sone><sone id="l25_s15" lk="102" lemma="ni" tahendus="nüüd" ingl="now" liik="Adv">ni</sone><sone lk="102" keel="eesti" id="l25_s16" meta="vahemärk">=</sone><sone lk="102" keel="eesti" id="l25_s17" lemma="vȱlda" tahendus="olla" ingl="be" liik="Va" vorm="pers.ind.pr.sg.3.">m’</sone><sone id="l25_s18" lk="102" lemma="a’ilõ" tahendus="joosta" ingl="run" liik="V" vorm="nud.sg.">ai’lən</sone><sone id="l25_s19" lk="102" meta="vahemärk">,</sone><sone id="l25_s20" lk="102" lemma="se" tahendus="see" ingl="this" liik="ProS" vorm="sg.nom.">se</sone><sone id="l25_s21" lk="102" lemma="kuŗē" tahendus="kurat" ingl="devil" liik="S" vorm="sg.nom.">kurē</sone><sone id="l25_s22" lk="102" meta="vahemärk">,</sone><sone id="l25_s23" lk="102" lemma="ne’i" tahendus="nii" ingl="so" liik="ProAdv">nei’</sone><sone id="l25_s24" lk="102" lemma="īedõ" tahendus="jääda" ingl="stay" liik="V" vorm="nud.sg.">iend</sone><sone id="l25_s25" lk="102" lemma="ne" tahendus="need" ingl="these" liik="ProS" vorm="pl.ill.">nēži</sone><sone id="l25_s26" lk="102" lemma="pīk" tahendus="piik" ingl="spike" liik="S" vorm="pl.ill.">pīkəži</sone><sone id="l25_s27" lk="102" lemma="sillõ" tahendus="sisse" ingl="inside" liik="Adv">sil’lə</sone><sone id="l25_s28" lk="102" meta="vahemärk">.</sone></lause><lause id="l26"><sone id="l26_s1" lk="102" lemma="sǟ’l" tahendus="seal" ingl="there" liik="ProAdv">sǟ’l</sone><sone id="l26_s2" lk="102" lemma="vȱlda" tahendus="olla" ingl="be" liik="Va" vorm="pers.ind.pr.sg.3.">um’</sone><sone id="l26_s3" lk="102" lemma="vȱlda" tahendus="olla" ingl="be" liik="V" vorm="nud.sg.">ve̮nd</sone><sone id="l26_s4" lk="102" lemma="ikš" tahendus="üks" ingl="one" liik="ProS" vorm="sg.nom.">ikš</sone><sone id="l26_s5" lk="102" lemma="vanā" tahendus="vana" ingl="old" liik="A" vorm="sg.nom.">vanā</sone><sone id="l26_s6" lk="102" lemma="mīez" tahendus="mees" ingl="man" liik="S" vorm="sg.nom.">miez</sone><sone id="l26_s7" lk="102" meta="vahemärk">,</sone><sone id="l26_s8" lk="102" lemma="kis" tahendus="kes" ingl="who" liik="Intr" vorm="sg.nom.">kis</sone><sone id="l26_s9" lk="102" lemma="vȱlda" tahendus="olla" ingl="be" liik="Va" vorm="pers.ind.pr.sg.3.">um’</sone><sone id="l26_s10" lk="102" lemma="võidõ" tahendus="võida" ingl="can" liik="V" vorm="nud.sg.">vi̮ind</sone><sone id="l26_s11" lk="102" lemma="dikțõ" tahendus="tugevasti" ingl="hard" liik="Adv">dikt́ə</sone><sone id="l26_s12" lk="102" lemma="ra’bbõ" tahendus="lüüa" ingl="hit" liik="V" vorm="inf.">ra’bbə</sone><sone id="l26_s13" lk="102" meta="vahemärk">.</sone></lause><lause id="l27"><sone id="l27_s1" lk="103" lemma="un" tahendus="ja" ingl="and" liik="Konj">un</sone><sone id="l27_s2" lk="103" lemma="ni" tahendus="nüüd" ingl="now" liik="Adv">ni</sone><sone id="l27_s3" lk="103" lemma="ne" tahendus="nemad" ingl="they" liik="ProS" vorm="pl.nom.">ne</sone><sone id="l27_s4" lk="103" lemma="vȱlda" tahendus="olla" ingl="be" liik="Va" vorm="pers.ind.pr.pl.3.">a’dt</sone><sone id="l27_s5" lk="103" lemma="seņtš" tahendus="seni" ingl="as long" liik="ProAdv">seńt́š</sone><sone id="l27_s6" lk="103" lemma="kōgiņ" tahendus="kaua" liik="Adv">kōgin</sone><sone id="l27_s7" lk="103" lemma="ra’bbõ" tahendus="lüüa" ingl="hit" liik="V" vorm="nud.pl.">ra’bbənd</sone><sone id="l27_s8" lk="103" lemma="se" tahendus="see" ingl="this" liik="ProS" vorm="sg.part.">sⁱedā</sone><sone id="l27_s9" lk="103" lemma="kuŗē" tahendus="kurat" ingl="devil" liik="S" vorm="sg.part.">kurēst</sone><sone id="l27_s10" lk="103" meta="vahemärk">,</sone><sone id="l27_s11" lk="103" lemma="ku" tahendus="et" ingl="that" liik="Konj">ku</sone><sone id="l27_s12" lk="103" lemma="kuŗē" tahendus="kurat" ingl="devil" liik="S" vorm="sg.nom.">kurē</sone><sone id="l27_s13" lk="103" lemma="ni" tahendus="nüüd" ingl="now" liik="Adv">ni</sone><sone lk="103" keel="eesti" id="l27_s14" meta="vahemärk">=</sone><sone lk="103" keel="eesti" id="l27_s15" lemma="vȱlda" tahendus="olla" ingl="be" liik="Va" vorm="pers.ind.pr.sg.3.">m’</sone><sone id="l27_s16" lk="103" lemma="pallõ" tahendus="paluda" ingl="beg" liik="V" vorm="nud.sg.">pallən</sone><sone id="l27_s17" lk="103" meta="vahemärk">,</sone><sone id="l27_s18" lk="103" lemma="la’z" tahendus="las" ingl="let" liik="ModAdv">laz</sone><sone id="l27_s19" lk="103" lemma="laskõ" tahendus="lasta" ingl="let" liik="V" vorm="pers.jus.pr.sg.3.">laskəg</sone><sone id="l27_s20" lk="103" lemma="tämā" tahendus="tema" ingl="he, she" liik="ProS" vorm="sg.gen.">täm’</sone><sone id="l27_s21" lk="103" lemma="vāldiņ" tahendus="lahti" ingl="open" liik="Adva">vāldiń</sone><sone id="l27_s22" lk="103" meta="vahemärk">,</sone><sone id="l27_s23" lk="103" lemma="tämā" tahendus="tema" ingl="he, she" liik="ProS" vorm="sg.nom.">ta</sone><sone id="l27_s24" lk="103" lemma="jemīņ" tahendus="rohkem" ingl="anymore" liik="Adv">je̮mīń</sone><sone id="l27_s25" lk="103" lemma="ä’b" tahendus="ei" ingl="not" liik="Mn" vorm="pr.sg.3.">äb</sone><sone id="l27_s26" lk="103" lemma="tūlda" tahendus="tulla" ingl="come" liik="V" vorm="pers.ind.sg.3.neg.">tul’</sone><sone id="l27_s27" lk="103" meta="vahemärk">.</sone></lause><lause id="l28"><sone id="l28_s1" lk="103" lemma="un" tahendus="ja" ingl="and" liik="Konj">un</sone><sone id="l28_s2" lk="103" lemma="ni" tahendus="nüüd" ingl="now" liik="Adv">ni</sone><sone id="l28_s3" lk="103" lemma="se" tahendus="see" ingl="this" liik="ProS" vorm="sg.nom.">se</sone><sone id="l28_s4" lk="103" lemma="izānd" tahendus="isand" ingl="master" liik="S" vorm="sg.nom.">izānd</sone><sone id="l28_s5" lk="103" lemma="tämā" tahendus="tema" ingl="he, she" liik="ProS" vorm="sg.dat.">täm’mən</sone><sone id="l28_s6" lk="103" lemma="andõ" tahendus="anda" ingl="give" liik="V" vorm="nud.sg.">andən</sone><sone id="l28_s7" lk="103" lemma="kakš" tahendus="kaks" ingl="two" liik="Nump" vorm="sg.nom.">kakš</sone><sone id="l28_s8" lk="103" lemma="sūr" tahendus="suur" ingl="big" liik="A" vorm="sg.part.">sūrd</sone><sone id="l28_s9" lk="103" lemma="i’bbi" tahendus="hobune" ingl="horse" liik="S" vorm="sg.part.">i̮bīst</sone><sone id="l28_s10" lk="103" lemma="un" tahendus="ja" ingl="and" liik="Konj">un</sone><sone id="l28_s11" lk="103" lemma="rattõd" tahendus="vanker" ingl="cart" liik="S" vorm="pl.gen.">rattəd</sone><sone id="l28_s12" lk="103" meta="vahemärk">.</sone></lause><lause id="l29"><sone id="l29_s1" lk="103" lemma="un" tahendus="ja" ingl="and" liik="Konj">un</sone><sone id="l29_s2" lk="103" lemma="ni" tahendus="nüüd" ingl="now" liik="Adv">ni</sone><sone id="l29_s3" lk="103" lemma="tämā" tahendus="tema" ingl="he, she" liik="ProS" vorm="sg.nom.">ta</sone><sone lk="103" keel="eesti" id="l29_s4" meta="vahemärk">=</sone><sone lk="103" keel="eesti" id="l29_s5" lemma="vȱlda" tahendus="olla" ingl="be" liik="Va" vorm="pers.ind.pr.sg.3.">m’</sone><sone id="l29_s6" lk="103" lemma="bro’utšõ" tahendus="sõita" ingl="drive" liik="V" vorm="nud.sg.">brou’tšən</sone><sone id="l29_s7" lk="103" lemma="ikš" tahendus="üks" ingl="one" liik="ProS" vorm="sg.gen.">ī’d</sone><sone id="l29_s8" lk="103">šeŋk</sone><sone id="l29_s9" lk="103" lemma="jū’rõ" tahendus="juurde" ingl="to" liik="Post">jū’r</sone><sone id="l29_s10" lk="103" lemma="un" tahendus="ja" ingl="and" liik="Konj">un</sone><sone id="l29_s11" lk="103" lemma="sǟ’l" tahendus="seal" ingl="there" liik="ProAdv">sǟ’l</sone><sone id="l29_s12" lk="103" lemma="riek" tahendus="tee" ingl="road" liik="S" vorm="sg.gen.">rek</sone><sone id="l29_s13" lk="103" lemma="pǟl" tahendus="peal" ingl="on" liik="Post">pǟl</sone><sone id="l29_s14" lk="103" lemma="vȱlda" tahendus="olla" ingl="be" liik="V" vorm="nud.sg.">ve̮nd</sone><sone id="l29_s15" lk="103" lemma="ikš" tahendus="üks" ingl="one" liik="ProS" vorm="sg.nom.">ikš</sone><sone id="l29_s16" lk="103" lemma="saņț" tahendus="sant" ingl="cripple" liik="S" vorm="sg.nom.">sańt</sone><sone id="l29_s17" lk="103" lemma="un" tahendus="ja" ingl="and" liik="Konj">un</sone><sone id="l29_s18" lk="103" lemma="se" tahendus="see" ingl="this" liik="ProS" vorm="sg.nom.">se</sone><sone id="l29_s19" lk="103" lemma="saņț" tahendus="sant" ingl="cripple" liik="S" vorm="sg.nom.">sańt</sone><sone id="l29_s20" lk="103" lemma="vȱlda" tahendus="olla" ingl="be" liik="Va" vorm="pers.ind.pr.sg.3.">um’</sone><sone id="l29_s21" lk="103" lemma="ki’zzõ" tahendus="küsida" ingl="ask" liik="V" vorm="nud.sg.">ki’zzən</sone><sone id="l29_s22" lk="103" meta="vahemärk">,</sone><sone id="l29_s23" lk="103" lemma="la’z" tahendus="las" ingl="let" liik="ModAdv">laz</sone><sone id="l29_s24" lk="103" lemma="võttõ" tahendus="võtta" ingl="take" liik="V" vorm="pers.jus.pr.sg.3.">vi̮tāg</sone><sone id="l29_s25" lk="103" lemma="tämā" tahendus="tema" ingl="he, she" liik="ProS" vorm="sg.part.">tǟnda</sone><sone id="l29_s26" lk="103" lemma="ka" tahendus="ka" ingl="also" liik="ModAdv">ka</sone><sone id="l29_s27" lk="103" lemma="pǟlõ" tahendus="peale" ingl="on" liik="Adva" kommentaar="?">pǟlə</sone><sone id="l29_s28" lk="103" meta="vahemärk">.</sone></lause><lause id="l30"><sone id="l30_s1" lk="103" lemma="tämā" tahendus="tema" ingl="he, she" liik="ProS" vorm="sg.nom.">ta</sone><sone id="l30_s2" lk="103" lemma="kītõ" tahendus="öelda" ingl="say" liik="V" vorm="nud.sg.">kītən</sone><sone id="l30_s3" lk="103" meta="vahemärk">:</sone><sone id="l30_s4" lk="103" meta="vahemärk">”</sone><sone lk="103" keel="eesti" id="l30_s5" lemma="minā" tahendus="mina" ingl="I" liik="ProS" vorm="sg.nom.">ma</sone><sone id="l30_s6" lk="103" lemma="sinā" tahendus="sina" ingl="you" liik="ProS" vorm="sg.part.">sīnda</sone><sone id="l30_s7" lk="103" lemma="lǟ’dõ" tahendus="minna" ingl="go" liik="V" vorm="pers.ind.pr.sg.1.">lǟ’b</sone><sone id="l30_s8" lk="103" lemma="pǟlõ" tahendus="peale" ingl="on" liik="Adva" kommentaar="?">pǟlə</sone><sone id="l30_s9" lk="103" lemma="võttõ" tahendus="võtta" ingl="take" liik="V" vorm="sup.">vi̮tām</sone><sone lk="103" keel="eesti" id="l30_s10" meta="vahemärk">.</sone><sone id="l30_s11" lk="103" meta="vahemärk">”</sone></lause><lause id="l31"><sone id="l31_s1" lk="103" lemma="un" tahendus="ja" ingl="and" liik="Konj">un</sone><sone id="l31_s2" lk="103" lemma="ni" tahendus="nüüd" ingl="now" liik="Adv">ni</sone><sone id="l31_s3" lk="103" lemma="tämā" tahendus="tema" ingl="he, she" liik="ProS" vorm="sg.nom.">ta</sone><sone lk="103" keel="eesti" id="l31_s4" meta="vahemärk">=</sone><sone lk="103" keel="eesti" id="l31_s5" lemma="vȱlda" tahendus="olla" ingl="be" liik="Va" vorm="pers.ind.pr.sg.3.">m’</sone><sone id="l31_s6" lk="103" lemma="kītõ" tahendus="öelda" ingl="say" liik="V" vorm="nud.sg.">kītən</sone><sone id="l31_s7" lk="103" meta="vahemärk">:</sone><sone id="l31_s8" lk="103" meta="vahemärk">”</sone><sone lk="103" keel="eesti" id="l31_s9" lemma="ku" tahendus="kui" ingl="when" liik="Konj">ku</sone><sone id="l31_s10" lk="103" lemma="sinā" tahendus="sina" ingl="you" liik="ProS" vorm="sg.nom.">sa</sone><sone id="l31_s11" lk="103" lemma="bro’utšõ" tahendus="sõita" ingl="drive" liik="V" vorm="pers.ind.pr.sg.2.">brou’tšəd</sone><sone id="l31_s12" lk="103" lemma="sǟ’l" tahendus="seal" ingl="there" liik="ProAdv">sǟ’l</sone><sone id="l31_s13" lk="103" meta="vahemärk">,</sone><sone id="l31_s14" lk="103" lemma="sinā" tahendus="sina" ingl="you" liik="ProS" vorm="sg.gen.">sin</sone><sone id="l31_s15" lk="103" lemma="i’bbi" tahendus="hobune" ingl="horse" liik="S" vorm="sg.nom.">i̮’bbist</sone><sone id="l31_s16" lk="103" lemma="īedõ" tahendus="jääda" ingl="become" liik="V" vorm="pers.ind.pr.pl.3.">iebəd</sone><sone id="l31_s17" lk="103" lemma="rujā" tahendus="haige" ingl="ill" liik="A" vorm="sg.tr.">rujāks</sone><sone id="l31_s18" lk="103" lemma="un" tahendus="ja" ingl="and" liik="Konj">un</sone><sone id="l31_s19" lk="103" lemma="ä’b" tahendus="ei" ingl="not" liik="Mn" vorm="pr.pl.3.">äb</sone><sone id="l31_s20" lk="103" lemma="sīedõ" tahendus="süüa" ingl="eat" liik="V" vorm="pers.ind.pl.3.neg.">siet</sone><sone id="l31_s21" lk="103" lemma="jemīņ" tahendus="enam" ingl="anymore" liik="Adv">je̮mīń</sone><sone lk="103" keel="eesti" id="l31_s22" meta="vahemärk">.</sone><sone id="l31_s23" lk="103" meta="vahemärk">”</sone></lause><lause id="l32"><sone id="l32_s1" lk="103" lemma="un" tahendus="ja" ingl="and" liik="Konj">un</sone><sone id="l32_s2" lk="103" lemma="ni" tahendus="nüüd" ingl="now" liik="Adv">ni</sone><sone id="l32_s3" lk="103" lemma="sǟ’l" tahendus="seal" ingl="there" liik="ProAdv">sǟ’l</sone><sone id="l32_s4" lk="103">šeŋks</sone><sone id="l32_s5" lk="103" lemma="vȱlda" tahendus="olla" ingl="be" liik="Va" vorm="pers.ind.pr.sg.3.">um</sone><sone id="l32_s6" lk="103" lemma="vȱlda" tahendus="olla" ingl="be" liik="V" vorm="nud.sg.">ve̮nd</sone><sone id="l32_s7" lk="103" lemma="ikš" tahendus="üks" ingl="one" liik="ProS" vorm="sg.nom.">ikš</sone><sone id="l32_s8" lk="103" lemma="vanā" tahendus="vana" ingl="old" liik="A" vorm="sg.nom.">vanā</sone><sone id="l32_s9" lk="103" lemma="mīez" tahendus="mees" ingl="man" liik="S" vorm="sg.nom.">miez</sone><sone id="l32_s10" lk="103" meta="vahemärk">,</sone><sone id="l32_s11" lk="103" lemma="kītõ" tahendus="öelda" ingl="say" liik="V" vorm="nud.sg.">kītən</sone><sone id="l32_s12" lk="103" meta="vahemärk">:</sone><sone id="l32_s13" lk="103" meta="vahemärk">”</sone><sone lk="103" keel="eesti" id="l32_s14" lemma="või" tahendus="kas" ingl="whether" liik="Intr">ve̮i</sone><sone id="l32_s15" lk="103" meta="vahemärk">[</sone><sone id="l32_s16" lk="103" meta="kommentaar">vi̮</sone><sone id="l32_s17" lk="103" meta="vahemärk">]</sone><sone id="l32_s18" lk="103" lemma="sinā" tahendus="sina" ingl="you" liik="ProS" vorm="sg.nom.">sa</sone><sone id="l32_s19" lk="103" lemma="tǭ’dõ" tahendus="tahta" ingl="want" liik="V" vorm="pers.ind.pr.sg.2.">tå̄’d</sone><sone id="l32_s20" lk="103" lemma="nǟ’dõ" tahendus="näha" ingl="see" liik="V" vorm="inf.">nǟ’də</sone><sone id="l32_s21" lk="103" meta="vahemärk">,</sone><sone id="l32_s22" lk="103" lemma="ku" ingl="that" liik="Konj" tahendus="et">ku</sone><sone id="l32_s23" lk="103" lemma="ne" tahendus="need" ingl="these" liik="ProS" vorm="pl.nom.">ne</sone><sone id="l32_s24" lk="103" lemma="i’bbi" tahendus="hobune" ingl="horse" liik="S" vorm="pl.nom.">i̮’bbist</sone><sone id="l32_s25" lk="103" lemma="tegīž" tahendus="taas" ingl="again" liik="Adv">tegīž</sone><sone id="l32_s26" lk="103" lemma="sīedõ" tahendus="süüa" ingl="eat" liik="V" vorm="pers.ind.pr.pl.3.">siebəd</sone><sone id="l32_s27" lk="103" lemma="un" tahendus="ja" ingl="and" liik="Konj">un</sone><sone id="l32_s28" lk="103" lemma="lǟ’dõ" tahendus="minna" ingl="go" liik="V" vorm="pers.ind.pr.pl.3.">lǟ’bəd</sone><sone lk="103" keel="eesti" id="l32_s29" meta="vahemärk">.</sone><sone id="l32_s30" lk="103" meta="vahemärk">”</sone></lause><lause id="l33"><sone id="l33_s1" lk="103" lemma="vanā" tahendus="vana" ingl="old" liik="A" vorm="sg.nom.">vanā</sone><sone id="l33_s2" lk="103" lemma="mīez" tahendus="mees" ingl="man" liik="S" vorm="sg.nom.">miez</sone><sone id="l33_s3" lk="103" lemma="vȱlda" tahendus="olla" ingl="be" liik="Va" vorm="pers.ind.pr.sg.3.">um’</sone><sone id="l33_s4" lk="103" lemma="tī’edõ" tahendus="teha" ingl="make" liik="V" vorm="nud.sg.">ti’end</sone><sone id="l33_s5" lk="103" lemma="tegīž" tahendus="taas" ingl="again" liik="Adv">tegīž</sone><sone id="l33_s6" lk="103" lemma="tīera" tahendus="terve" ingl="healthy" liik="A" vorm="sg.tr.">tⁱerrəks</sone><sone id="l33_s7" lk="103" lemma="ne" tahendus="need" ingl="these" liik="ProS" vorm="pl.gen.">nänt</sone><sone id="l33_s8" lk="103" lemma="i’bbi" tahendus="hobune" ingl="horse" liik="S" vorm="pl.gen.">i̮’bbist</sone><sone id="l33_s9" lk="103" lemma="un" tahendus="ja" ingl="and" liik="Konj">un</sone><sone id="l33_s10" lk="103" lemma="ni" tahendus="nüüd" ingl="now" liik="Adv">ni</sone><sone id="l33_s11" lk="103" lemma="ne" tahendus="need" ingl="these" liik="ProS" vorm="pl.nom.">ne</sone><sone id="l33_s12" lk="103" lemma="i’bbi" tahendus="hobune" ingl="horse" liik="S" vorm="pl.nom.">i̮’bbist</sone><sone id="l33_s13" lk="103" lemma="vȱlda" tahendus="olla" ingl="be" liik="Va" vorm="pers.ind.pr.pl.3.">a’dt</sone><sone id="l33_s14" lk="103" lemma="sīedõ" tahendus="süüa" ingl="eat" liik="V" vorm="nud.pl.">sienəd</sone><sone id="l33_s15" lk="103" lemma="un" tahendus="ja" ingl="and" liik="Konj">un</sone><sone id="l33_s16" lk="103" lemma="lǟ’dõ" tahendus="minna" ingl="go" liik="V" vorm="nud.pl.">lǟ’nəd</sone><sone id="l33_s17" lk="103" meta="vahemärk">.</sone></lause><lause id="l34"><sone id="l34_s1" lk="103" lemma="un" tahendus="ja" ingl="and" liik="Konj">un</sone><sone id="l34_s2" lk="103" lemma="ku" tahendus="kui" ingl="how" liik="Konj">ku</sone><sone id="l34_s3" lk="103" lemma="ne" tahendus="nemad" ingl="they" liik="ProS" vorm="pl.nom.">ne</sone><sone id="l34_s4" lk="103" lemma="ni" tahendus="nüüd" ingl="now" liik="Adv">ni</sone><sone id="l34_s5" lk="103" lemma="vȱlda" tahendus="olla" ingl="be" liik="Va" vorm="pers.ind.pr.pl.3.">a’dtə</sone><sone id="l34_s6" lk="103">nu’o+sienəd</sone><sone id="l34_s7" lk="103" lemma="un" tahendus="ja" ingl="and" liik="Konj">un</sone><sone id="l34_s8" lk="103" lemma="ne’i" tahendus="nii" ingl="so" liik="ProAdv" kommentaar="?">ne</sone><sone id="l34_s9" lk="103" lemma="ka" tahendus="nagu" ingl="when" liik="Konj">ka</sone><sone id="l34_s10" lk="103" lemma="tämā" tahendus="tema" ingl="he, she" liik="ProS" vorm="sg.nom.">ta</sone><sone lk="103" keel="eesti" id="l34_s11" meta="vahemärk">=</sone><sone lk="103" keel="eesti" id="l34_s12" lemma="vȱlda" tahendus="olla" ingl="be" liik="Va" vorm="pers.ind.pr.sg.3.">m’</sone><sone id="l34_s13" lk="103" lemma="istõ" tahendus="istuda" ingl="sit" liik="V" vorm="nud.sg.">istən</sone><sone id="l34_s14" lk="103" lemma="ne" tahendus="need" ingl="these" liik="ProS" vorm="pl.gen.">nänt</sone><sone id="l34_s15" lk="103" lemma="rattõd" tahendus="vanker" ingl="cart" liik="S" vorm="pl.gen.">rattəd</sone><sone id="l34_s16" lk="103" lemma="sillõ" tahendus="sisse" ingl="inside" liik="Post">sil’lə</sone><sone id="l34_s17" lk="103" lemma="un" tahendus="ja" ingl="and" liik="Konj">un</sone><sone id="l34_s18" lk="103" lemma="ne’i" tahendus="nii" ingl="so" liik="ProAdv">nei’</sone><sone id="l34_s19" lk="103" lemma="i’bbi" tahendus="hobune" ingl="horse" liik="S" vorm="pl.nom.">i̮’bbist</sone><sone id="l34_s20" lk="103" lemma="vȱlda" tahendus="olla" ingl="be" liik="Va" vorm="pers.ind.pr.pl.3.">a’dtə</sone><sone id="l34_s21" lk="103" lemma="tämā" tahendus="tema" ingl="he, she" liik="ProS" vorm="sg.part.">tǟnda</sone><sone id="l34_s22" lk="103">is+putīńt́ənd</sone><sone id="l34_s23" lk="103" meta="vahemärk">.</sone></lause></sisu>
</liivike>
