<?xml version="1.0" encoding="UTF-8"?>
<?xml-stylesheet type="text/xsl" href="liivike_tekst.xsl"?>
<liivike>
	<info><tyyp>kirjalik</tyyp><teema>Satuja 63</teema><keel>liivi</keel><murre>lääneliivi</murre><kirjaviis>foneetiline transkriptsioon</kirjaviis><kyla longituud="21.966667" latituud="57.583333">Pizā</kyla><teos pealkiri="Näytteitä liivin kielestä" aasta="1953" koht="Helsinki">E. N. Setälä</teos></info><sisu id="Set_Sat_63">
		<lause id="l1">
			<sone id="l1_s1" lk="313" meta="number">63</sone>
			<sone id="l1_s2" lk="313" meta="vahemärk">.</sone></lause>
		<lause id="l2"><sone id="l2_s1" lk="313" meta="kommentaar">Piza</sone><sone id="l2_s2" lk="313" meta="vahemärk">,</sone><sone id="l2_s3" lk="313" meta="kommentaar">Jāń</sone><sone id="l2_s4" lk="313" meta="kommentaar">Belt</sone><sone id="l2_s5" lk="313" meta="vahemärk">.</sone></lause><lause id="l3"><sone id="l3_s1" lk="313" lemma="ikš+kõrd" tahendus="ükskord" ingl="once" liik="ProAdv">ikš+kird</sone><sone id="l3_s2" lk="313" lemma="vȱlda" tahendus="olla" ingl="be" liik="Va" vorm="pers.ind.pr.sg.3.">um’</sone><sone id="l3_s3" lk="313" lemma="vȱlda" tahendus="olla" ingl="be" liik="V" vorm="nud.sg.">wond</sone><sone id="l3_s4" lk="313" lemma="ikš" tahendus="üks" ingl="one" liik="ProS" vorm="sg.nom.">ikš</sone><sone id="l3_s5" lk="313" lemma="mõtsā+izānd" tahendus="metsaülem" ingl="forest officer" liik="S" vorm="sg.gen.">mitsā+izānd</sone><sone id="l3_s6" lk="313" lemma="pūoga" tahendus="poeg" ingl="son" liik="S" vorm="sg.nom.">puoga</sone><sone id="l3_s7" lk="313" meta="vahemärk">,</sone><sone id="l3_s8" lk="313" lemma="nēļa+tuoistõn" tahendus="neliteist" ingl="fourteen" liik="Nump" vorm="sg.nom.">nēĺa+tᵘoistən</sone><sone id="l3_s9" lk="313" lemma="āigast" tahendus="aasta" ingl="year" liik="S" vorm="sg.gen.">āigast</sone><sone id="l3_s10" lk="313" lemma="va’nnit" tahendus="vanus" ingl="age" liik="S" vorm="sg.nom.">van’nit</sone><sone id="l3_s11" lk="313" meta="vahemärk">.</sone></lause><lause id="l4"><sone id="l4_s1" lk="313" lemma="un" tahendus="ja" ingl="and" liik="Konj">un</sone><sone id="l4_s2" lk="313" lemma="izā" tahendus="isa" ingl="father" liik="S" vorm="sg.nom.">izā</sone><sone id="l4_s3" lk="313" lemma="tämā" tahendus="tema" ingl="he" liik="ProS" vorm="sg.gen.">täm’</sone><sone id="l4_s4" lk="313" lemma="sǭtõ" tahendus="saata" ingl="send" liik="V" vorm="pers.ind.ipf.sg.3.">sātiz</sone><sone id="l4_s5" lk="313" lemma="kilā" tahendus="küla" ingl="village" liik="S" vorm="sg.ill.">kil’lə</sone><sone id="l4_s6" lk="313" meta="vahemärk">,</sone><sone id="l4_s7" lk="313" lemma="kis" tahendus="kes" ingl="who" liik="Intr" vorm="sg.nom.">kis</sone><sone id="l4_s8" lk="313" lemma="i’z" tahendus="ei" ingl="not" liik="Mn" vorm="pers.ind.ipf.sg.3.">iz</sone><sone id="l4_s9" lk="313" lemma="vȱlda" tahendus="olla" ingl="be" liik="Va" vorm="pers.ind.sg.3.neg.">uo</sone><sone id="l4_s10" lk="313" lemma="sǟ’ld" tahendus="sealt" ingl="from there" liik="ProAdv">sǟ’lt</sone><sone id="l4_s11" lk="313" lemma="kougõn" tahendus="kaugel" ingl="far" liik="Adv">kougən</sone><sone id="l4_s12" lk="313" meta="vahemärk">,</sone><sone id="l4_s13" lk="313" lemma="un" tahendus="ja" ingl="and" liik="Konj">un</sone><sone id="l4_s14" lk="313" lemma="se" tahendus="see" ingl="this" liik="ProS" vorm="sg.nom.">se</sone><sone id="l4_s15" lk="313" lemma="pȯiški" tahendus="poisike" ingl="little boy" liik="S" vorm="sg.nom.">pᵘoiški</sone><sone id="l4_s16" lk="313" lemma="kuodāj" tahendus="koju" ingl="to home" liik="Adv">kᵘodāi</sone><sone id="l4_s17" lk="313" lemma="lǟ’dõ" tahendus="minna" ingl="go" liik="V" vorm="ger.">lǟ’ds</sone><sone id="l4_s18" lk="313" lemma="pigā" tahendus="peaaegu" ingl="almost" liik="Adv">pigā</sone><sone id="l4_s19" lk="313" lemma="kuolm+sadā" tahendus="kolmsada" ingl="three hundred" liik="Nump" vorm="sg.nom.">kᵘolm+sadā</sone><sone id="l4_s20" lk="313" lemma="sa’m" tahendus="samm" ingl="step" liik="S" vorm="sg.part.">sam’tə</sone><sone id="l4_s21" lk="313" lemma="kuo’d" tahendus="kodu" ingl="home" liik="S" vorm="pl.gen.">kᵘodūd</sone><sone id="l4_s22" lk="313" lemma="jūstõ" tahendus="juurest" ingl="from" liik="Post">jūst</sone><sone id="l4_s23" lk="313" lemma="jarā" tahendus="ära" ingl="away" liik="Adva">jerā</sone><sone id="l4_s24" lk="313" lemma="tämā" tahendus="tema" ingl="he" liik="ProS" vorm="sg.nom.">ta</sone><sone id="l4_s25" lk="313" lemma="ie+nǟ’dõ" tahendus="näha" ingl="see" liik="V" vorm="pers.ind.ipf.sg.3.prf.">i’e+neiz</sone><sone id="l4_s26" lk="313" lemma="riek" tahendus="tee" ingl="road" liik="S" vorm="sg.gen.">rⁱek</sone><sone id="l4_s27" lk="313" lemma="pǟl " tahendus="peal" ingl="on" liik="Post">pǟl</sone><sone id="l4_s28" lk="313" lemma="seļļi" tahendus="selline" ingl="such" liik="ProA" vorm="sg.gen.">selliz</sone><sone id="l4_s29" lk="313" lemma="mustā" tahendus="must " ingl="black" liik="A" vorm="sg.gen.">mustā</sone><sone id="l4_s30" lk="313" meta="vahemärk">,</sone><sone id="l4_s31" lk="313" lemma="kis" tahendus="kes" ingl="who" liik="Intr" vorm="sg.nom.">kis</sone><sone id="l4_s32" lk="313" lemma="tämā" tahendus="tema" ingl="he" liik="ProS" vorm="sg.gen.">täm’</sone><sone id="l4_s33" lk="313" lemma="je’dstõ" tahendus="meelest" ingl="according" liik="Post">je’dst</sone><sone id="l4_s34" lk="313" lemma="is+nä’gțõ" tahendus="välja näha" ingl="look" liik="V" vorm="pers.ind.ipf.sg.3.prf.">is+nä’gt́iz</sone><sone id="l4_s35" lk="313" lemma="ne+ka" tahendus="nagu" ingl="like" liik="Konj">ne+ki</sone><sone id="l4_s36" lk="313" lemma="pi’ņ" tahendus="koer" ingl="dog" liik="S" vorm="sg.nom.">piń’</sone><sone id="l4_s37" lk="313" meta="vahemärk">.</sone></lause><lause id="l5"><sone id="l5_s1" lk="313" lemma="agā" tahendus="aga" ingl="but" liik="Konj">agā</sone><sone id="l5_s2" lk="313" lemma="se" tahendus="see" ingl="this" liik="ProS" vorm="sg.gen.">sie</sone><sone id="l5_s3" lk="313" lemma="īe" tahendus="öö" ingl="night" liik="S" vorm="sg.gen.">ie</sone><sone id="l5_s4" lk="313" lemma="vȱlda" tahendus="olla" ingl="be" liik="V" vorm="pers.ind.ipf.sg.3.">woĺ’</sone><sone id="l5_s5" lk="313" lemma="vä’ggi" tahendus="väga" ingl="very" liik="Adv">vägi</sone><sone id="l5_s6" lk="313" lemma="kīlma" tahendus="külm" ingl="cold" liik="A" vorm="sg.nom.">kīlma</sone><sone id="l5_s7" lk="313" meta="vahemärk">,</sone><sone id="l5_s8" lk="313" lemma="tē’ḑ" tahendus="täht" ingl="star" liik="S" vorm="pl.nom.">tǟ’dəd</sone><sone id="l5_s9" lk="313" lemma="paistõ" tahendus="paista" ingl="shine" liik="V" vorm="pers.ind.ipf.pl.3.">pāististi</sone><sone id="l5_s10" lk="313" lemma="tōvaz" tahendus="taevas" ingl="sky" liik="S" vorm="sg.gen.">touvə</sone><sone id="l5_s11" lk="313" lemma="jūs" tahendus="juures" ingl="at" liik="Post">jūs</sone><sone id="l5_s12" lk="313" meta="vahemärk">,</sone><sone id="l5_s13" lk="313" lemma="un" tahendus="ja" ingl="and" liik="Konj">un</sone><sone id="l5_s14" lk="313" lemma="kū" tahendus="kuu " ingl="moon" liik="S" vorm="sg.nom.">kū</sone><sone id="l5_s15" lk="313" lemma="ka" tahendus="ka" ingl="also" liik="ModAdv">ka</sone><sone id="l5_s16" lk="313" lemma="paistõ" tahendus="paista" ingl="shine" liik="V" vorm="pers.ind.ipf.sg.3.">pāistiz</sone><sone id="l5_s17" lk="313" meta="vahemärk">.</sone></lause><lause id="l6"><sone id="l6_s1" lk="313" lemma="agā" tahendus="aga" ingl="but" liik="Konj">agā</sone><sone id="l6_s2" lk="313" lemma="kū+va’l" tahendus="kuuvalge" ingl="moonlight" liik="S" vorm="sg.in.">kū+val’s</sone><sone id="l6_s3" lk="313" lemma="ä’b" tahendus="ei" ingl="not" liik="Mn" vorm="pers.ind.pr.sg.3.">äb</sone><sone id="l6_s4" lk="313" lemma="võidõ" tahendus="võida" ingl="can" liik="V" vorm="pers.ind.pr.sg.3.">wui</sone><sone id="l6_s5" lk="313" lemma="ne’i" tahendus="nii" ingl="so" liik="ProAdv">nei’</sone><sone id="l6_s6" lk="313" lemma="jõvīst" tahendus="hästi" ingl="well" liik="Adv">juvīst</sone><sone id="l6_s7" lk="313" lemma="nǟ’dõ" tahendus="näha" ingl="see" liik="V" vorm="inf.">nǟ’də</sone><sone id="l6_s8" lk="313" meta="vahemärk">,</sone><sone id="l6_s9" lk="313" lemma="sīe+pierāst" tahendus="seepärast" ingl="because" liik="ProAdv">sie+pⁱerāst</sone><sone id="l6_s10" lk="313" lemma="ku" tahendus="et" ingl="that" liik="Konj">ku</sone><sone id="l6_s11" lk="313" lemma="kū+va’l" tahendus="kuuvalge" ingl="moonlight" liik="S" vorm="sg.nom.">kū+val’</sone><sone id="l6_s12" lk="313" lemma="tī’edõ" tahendus="teha" ingl="make" liik="V" vorm="pers.ind.pr.sg.3.">tieb</sone><sone id="l6_s13" lk="313" lemma="je’nnõ" tahendus="palju" ingl="many" liik="Adv">jen’nə</sone><sone id="l6_s14" lk="313" lemma="ažā" tahendus="asi" ingl="thing" liik="S" vorm="pl.part.">a’ⁱždi</sone><sone id="l6_s15" lk="313" lemma="mõiti" tahendus="teistsugune" ingl="different" liik="A" vorm="sg.tr.">muitizəks</sone><sone id="l6_s16" lk="313" meta="vahemärk">.</sone></lause><lause id="l7"><sone id="l7_s1" lk="313" lemma="mingi" tahendus="mõni" ingl="some" liik="ProS" vorm="pl.nom.">miŋgist</sone><sone id="l7_s2" lk="313" lemma="sa’m" tahendus="samm" ingl="step" liik="S" vorm="pl.nom.">samūd</sone><sone id="l7_s3" lk="313" lemma="je’ddõ+pē’ḑõn" tahendus="edasi" ingl="forward" liik="Adv">je’ddə+ped́ī</sone><sone id="l7_s4" lk="313" lemma="astõ" tahendus="astuda" ingl="step" liik="V" vorm="nud.sg.">astən</sone><sone id="l7_s5" lk="313" meta="vahemärk">,</sone><sone id="l7_s6" lk="313" lemma="ni" tahendus="nüüd" ingl="now" liik="Adv">ni</sone><sone id="l7_s7" lk="313" lemma="tämā" tahendus="tema" ingl="he" liik="ProS" vorm="sg.nom.">ta</sone><sone id="l7_s8" lk="313" lemma="nǟ’dõ" tahendus="näha" ingl="see" liik="V" vorm="pers.ind.ipf.sg.3.">neiz</sone><sone id="l7_s9" lk="313" lemma="sieldõ" tahendus="selgelt" ingl="clearly" liik="Adv">sⁱeldə</sone><sone id="l7_s10" lk="313" meta="vahemärk">,</sone><sone id="l7_s11" lk="313" lemma="ku" tahendus="et" ingl="that" liik="Konj">ku</sone><sone id="l7_s12" lk="313" lemma="se" tahendus="see" ingl="this" liik="ProS" vorm="sg.nom.">se</sone><sone id="l7_s13" lk="313" lemma="vȱlda" tahendus="olla" ingl="be" liik="V" vorm="pers.ind.ipf.sg.3.">woĺ’</sone><sone id="l7_s14" lk="313" lemma="su’ž" tahendus="hunt" ingl="wolf" liik="S" vorm="sg.nom.">su’ⁱž</sone><sone id="l7_s15" lk="313" meta="vahemärk">,</sone><sone id="l7_s16" lk="313" lemma="mis" tahendus="mis" ingl="what" liik="Intr" vorm="sg.part.">mis</sone><sone id="l7_s17" lk="313" lemma="tämā" tahendus="tema" ingl="he" liik="ProS" vorm="sg.nom.">ta</sone><sone id="l7_s18" lk="313" lemma="pa" tahendus="millekski, kellekski" ingl="for" liik="Pre">pa</sone><sone id="l7_s19" lk="313" lemma="pi’ņ" tahendus="koer" ingl="dog" liik="S" vorm="sg.instl.">piń’kəks</sone><sone id="l7_s20" lk="313" lemma="pi’ddõ" tahendus="pidada" ingl="consider" liik="V" vorm="pers.ind.ipf.sg.3.">pidīz</sone><sone id="l7_s21" lk="313" meta="vahemärk">,</sone><sone id="l7_s22" lk="313" lemma="kis" tahendus="kes" ingl="who" liik="Intr" vorm="sg.nom.">kis</sone><sone id="l7_s23" lk="313" lemma="riek" tahendus="tee" ingl="road" liik="S" vorm="sg.gen.">rⁱekk</sone><sone id="l7_s24" lk="313" lemma="sidām" tahendus="keskkoht" ingl="middle" liik="S" vorm="sg.gen.">sidām</sone><sone id="l7_s25" lk="313" lemma="pǟl " tahendus="peal" ingl="on" liik="Post">pǟl</sone><sone id="l7_s26" lk="313" lemma="kikkõ" tahendus="kükitada" ingl="cower" liik="V" vorm="pers.ind.ipf.sg.3.">kikīz</sone><sone id="l7_s27" lk="313" meta="vahemärk">.</sone></lause><lause id="l8"><sone id="l8_s1" lk="313" lemma="un" tahendus="ja" ingl="and" liik="Konj">un</sone><sone id="l8_s2" lk="313" lemma="tämā" tahendus="tema" ingl="he" liik="ProS" vorm="sg.nom.">ta</sone><sone id="l8_s3" lk="313" lemma="mõtlõ" tahendus="mõelda" ingl="think" liik="V" vorm="pers.ind.ipf.sg.3.">mitliz</sone><sone id="l8_s4" lk="313" meta="vahemärk">,</sone><sone id="l8_s5" lk="313" lemma="ku" tahendus="et" ingl="that" liik="Konj">ku</sone><sone id="l8_s6" lk="313" lemma="se" tahendus="see" ingl="this" liik="ProS" vorm="sg.nom.">se</sone><sone id="l8_s7" lk="313" lemma="tämā" tahendus="tema" ingl="he" liik="ProS" vorm="sg.gen.">täm’</sone><sone id="l8_s8" lk="313" lemma="pǟl " tahendus="järel" ingl="on" liik="Post">pǟl</sone><sone id="l8_s9" lk="313" lemma="vȯ’dlõ" tahendus="oodata" ingl="wait" liik="V" vorm="pers.ind.pr.sg.3.">wo’dləb</sone><sone id="l8_s10" lk="313" meta="vahemärk">.</sone></lause><lause id="l9"><sone id="l9_s1" lk="313" lemma="si’z" tahendus="siis" ingl="then" liik="ProAdv">siz</sone><sone id="l9_s2" lk="313" lemma="tämā" tahendus="tema" ingl="he" liik="ProS" vorm="sg.dat.">täm’mən</sone><sone id="l9_s3" lk="313" lemma="su’ggõ" tahendus="tekkida" ingl="emerge" liik="V" vorm="pers.ind.ipf.sg.3.">sugīz</sone><sone id="l9_s4" lk="313" lemma="irm" tahendus="hirm" ingl="fear" liik="S" vorm="sg.nom.">irm</sone><sone id="l9_s5" lk="313" meta="vahemärk">,</sone><sone id="l9_s6" lk="313" lemma="agā" tahendus="aga" ingl="but" liik="Konj">agā</sone><sone id="l9_s7" lk="313" lemma="i’z" tahendus="ei" ingl="not" liik="Mn" vorm="pers.ind.ipf.sg.3.">iz</sone><sone id="l9_s8" lk="313" lemma="võidõ" tahendus="võida" ingl="can" liik="V" vorm="pers.ind.pr.sg.3.">wui</sone><sone id="l9_s9" lk="313" lemma="mittõ" tahendus="mitte" ingl="not" liik="Mn">mittə</sone><sone id="l9_s10" lk="313" lemma="midāgõd" tahendus="miski" ingl="anything" liik="ProS" vorm="sg.part.">midāgid</sone><sone id="l9_s11" lk="313" lemma="tī’edõ" tahendus="teha" ingl="do" liik="V" vorm="inf.">ti’edə</sone><sone id="l9_s12" lk="313" meta="vahemärk">–</sone><sone id="l9_s13" lk="313" lemma="urgõ" tahendus="põgeneda" ingl="run" liik="V" vorm="inf.">urgə</sone><sone id="l9_s14" lk="313" lemma="se" tahendus="see" ingl="this" liik="ProS" vorm="sg.el.">siest</sone><sone id="l9_s15" lk="313" lemma="zvē’r" tahendus="elajas" ingl="beast" liik="S" vorm="sg.el.">zvē’rst</sone><sone id="l9_s16" lk="313" meta="vahemärk">,</sone><sone id="l9_s17" lk="313" lemma="se" tahendus="see" ingl="this" liik="ProS" vorm="sg.nom.">se</sone><sone id="l9_s18" lk="313" lemma="ä’b" tahendus="ei" ingl="not" liik="Mn" vorm="pers.ind.pr.sg.3.">äb</sone><sone id="l9_s19" lk="313" lemma="ä’bțõ" tahendus="aidata" ingl="help" liik="V" vorm="pers.ind.sg.3.neg.">ä’b́t́</sone><sone id="l9_s20" lk="313" lemma="mittõ" tahendus="mitte" ingl="not" liik="Mn">mittə</sone><sone id="l9_s21" lk="313" lemma="midāgõd" tahendus="miski" ingl="anything" liik="ProS" vorm="sg.part.">midāgid</sone><sone id="l9_s22" lk="313" meta="vahemärk">,</sone><sone id="l9_s23" lk="313" lemma="u" tahendus="kas" ingl="if" liik="Intr">u</sone><sone id="l9_s24" lk="313" lemma="si’z" tahendus="siis" ingl="then" liik="ProAdv">siz</sone><sone id="l9_s25" lk="313" lemma="tämā" tahendus="tema" ingl="he" liik="ProS" vorm="sg.nom.">ta</sone><sone id="l9_s26" lk="313" lemma="minā" tahendus="mina" ingl="I" liik="ProS" vorm="sg.part.">mīnda</sone><sone id="l9_s27" lk="313" lemma="ä’b" tahendus="ei" ingl="not" liik="Mn" vorm="pers.ind.pr.sg.3.">äb</sone><sone id="l9_s28" lk="313" lemma="sǭdõ" tahendus="saada" ingl="get" liik="V" vorm="pers.ind.sg.3.neg.">sā</sone><sone id="l9_s29" lk="313" lemma="kä’ddõ" tahendus="kätte" ingl="caught" liik="Adva">kä’ddə</sone><sone id="l9_s30" lk="313" meta="vahemärk">.</sone></lause><lause id="l10"><sone id="l10_s1" lk="313" lemma="ikš" tahendus="üks" ingl="one" liik="ProS" vorm="sg.gen.">ī’d</sone><sone id="l10_s2" lk="313" lemma="reid" tahendus="kord" ingl="time" liik="S" vorm="sg.instl.">reidkəks</sone><sone id="l10_s3" lk="313" lemma="tämā" tahendus="tema" ingl="he" liik="ProS" vorm="sg.dat.">täm’mən</sone><sone id="l10_s4" lk="313" lemma="tūlda" tahendus="tulla" ingl="come" liik="V" vorm="pers.ind.ipf.sg.3.">tuĺ’</sone><sone id="l10_s5" lk="313" lemma="mēļ" tahendus="meel" ingl="mind" liik="S" vorm="sg.ill.">mielə</sone><sone id="l10_s6" lk="313" meta="vahemärk">,</sone><sone id="l10_s7" lk="313" lemma="ku" tahendus="et" ingl="that" liik="Konj">ku</sone><sone id="l10_s8" lk="313" lemma="tämā" tahendus="tema" ingl="he" liik="ProS" vorm="sg.nom.">ta</sone><sone id="l10_s9" lk="313" lemma="eņtš" tahendus="oma" ingl="own" liik="ProS" vorm="sg.gen.">eńt́š</sone><sone id="l10_s10" lk="313" lemma="skūol+mēstar" tahendus="koolmeister" ingl="teacher" liik="S" vorm="sg.gen.">skuol+mēstar</sone><sone id="l10_s11" lk="313" lemma="kä’dst" tahendus="käest" ingl="from" liik="Post">kä’dst</sone><sone id="l10_s12" lk="313" lemma="vȱlda" tahendus="olla" ingl="be" liik="Va" vorm="pers.ind.ipf.sg.3.">woĺ’</sone><sone id="l10_s13" lk="313" lemma="kūlõ" tahendus="kuulda" ingl="hear" liik="V" vorm="nud.sg.">kūlən</sone><sone id="l10_s14" lk="313" meta="vahemärk">,</sone><sone id="l10_s15" lk="313" lemma="ku" tahendus="kui" ingl="if" liik="Konj">ku</sone><sone id="l10_s16" lk="313" lemma="nǟ’dõ" tahendus="näha" ingl="see" liik="V" vorm="pers.ind.pr.sg.3.">nǟb</sone><sone id="l10_s17" lk="313" lemma="okš" tahendus="karu" ingl="bear" liik="S" vorm="sg.part.">okšə</sone><sone id="l10_s18" lk="313" lemma="mõtsā" tahendus="mets" ingl="forest" liik="S" vorm="sg.in.">mitsās</sone><sone id="l10_s19" lk="313" meta="vahemärk">,</sone><sone id="l10_s20" lk="313" lemma="si’z" tahendus="siis" ingl="then" liik="ProAdv">siz</sone><sone id="l10_s21" lk="313" lemma="ildīņ" tahendus="kohe" ingl="immediately" liik="Adv">ildī·ń</sone><sone id="l10_s22" lk="313" lemma="la’z" tahendus="las" ingl="let" liik="ModAdv">laz</sone><sone id="l10_s23" lk="313" lemma="sa’ddõ" tahendus="langeda" ingl="fall" liik="V" vorm="pers.jus.pr.sg.3.">sadāg</sone><sone id="l10_s24" lk="313" lemma="mǭ’" tahendus="maha" ingl="down" liik="Adva">mā’</sone><sone id="l10_s25" lk="313" lemma="un" tahendus="ja" ingl="and" liik="Konj">un</sone><sone id="l10_s26" lk="313" lemma="alā" tahendus="alla" liik="Mn" vorm="pers.jus.pr.sg.3.">algə</sone><sone id="l10_s27" lk="313" lemma="likkõ" tahendus="liikuda" ingl="move" liik="V" vorm="pers.jus.pr.sg.3.">likkəg</sone><sone id="l10_s28" lk="313" lemma="mittõ" tahendus="mitte" ingl="not" liik="Mn">mittə</sone><sone id="l10_s29" lk="313" lemma="rǭz" tahendus="natuke" ingl="little" liik="Adv">rāz</sone><sone id="l10_s30" lk="313" meta="vahemärk">,</sone><sone id="l10_s31" lk="313" lemma="la’z" tahendus="las" ingl="let" liik="ModAdv">laz</sone><sone id="l10_s32" lk="313" lemma="pī’lõ" tahendus="püsida" ingl="stay" liik="V" vorm="pers.jus.pr.sg.3.">pī’ləg</sone><sone id="l10_s33" lk="313" lemma="ne+ka" tahendus="nagu" ingl="like" liik="Konj">ne+ki</sone><sone id="l10_s34" lk="313" lemma="jarā" tahendus="ära" ingl="down" liik="Adva">jerā</sone><sone id="l10_s35" lk="313" lemma="kūolõ" tahendus="surra" ingl="die" liik="V" vorm="nud.sg.">kuolən</sone><sone id="l10_s36" lk="313" meta="vahemärk">.</sone></lause><lause id="l11"><sone id="l11_s1" lk="313" lemma="si’z" tahendus="siis" ingl="then" liik="ProAdv">siz</sone><sone id="l11_s2" lk="313" lemma="se" tahendus="see" ingl="this" liik="ProS" vorm="sg.nom.">se</sone><sone id="l11_s3" lk="313" lemma="pȯiški" tahendus="poisike" ingl="little boy" liik="S" vorm="sg.nom.">pᵘoiški</sone><sone id="l11_s4" lk="313" lemma="mõtlõ" tahendus="mõelda" ingl="think" liik="V" vorm="pers.ind.ipf.sg.3.">mitliz</sone><sone id="l11_s5" lk="313" meta="vahemärk">,</sone><sone id="l11_s6" lk="313" lemma="ku" tahendus="et" ingl="that" liik="Konj">ku</sone><sone id="l11_s7" lk="313" lemma="seļļi" tahendus="selline" ingl="such" liik="ProA" vorm="sg.nom.">selli</sone><sone id="l11_s8" lk="313" lemma="kovāl" tahendus="kavalus" ingl="cunning" liik="A" vorm="sg.nom.">kovāl</sone><sone id="l11_s9" lk="313" lemma="tämā" tahendus="tema" ingl="he" liik="ProS" vorm="sg.dat.">täm’mən</sone><sone id="l11_s10" lk="313" lemma="ka" tahendus="ka" ingl="also" liik="ModAdv" vorm="pl.nom.">ka</sone><sone id="l11_s11" lk="313" lemma="ä’bțõ" tahendus="aidata" ingl="help" liik="V" vorm="pers.ind.pr.sg.3.">ä’b́t́əb</sone><sone id="l11_s12" lk="313" lemma="ulz" tahendus="välja" ingl="out" liik="Adva">ulz</sone><sone id="l11_s13" lk="313" lemma="sǭdõ" tahendus="saada" ingl="get" liik="V" vorm="inf.">sādə</sone><sone id="l11_s14" lk="313" lemma="su’ž" tahendus="hunt" ingl="wolf" liik="S" vorm="sg.gen.">su’d</sone><sone id="l11_s15" lk="313" lemma="āmbaz" tahendus="hammas" ingl="tooth" liik="S" vorm="pl.el.">ambist</sone><sone id="l11_s16" lk="313" meta="vahemärk">,</sone><sone id="l11_s17" lk="313" lemma="un" tahendus="ja" ingl="and" liik="Konj">un</sone><sone id="l11_s18" lk="313" lemma="laskõ " tahendus="heita" ingl="lie" liik="V" vorm="pers.ind.pr.sg.3.">lašīz</sone><sone id="l11_s19" lk="313" lemma="mǭ’" tahendus="maha" ingl="down" liik="Adva">mā’</sone><sone id="l11_s20" lk="313" lemma="sīlma" tahendus="silm" ingl="eye" liik="S" vorm="pl.nom.">sīlmad</sone><sone id="l11_s21" lk="313" lemma="vast" tahendus="vastu" ingl="against" liik="Pre">vast</sone><sone id="l11_s22" lk="314" lemma="mǭ" tahendus="maa" ingl="ground" liik="S" vorm="sg.part.">mādə</sone><sone id="l11_s23" lk="314" meta="vahemärk">.</sone></lause><lause id="l12"><sone id="l12_s1" lk="314" lemma="si’z" tahendus="siis" ingl="then" liik="ProAdv">siz</sone><sone id="l12_s2" lk="314" lemma="su’ž" tahendus="hunt" ingl="wolf" liik="S" vorm="sg.nom.">su’ⁱž</sone><sone id="l12_s3" lk="314" lemma="irgõ" tahendus="hakata" ingl="begin" liik="V" vorm="pers.ind.ipf.sg.3.">īrgiz</sone><sone id="l12_s4" lk="314" lemma="lougõ" tahendus="aeglaselt" ingl="slowly" liik="Adv">lougə</sone><sone id="l12_s5" lk="314" lemma="un" tahendus="ja" ingl="and" liik="Konj">un</sone><sone id="l12_s6" lk="314" lemma="ap+mõtlõ" tahendus="kõhklema" ingl="hesitate" liik="V" vorm="ger.prf.">ap+mitləs</sone><sone id="l12_s7" lk="314" lemma="le’žgõl" tahendus="lähedale" ingl="close" liik="Adv">le’ⁱžgəl</sone><sone id="l12_s8" lk="314" lemma="un" tahendus="ja" ingl="and" liik="Konj">un</sone><sone id="l12_s9" lk="314" lemma="jo" tahendus="enam (eessõna keskvõrde moodustamiseks)" ingl="more" liik="Pre">ju’o</sone><sone id="l12_s10" lk="314" lemma="le’žgõl" tahendus="lähedale" ingl="close" liik="Adv">le’ⁱžgəl</sone><sone id="l12_s11" lk="314" lemma="tūlda" tahendus="tulla" ingl="come" liik="V" vorm="inf.">tūlda</sone><sone id="l12_s12" lk="314" lemma="un" tahendus="ja" ingl="and" liik="Konj">un</sone><sone id="l12_s13" lk="314" lemma="īedõ" tahendus="jääda" ingl="stay" liik="V" vorm="pers.ind.ipf.sg.3.">ei</sone><sone id="l12_s14" lk="314" lemma="paikõl" tahendus="paigale" ingl="in place" liik="Adv">paikəl</sone><sone id="l12_s15" lk="314" lemma="un" tahendus="ja" ingl="and" liik="Konj">un</sone><sone id="l12_s16" lk="314" lemma="nūškõ" tahendus="nuuskida" ingl="sniff" liik="V" vorm="pers.ind.ipf.sg.3.">nūžkiz</sone><sone id="l12_s17" lk="314" lemma="kougõnd" tahendus="kaugelt" ingl="from afar" liik="Adv">kougənd</sone><sone id="l12_s18" lk="314" meta="vahemärk">.</sone></lause><lause id="l13"><sone id="l13_s1" lk="314" lemma="agā" tahendus="aga" ingl="but" liik="Konj">agā</sone><sone id="l13_s2" lk="314" lemma="pȯiški" tahendus="poisike" ingl="little boy" liik="S" vorm="sg.nom.">pᵘoiški</sone><sone id="l13_s3" lk="314" lemma="ma’ggõ" tahendus="lamada" ingl="lie" liik="V" vorm="pers.ind.ipf.sg.3.">magīz</sone><sone id="l13_s4" lk="314" meta="vahemärk">[</sone><sone id="l13_s5" lk="314" lemma="ne’i" tahendus="nii" ingl="so" liik="ProAdv">nei’</sone><sone id="l13_s6" lk="314" lemma="ku" tahendus="et" ingl="that" liik="Konj">ku</sone><sone id="l13_s7" lk="314" meta="vahemärk"> &gt;</sone><sone id="l13_s8" lk="314" meta="vahemärk">]</sone><sone id="l13_s9" lk="314" lemma="ne+ka" tahendus="nagu" ingl="as" liik="Konj">ne+ki</sone><sone id="l13_s10" lk="314" lemma="mittõ" tahendus="mitte" ingl="not" liik="Mn">mittə</sone><sone id="l13_s11" lk="314" lemma="i’z" tahendus="ei" ingl="not" liik="Mn" vorm="pers.ind.ipf.sg.3.">iz</sone><sone id="l13_s12" lk="314" lemma="likkõ" tahendus="liikuda" ingl="move" liik="V" vorm="pers.ind.sg.3.neg.">likk</sone><sone id="l13_s13" lk="314" meta="vahemärk">.</sone></lause><lause id="l14"><sone id="l14_s1" lk="314" lemma="su’ž" tahendus="hunt" ingl="wolf" liik="S" vorm="sg.nom.">su’ⁱž</sone><sone id="l14_s2" lk="314" lemma="ni" tahendus="nüüd" ingl="now" liik="Adv">ni</sone><sone id="l14_s3" lk="314" lemma="īedõ" tahendus="muutuda" ingl="become" liik="V" vorm="pers.ind.ipf.sg.3.">ei</sone><sone id="l14_s4" lk="314" lemma="jo" tahendus="enam (eessõna keskvõrde moodustamiseks)" ingl="more" liik="Pre">ju’o</sone><sone id="l14_s5" lk="314" lemma="drū’ošõ" tahendus="julge" ingl="bold" liik="A" vorm="sg.tr.">dru’ošəks</sone><sone id="l14_s6" lk="314" lemma="un" tahendus="ja" ingl="and" liik="Konj">un</sone><sone id="l14_s7" lk="314" lemma="tūlda" tahendus="tulla" ingl="come" liik="V" vorm="pers.ind.ipf.sg.3.">tuĺ’</sone><sone id="l14_s8" lk="314" lemma="ī’dõ+kabāl" tahendus="aina" ingl="constantly" liik="Adv">ī’də+kabālə</sone><sone id="l14_s9" lk="314" lemma="jo" tahendus="enam (eessõna keskvõrde moodustamiseks)" ingl="more" liik="Pre">ju’o</sone><sone id="l14_s10" lk="314" lemma="jū’rõ" tahendus="juurde" ingl="near" liik="Adva">jūrə</sone><sone id="l14_s11" lk="314" meta="vahemärk">,</sone><sone id="l14_s12" lk="314" lemma="lǟ’dõ" tahendus="minna" ingl="go" liik="V" vorm="pers.ind.ipf.sg.3.">lekš</sone><sone id="l14_s13" lk="314" lemma="rink" tahendus="ring" ingl="circle" liik="S" vorm="sg.instl.">riŋkəks</sone><sone id="l14_s14" lk="314" lemma="immõr" tahendus="ümber" ingl="around" liik="Pre">immər</sone><sone id="l14_s15" lk="314" lemma="immõr" tahendus="ümber" ingl="around" liik="Pre">immər</sone><sone id="l14_s16" lk="314" lemma="se" tahendus="see" ingl="this" liik="ProS" vorm="sg.gen.">sie</sone><sone id="l14_s17" lk="314" lemma="pȯiški" tahendus="poisike" ingl="little boy" liik="S" vorm="sg.gen.">pᵘoiškiz</sone><sone id="l14_s18" lk="314" lemma="tämā" tahendus="tema" ingl="he" liik="ProS" vorm="sg.gen.">täm’</sone><sone id="l14_s19" lk="314" lemma="jālga" tahendus="jalg" ingl="leg" liik="S" vorm="pl.gen.">jālgad</sone><sone id="l14_s20" lk="314" lemma="jūr" tahendus="juurde" ingl="to" liik="Post">jūr</sone><sone id="l14_s21" lk="314" lemma="un" tahendus="ja" ingl="and" liik="Konj">un</sone><sone id="l14_s22" lk="314" lemma="nūškõ" tahendus="nuuskida" ingl="sniff" liik="V" vorm="pers.ind.ipf.sg.3.">nūškiz</sone><sone id="l14_s23" lk="314" lemma="ne" tahendus="need" ingl="these" liik="ProS" vorm="pl.part.">nēd́i</sone><sone id="l14_s24" lk="314" lemma="jālga" tahendus="jalg" ingl="leg" liik="S" vorm="pl.part.">jaĺgi</sone><sone id="l14_s25" lk="314" meta="vahemärk">.</sone></lause><lause id="l15"><sone id="l15_s1" lk="314" lemma="ne" tahendus="need" ingl="these" liik="ProS" vorm="pl.part.">nēd́i</sone><sone id="l15_s2" lk="314" lemma="jālga" tahendus="jalg" ingl="leg" liik="S" vorm="pl.part.">jaĺgi</sone><sone id="l15_s3" lk="314" lemma="ap+nūškõ" tahendus="nuuskida" ingl="sniff" liik="V" vorm="ger.prf.">ap+nūškəs</sone><sone id="l15_s4" lk="314" lemma="tämā" tahendus="tema" ingl="he" liik="ProS" vorm="sg.nom.">ta</sone><sone id="l15_s5" lk="314" lemma="i’z" tahendus="ei" ingl="not" liik="Mn" vorm="pers.ind.ipf.sg.3.">iz</sone><sone id="l15_s6" lk="314" lemma="lieudõ" tahendus="leida" ingl="find" liik="V" vorm="pers.ind.sg.3.neg.">lieda</sone><sone id="l15_s7" lk="314" lemma="mittõ" tahendus="mitte" ingl="not" liik="Mn">mittə</sone><sone id="l15_s8" lk="314" lemma="midāgõd" tahendus="miski" ingl="anything" liik="ProS" vorm="sg.part.">midāgid</sone><sone id="l15_s9" lk="314" lemma="set" tahendus="ainult" ingl="only" liik="Konj">set</sone><sone id="l15_s10" lk="314" lemma="ku" tahendus="et" ingl="that" liik="Konj">ku</sone><sone id="l15_s11" lk="314" lemma="sǭpkõz" tahendus="saabas" ingl="boot" liik="S" vorm="pl.gen.">sāpkəd</sone><sone id="l15_s12" lk="314" lemma="un" tahendus="ja" ingl="and" liik="Konj">un</sone><sone id="l15_s13" lk="314" lemma="ǭ’rõnd" tahendus="riided" ingl="clothes" liik="S" vorm="pl.gen.">ā’rnəd</sone><sone id="l15_s14" lk="314" meta="vahemärk">.</sone></lause><lause id="l16"><sone id="l16_s1" lk="314" lemma="i’lz+pēḑõn" tahendus="ülespoole" ingl="upward" liik="Adv">il’z+ped́ī</sone><sone id="l16_s2" lk="314" lemma="jo" tahendus="enam (eessõna keskvõrde moodustamiseks)" ingl="more" liik="Pre">ju’o</sone><sone id="l16_s3" lk="314" lemma="i’lz+pēḑõn" tahendus="ülespoole" ingl="upward" liik="Adv">il’z+ped́ī</sone><sone id="l16_s4" lk="314" lemma="zvē’r" tahendus="elajas" ingl="beast" liik="S" vorm="sg.nom.">zvē’r</sone><sone id="l16_s5" lk="314" lemma="nūškõ" tahendus="nuuskida" ingl="sniff" liik="V" vorm="pers.ind.ipf.sg.3.">nūškiz</sone><sone id="l16_s6" lk="314" lemma="se" tahendus="see" ingl="this" liik="ProS" vorm="sg.part.">sⁱedā</sone><sone id="l16_s7" lk="314" lemma="pȯiški" tahendus="poisike" ingl="little boy" liik="S" vorm="pl.part.">pᵘoiškist</sone><sone id="l16_s8" lk="314" lemma="seņtš" tahendus="seni" ingl="as long as " liik="ProAdv">seńt́š</sone><sone id="l16_s9" lk="314" lemma="kuņtš" tahendus="kuni" ingl="until" liik="Konj">kuńtš</sone><sone id="l16_s10" lk="314" lemma="tämā" tahendus="tema" ingl="he" liik="ProS" vorm="sg.nom.">ta</sone><sone id="l16_s11" lk="314" lemma="lieudõ" tahendus="leida" ingl="find" liik="V" vorm="pers.ind.ipf.sg.3.">liediz</sone><sone id="l16_s12" lk="314" lemma="ki’r" tahendus="kukal" ingl="nape" liik="S" vorm="sg.el.">kir’st</sone><sone id="l16_s13" lk="314" lemma="pǭļaz" tahendus="paljas" ingl="bare" liik="A" vorm="sg.part.">pāĺast</sone><sone id="l16_s14" lk="314" lemma="lejā" tahendus="ihu" ingl="body" liik="S" vorm="sg.part.">le’jjə</sone><sone id="l16_s15" lk="314" lemma="un" tahendus="ja" ingl="and" liik="Konj">un</sone><sone id="l16_s16" lk="314" lemma="su’ž" tahendus="hunt" ingl="wolf" liik="S" vorm="sg.nom.">su’ⁱž</sone><sone id="l16_s17" lk="314" lemma="nūolõ" tahendus="lakkuda" ingl="lick" liik="V" vorm="pers.ind.ipf.sg.3.">nuoliz</sone><sone id="l16_s18" lk="314" lemma="vä’ggi" tahendus="väga" ingl="very" liik="Adv">vägi</sone><sone id="l16_s19" lk="314" lemma="luštīg" tahendus="rõõmsalt" ingl="joyfully" liik="Adv" kommentaar="?">luštīŋg</sone><sone id="l16_s20" lk="314" meta="vahemärk">,</sone><sone id="l16_s21" lk="314" lemma="nūškõ" tahendus="nuuskida" ingl="sniff" liik="V" vorm="pers.ind.ipf.sg.3.">nūškiz</sone><sone id="l16_s22" lk="314" lemma="ve’l" tahendus="veel" ingl="more" liik="Adv">vel</sone><sone id="l16_s23" lk="314" lemma="jo" tahendus="enam (eessõna keskvõrde moodustamiseks)" ingl="more" liik="Pre">ju’o</sone><sone id="l16_s24" lk="314" lemma="e’mmit" tahendus="enam" ingl="more" liik="Adv">jem’bit</sone><sone id="l16_s25" lk="314" lemma="un" tahendus="ja" ingl="and" liik="Konj">un</sone><sone id="l16_s26" lk="314" lemma="knī’ebõ" tahendus="näkitsema" ingl="nibble" liik="V" vorm="pers.ind.ipf.sg.3.">knibīńtiz</sone><sone id="l16_s27" lk="314" lemma="ūļ" tahendus="mokk" ingl="lip" liik="S" vorm="pl.instl.">ūldkəks</sone><sone id="l16_s28" lk="314" meta="vahemärk">,</sone><sone id="l16_s29" lk="314" lemma="un" tahendus="ja" ingl="and" liik="Konj">un</sone><sone id="l16_s30" lk="314" lemma="sūr" tahendus="suur" ingl="big" liik="A" vorm="sg.el.">sūrst</sone><sone id="l16_s31" lk="314" lemma="lušt" tahendus="rõõm" ingl="joy" liik="S" vorm="sg.el.">luštəst</sone><sone id="l16_s32" lk="314" lemma="tämā" tahendus="tema" ingl="he" liik="ProS" vorm="sg.dat.">täm’mən</sone><sone id="l16_s33" lk="314" lemma="sīekõld" tahendus="sülg" ingl="saliva" liik="S" vorm="pl.nom.">siekl̥d</sone><sone id="l16_s34" lk="314" lemma="jūokšõ" tahendus="voolata" ingl="run" liik="V" vorm="pers.ind.ipf.pl.3.">juokšisti</sone><sone id="l16_s35" lk="314" meta="vahemärk">,</sone><sone id="l16_s36" lk="314" lemma="ku" tahendus="et" ingl="that" liik="Konj">ku</sone><sone id="l16_s37" lk="314" lemma="ni" tahendus="nüüd" ingl="now" liik="Adv">ni</sone><sone id="l16_s38" lk="314" lemma="tijā" tahendus="tühi" ingl="empty" liik="A" vorm="sg.part.">ti’jjə</sone><sone id="l16_s39" lk="314" lemma="ma’g" tahendus="kõht" ingl="stomach" liik="S" vorm="sg.part.">ma’ggə</sone><sone id="l16_s40" lk="314" lemma="sǭdõ" tahendus="saada" ingl="get" liik="V" vorm="pers.ind.pr.sg.3.">sāb</sone><sone id="l16_s41" lk="314" lemma="tǟ’dõks" tahendus="täis" ingl="full" liik="Adv">tǟduks</sone><sone id="l16_s42" lk="314" lemma="seļļi" tahendus="selline" ingl="such" liik="ProA" vorm="sg.gen.">selliz</sone><sone id="l16_s43" lk="314" lemma="jõvā" tahendus="hea" ingl="good" liik="A" vorm="sg.gen.">juvā</sone><sone id="l16_s44" lk="314" lemma="palā" tahendus="pala" ingl="piece" liik="S" vorm="sg.instl.">palāks</sone><sone id="l16_s45" lk="314" meta="vahemärk">.</sone></lause><lause id="l17"><sone id="l17_s1" lk="314" lemma="ikš" tahendus="üks" ingl="one" liik="Nump" vorm="sg.gen.">ī’d</sone><sone id="l17_s2" lk="314" lemma="reid" tahendus="kord" ingl="time" liik="S" vorm="sg.instl.">reidkəks</sone><sone id="l17_s3" lk="314" lemma="tämā" tahendus="tema" ingl="he" liik="ProS" vorm="sg.nom.">ta</sone><sone id="l17_s4" lk="314" lemma="nustõ" tahendus="tõsta" ingl="raise" liik="V" vorm="pers.ind.ipf.sg.3.">nustīz</sone><sone id="l17_s5" lk="314" lemma="kurā" tahendus="vasak" ingl="left" liik="A" vorm="sg.gen.">kurā</sone><sone id="l17_s6" lk="314" lemma="e’ḑḑi" tahendus="eesmine" ingl="front" liik="A" vorm="sg.gen.">ed́īz</sone><sone id="l17_s7" lk="314" lemma="jālga" tahendus="jalg" ingl="foot" liik="S" vorm="sg.gen.">jālga</sone><sone id="l17_s8" lk="314" lemma="i’ļ" tahendus="üle" ingl="over" liik="Pre">iĺ’</sone><sone id="l17_s9" lk="314" lemma="pȯiški" tahendus="poisike" ingl="little boy" liik="S" vorm="sg.gen.">pᵘoiškiz</sone><sone id="l17_s10" lk="314" lemma="i’ļ" tahendus="üle" ingl="over" liik="Post">iĺ’</sone><sone id="l17_s11" lk="314" meta="vahemärk">,</sone><sone id="l17_s12" lk="314" lemma="ne’i" tahendus="nii" ingl="so" liik="ProAdv">nei’</sone><sone id="l17_s13" lk="314" lemma="ku" tahendus="et" ingl="that" liik="Konj">ku</sone><sone id="l17_s14" lk="314" lemma="pȯiški" tahendus="poisike" ingl="little boy" liik="S" vorm="sg.gen.">pᵘoiškiz</sone><sone id="l17_s15" lk="314" lemma="ki’r" tahendus="kukal" ingl="nape" liik="S" vorm="sg.nom.">kir’</sone><sone id="l17_s16" lk="314" lemma="vȱlda" tahendus="olla" ingl="be" liik="V" vorm="pers.ind.ipf.sg.3.">woĺ’</sone><sone id="l17_s17" lk="314" lemma="va’il" tahendus="vahel" ingl="between" liik="Pre">vai’l</sone><sone id="l17_s18" lk="314" lemma="su’ž" tahendus="hunt" ingl="wolf" liik="S" vorm="sg.gen.">su’d</sone><sone id="l17_s19" lk="314" lemma="e’ḑḑi" tahendus="eesmine" ingl="front" liik="S" vorm="pl.gen.">e’d́d́ist</sone><sone id="l17_s20" lk="314" lemma="jālga" tahendus="jalg" ingl="foot" liik="S" vorm="pl.gen.">jālgad</sone><sone id="l17_s21" lk="314" meta="vahemärk">.</sone></lause><lause id="l18"><sone id="l18_s1" lk="314" lemma="ni" tahendus="nüüd" ingl="now" liik="Adv">ni</sone><sone id="l18_s2" lk="314" lemma="vȯ’dlimi" tahendus="ootus" ingl="waiting" liik="S" vorm="sg.nom.">wo’dlimi</sone><sone id="l18_s3" lk="314" lemma="e’mmit" tahendus="enam" ingl="anymore" liik="Adv">jem’bit</sone><sone id="l18_s4" lk="314" lemma="i’z" tahendus="ei" ingl="not" liik="Mn" vorm="pers.ind.ipf.sg.3.">iz</sone><sone id="l18_s5" lk="314" lemma="ä’bțõ" tahendus="aidata" ingl="help" liik="V" vorm="pers.ind.sg.3.neg.">ä’b́t́ə</sone><sone id="l18_s6" lk="314" lemma="mittõ" tahendus="mitte" ingl="not" liik="Mn">mittə</sone><sone id="l18_s7" lk="314" lemma="midāgõd" tahendus="midagi" ingl="anything" liik="ModAdv">midāgid</sone><sone id="l18_s8" lk="314" meta="vahemärk">.</sone></lause><lause id="l19"><sone id="l19_s1" lk="314" lemma="si’z" tahendus="siis" ingl="then" liik="ProAdv">siz</sone><sone id="l19_s2" lk="314" lemma="pȯiški" tahendus="poisike" ingl="little boy" liik="S" vorm="sg.nom.">pᵘoiški</sone><sone id="l19_s3" lk="314" lemma="eņțš" tahendus="oma" ingl="own" liik="ProS" vorm="sg.gen.">eńtš</sone><sone id="l19_s4" lk="314" lemma="jūs" tahendus="juures" ingl="by" liik="Post">jūs</sone><sone id="l19_s5" lk="314" lemma="mõtlõ" tahendus="mõelda" ingl="think" liik="V" vorm="pers.ind.ipf.sg.3.">mitliz</sone><sone id="l19_s6" lk="314" lemma="un" tahendus="ja" ingl="and" liik="Konj">un</sone><sone id="l19_s7" lk="314" lemma="aššõ" tahendus="kiiresti" ingl="quickly" liik="Adv">aššə</sone><sone id="l19_s8" lk="314" meta="vahemärk">,</sone><sone id="l19_s9" lk="314" lemma="ne+ka" tahendus="nagu" ingl="like" liik="Konj">ne+ki</sone><sone id="l19_s10" lk="314" lemma="valkt" tahendus="välk" ingl="lightning" liik="S" vorm="sg.part.">valktə</sone><sone id="l19_s11" lk="314" lemma="eitõ" tahendus="lüüa" ingl="srtike" liik="V" vorm="pers.ind.ipf.sg.3.">ētiz</sone><sone id="l19_s12" lk="314" meta="vahemärk">,</sone><sone id="l19_s13" lk="314" lemma="akkõ" tahendus="haarata" ingl="grab" liik="V" vorm="pers.ind.ipf.sg.3.">akīz</sone><sone id="l19_s14" lk="314" lemma="su’ž" tahendus="hunt" ingl="wolf" liik="S" vorm="sg.dat.">su’ddən</sone><sone id="l19_s15" lk="314" lemma="mȯ’lmõd" tahendus="mõlemad" ingl="both" liik="ProS" vorm="pl.gen.">mᵘolməd</sone><sone id="l19_s16" lk="314" lemma="jālga" tahendus="jalg" ingl="leg" liik="S" vorm="pl.gen.">jālgad</sone><sone id="l19_s17" lk="314" lemma="vi’zzõ" tahendus="kinni" ingl="hold of" liik="Adva">vi’zzə</sone><sone id="l19_s18" lk="314" lemma="un" tahendus="ja" ingl="and" liik="Konj">un</sone><sone id="l19_s19" lk="314" lemma="vie’ddõ" tahendus="tõmmata" ingl="pull" liik="V" vorm="pers.ind.ipf.sg.3.">vⁱedīz</sone><sone id="l19_s20" lk="314" lemma="amā" tahendus="kogu" ingl="all" liik="A" vorm="sg.ad.">amāl</sone><sone id="l19_s21" lk="314" lemma="joud" tahendus="jõud" ingl="strength" liik="S" vorm="sg.ad.">joudəl</sone><sone id="l19_s22" lk="314" lemma="ī’ž" tahendus="ise" ingl="self" liik="ProS" vorm="sg.nom.">eńtš</sone><sone id="l19_s23" lk="314" lemma="jūr" tahendus="külge" ingl="at" liik="Post">jūr</sone><sone id="l19_s24" lk="314" lemma="vi’zzõ" tahendus="kinni" ingl="stuck" liik="Adva">vi’zzə</sone><sone id="l19_s25" lk="314" meta="vahemärk">,</sone><sone id="l19_s26" lk="314" lemma="ne’i" tahendus="nii" ingl="so" liik="ProAdv">nei’</sone><sone id="l19_s27" lk="314" lemma="ku" tahendus="et" ingl="that" liik="Konj">ku</sone><sone id="l19_s28" lk="314" lemma="su’ž" tahendus="hunt" ingl="wolf" liik="S" vorm="sg.nom.">su’ⁱž</sone><sone id="l19_s29" lk="314" lemma="tämā" tahendus="tema" ingl="he" liik="ProS" vorm="sg.dat.">täm’mən</sone><sone id="l19_s30" lk="314" lemma="i’z" tahendus="ei" ingl="not" liik="Mn" vorm="pers.ind.ipf.sg.3.">iz</sone><sone id="l19_s31" lk="314" lemma="võidõ" tahendus="võida" ingl="can" liik="V" vorm="pers.ind.pr.sg.3.">wui</sone><sone id="l19_s32" lk="314" lemma="jamstõ" tahendus="hammustada" ingl="bite" liik="V" vorm="inf.">jamstə</sone><sone id="l19_s33" lk="314" meta="vahemärk">.</sone></lause><lause id="l20"><sone id="l20_s1" lk="314" lemma="pȯiški" tahendus="poisike" ingl="little boy" liik="S" vorm="sg.nom.">pᵘoiški</sone><sone id="l20_s2" lk="314" lemma="ni" tahendus="nüüd" ingl="now" liik="Adv">ni</sone><sone id="l20_s3" lk="314" lemma="nūzõ" tahendus="tõusta" ingl="rise" liik="V" vorm="pers.ind.ipf.sg.3.">nūziz</sone><sone id="l20_s4" lk="314" lemma="i’lzõ" tahendus="üles" ingl="up" liik="Adva">il’z</sone><sone id="l20_s5" lk="314" lemma="un" tahendus="ja" ingl="and" liik="Konj">un</sone><sone id="l20_s6" lk="314" lemma="se" tahendus="see" ingl="this" liik="ProS" vorm="sg.gen.">sie</sone><sone id="l20_s7" lk="314" lemma="lǟlam" tahendus="raske" ingl="heavy" liik="A" vorm="sg.gen.">lǟlam</sone><sone id="l20_s8" lk="314" lemma="kāndam" tahendus="kandam" ingl="burden" liik="S" vorm="sg.instl.">kāndaməks</sone><sone id="l20_s9" lk="314" lemma="ruoikõ" tahendus="rutata" ingl="hurry" liik="V" vorm="pers.ind.ipf.sg.3.">ruoikiz</sone><sone id="l20_s10" lk="314" lemma="kuodāj" tahendus="koju" ingl="to home" liik="Adv">kᵘodāi</sone><sone id="l20_s11" lk="314" meta="vahemärk">.</sone></lause><lause id="l21"><sone id="l21_s1" lk="314" lemma="su’ž" tahendus="hunt" ingl="wolf" liik="S" vorm="sg.nom.">su’ⁱž</sone><sone id="l21_s2" lk="315" lemma="krakšõ" tahendus="kähiseda" ingl="wheeze" liik="V" vorm="pers.ind.ipf.sg.3.">krākšiz</sone><sone id="l21_s3" lk="315" lemma="vä’ggi" tahendus="väga" ingl="very" liik="Adv">vägi</sone><sone id="l21_s4" lk="315" lemma="dikțõ" tahendus="valjult" ingl="loudly" liik="Adv">dikt́ə</sone><sone id="l21_s5" lk="315" lemma="ne+ka" tahendus="nagu" ingl="like" liik="Konj">ne+ki</sone><sone id="l21_s6" lk="315" lemma="kurk" tahendus="kõri" ingl="throat" liik="S" vorm="sg.nom.">kurk</sone><sone id="l21_s7" lk="315" lemma="vȱlda" tahendus="olla" ingl="be" liik="Va" vorm="pers.knd.pr.sg.3.">wolks</sone><sone id="l21_s8" lk="315" lemma="tämā" tahendus="tema" ingl="he" liik="ProS" vorm="sg.dat.">täm’mən</sone><sone id="l21_s9" lk="315" lemma="vi’zzõ" tahendus="kinni" ingl="blocked" liik="Adva">vi’zzə</sone><sone id="l21_s10" lk="315" lemma="zno’udžõ" tahendus="kägistada" ingl="strangle" liik="V" vorm="tud.">znou’d́ždəd</sone><sone id="l21_s11" lk="315" lemma="un" tahendus="ja" ingl="and" liik="Konj">un</sone><sone id="l21_s12" lk="315" lemma="kīskõ" tahendus="rebida" ingl="rip" liik="V" vorm="pers.ind.ipf.sg.3.">kīsiz</sone><sone id="l21_s13" lk="315" lemma="vä’ggi" tahendus="väga" ingl="very" liik="Adv">vägi</sone><sone id="l21_s14" lk="315" lemma="ta’ggi" tahendus="tagumine" ingl="hind" liik="A" vorm="sg.gen.">ta’ggist</sone><sone id="l21_s15" lk="315" lemma="jālga" tahendus="jalg" ingl="foot" liik="S" vorm="sg.gen.">jālga</sone><sone id="l21_s16" lk="315" lemma="kīņtš" tahendus="küünis" ingl="claw" liik="S" vorm="pl.instl.">kīndudəks</sone><sone id="l21_s17" lk="315" lemma="le’b" tahendus="läbi" ingl="through" liik="Pre">le’b</sone><sone id="l21_s18" lk="315" lemma="pȯiški" tahendus="poisike" ingl="little boy" liik="S" vorm="sg.gen.">pᵘoiškiz</sone><sone id="l21_s19" lk="315" lemma="sǭpkõz" tahendus="saabas" ingl="boot" liik="S" vorm="pl.gen.">sāpkəd</sone><sone id="l21_s20" lk="315" lemma="un" tahendus="ja" ingl="and" liik="Konj">un</sone><sone id="l21_s21" lk="315" lemma="sukā" tahendus="sukk" ingl="stocking" liik="S" vorm="pl.gen.">sukād</sone><sone id="l21_s22" lk="315" lemma="ne’i" tahendus="nii" ingl="so" liik="ProAdv">nei’</sone><sone id="l21_s23" lk="315" lemma="ku" tahendus="et" ingl="that" liik="Konj">ku</sone><sone id="l21_s24" lk="315" lemma="ve’r" tahendus="veri" ingl="blood" liik="S" vorm="sg.nom.">veŕ’</sone><sone id="l21_s25" lk="315" lemma="tūlda" tahendus="tulla" ingl="come" liik="V" vorm="pers.ind.ipf.sg.3.">tuĺ’</sone><sone id="l21_s26" lk="315" lemma="ulzõ" tahendus="välja" ingl="out" liik="Adva">ulz</sone><sone id="l21_s27" lk="315" meta="vahemärk">.</sone></lause><lause id="l22"><sone id="l22_s1" lk="315" meta="vahemärk">”</sone><sone lk="315" keel="eesti" id="l22_s2" lemma="izā" tahendus="isa" ingl="father" liik="S" vorm="sg.nom.">izā</sone><sone id="l22_s3" lk="315" meta="vahemärk">,</sone><sone id="l22_s4" lk="315" lemma="izā" tahendus="isa" ingl="father" liik="S" vorm="sg.nom.">izā</sone><sone lk="315" keel="eesti" id="l22_s5" meta="vahemärk">!</sone><sone id="l22_s6" lk="315" meta="vahemärk">”</sone><sone id="l22_s7" lk="315" lemma="tämā" tahendus="tema" ingl="he" liik="ProS" vorm="sg.nom.">ta</sone><sone id="l22_s8" lk="315" lemma="ouŗõ" tahendus="karjuda" ingl="yell" liik="V" vorm="pers.ind.ipf.sg.3.">ōŕiz</sone><sone id="l22_s9" lk="315" lemma="eņtš" tahendus="oma" ingl="own" liik="ProS" vorm="sg.gen.">eńt́š</sone><sone id="l22_s10" lk="315" lemma="lǟlam" tahendus="raske" ingl="heavy" liik="A" vorm="sg.gen.">lǟlam</sone><sone id="l22_s11" lk="315" lemma="kāndam" tahendus="kandam" ingl="burden" liik="S" vorm="sg.instl.">kāndaməks</sone><sone id="l22_s12" lk="315" meta="vahemärk">,</sone><sone id="l22_s13" lk="315" lemma="vȯņštiz" tahendus="õnnelikult" ingl="luckily" liik="Adv">woństiz</sone><sone id="l22_s14" lk="315" lemma="no+tūlda" tahendus="tulla" ingl="come" liik="V" vorm="nud.sg.prf.">nu’o+tund</sone><sone id="l22_s15" lk="315" lemma="kǭrand" tahendus="talu" ingl="farm" liik="S" vorm="sg.gen.">kārand</sone><sone id="l22_s16" lk="315" lemma="vǟ’rõd" tahendus="väravad" ingl="gate" liik="S" vorm="pl.gen.">vǟ’rəd</sone><sone id="l22_s17" lk="315" lemma="jūr" tahendus="juurde" ingl="at" liik="Post">jūr</sone><sone id="l22_s18" lk="315" meta="vahemärk">.</sone></lause><lause id="l23"><sone id="l23_s1" lk="315" meta="vahemärk">”</sone><sone lk="315" keel="eesti" id="l23_s2" lemma="izā" tahendus="isa" ingl="father" liik="S" vorm="sg.nom.">izā</sone><sone id="l23_s3" lk="315" meta="vahemärk">,</sone><sone id="l23_s4" lk="315" lemma="izā" tahendus="isa" ingl="father" liik="S" vorm="sg.nom.">izā</sone><sone id="l23_s5" lk="315" meta="vahemärk">,</sone><sone id="l23_s6" lk="315" lemma="tūlda" tahendus="tulla" ingl="come" liik="V" vorm="pers.imp.pr.sg.2.">tul’</sone><sone id="l23_s7" lk="315" meta="vahemärk">,</sone><sone id="l23_s8" lk="315" lemma="tī’edõ" tahendus="teha" ingl="make" liik="V" vorm="pers.imp.pr.sg.2.">tie</sone><sone id="l23_s9" lk="315" lemma="minā" tahendus="mina" ingl="I" liik="ProS" vorm="sg.dat.">min’nən</sone><sone id="l23_s10" lk="315" lemma="vǟ’rõd" tahendus="väravad" ingl="gate" liik="S" vorm="pl.gen.">vǟ’rəd</sone><sone id="l23_s11" lk="315" lemma="vāldiņ" tahendus="lahti" ingl="open" liik="Adva">vāldiń</sone><sone lk="315" keel="eesti" id="l23_s12" meta="vahemärk">!</sone><sone id="l23_s13" lk="315" meta="vahemärk">”</sone></lause><lause id="l24"><sone id="l24_s1" lk="315" lemma="ne’i" tahendus="nii" ingl="so" liik="ProAdv">nei’</sone><sone id="l24_s2" lk="315" lemma="pȯiški" tahendus="poisike" ingl="little boy" liik="S" vorm="sg.nom.">pᵘoiški</sone><sone id="l24_s3" lk="315" lemma="jarā" tahendus="ära" ingl="off" liik="Adva">jerā</sone><sone id="l24_s4" lk="315" lemma="ädāgõ" tahendus="ehmuda" ingl="be startled" liik="V" vorm="nud.sg.">ädāgən</sone><sone id="l24_s5" lk="315" lemma="ēļ" tahendus="hääl" ingl="voice" liik="S" vorm="sg.instl.">ielkəks</sone><sone id="l24_s6" lk="315" lemma="ve’l" tahendus="veel" ingl="more" liik="Adv">vel</sone><sone id="l24_s7" lk="315" lemma="jo" tahendus="enam (eessõna keskvõrde moodustamiseks)" ingl="more" liik="Pre">ju’o</sone><sone id="l24_s8" lk="315" lemma="dikțõ" tahendus="valjult" ingl="loudly" liik="Adv">dikt́ə</sone><sone id="l24_s9" lk="315" lemma="ouŗõ" tahendus="karjuda" ingl="yell" liik="V" vorm="pers.ind.ipf.sg.3.">ōŕiz</sone><sone id="l24_s10" lk="315" meta="vahemärk">.</sone></lause><lause id="l25"><sone id="l25_s1" lk="315" lemma="joud" tahendus="jõud" ingl="strenght" liik="S" vorm="sg.nom.">joud</sone><sone id="l25_s2" lk="315" lemma="tämā" tahendus="tema" ingl="he" liik="ProS" vorm="sg.dat.">täm’mən</sone><sone id="l25_s3" lk="315" lemma="irgõ" tahendus="hakata" ingl="begin" liik="V" vorm="pers.ind.ipf.sg.3.">īrgiz</sone><sone id="l25_s4" lk="315" lemma="ju" tahendus="ju" ingl="after all" liik="ModAdv">ju</sone><sone id="l25_s5" lk="315" lemma="jarā" tahendus="ära" ingl="off" liik="Adva">jerā</sone><sone id="l25_s6" lk="315" lemma="pūtõ" tahendus="puududa" ingl="lack" liik="V" vorm="inf.">pūtə</sone><sone id="l25_s7" lk="315" meta="vahemärk">,</sone><sone id="l25_s8" lk="315" lemma="agā" tahendus="aga" ingl="but" liik="Konj">agā</sone><sone id="l25_s9" lk="315" lemma="mit+ikš" tahendus="mitte keegi" ingl="noone" liik="ProS" vorm="sg.nom.">mitt+ikš</sone><sone id="l25_s10" lk="315" lemma="i’z" tahendus="ei" ingl="not" liik="Mn" vorm="pers.ind.ipf.sg.3.">iz</sone><sone id="l25_s11" lk="315" lemma="kūlõ" tahendus="kuulda" ingl="hear" liik="V" vorm="pers.ind.sg.3.neg.">kūl</sone><sone id="l25_s12" lk="315" lemma="tämā" tahendus="tema" ingl="he" liik="ProS" vorm="sg.gen.">täm’</sone><sone id="l25_s13" lk="315" lemma="ouŗimi" tahendus="kisa" ingl="yelling" liik="S" vorm="pl.part.">ouŕimist</sone><sone id="l25_s14" lk="315" meta="vahemärk">.</sone></lause><lause id="l26"><sone id="l26_s1" lk="315" lemma="vǟ’rõd" tahendus="väravad" ingl="gate" liik="S" vorm="pl.nom.">vǟ’rəd</sone><sone id="l26_s2" lk="315" lemma="vȱlda" tahendus="olla" ingl="be" liik="Va" vorm="pers.ind.ipf.pl.3.">woĺ’ti</sone><sone id="l26_s3" lk="315" lemma="sizāl+pe’ḑõn" tahendus="seespidiselt" ingl="inside" liik="Adv">sizāl+ped́ī</sone><sone id="l26_s4" lk="315" lemma="vi’zzõ" tahendus="kinni" ingl="fastened" liik="Adva">vi’zzə</sone><sone id="l26_s5" lk="315" lemma="likkõ" tahendus="lükata" ingl="push" liik="V" vorm="tud.">liktəd</sone><sone id="l26_s6" lk="315" meta="vahemärk">,</sone><sone id="l26_s7" lk="315" lemma="un" tahendus="ja" ingl="and" liik="Konj">un</sone><sone id="l26_s8" lk="315" lemma="amā" tahendus="kõik" ingl="all" liik="A" vorm="sg.nom.">amā</sone><sone id="l26_s9" lk="315" lemma="ro’vz" tahendus="rahvas" ingl="people" liik="S" vorm="sg.nom.">rou’ž</sone><sone id="l26_s10" lk="315" lemma="ma’ggõ" tahendus="magada" ingl="sleep" liik="V" vorm="pers.ind.ipf.pl.3.">magīsti</sone><sone id="l26_s11" lk="315" meta="vahemärk">.</sone></lause><lause id="l27"><sone id="l27_s1" lk="315" lemma="ke’ž" tahendus="käsi" ingl="hand" liik="S" vorm="pl.instl.">kädūdəks</sone><sone id="l27_s2" lk="315" lemma="tämā" tahendus="tema" ingl="he" liik="ProS" vorm="sg.nom.">ta</sone><sone id="l27_s3" lk="315" lemma="i’z" tahendus="ei" ingl="not" liik="Mn" vorm="pers.ind.ipf.sg.3.">iz</sone><sone id="l27_s4" lk="315" lemma="võidõ" tahendus="võida" ingl="can" liik="V" vorm="pers.ind.pr.sg.3.">wui</sone><sone id="l27_s5" lk="315" lemma="vǟ’rõd" tahendus="väravad" ingl="gate" liik="S" vorm="pl.gen.">vǟ’rəd</sone><sone id="l27_s6" lk="315" lemma="jūr" tahendus="külge" ingl="to" liik="Post">jūr</sone><sone id="l27_s7" lk="315" lemma="pūtõ" tahendus="puutuda" ingl="touch" liik="V" vorm="inf.">pūtə</sone><sone id="l27_s8" lk="315" meta="vahemärk">,</sone><sone id="l27_s9" lk="315" lemma="ju’o" tahendus="sest" ingl="because" liik="Konj">ju’o</sone><sone id="l27_s10" lk="315" lemma="mȯ’lmõd" tahendus="mõlemad" ingl="both" liik="ProS" vorm="pl.gen.">mᵘolməd</sone><sone id="l27_s11" lk="315" lemma="ke’ž" tahendus="käsi" ingl="hand" liik="S" vorm="pl.instl.">kädūdəks</sone><sone id="l27_s12" lk="315" lemma="vȱlda" tahendus="olla" ingl="be" liik="Va" vorm="pers.ind.ipf.sg.3.">woĺ’</sone><sone id="l27_s13" lk="315" lemma="su’ž" tahendus="hunt" ingl="wolf" liik="S" vorm="sg.gen.">su’d</sone><sone id="l27_s14" lk="315" lemma="pi’ddõ" tahendus="hoida" ingl="hold" liik="V" vorm="deb.">pidāmist</sone><sone id="l27_s15" lk="315" lemma="vizās" tahendus="kinni" ingl="hold of" liik="Adv">vizās</sone><sone id="l27_s16" lk="315" meta="vahemärk">,</sone><sone id="l27_s17" lk="315" lemma="un" tahendus="ja" ingl="and" liik="Konj">un</sone><sone id="l27_s18" lk="315" lemma="jālga" tahendus="jalg" ingl="foot" liik="S" vorm="pl.instl.">jālgadəks</sone><sone id="l27_s19" lk="315" lemma="ka" tahendus="ka" ingl="also" liik="ModAdv">ka</sone><sone id="l27_s20" lk="315" lemma="tämā" tahendus="tema" ingl="he" liik="ProS" vorm="sg.nom.">ta</sone><sone id="l27_s21" lk="315" lemma="i’z" tahendus="ei" ingl="not" liik="Mn" vorm="pers.ind.ipf.sg.3.">iz</sone><sone id="l27_s22" lk="315" lemma="võidõ" tahendus="võida" ingl="can" liik="V" vorm="pers.ind.pr.sg.3.">wui</sone><sone id="l27_s23" lk="315" lemma="vǟ’rõd" tahendus="väravad" ingl="gate" liik="S" vorm="pl.dat.">vǟ’rədən</sone><sone id="l27_s24" lk="315" lemma="jū’rõ" tahendus="külge" ingl="to" liik="Adva">jūrə</sone><sone id="l27_s25" lk="315" lemma="pūtõ" tahendus="puutuda" ingl="touch" liik="V" vorm="inf.">pūtə</sone><sone id="l27_s26" lk="315" meta="vahemärk">–</sone><sone id="l27_s27" lk="315" lemma="tämā" tahendus="tema" ingl="he" liik="ProS" vorm="sg.nom.">ta</sone><sone id="l27_s28" lk="315" lemma="kartõ" tahendus="karta" ingl="fear" liik="V" vorm="pers.ind.ipf.sg.3.">kārtiz</sone><sone id="l27_s29" lk="315" meta="vahemärk">,</sone><sone id="l27_s30" lk="315" lemma="ku" tahendus="et" ingl="that" liik="Konj">ku</sone><sone id="l27_s31" lk="315" lemma="su’ž" tahendus="hunt" ingl="wolf" liik="S" vorm="sg.nom.">su’ⁱž</sone><sone id="l27_s32" lk="315" lemma="si’z" tahendus="siis" ingl="then" liik="ProAdv">siz</sone><sone id="l27_s33" lk="315" lemma="tämā" tahendus="tema" ingl="he" liik="ProS" vorm="sg.part.">tǟnda</sone><sone id="l27_s34" lk="315" lemma="pigā" tahendus="varsti" ingl="soon" liik="Adv">pigā</sone><sone id="l27_s35" lk="315" lemma="no+gǭ’žõ" tahendus="paisata" ingl="throw" liik="V" vorm="pers.ind.pr.sg.3.prf.">nu’o+gā’zəb</sone><sone id="l27_s36" lk="315" lemma="mǭ’" tahendus="maha" ingl="down" liik="Adva">mā’</sone><sone id="l27_s37" lk="315" meta="vahemärk">.</sone></lause><lause id="l28"><sone id="l28_s1" lk="315" lemma="pie’rrõ" tahendus="pärast" ingl="after" liik="Pre">pⁱer’rə</sone><sone id="l28_s2" lk="315" lemma="tämā" tahendus="tema" ingl="he" liik="ProS" vorm="sg.nom.">ta</sone><sone id="l28_s3" lk="315" lemma="võttõ" tahendus="võtta" ingl="take" liik="V" vorm="pers.ind.ipf.sg.3.">wutīz</sone><sone id="l28_s4" lk="315" lemma="dūš" tahendus="julgus" ingl="courage" liik="S" vorm="sg.gen.">dūš</sone><sone id="l28_s5" lk="315" meta="vahemärk">,</sone><sone id="l28_s6" lk="315" lemma="tämā" tahendus="tema" ingl="he" liik="ProS" vorm="sg.nom.">ta</sone><sone id="l28_s7" lk="315" lemma="lǟ’dõ" tahendus="minna" ingl="go" liik="V" vorm="pers.ind.ipf.sg.3.">lekš</sone><sone id="l28_s8" lk="315" lemma="dagārž+pēḑõn" tahendus="tagurpidi" ingl="backwards" liik="Adv">dagāŕš+ped́ī</sone><sone id="l28_s9" lk="315" lemma="un" tahendus="ja" ingl="and" liik="Konj">un</sone><sone id="l28_s10" lk="315" lemma="bissõ" tahendus="paiskuda" ingl="throw" liik="V" vorm="pers.ind.ipf.sg.3.">bisīz</sone><sone id="l28_s11" lk="315" lemma="se" tahendus="see" ingl="this" liik="ProS" vorm="sg.gen.">sie</sone><sone id="l28_s12" lk="315" lemma="su’ž" tahendus="hunt" ingl="wolf" liik="S" vorm="sg.instl.">su’dkəks</sone><sone id="l28_s13" lk="315" lemma="i’ļ" tahendus="üle" ingl="over" liik="Pre">iĺ’</sone><sone id="l28_s14" lk="315" lemma="vǟ’rõd" tahendus="väravad" ingl="gate" liik="S" vorm="pl.gen.">vǟ’rəd</sone><sone id="l28_s15" lk="315" meta="vahemärk">.</sone></lause><lause id="l29"><sone id="l29_s1" lk="315" lemma="si’z" tahendus="siis" ingl="then" liik="ProAdv">siz</sone><sone id="l29_s2" lk="315" lemma="su’ž" tahendus="hunt" ingl="wolf" liik="S" vorm="sg.nom.">su’ⁱž</sone><sone id="l29_s3" lk="315" lemma="nõ’ŗžõ" tahendus="uriseda" ingl="growl" liik="V" vorm="pers.ind.ipf.sg.3.">nir’žiz</sone><sone id="l29_s4" lk="315" meta="vahemärk">,</sone><sone id="l29_s5" lk="315" lemma="ikš" tahendus="üks" ingl="one" liik="Nump" vorm="sg.gen.">ī’d</sone><sone id="l29_s6" lk="315" lemma="reid" tahendus="kord" ingl="time" liik="S" vorm="sg.instl.">reidkəks</sone><sone id="l29_s7" lk="315" lemma="tikkiž" tahendus="kõik" ingl="all" liik="ProS">tikkiž</sone><sone id="l29_s8" lk="315" lemma="pi’ņ" tahendus="koer" ingl="dog" liik="S" vorm="pl.nom.">pińīd</sone><sone id="l29_s9" lk="315" lemma="irgõ" tahendus="hakata" ingl="begin" liik="V" vorm="pers.ind.ipf.pl.3.">īrgisti</sone><sone id="l29_s10" lk="315" lemma="uttõ" tahendus="haukuda" ingl="bark" liik="V" vorm="inf.">uttə</sone><sone id="l29_s11" lk="315" lemma="un" tahendus="ja" ingl="and" liik="Konj">un</sone><sone id="l29_s12" lk="315" lemma="ikš" tahendus="üks" ingl="one" liik="Nump" vorm="sg.in.">ī’ds</sone><sone id="l29_s13" lk="315" lemma="sīlma+pilk" tahendus="silmapilk" ingl="blink of an eye" liik="S" vorm="sg.in.">sīlma+pilks</sone><sone id="l29_s14" lk="315" lemma="vȱlda" tahendus="olla" ingl="be" liik="V" vorm="pers.ind.ipf.pl.3.">woĺ’ti</sone><sone id="l29_s15" lk="315" lemma="vǟ’rõd" tahendus="väravad" ingl="gate" liik="S" vorm="pl.gen.">vǟ’rəd</sone><sone id="l29_s16" lk="315" lemma="jūs" tahendus="juures" ingl="by" liik="Post">jū’s</sone><sone id="l29_s17" lk="315" meta="vahemärk">.</sone></lause><lause id="l30"><sone id="l30_s1" lk="315" meta="vahemärk">”</sone><sone lk="315" keel="eesti" id="l30_s2" lemma="izā" tahendus="isa" ingl="father" liik="S" vorm="pl.nom.">iza</sone><sone lk="315" keel="eesti" id="l30_s3" meta="vahemärk">!</sone><sone id="l30_s4" lk="315" meta="vahemärk">”</sone><sone id="l30_s5" lk="315" lemma="pȯiški" tahendus="poisike" ingl="little boy" liik="S" vorm="sg.nom.">pᵘoiški</sone><sone id="l30_s6" lk="315" lemma="te’iž" tahendus="jälle" ingl="again" liik="Adv">täi’z</sone><sone id="l30_s7" lk="315" lemma="ouŗõ" tahendus="karjuda" ingl="yell" liik="V" vorm="pers.ind.ipf.sg.3.">ōŕiz</sone><sone id="l30_s8" lk="315" meta="vahemärk">,</sone><sone id="l30_s9" lk="315" meta="vahemärk">”</sone><sone lk="315" keel="eesti" id="l30_s10" lemma="pǭlandõks" tahendus="palve" ingl="plea" liik="S" vorm="sg.gen.">pālandəks</sone><sone id="l30_s11" lk="315" lemma="pierāst" tahendus="pärast" ingl="for" liik="Post">pⁱerāst</sone><sone id="l30_s12" lk="315" lemma="tī’edõ" tahendus="teha" ingl="make" liik="V" vorm="pers.imp.pr.sg.2.">tie</sone><sone id="l30_s13" lk="315" lemma="aššõ" tahendus="kiiresti" ingl="quickly" liik="Adv">aššə</sone><sone id="l30_s14" lk="315" lemma="vǟ’rõd" tahendus="väravad" ingl="gate" liik="S" vorm="pl.gen.">vǟ’rəd</sone><sone id="l30_s15" lk="315" lemma="vāldiņ" tahendus="lahti" ingl="open" liik="Adva">vāldiń</sone><sone id="l30_s16" lk="315" meta="vahemärk">,</sone><sone id="l30_s17" lk="315" lemma="minā" tahendus="mina" ingl="I" liik="ProS" vorm="sg.dat.">min’nən</sone><sone id="l30_s18" lk="315" lemma="vȱlda" tahendus="olla" ingl="be" liik="Va" vorm="pers.ind.pr.sg.3.">um</sone><sone id="l30_s19" lk="315" lemma="ikš" tahendus="üks" ingl="one" liik="ProS" vorm="sg.nom.">ikš</sone><sone id="l30_s20" lk="315" lemma="su’ž" tahendus="hunt" ingl="wolf" liik="S" vorm="sg.nom.">su’ⁱž</sone><sone id="l30_s21" lk="315" lemma="je’lsõ" tahendus="elus" ingl="alive" liik="A" vorm="sg.nom.">jel’sə</sone><sone id="l30_s22" lk="315" lemma="vi’zzõ" tahendus="kinni" ingl="caught" liik="Adva">vi’zz</sone><sone id="l30_s23" lk="315" meta="vahemärk">‿</sone><sone id="l30_s24" lk="315" lemma="akkõ" tahendus="püüda" ingl="catch" liik="V" vorm="tud.">aktəd</sone><sone lk="315" keel="eesti" id="l30_s25" meta="vahemärk">!</sone><sone id="l30_s26" lk="315" meta="vahemärk">”</sone><sone id="l30_s27" lk="315" lemma="ni" tahendus="nüüd" ingl="now" liik="Adv">ni</sone><sone id="l30_s28" lk="315" lemma="vanā" tahendus="vana" ingl="old" liik="A" vorm="sg.nom.">vanā</sone><sone id="l30_s29" lk="315" lemma="mõtsā+izānd" tahendus="metsaülem" ingl="forest officer" liik="S" vorm="sg.nom.">mitsā+izānd</sone><sone id="l30_s30" lk="315" lemma="kūlõ" tahendus="kuulda" ingl="hear" liik="V" vorm="pers.ind.ipf.sg.3.">kūliz</sone><sone id="l30_s31" lk="315" lemma="eņțš" tahendus="oma" ingl="own" liik="ProS" vorm="sg.gen.">eńtš</sone><sone id="l30_s32" lk="315" lemma="pūoga" tahendus="poeg" ingl="son" liik="S" vorm="sg.gen.">puoga</sone><sone id="l30_s33" lk="315" lemma="ēļ" tahendus="hääl" ingl="voice" liik="S" vorm="sg.part.">ieltə</sone><sone id="l30_s34" lk="315" meta="vahemärk">,</sone><sone id="l30_s35" lk="315" lemma="jemā" tahendus="ema" ingl="mother" liik="S" vorm="sg.nom.">jemā</sone><sone id="l30_s36" lk="315" lemma="vȱlda" tahendus="olla" ingl="be" liik="Va" vorm="pers.ind.ipf.sg.3.">woĺ’</sone><sone id="l30_s37" lk="315" lemma="jo" tahendus="enam (eessõna keskvõrde moodustamiseks)" ingl="more" liik="Pre">ju’o</sone><sone id="l30_s38" lk="315" lemma="aššõ" tahendus="kiiresti" ingl="quickly" liik="Adv">aššə</sone><sone id="l30_s39" lk="315" lemma="no+a’ilõ" tahendus="joosta" ingl="run" liik="V" vorm="nud.sg.prf.">nu’o+ai’lən</sone><sone id="l30_s40" lk="316" lemma="un" tahendus="ja" ingl="and" liik="Konj">un</sone><sone id="l30_s41" lk="316" lemma="tī’edõ" tahendus="teha" ingl="make" liik="V" vorm="pers.ind.ipf.sg.3.">tei</sone><sone id="l30_s42" lk="316" lemma="vǟ’rõd" tahendus="väravad" ingl="gate" liik="S" vorm="pl.gen.">vǟ’rəd</sone><sone id="l30_s43" lk="316" lemma="vāldiņ" tahendus="lahti" ingl="open" liik="Adva">vāldiń</sone><sone id="l30_s44" lk="316" meta="vahemärk">,</sone><sone id="l30_s45" lk="316" lemma="un" tahendus="ja" ingl="and" liik="Konj">un</sone><sone id="l30_s46" lk="316" lemma="izā" tahendus="isa" ingl="father" liik="S" vorm="sg.nom.">izā</sone><sone id="l30_s47" lk="316" lemma="ka" tahendus="ka" ingl="also" liik="ModAdv">ka</sone><sone id="l30_s48" lk="316" lemma="ni" tahendus="nüüd" ingl="now" liik="Adv">ni</sone><sone id="l30_s49" lk="316" lemma="vȱlda" tahendus="olla" ingl="be" liik="V" vorm="pers.ind.ipf.sg.3.">woĺ’</sone><sone id="l30_s50" lk="316" lemma="jūs" tahendus="juures" ingl="by" liik="Adv">jūs</sone><sone id="l30_s51" lk="316" lemma="täud" tahendus="täis" ingl="full" liik="S" vorm="sg.instl.">tädūks</sone><sone id="l30_s52" lk="316" lemma="lǭțõ" tahendus="laadida" ingl="load" liik="V" vorm="tud.">lāt́əd</sone><sone id="l30_s53" lk="316" lemma="plint" tahendus="püss" ingl="gun" liik="S" vorm="sg.nom.">plīnta</sone><sone id="l30_s54" lk="316" lemma="ke’ž" tahendus="käsi" ingl="hand" liik="S" vorm="sg.in.">kä’ds</sone><sone id="l30_s55" lk="316" lemma="un" tahendus="ja" ingl="and" liik="Konj">un</sone><sone id="l30_s56" lk="316" lemma="ildīņ" tahendus="kohe" ingl="immediately" liik="Adv">ildī·ń</sone><sone id="l30_s57" lk="316" lemma="tǭ’dõ" tahendus="tahta" ingl="want" liik="V" vorm="pers.ind.ipf.sg.3.">tā’ž</sone><sone id="l30_s58" lk="316" lemma="mǭ’" tahendus="maha" ingl="down" liik="Adva">mā’</sone><sone id="l30_s59" lk="316" lemma="laskõ " tahendus="lasta" ingl="shoot" liik="V" vorm="inf.">lassə</sone><sone id="l30_s60" lk="316" lemma="se" tahendus="see" ingl="this" liik="ProS" vorm="sg.gen.">sie</sone><sone id="l30_s61" lk="316" lemma="zvē’r" tahendus="elajas" ingl="beast" liik="S" vorm="sg.gen.">zvē’rə</sone><sone id="l30_s62" lk="316" meta="vahemärk">.</sone><sone id="l30_s63" lk="316" meta="vahemärk">”</sone><sone lk="316" keel="eesti" id="l30_s64" lemma="alā" tahendus="ära" ingl="not" liik="Mn" vorm="pers.imp.pr.sg.2.">alā</sone><sone id="l30_s65" lk="316" lemma="laskõ " tahendus="tulistada" ingl="shoot" liik="V" vorm="pers.imp.sg.2.neg.">las</sone><sone id="l30_s66" lk="316" lemma="pǭlandõks" tahendus="palve" ingl="plea" liik="S" vorm="sg.gen.">pālandəks</sone><sone id="l30_s67" lk="316" lemma="pierāst" tahendus="pärast" ingl="for" liik="Post">pⁱerāst</sone><sone id="l30_s68" lk="316" meta="vahemärk">,</sone><sone id="l30_s69" lk="316" lemma="alā" tahendus="ära" ingl="not" liik="Mn" vorm="pers.imp.pr.sg.2.">alā</sone><sone id="l30_s70" lk="316" lemma="laskõ " tahendus="tulistada" ingl="shoot" liik="V" vorm="pers.imp.sg.2.neg.">lass</sone><sone lk="316" keel="eesti" id="l30_s71" meta="vahemärk">!</sone><sone id="l30_s72" lk="316" meta="vahemärk">”</sone><sone id="l30_s73" lk="316" lemma="pūoga" tahendus="poeg" ingl="son" liik="S" vorm="sg.nom.">puoga</sone><sone id="l30_s74" lk="316" lemma="nuttõ" tahendus="hüüda" ingl="shout" liik="V" vorm="pers.ind.ipf.sg.3.">nutīz</sone><sone id="l30_s75" lk="316" meta="vahemärk">.</sone><sone id="l30_s76" lk="316" meta="vahemärk">”</sone><sone lk="316" keel="eesti" id="l30_s77" lemma="su’ž" tahendus="hunt" ingl="wolf" liik="S" vorm="sg.nom.">su’ⁱž</sone><sone id="l30_s78" lk="316" lemma="minā" tahendus="mina" ingl="I" liik="ProS" vorm="sg.dat.">min’</sone><sone id="l30_s79" lk="316" lemma="vȱlda" tahendus="olla" ingl="be" liik="V" vorm="pers.ind.pr.sg.3.">um</sone><sone id="l30_s80" lk="316" lemma="sǟlga" tahendus="selg" ingl="back" liik="S" vorm="sg.gen.">sǟlga</sone><sone id="l30_s81" lk="316" lemma="pǟl " tahendus="peal" ingl="on" liik="Post">pǟl</sone><sone id="l30_s82" lk="316" meta="vahemärk">,</sone><sone id="l30_s83" lk="316" lemma="tī’edõ" tahendus="teha" ingl="make" liik="V" vorm="pers.imp.pr.pl.2.">tiegid</sone><sone id="l30_s84" lk="316" lemma="aššõ" tahendus="kiiresti" ingl="quickly" liik="Adv">aššə</sone><sone id="l30_s85" lk="316" lemma="rī’j" tahendus="rehi" ingl="threshing barn" liik="S" vorm="sg.gen.">rī’</sone><sone id="l30_s86" lk="316" lemma="ukš" tahendus="uks" ingl="door" liik="S" vorm="sg.gen.">uks</sone><sone id="l30_s87" lk="316" lemma="vāldiņ" tahendus="lahti" ingl="open" liik="Adva">vāldiń</sone><sone lk="316" keel="eesti" id="l30_s88" meta="vahemärk">!</sone><sone id="l30_s89" lk="316" meta="vahemärk">”</sone><sone id="l30_s90" lk="316" lemma="si’z" tahendus="siis" ingl="then" liik="ProAdv">siz</sone><sone id="l30_s91" lk="316" lemma="tämā" tahendus="tema" ingl="he" liik="ProS" vorm="sg.nom.">ta</sone><sone id="l30_s92" lk="316" lemma="lǟ’dõ" tahendus="minna" ingl="go" liik="V" vorm="pers.ind.ipf.sg.3.">lekš</sone><sone id="l30_s93" lk="316" lemma="dagārž+pēḑõn" tahendus="tagurpidi" ingl="backwards" liik="Adv">dagāŕš+ped́i</sone><sone id="l30_s94" lk="316" lemma="rī’j" tahendus="rehi" ingl="threshing barn" liik="S" vorm="sg.gen.">rī’</sone><sone id="l30_s95" lk="316" lemma="ukš" tahendus="uks" ingl="door" liik="S" vorm="sg.gen.">uks</sone><sone id="l30_s96" lk="316" lemma="jūr" tahendus="juurde" ingl="to" liik="Post">jūr</sone><sone id="l30_s97" lk="316" lemma="un" tahendus="ja" ingl="and" liik="Konj">un</sone><sone id="l30_s98" lk="316" lemma="bissõ" tahendus="visata" ingl="throw" liik="V" vorm="pers.ind.ipf.sg.3.">bisīz</sone><sone id="l30_s99" lk="316" lemma="jūont" tahendus="hoog" liik="S" vorm="sg.instl.">juonkəks</sone><sone id="l30_s100" lk="316" lemma="su’ž" tahendus="hunt" ingl="wolf" liik="S" vorm="sg.gen.">su’d</sone><sone id="l30_s101" lk="316" lemma="rī’j" tahendus="rehi" ingl="threshing barn" liik="S" vorm="sg.ill.">rī’jə</sone><sone id="l30_s102" lk="316" lemma="si’zzõl" tahendus="sisse" ingl="into" liik="Adva">si’zzəl</sone><sone id="l30_s103" lk="316" meta="vahemärk">.</sone></lause><lause id="l31"><sone id="l31_s1" lk="316" lemma="sī’ḑ" tahendus="siin" ingl="here" liik="ProAdv">sī’d</sone><sone id="l31_s2" lk="316" lemma="vȱlda" tahendus="olla" ingl="be" liik="V" vorm="pers.ind.ipf.pl.3.">woĺ’ti</sone><sone id="l31_s3" lk="316" lemma="ju" tahendus="ju" ingl="of course" liik="ModAdv">ju</sone><sone id="l31_s4" lk="316" lemma="pi’ņ" tahendus="koer" ingl="dog" liik="S" vorm="pl.nom.">pińīd</sone><sone id="l31_s5" lk="316" lemma="jūs" tahendus="juures" ingl="by" liik="Adv">jūs</sone><sone id="l31_s6" lk="316" meta="vahemärk">,</sone><sone id="l31_s7" lk="316" lemma="kis" tahendus="kes" ingl="who" liik="Intr" vorm="pl.nom.">kis</sone><sone id="l31_s8" lk="316" lemma="vȯ’dlõ" tahendus="oodata" ingl="wait" liik="V" vorm="pers.ind.ipf.pl.3.">wo’dlisti</sone><sone id="l31_s9" lk="316" lemma="su’ž" tahendus="hunt" ingl="wolf" liik="S" vorm="sg.part.">sutā</sone><sone id="l31_s10" lk="316" lemma="vi’zzõ" tahendus="kinni" ingl="hold of" liik="Adva">vi’zzə</sone><sone id="l31_s11" lk="316" lemma="akkõ" tahendus="püüda" ingl="catch" liik="V" vorm="inf.">akkə</sone><sone id="l31_s12" lk="316" meta="vahemärk">.</sone></lause><lause id="l32"><sone id="l32_s1" lk="316" lemma="ne" tahendus="nemad" ingl="they" liik="ProS" vorm="pl.nom.">ne</sone><sone id="l32_s2" lk="316" lemma="ni" tahendus="nüüd" ingl="now" liik="Adv">ni</sone><sone id="l32_s3" lk="316" lemma="ne+ka" tahendus="nagu" ingl="like" liik="Konj">ne+ki</sone><sone id="l32_s4" lk="316" lemma="ni’gļiki" tahendus="mesilane" ingl="bee" liik="S" vorm="pl.nom.">ni’glist</sone><sone id="l32_s5" lk="316" lemma="tämā" tahendus="tema" ingl="he" liik="ProS" vorm="sg.dat.">täm’mən</sone><sone id="l32_s6" lk="316" lemma="pǟlõ" tahendus="peale" ingl="onto" liik="Adva">pǟlə</sone><sone id="l32_s7" lk="316" lemma="sa’ddõ" tahendus="langeda" ingl="come down" liik="V" vorm="pers.ind.ipf.pl.3.">sadīsti</sone><sone id="l32_s8" lk="316" meta="vahemärk">,</sone><sone id="l32_s9" lk="316" lemma="agā" tahendus="aga" ingl="but" liik="Konj">aga</sone><sone id="l32_s10" lk="316" lemma="kuolm" tahendus="kolm" ingl="three" liik="Nump" vorm="sg.nom.">kᵘolm</sone><sone id="l32_s11" lk="316" lemma="pi’ņ" tahendus="koer" ingl="dog" liik="S" vorm="sg.part.">piń’ńə</sone><sone id="l32_s12" lk="316" lemma="su’ž" tahendus="hunt" ingl="wolf" liik="S" vorm="sg.nom.">su’ⁱž</sone><sone id="l32_s13" lk="316" lemma="ve’l" tahendus="veel" ingl="yet" liik="Adv">vel</sone><sone id="l32_s14" lk="316" lemma="kīskõ" tahendus="rebida" ingl="rip" liik="V" vorm="pers.ind.ipf.sg.3.">kīsiz</sone><sone id="l32_s15" lk="316" lemma="jarā" tahendus="ära" ingl="off" liik="Adva">jerā</sone><sone id="l32_s16" lk="316" lemma="seņtš" tahendus="seni" ingl="as long as " liik="ProAdv">seńt́š</sone><sone id="l32_s17" lk="316" lemma="kuņtš" tahendus="kuni" ingl="until" liik="Konj">kuńtš</sone><sone id="l32_s18" lk="316" lemma="sǭdõ" tahendus="saada" ingl="get" liik="V" vorm="pers.ind.ipf.sg.3.">sai</sone><sone id="l32_s19" lk="316" lemma="mǭ’" tahendus="maha" ingl="down" liik="Adva">mā’</sone><sone id="l32_s20" lk="316" lemma="laskõ " tahendus="lasta" ingl="shoot" liik="V" vorm="tud.">lastəd</sone><sone id="l32_s21" lk="316" meta="vahemärk">.</sone></lause></sisu>
</liivike>
