<?xml version="1.0" encoding="UTF-8"?>
<?xml-stylesheet type="text/xsl" href="liivike_tekst.xsl"?>
<liivike>
	<info><tyyp>kirjalik</tyyp><teema>Satuja 69</teema><keel>liivi</keel><murre>lääneliivi</murre><kirjaviis>foneetiline transkriptsioon</kirjaviis><kyla longituud="21.966667" latituud="57.583333">Pizā</kyla><teos pealkiri="Näytteitä liivin kielestä" aasta="1953" koht="Helsinki">E. N. Setälä</teos></info><sisu id="Set_Sat_69">
		<lause id="l1">
			<sone id="l1_s1" lk="329" meta="number">69</sone>
			<sone id="l1_s2" lk="329" meta="vahemärk">.</sone></lause>
		<lause id="l2"><sone id="l2_s1" lk="329" meta="kommentaar">Piza</sone><sone id="l2_s2" lk="329" meta="vahemärk">,</sone><sone id="l2_s3" lk="329" meta="kommentaar">Jāń</sone><sone id="l2_s4" lk="329" meta="kommentaar">Belt</sone><sone id="l2_s5" lk="329" meta="vahemärk">.</sone></lause><lause id="l3"><sone id="l3_s1" lk="329" lemma="ikš+kõrd" tahendus="ükskord" ingl="once" liik="ProAdv">ikš+kird</sone><sone id="l3_s2" lk="329" lemma="vȱlda" tahendus="olla" ingl="be" liik="Va" vorm="pers.ind.pr.sg.3.">um</sone><sone id="l3_s3" lk="329" lemma="vȱlda" tahendus="olla" ingl="be" liik="V" vorm="nud.sg.">wond</sone><sone id="l3_s4" lk="329" lemma="ikš" tahendus="üks" ingl="one" liik="ProS" vorm="sg.nom.">ikš</sone><sone id="l3_s5" lk="329" lemma="kārnaz" tahendus="kaaren" ingl="raven" liik="S" vorm="sg.nom.">kārnaz</sone><sone id="l3_s6" lk="329" meta="vahemärk">.</sone></lause><lause id="l4"><sone id="l4_s1" lk="329" lemma="tämā" tahendus="tema" ingl="he" liik="ProS" vorm="sg.nom.">ta</sone><sone id="l4_s2" lk="329" lemma="vȱlda" tahendus="olla" ingl="be" liik="Va" vorm="pers.ind.pr.sg.3.">um</sone><sone id="l4_s3" lk="329" lemma="lindõ" tahendus="lennata" ingl="fly" liik="V" vorm="nud.sg.">lindən</sone><sone id="l4_s4" lk="329" lemma="ikš" tahendus="üks" ingl="one" liik="ProS" vorm="sg.gen.">ī’d</sone><sone id="l4_s5" lk="329" lemma="tubā" tahendus="tare" ingl="cottage" liik="S" vorm="sg.gen.">tubā</sone><sone id="l4_s6" lk="329" lemma="jūr" tahendus="juurde" ingl="to" liik="Post">jūr</sone><sone id="l4_s7" lk="329" meta="vahemärk">,</sone><sone id="l4_s8" lk="329" lemma="un" tahendus="ja" ingl="and" liik="Konj">un</sone><sone id="l4_s9" lk="329" lemma="sǟ’l" tahendus="seal" ingl="there" liik="ProAdv">sǟl</sone><sone id="l4_s10" lk="329" lemma="vȱlda" tahendus="olla" ingl="be" liik="Va" vorm="pers.ind.pr.sg.3.">um</sone><sone id="l4_s11" lk="329" lemma="vȱlda" tahendus="olla" ingl="be" liik="V" vorm="nud.sg.">wond</sone><sone id="l4_s12" lk="329" lemma="lä’b" tahendus="aken" ingl="window" liik="S" vorm="sg.nom.">lä’b</sone><sone id="l4_s13" lk="329" lemma="vāldiņ" tahendus="lahti" ingl="open" liik="Adv">vāldiń</sone><sone id="l4_s14" lk="329" meta="vahemärk">,</sone><sone id="l4_s15" lk="329" lemma="un" tahendus="ja" ingl="and" liik="Konj">un</sone><sone id="l4_s16" lk="329" lemma="se" tahendus="see" ingl="this" liik="ProS" vorm="sg.gen.">sie</sone><sone id="l4_s17" lk="329" lemma="lä’b" tahendus="aken" ingl="window" liik="S" vorm="sg.gen.">lä’b</sone><sone id="l4_s18" lk="329" lemma="pǟl " tahendus="peal" ingl="on" liik="Post">pǟl</sone><sone id="l4_s19" lk="329" lemma="vȱlda" tahendus="olla" ingl="be" liik="Va" vorm="pers.ind.pr.pl.3.">ā’t</sone><sone id="l4_s20" lk="329" lemma="vȱlda" tahendus="olla" ingl="be" liik="V" vorm="nud.pl.">wonnəd</sone><sone id="l4_s21" lk="329" lemma="sȭira" tahendus="juust" ingl="cheese" liik="S" vorm="pl.nom.">sīrəd</sone><sone id="l4_s22" lk="329" meta="vahemärk">.</sone></lause><lause id="l5"><sone id="l5_s1" lk="329" lemma="ne’i" tahendus="nii" ingl="so" liik="ProAdv">nei</sone><sone id="l5_s2" lk="329" lemma="tämā" tahendus="tema" ingl="he" liik="ProS" vorm="sg.nom.">ta</sone><sone id="l5_s3" lk="329" lemma="lǟʼdõ" tahendus="minna" ingl="go" liik="V" vorm="nud.sg.">lǟ’nd</sone><sone id="l5_s4" lk="329" lemma="un" tahendus="ja" ingl="and" liik="Konj">un</sone><sone id="l5_s5" lk="329" lemma="võttõ" tahendus="võtta" ingl="take" liik="V" vorm="nud.sg.">wuttən</sone><sone id="l5_s6" lk="329" lemma="ikš" tahendus="üks" ingl="one" liik="Nump" vorm="sg.gen.">ī’d</sone><sone id="l5_s7" lk="329" lemma="sȭira" tahendus="juust" ingl="cheese" liik="S" vorm="sg.gen.">sīr</sone><sone id="l5_s8" lk="329" lemma="un" tahendus="ja" ingl="and" liik="Konj">un</sone><sone id="l5_s9" lk="329" lemma="lindõ" tahendus="lennata" ingl="fly" liik="V" vorm="nud.sg.">lindən</sone><sone id="l5_s10" lk="329" lemma="mõtsā" tahendus="mets" ingl="forest" liik="S" vorm="sg.ill.">mitsə</sone><sone id="l5_s11" lk="329" lemma="ikš" tahendus="üks" ingl="one" liik="ProS" vorm="sg.gen.">ī’d</sone><sone id="l5_s12" lk="329" lemma="piedāg" tahendus="mänd" ingl="pine" liik="S" vorm="sg.gen.">pⁱedāg</sone><sone id="l5_s13" lk="329" lemma="oksā" tahendus="oks" ingl="branch" liik="S" vorm="sg.gen.">oksā</sone><sone id="l5_s14" lk="329" lemma="pǟl " tahendus="peale" ingl="on" liik="Post">pǟl</sone><sone id="l5_s15" lk="329" meta="vahemärk">.</sone></lause><lause id="l6"><sone id="l6_s1" lk="329" lemma="ne’i" tahendus="nii" ingl="so" liik="ProAdv">nei’</sone><sone id="l6_s2" lk="329" lemma="ka" tahendus="ka" ingl="also" liik="ModAdv">ka</sone><sone id="l6_s3" lk="329" lemma="tūlda" tahendus="tulla" ingl="come" liik="V" vorm="nud.sg.">tund</sone><sone id="l6_s4" lk="329" lemma="ikš" tahendus="üks" ingl="one" liik="ProS" vorm="sg.nom.">ikš</sone><sone id="l6_s5" lk="329" lemma="re’bbi" tahendus="rebane" ingl="fox" liik="S" vorm="sg.nom.">rⁱe’bbi</sone><sone id="l6_s6" lk="329" meta="vahemärk">(</sone><sone id="l6_s7" lk="329" meta="kommentaar">pro</sone><sone id="l6_s8" lk="329" lemma="re’bbi" tahendus="rebane" ingl="fox" liik="S" vorm="sg.nom.">re’bbi</sone><sone lk="329" keel="eesti" id="l6_s9" meta="vahemärk">?</sone><sone id="l6_s10" lk="329" meta="vahemärk">)</sone><sone id="l6_s11" lk="329" lemma="un" tahendus="ja" ingl="and" liik="Konj">un</sone><sone id="l6_s12" lk="329" lemma="kītõ" tahendus="öelda" ingl="say" liik="V" vorm="nud.sg.">kītən</sone><sone id="l6_s13" lk="329" meta="vahemärk">:</sone><sone id="l6_s14" lk="329" meta="vahemärk">”</sone><sone lk="329" keel="eesti" id="l6_s15" lemma="u" tahendus="kas" ingl="if" liik="Intr">u</sone><sone id="l6_s16" lk="329" lemma="sinā" tahendus="sina" ingl="you" liik="ProS" vorm="sg.nom.">sa</sone><sone id="l6_s17" lk="329" meta="vahemärk">[</sone><sone id="l6_s18" lk="329" lemma="tieudõ" tahendus="teada" ingl="know" liik="V" vorm="pers.ind.pr.sg.2.">tiedud</sone><sone id="l6_s19" lk="329" meta="vahemärk"> &gt;</sone><sone id="l6_s20" lk="329" meta="vahemärk">]</sone><sone id="l6_s21" lk="329" lemma="tieudõ" tahendus="teada" ingl="know" liik="V" vorm="pers.ind.pr.sg.2.">tiedəd</sone><sone id="l6_s22" lk="329" lemma="mingi" tahendus="milline" ingl="what kind of" liik="Intr" vorm="sg.part.">miŋgist</sone><sone id="l6_s23" lk="329" lemma="prī’ekõ" tahendus="rõõm" ingl="joy" liik="S" vorm="sg.part.">pri’ekə</sone><sone id="l6_s24" lk="329" lemma="minā" tahendus="mina" ingl="I" liik="ProS" vorm="sg.nom.">ma</sone><sone id="l6_s25" lk="329" lemma="sinā" tahendus="sina" ingl="you" liik="ProS" vorm="sg.dat.">sin’nən</sone><sone id="l6_s26" lk="329" lemma="kītõ" tahendus="rääkida" ingl="tell" liik="V" vorm="pers.ind.pr.sg.1.">kītəb</sone><sone id="l6_s27" lk="329" meta="vahemärk">:</sone><sone id="l6_s28" lk="329" lemma="amād" tahendus="kõik" ingl="all" liik="ProS" vorm="pl.nom.">amād</sone><sone id="l6_s29" lk="329" lemma="lind" tahendus="lind" ingl="bird" liik="S" vorm="pl.nom.">līndud</sone><sone id="l6_s30" lk="329" lemma="rõkāndõ" tahendus="rääkida" ingl="talk" liik="V" vorm="pers.ind.pr.pl.3.">rikāndəbəd</sone><sone id="l6_s31" lk="329" meta="vahemärk">,</sone><sone id="l6_s32" lk="329" lemma="ku" tahendus="et" ingl="that" liik="Konj">ku</sone><sone id="l6_s33" lk="329" lemma="sinā" tahendus="sina" ingl="you" liik="ProS" vorm="sg.dat.">sin’nən</sone><sone id="l6_s34" lk="329" lemma="vȱlda" tahendus="olla" ingl="be" liik="V" vorm="pers.kvt.pr.sg.3.">woĺĺi</sone><sone id="l6_s35" lk="329" lemma="vä’ggi" tahendus="väga" ingl="very" liik="Adv">vägi</sone><sone id="l6_s36" lk="329" lemma="knaš" tahendus="kaunis" ingl="beautiful" liik="A" vorm="sg.nom.">knaš</sone><sone id="l6_s37" lk="329" meta="vahemärk">[</sone><sone id="l6_s38" lk="329" lemma="ēļ" tahendus="hääl" ingl="voice" liik="S" vorm="sg.nom.">ȫĺ</sone><sone id="l6_s39" lk="329" meta="vahemärk"> &gt;</sone><sone id="l6_s40" lk="329" meta="vahemärk">]</sone><sone id="l6_s41" lk="329" lemma="ēļ" tahendus="hääl" ingl="voice" liik="S" vorm="sg.nom.">ēĺ</sone><sone id="l6_s42" lk="329" meta="vahemärk">[</sone><sone id="l6_s43" lk="329" meta="kommentaar">leveä</sone><sone id="l6_s44" lk="329" meta="kommentaar">ē</sone><sone id="l6_s45" lk="329" meta="vahemärk">]</sone><sone id="l6_s46" lk="329" lemma="un" tahendus="ja" ingl="and" liik="Konj">un</sone><sone id="l6_s47" lk="329" lemma="sinā" tahendus="sina" ingl="you" liik="ProS" vorm="sg.part.">sīnda</sone><sone id="l6_s48" lk="329" lemma="vȱlda" tahendus="olla" ingl="be" liik="Va" vorm="pers.kvt.pr.sg.3.">woĺĺi</sone><sone id="l6_s49" lk="329" lemma="nustõ" tahendus="tõsta" ingl="promote" liik="V" vorm="deb.">nustāmist</sone><sone id="l6_s50" lk="329" lemma="pa" tahendus="millekski, kellekski" ingl="to" liik="Pre">pa</sone><sone id="l6_s51" lk="329" lemma="lind" tahendus="lind" ingl="bird" liik="S" vorm="pl.gen.">līndud</sone><sone id="l6_s52" lk="329" lemma="kēņig" tahendus="kuningas" ingl="king" liik="S" vorm="sg.tr.">kēńigəks</sone><sone lk="329" keel="eesti" id="l6_s53" meta="vahemärk">.</sone><sone id="l6_s54" lk="329" meta="vahemärk">”</sone></lause><lause id="l7"><sone id="l7_s1" lk="329" lemma="si’z" tahendus="siis" ingl="then" liik="ProAdv">siz</sone><sone id="l7_s2" lk="329" lemma="re’bbi" tahendus="rebane" ingl="fox" liik="S" vorm="sg.nom.">rⁱe’bbi</sone><sone id="l7_s3" lk="329" lemma="kītõ" tahendus="öelda" ingl="say" liik="V" vorm="pers.ind.ipf.sg.3.">kītiz</sone><sone id="l7_s4" lk="329" meta="vahemärk">:</sone><sone id="l7_s5" lk="329" meta="vahemärk">”</sone><sone lk="329" keel="eesti" id="l7_s6" lemma="kǭ’ļõ" tahendus="proovida" ingl="try" liik="V" vorm="pers.imp.pr.sg.2.">kā’ĺ</sone><sone id="l7_s7" lk="329" lemma="loulõ" tahendus="laulda" ingl="sing" liik="V" vorm="inf.">loulə</sone><sone id="l7_s8" lk="329" meta="vahemärk">,</sone><sone id="l7_s9" lk="329" lemma="si’z" tahendus="siis" ingl="then" liik="ProAdv">siz</sone><sone id="l7_s10" lk="329" lemma="minā" tahendus="mina" ingl="I" liik="ProS" vorm="sg.nom.">ma</sone><sone id="l7_s11" lk="329" lemma="kūlõ" tahendus="kuulda" ingl="hear" liik="V" vorm="pers.ind.pr.sg.1.">kūlub</sone><sone id="l7_s12" lk="329" meta="vahemärk">,</sone><sone id="l7_s13" lk="329" lemma="mingi" tahendus="milline" ingl="what kind of" liik="Intr" vorm="sg.nom.">miŋgi</sone><sone id="l7_s14" lk="329" lemma="ēļ" tahendus="hääl" ingl="voice" liik="S" vorm="sg.nom.">ēĺ</sone><sone id="l7_s15" lk="329" lemma="sinā" tahendus="sina" ingl="you" liik="ProS" vorm="sg.dat.">sin’nən</sone><sone id="l7_s16" lk="329" lemma="vȱlda" tahendus="olla" ingl="be" liik="V" vorm="pers.ind.pr.sg.3.">um’</sone><sone lk="329" keel="eesti" id="l7_s17" meta="vahemärk">!</sone><sone id="l7_s18" lk="329" meta="vahemärk">”</sone></lause><lause id="l8"><sone id="l8_s1" lk="329" lemma="si’z" tahendus="siis" ingl="then" liik="ProAdv">siz</sone><sone id="l8_s2" lk="329" lemma="kārnaz" tahendus="kaaren" ingl="raven" liik="S" vorm="sg.nom.">kārnaz</sone><sone id="l8_s3" lk="329" lemma="irgõ" tahendus="hakata" ingl="begin" liik="V" vorm="pers.ind.ipf.sg.3.">īrgiz</sone><sone id="l8_s4" lk="329" lemma="loulõ" tahendus="laulda" ingl="sing" liik="V" vorm="inf.">loulə</sone><sone id="l8_s5" lk="329" meta="vahemärk">:</sone><sone id="l8_s6" lk="329" meta="vahemärk">”</sone><sone lk="329" keel="eesti" id="l8_s7" lemma="krā" tahendus="kraaks" ingl="caw" liik="Ono">krā</sone><sone id="l8_s8" lk="329" meta="vahemärk">!</sone><sone id="l8_s9" lk="329" lemma="krā" tahendus="kraaks" ingl="caw" liik="Ono">krā</sone><sone lk="329" keel="eesti" id="l8_s10" meta="vahemärk">!</sone><sone id="l8_s11" lk="329" meta="vahemärk">”</sone><sone id="l8_s12" lk="329" lemma="ne’i" tahendus="nii" ingl="so" liik="ProAdv">nei</sone><sone id="l8_s13" lk="329" lemma="ka" tahendus="ka" ingl="also" liik="ModAdv">ka</sone><sone id="l8_s14" lk="329" lemma="sȭira" tahendus="juust" ingl="cheese" liik="S" vorm="sg.nom.">sīr</sone><sone id="l8_s15" lk="329" lemma="sa’ddõ" tahendus="kukkuda" ingl="fall" liik="V" vorm="pers.ind.ipf.sg.3.">sadīz</sone><sone id="l8_s16" lk="329" lemma="sū" tahendus="suu" ingl="mouth" liik="S" vorm="sg.el.">sūst</sone><sone id="l8_s17" lk="329" lemma="ulzõ" tahendus="välja" ingl="out" liik="Adva">ulz</sone><sone id="l8_s18" lk="329" meta="vahemärk">,</sone><sone id="l8_s19" lk="329" lemma="un" tahendus="ja" ingl="and" liik="Konj">un</sone><sone id="l8_s20" lk="329" lemma="re’bbi" tahendus="rebane" ingl="fox" liik="S" vorm="sg.nom.">rⁱe’bbi</sone><sone id="l8_s21" lk="329" lemma="võttõ" tahendus="võtta" ingl="take" liik="V" vorm="pers.ind.ipf.sg.3.">wutīz</sone><sone id="l8_s22" lk="329" lemma="sȭira" tahendus="juust" ingl="cheese" liik="S" vorm="sg.gen.">sīr</sone><sone id="l8_s23" lk="329" lemma="jarā" tahendus="ära" ingl="away" liik="Adva">jera</sone><sone id="l8_s24" lk="329" lemma="un" tahendus="ja" ingl="and" liik="Konj">un</sone><sone id="l8_s25" lk="329" lemma="vä’ggi" tahendus="väga" ingl="very" liik="Adv">vägi</sone><sone id="l8_s26" lk="329" lemma="je’nnõ" tahendus="palju" ingl="much" liik="Adv">jen’nə</sone><sone id="l8_s27" lk="329" lemma="jūokõ" tahendus="pilgata" ingl="mock" liik="V" vorm="pers.ind.ipf.sg.3.">juokiz</sone><sone id="l8_s28" lk="329" lemma="tämā" tahendus="tema" ingl="he" liik="ProS" vorm="sg.part.">tǟnda</sone><sone id="l8_s29" lk="329" lemma="pie’rrõ" tahendus="pärast" ingl="later" liik="Adv">pⁱer’rə</sone><sone id="l8_s30" lk="329" meta="vahemärk">.</sone></lause></sisu>
</liivike>
