<?xml version="1.0" encoding="UTF-8"?>
<?xml-stylesheet type="text/xsl" href="liivike_tekst.xsl"?>
<liivike>
	<info><tyyp>kirjalik</tyyp><teema>Satuja 12</teema><keel>liivi</keel><murre>idaliivi</murre><kirjaviis>foneetiline transkriptsioon</kirjaviis><kyla longituud="22.588" latituud="57.744">Kuolka</kyla><teos pealkiri="Näytteitä liivin kielestä" aasta="1953" koht="Helsinki">E. N. Setälä</teos><keelejuht id="DL" haridus="" synniaasta="" synnikoht="" vanus="" sugu="M">Dimitri Launitz</keelejuht></info><sisu id="Set_Sat_12">
		<lause id="l1">
			<sone id="l1_s1" lk="94" lemma="ikš" tahendus="üks" ingl="one" liik="ProS" vorm="sg.gen.">ī’d</sone>
			<sone id="l1_s2" lk="94" lemma="izā" tahendus="isa" ingl="father" liik="S" vorm="sg.dat.">izān</sone><sone id="l1_s3" lk="94" lemma="vȱlda" tahendus="olla" ingl="be" liik="Va" vorm="pers.ind.pr.sg.3.">um’</sone><sone id="l1_s4" lk="94" lemma="vȱlda" tahendus="olla" ingl="be" liik="V" vorm="nud.sg.">ve̮nd</sone><sone id="l1_s5" lk="94" lemma="ikš" tahendus="üks" ingl="one" liik="ProS" vorm="sg.nom.">ikš</sone><sone id="l1_s6" lk="94" lemma="tidār" tahendus="tütar" ingl="daughter" liik="S" vorm="sg.nom.">tidār</sone><sone id="l1_s7" lk="94" meta="vahemärk">.</sone></lause>
		<lause id="l2"><sone id="l2_s1" lk="94" lemma="tämā" tahendus="tema" ingl="he, she" liik="ProS" vorm="sg.nom.">ta</sone><sone id="l2_s2" lk="94" lemma="vȱlda" tahendus="olla" ingl="be" liik="Va" vorm="pers.ind.pr.sg.3.">um’</sone><sone id="l2_s3" lk="94" lemma="kītõ" tahendus="öelda" ingl="say" liik="V" vorm="nud.sg.">kītən</sone><sone id="l2_s4" lk="94" meta="vahemärk">,</sone><sone id="l2_s5" lk="94" lemma="koks" tahendus="kui ometi" ingl="if only" liik="Konj">koks</sone><sone id="l2_s6" lk="94" lemma="tämā" tahendus="tema" ingl="he, she" liik="ProS" vorm="sg.nom.">ta</sone><sone id="l2_s7" lk="94">så̄nd</sone><sone id="l2_s8" lk="94" lemma="seļļi" tahendus="selline" ingl="such" liik="ProA" vorm="sg.gen.">seĺĺiz</sone><sone id="l2_s9" lk="94" lemma="brūtganā" tahendus="peigmees" ingl="groom" liik="S" vorm="sg.gen.">brudganā</sone><sone id="l2_s10" lk="94" meta="vahemärk">,</sone><sone id="l2_s11" lk="94" lemma="kis" tahendus="kes" ingl="who" liik="Intr" vorm="sg.nom.">kis</sone><sone id="l2_s12" lk="94" lemma="vȱlda" tahendus="olla" ingl="be" liik="V" vorm="pers.ind.pr.sg.3.">um’</sone><sone id="l2_s13" lk="94" lemma="vaški" tahendus="vaskne" ingl="copper" liik="A" vorm="pl.gen.">vaškist</sone><sone id="l2_s14" lk="94" lemma="a’bbõnd" tahendus="habe" ingl="beard" liik="S" vorm="pl.instl.">a’bbəndəks</sone><sone id="l2_s15" lk="94" meta="vahemärk">.</sone></lause><lause id="l3"><sone id="l3_s1" lk="94" lemma="un" tahendus="ja" ingl="and" liik="Konj">un</sone><sone id="l3_s2" lk="94" lemma="si’z" tahendus="siis" ingl="then" liik="ProAdv">siz</sone><sone id="l3_s3" lk="94" lemma="tämā" tahendus="tema" ingl="he, she" liik="ProS" vorm="sg.nom.">ta</sone><sone lk="94" keel="eesti" id="l3_s4" meta="vahemärk">=</sone><sone lk="94" keel="eesti" id="l3_s5" lemma="vȱlda" tahendus="olla" ingl="be" liik="Va" vorm="pers.ind.pr.sg.3.">m’</sone><sone id="l3_s6" lk="94" lemma="vīdõ" tahendus="viia" ingl="take" liik="V" vorm="nud.sg.">vīnd</sone><sone id="l3_s7" lk="94" meta="vahemärk">[</sone><sone id="l3_s8" lk="94" lemma="le’b" tahendus="läbi" ingl="through" liik="Pre">le’b</sone><sone id="l3_s9" lk="94" meta="vahemärk"> &gt;</sone><sone id="l3_s10" lk="94" meta="vahemärk">]</sone><sone id="l3_s11" lk="94" lemma="le’b" tahendus="läbi" ingl="through" liik="Pre">e’b</sone><sone id="l3_s12" lk="94" lemma="ikš" tahendus="üks" ingl="one" liik="ProS" vorm="sg.gen.">ī’d</sone><sone id="l3_s13" lk="94" lemma="mõtsā" tahendus="mets" ingl="forest" liik="S" vorm="sg.gen.">mi̮tsā</sone><sone id="l3_s14" lk="94" lemma="le’b" tahendus="läbi" ingl="through" liik="Post" kommentaar="?">le’b</sone><sone id="l3_s15" lk="94">brou’tšə</sone><sone id="l3_s16" lk="94" lemma="un" tahendus="ja" ingl="and" liik="Konj">un</sone><sone id="l3_s17" lk="94" lemma="si’z" tahendus="siis" ingl="then" liik="ProAdv">siz</sone><sone id="l3_s18" lk="94" lemma="vȱlda" tahendus="olla" ingl="be" liik="Va" vorm="pers.ind.pr.sg.3.">um’</sone><sone id="l3_s19" lk="94" lemma="vȱlda" tahendus="olla" ingl="be" liik="V" vorm="nud.sg.">ve̮nd</sone><sone id="l3_s20" lk="94" lemma="se" tahendus="see" ingl="this" liik="ProS" vorm="sg.gen." kommentaar="?">se</sone><sone id="l3_s21" lk="94" lemma="kuodā" tahendus="maja" ingl="house" liik="S" vorm="sg.gen.">kᵘo’d</sone><sone id="l3_s22" lk="94" lemma="jūsõ" tahendus="juures" ingl="at" liik="Post">jūsə</sone><sone id="l3_s23" lk="94" meta="vahemärk">.</sone></lause><lause id="l4"><sone id="l4_s1" lk="94" lemma="un" tahendus="ja" ingl="and" liik="Konj">un</sone><sone id="l4_s2" lk="94" lemma="si’z" tahendus="siis" ingl="then" liik="ProAdv">siz</sone><sone id="l4_s3" lk="94" lemma="tämā" tahendus="tema" ingl="he, she" liik="ProS" vorm="sg.nom.">ta</sone><sone lk="94" keel="eesti" id="l4_s4" meta="vahemärk">=</sone><sone lk="94" keel="eesti" id="l4_s5" lemma="vȱlda" tahendus="olla" ingl="be" liik="Va" vorm="pers.ind.pr.sg.3.">m’</sone><sone id="l4_s6" lk="94" lemma="vīdõ" tahendus="viia" ingl="take" liik="V" vorm="nud.sg.">vīnd</sone><sone id="l4_s7" lk="94" lemma="tämā" tahendus="tema" ingl="he, she" liik="ProS" vorm="sg.gen.">täm’</sone><sone id="l4_s8" lk="94" lemma="tubā" tahendus="tuba" ingl="room" liik="S" vorm="sg.ill.">tu’bbə</sone><sone id="l4_s9" lk="94" meta="vahemärk">.</sone></lause><lause id="l5"><sone id="l5_s1" lk="94" lemma="si’z" tahendus="siis" ingl="then" liik="ProAdv">siz</sone><sone id="l5_s2" lk="94" lemma="tämā" tahendus="tema" ingl="he, she" liik="ProS" vorm="sg.nom.">ta</sone><sone lk="94" keel="eesti" id="l5_s3" meta="vahemärk">=</sone><sone lk="94" keel="eesti" id="l5_s4" lemma="vȱlda" tahendus="olla" ingl="be" liik="Va" vorm="pers.ind.pr.sg.3.">m’</sone><sone id="l5_s5" lk="94" lemma="andõ" tahendus="anda" ingl="give" liik="V" vorm="nud.sg.">andən</sone><sone id="l5_s6" lk="94" lemma="tämā" tahendus="tema" ingl="he, she" liik="ProS" vorm="sg.dat.">täm’mən</sone><sone id="l5_s7" lk="94" lemma="ikš" tahendus="üks" ingl="one" liik="ProS" vorm="pl.nom." kommentaar="?">ī’d</sone><sone id="l5_s8" lk="94" lemma="võțīm" tahendus="võti" ingl="key" liik="S" vorm="pl.nom." kommentaar="?">vi̮t́məd</sone><sone id="l5_s9" lk="94" lemma="un" tahendus="ja" ingl="and" liik="Konj">un</sone><sone id="l5_s10" lk="94" lemma="kītõ" tahendus="öelda" ingl="say" liik="V" vorm="nud.sg.">kītən</sone><sone id="l5_s11" lk="94" meta="vahemärk">,</sone><sone id="l5_s12" lk="94" lemma="alā" tahendus="ära" ingl="not" liik="Mn" vorm="pers.jus.pr.sg.3." kommentaar="`?">algə</sone><sone id="l5_s13" lk="94" lemma="tämā" tahendus="tema" ingl="he, she" liik="ProS" vorm="sg.nom.">ta</sone><sone id="l5_s14" lk="94" lemma="lǟ’dõ" tahendus="minna" ingl="go" liik="V" vorm="pers.jus.pr.sg.3.">läk</sone><sone id="l5_s15" lk="94" lemma="ne" tahendus="need" ingl="these" liik="ProS" vorm="pl.ill.">nēži</sone><sone id="l5_s16" lk="94" lemma="tubā" tahendus="tuba" ingl="room" liik="S" vorm="pl.ill.">tu’bži</sone><sone id="l5_s17" lk="94" lemma="mis" tahendus="mis" ingl="what" liik="Intr" vorm="sg.nom.">mis</sone><sone id="l5_s18" lk="94" lemma="sǟ’l" tahendus="seal" ingl="there" liik="ProAdv">sǟ’l</sone><sone id="l5_s19" lk="94" lemma="vȱlda" tahendus="olla" ingl="be" liik="V" vorm="pers.ind.pr.pl.3.">a’dtə</sone><sone id="l5_s20" lk="94" meta="vahemärk">.</sone></lause><lause id="l6"><sone id="l6_s1" lk="94" lemma="un" tahendus="ja" ingl="and" liik="Konj">un</sone><sone id="l6_s2" lk="94" lemma="si’z" tahendus="siis" ingl="then" liik="ProAdv">siz</sone><sone id="l6_s3" lk="94" lemma="tämā" tahendus="tema" ingl="he, she" liik="ProS" vorm="sg.nom.">ta</sone><sone lk="94" keel="eesti" id="l6_s4" meta="vahemärk">=</sone><sone lk="94" keel="eesti" id="l6_s5" lemma="vȱlda" tahendus="olla" ingl="be" liik="Va" vorm="pers.ind.pr.sg.3.">m’</sone><sone id="l6_s6" lk="94" lemma="ī’ž" tahendus="ise" ingl="self" liik="ProS" vorm="sg.nom.">ī’ž</sone><sone id="l6_s7" lk="94" lemma="lǟ’dõ" tahendus="minna" ingl="go" liik="V" vorm="nud.sg.">lǟ’nd</sone><sone id="l6_s8" lk="94" lemma="ukš" tahendus="uks" ingl="door" liik="S" vorm="sg.el.">ukst</sone><sone id="l6_s9" lk="94" lemma="ulzõ" tahendus="välja" ingl="out" liik="Adv">uldzə</sone><sone id="l6_s10" lk="94" lemma="je’ds+pēḑõn" tahendus="ära" ingl="away" liik="Adv">je̮’dspēd́ən</sone><sone id="l6_s11" lk="94" meta="vahemärk">.</sone></lause><lause id="l7"><sone id="l7_s1" lk="94" lemma="si’z" tahendus="siis" ingl="then" liik="ProAdv">siz</sone><sone id="l7_s2" lk="94" lemma="tämā" tahendus="tema" ingl="he, she" liik="ProS" vorm="sg.nom.">ta</sone><sone lk="94" keel="eesti" id="l7_s3" meta="vahemärk">=</sone><sone lk="94" keel="eesti" id="l7_s4" lemma="vȱlda" tahendus="olla" ingl="be" liik="Va" vorm="pers.ind.pr.sg.3.">m’</sone><sone id="l7_s5" lk="94" lemma="tūodõ" tahendus="tuua" ingl="bring" liik="V" vorm="nud.sg.">tuond</sone><sone id="l7_s6" lk="94" lemma="ikš" tahendus="üks" ingl="one" liik="ProS" vorm="sg.gen.">ī’d</sone><sone id="l7_s7" lk="94" lemma="knaš" tahendus="ilus" ingl="beautiful" liik="A" vorm="sg.gen." kommentaar="?">knaššə</sone><sone id="l7_s8" lk="94" lemma="neitst" tahendus="neiu" ingl="maiden" liik="S" vorm="sg.gen.">neitst</sone><sone id="l7_s9" lk="94" lemma="un" tahendus="ja" ingl="and" liik="Konj">un</sone><sone id="l7_s10" lk="94" lemma="tämā" tahendus="tema" ingl="he, she" liik="ProS" vorm="sg.nom.">ta</sone><sone lk="94" keel="eesti" id="l7_s11" meta="vahemärk">=</sone><sone lk="94" keel="eesti" id="l7_s12" lemma="vȱlda" tahendus="olla" ingl="be" liik="Va" vorm="pers.ind.pr.sg.3.">m’</sone><sone id="l7_s13" lk="94" lemma="pānda" tahendus="käskida" ingl="order" liik="V" vorm="nud.sg.">pand</sone><sone id="l7_s14" lk="94" lemma="eņtš" tahendus="oma" ingl="own" liik="ProS" vorm="sg.gen.">eńt́š</sone><sone id="l7_s15" lk="94" lemma="nai" tahendus="naine" ingl="wife" liik="S" vorm="sg.dat.">naizən</sone><sone id="l7_s16" lk="94" lemma="tūodõ" tahendus="tuua" ingl="bring" liik="V" vorm="sup.">tuom</sone><sone id="l7_s17" lk="94">ambiĺ</sone><sone id="l7_s18" lk="95" lemma="un" tahendus="ja" ingl="and" liik="Konj">un</sone><sone id="l7_s19" lk="95" lemma="klutš" tahendus="pakk" ingl="chopping block" liik="S" vorm="sg.gen.">klutš</sone><sone id="l7_s20" lk="95" lemma="un" tahendus="ja" ingl="and" liik="Konj">un</sone><sone id="l7_s21" lk="95" lemma="si’z" tahendus="siis" ingl="then" liik="ProAdv">siz</sone><sone id="l7_s22" lk="95" lemma="tämā" tahendus="tema" ingl="he, she" liik="ProS" vorm="sg.nom.">ta</sone><sone lk="95" keel="eesti" id="l7_s23" meta="vahemärk">=</sone><sone lk="95" keel="eesti" id="l7_s24" lemma="vȱlda" tahendus="olla" ingl="be" liik="Va" vorm="pers.ind.pr.sg.3.">m’</sone><sone id="l7_s25" lk="95" lemma="tūodõ" tahendus="tuua" ingl="bring" liik="V" vorm="nud.sg.">tuond</sone><sone id="l7_s26" lk="95" lemma="se" tahendus="see" ingl="this" liik="ProS" vorm="sg.gen.">sie</sone><sone id="l7_s27" lk="95" lemma="knaš" tahendus="ilus" ingl="beautiful" liik="A" vorm="sg.gen.">knaš</sone><sone id="l7_s28" lk="95" lemma="neitst" tahendus="neiu" ingl="maiden" liik="S" vorm="sg.gen.">neitst</sone><sone id="l7_s29" lk="95" lemma="tubā" tahendus="tuba" ingl="room" liik="S" vorm="sg.ill.">tu’bbə</sone><sone id="l7_s30" lk="95" lemma="un" tahendus="ja" ingl="and" liik="Konj">un</sone><sone id="l7_s31" lk="95" lemma="tämā" tahendus="tema" ingl="he, she" liik="ProS" vorm="sg.nom.">ta</sone><sone lk="95" keel="eesti" id="l7_s32" meta="vahemärk">=</sone><sone lk="95" keel="eesti" id="l7_s33" lemma="vȱlda" tahendus="olla" ingl="be" liik="Va" vorm="pers.ind.pr.sg.3.">m’</sone><sone id="l7_s34" lk="95" lemma="ra’dļõ" tahendus="raiuda" ingl="chop" liik="V" vorm="nud.sg.">ra’d́ĺən</sone><sone id="l7_s35" lk="95" lemma="se" tahendus="see" ingl="this" liik="ProS" vorm="sg.dat.">sien</sone><sone id="l7_s36" lk="95" lemma="pǟ" tahendus="pea" ingl="head" liik="S" vorm="sg.gen.">pǟ</sone><sone id="l7_s37" lk="95" lemma="jūstõ" tahendus="küljest" ingl="off" liik="Adv" kommentaar="?">jūst</sone><sone id="l7_s38" lk="95" lemma="järāndiz" tahendus="ära" ingl="off" liik="Adva">je̮rāndiz</sone><sone id="l7_s39" lk="95" meta="vahemärk">.</sone></lause><lause id="l8"><sone id="l8_s1" lk="95" lemma="si’z" tahendus="siis" ingl="then" liik="ProAdv">siz</sone><sone id="l8_s2" lk="95" lemma="tämā" tahendus="tema" ingl="he, she" liik="ProS" vorm="sg.nom.">ta</sone><sone lk="95" keel="eesti" id="l8_s3" meta="vahemärk">=</sone><sone lk="95" keel="eesti" id="l8_s4" lemma="vȱlda" tahendus="olla" ingl="be" liik="Va" vorm="pers.ind.pr.sg.3.">m’</sone><sone id="l8_s5" lk="95" lemma="lǟ’dõ" tahendus="minna" ingl="go" liik="V" vorm="nud.sg.">lǟ’nd</sone><sone id="l8_s6" lk="95" lemma="tegīž" tahendus="taas" ingl="again" liik="Adv">tegīž</sone><sone id="l8_s7" lk="95" lemma="je’ds+pēḑõn" tahendus="ära" ingl="away" liik="Adva">je̮’dspēd́ən</sone><sone id="l8_s8" lk="95" meta="vahemärk">,</sone><sone id="l8_s9" lk="95" lemma="se" tahendus="see" ingl="this" liik="ProS" vorm="sg.nom.">se</sone><sone id="l8_s10" lk="95" lemma="izānd" tahendus="härra" ingl="mister" liik="S" vorm="sg.nom.">izānd</sone><sone id="l8_s11" lk="95" meta="vahemärk">,</sone><sone id="l8_s12" lk="95" lemma="un" tahendus="ja" ingl="and" liik="Konj">un</sone><sone id="l8_s13" lk="95" lemma="si’z" tahendus="siis" ingl="then" liik="ProAdv">siz</sone><sone id="l8_s14" lk="95" lemma="tämā" tahendus="tema" ingl="he, she" liik="ProS" vorm="sg.nom.">ta</sone><sone lk="95" keel="eesti" id="l8_s15" meta="vahemärk">=</sone><sone lk="95" keel="eesti" id="l8_s16" lemma="vȱlda" tahendus="olla" ingl="be" liik="Va" vorm="pers.ind.pr.sg.3.">m’</sone><sone id="l8_s17" lk="95" lemma="andõ" tahendus="anda" ingl="give" liik="V" vorm="nud.sg.">andən</sone><sone id="l8_s18" lk="95" lemma="ne" tahendus="need" ingl="these" liik="ProS" vorm="pl.gen.">nänt</sone><sone id="l8_s19" lk="95" lemma="võțīm" tahendus="võti" ingl="key" liik="S" vorm="pl.gen.">vi̮t́məd</sone><sone id="l8_s20" lk="95" lemma="un" tahendus="ja" ingl="and" liik="Konj">un</sone><sone id="l8_s21" lk="95" lemma="kītõ" tahendus="öelda" ingl="say" liik="V" vorm="nud.sg.">kītən</sone><sone id="l8_s22" lk="95" meta="vahemärk">,</sone><sone id="l8_s23" lk="95" lemma="alā" tahendus="ära" ingl="not" liik="Mn" vorm="pers.jus.pr.sg.3.">algə</sone><sone id="l8_s24" lk="95" lemma="tämā" tahendus="tema" ingl="he, she" liik="ProS" vorm="sg.nom.">ta</sone><sone id="l8_s25" lk="95" lemma="lǟ’dõ" tahendus="minna" ingl="go" liik="V" vorm="pers.jus.pr.sg.3.">läk</sone><sone id="l8_s26" lk="95" lemma="mit+ikš" tahendus="mitte ükski" ingl="none" liik="ProS" vorm="sg.ill.">mit+ī’dəz</sone><sone id="l8_s27" lk="95" lemma="tubā" tahendus="tuba" ingl="room" liik="S" vorm="sg.ill.">tu’bbə</sone><sone id="l8_s28" lk="95" meta="vahemärk">.</sone></lause><lause id="l9"><sone id="l9_s1" lk="95" lemma="ni" tahendus="nüüd" ingl="now" liik="Adv">ni</sone><sone id="l9_s2" lk="95" lemma="se" tahendus="see" ingl="this" liik="ProS" vorm="sg.nom.">se</sone><sone id="l9_s3" lk="95" lemma="izānd" tahendus="härra" ingl="mister" liik="S" vorm="sg.nom.">izānd</sone><sone id="l9_s4" lk="95" lemma="vȱlda" tahendus="olla" ingl="be" liik="Va" vorm="pers.ind.pr.sg.3.">um’</sone><sone id="l9_s5" lk="95" lemma="tūlda" tahendus="tulla" ingl="come" liik="V" vorm="nud.sg.">tund</sone><sone id="l9_s6" lk="95" lemma="kuodāj" tahendus="koju" ingl="home" liik="Adv">kᵘodāi</sone><sone id="l9_s7" lk="95" meta="vahemärk">.</sone></lause><lause id="l10"><sone id="l10_s1" lk="95" lemma="un" tahendus="ja" ingl="and" liik="Konj">un</sone><sone id="l10_s2" lk="95" lemma="si’z" tahendus="siis" ingl="then" liik="ProAdv">siz</sone><sone id="l10_s3" lk="95" lemma="tämā" tahendus="tema" ingl="he, she" liik="ProS" vorm="sg.nom.">ta</sone><sone lk="95" keel="eesti" id="l10_s4" meta="vahemärk">=</sone><sone lk="95" keel="eesti" id="l10_s5" lemma="vȱlda" tahendus="olla" ingl="be" liik="Va" vorm="pers.ind.pr.sg.3.">m’</sone><sone id="l10_s6" lk="95" lemma="vaņțlõ" tahendus="vaadata" ingl="look" liik="V" vorm="nud.sg.">vańḱĺən</sone><sone id="l10_s7" lk="95" meta="vahemärk">,</sone><sone id="l10_s8" lk="95" lemma="ku" tahendus="et" ingl="that" liik="Konj">ku</sone><sone id="l10_s9" lk="95" lemma="tämā" tahendus="tema" ingl="he, she" liik="ProS" vorm="sg.nom.">ta</sone><sone id="l10_s10" lk="95" lemma="ä’b" tahendus="ei" ingl="not" liik="Mn" vorm="pr.sg.3.">äb</sone><sone id="l10_s11" lk="95" lemma="vȱlda" tahendus="olla" ingl="be" liik="Va" vorm="pers.ind.sg.3.neg.">uo</sone><sone id="l10_s12" lk="95" lemma="mit+ikš" tahendus="mitte ükski" ingl="none" liik="ProS" vorm="sg.in.">mit+ī’ts</sone><sone id="l10_s13" lk="95" lemma="tubā" tahendus="tuba" ingl="room" liik="S" vorm="sg.in.">tubās</sone><sone id="l10_s14" lk="95" lemma="vȱlda" tahendus="olla" ingl="be" liik="V" vorm="nud.sg.">ve̮nd</sone><sone id="l10_s15" lk="95" meta="vahemärk">.</sone></lause><lause id="l11"><sone id="l11_s1" lk="95" lemma="si’z" tahendus="siis" ingl="then" liik="ProAdv">siz</sone><sone id="l11_s2" lk="95" lemma="tämā" tahendus="tema" ingl="he, she" liik="ProS" vorm="sg.nom.">ta</sone><sone lk="95" keel="eesti" id="l11_s3" meta="vahemärk">=</sone><sone lk="95" keel="eesti" id="l11_s4" lemma="vȱlda" tahendus="olla" ingl="be" liik="Va" vorm="pers.ind.pr.sg.3.">m’</sone><sone id="l11_s5" lk="95" lemma="tämā" tahendus="tema" ingl="he, she" liik="ProS" vorm="sg.dat.">täm’mən</sone><sone id="l11_s6" lk="95" lemma="andõ" tahendus="anda" ingl="give" liik="V" vorm="nud.sg.">andən</sone><sone id="l11_s7" lk="95" lemma="ikš" tahendus="üks" ingl="one" liik="ProS" vorm="sg.gen.">ī’d</sone><sone id="l11_s8" lk="95" lemma="kuldi" tahendus="kuldne" ingl="golden" liik="A" vorm="sg.gen.">kuldiz</sone><sone id="l11_s9" lk="95" lemma="umārz" tahendus="õun" ingl="apple" liik="S" vorm="sg.gen." kommentaar="?">umārz</sone><sone id="l11_s10" lk="95" meta="vahemärk">.</sone></lause><lause id="l12"><sone id="l12_s1" lk="95" lemma="ni" tahendus="nüüd" ingl="now" liik="Adv">ni</sone><sone id="l12_s2" lk="95" lemma="tämā" tahendus="tema" ingl="he, she" liik="ProS" vorm="sg.nom.">ta</sone><sone lk="95" keel="eesti" id="l12_s3" meta="vahemärk">=</sone><sone lk="95" keel="eesti" id="l12_s4" lemma="vȱlda" tahendus="olla" ingl="be" liik="Va" vorm="pers.ind.pr.sg.3.">m’</sone><sone id="l12_s5" lk="95" lemma="lǟ’dõ" tahendus="minna" ingl="go" liik="V" vorm="nud.sg.">lǟ’nd</sone><sone id="l12_s6" lk="95" lemma="tegīž" tahendus="taas" ingl="again" liik="Adv">tegīž</sone><sone id="l12_s7" lk="95" lemma="je’ds+pēḑõn" tahendus="ära" ingl="away" liik="Adva">je̮’dspēd́ən</sone><sone id="l12_s8" lk="95" meta="vahemärk">.</sone></lause><lause id="l13"><sone id="l13_s1" lk="95" lemma="si’z" tahendus="siis" ingl="then" liik="ProAdv">siz</sone><sone id="l13_s2" lk="95" lemma="tämā" tahendus="tema" ingl="he, she" liik="ProS" vorm="sg.nom.">ta</sone><sone lk="95" keel="eesti" id="l13_s3" meta="vahemärk">=</sone><sone lk="95" keel="eesti" id="l13_s4" lemma="vȱlda" tahendus="olla" ingl="be" liik="Va" vorm="pers.ind.pr.sg.3.">m’</sone><sone id="l13_s5" lk="95" lemma="andõ" tahendus="anda" ingl="give" liik="V" vorm="nud.sg.">andən</sone><sone id="l13_s6" lk="95" lemma="tegīž" tahendus="taas" ingl="again" liik="Adv">tegīž</sone><sone id="l13_s7" lk="95" lemma="se" tahendus="see" ingl="this" liik="ProS" vorm="sg.gen.">sie</sone><sone id="l13_s8" lk="95" lemma="jemānd" tahendus="emand" ingl="lady" liik="S" vorm="sg.dat.">je̮māndən</sone><sone id="l13_s9" lk="95" lemma="ne" tahendus="need" ingl="these" liik="ProS" vorm="pl.gen.">nänt</sone><sone id="l13_s10" lk="95" lemma="võțīm" tahendus="võti" ingl="key" liik="S" vorm="pl.gen." kommentaar="?">vi̮t́məd</sone><sone id="l13_s11" lk="95" meta="vahemärk">.</sone></lause><lause id="l14"><sone id="l14_s1" lk="95" lemma="un" tahendus="ja" ingl="and" liik="Konj">un</sone><sone id="l14_s2" lk="95" lemma="si’z" tahendus="siis" ingl="then" liik="ProAdv">siz</sone><sone id="l14_s3" lk="95" lemma="tämā" tahendus="tema" ingl="he, she" liik="ProS" vorm="sg.nom.">ta</sone><sone lk="95" keel="eesti" id="l14_s4" meta="vahemärk">=</sone><sone lk="95" keel="eesti" id="l14_s5" lemma="vȱlda" tahendus="olla" ingl="be" liik="Va" vorm="pers.ind.pr.sg.3.">m’</sone><sone id="l14_s6" lk="95" lemma="tūlda" tahendus="tulla" ingl="come" liik="V" vorm="nud.sg.">tund</sone><sone id="l14_s7" lk="95" lemma="tegīž" tahendus="taas" ingl="again" liik="Adv">tegīž</sone><sone id="l14_s8" lk="95" lemma="kuodāj" tahendus="koju" ingl="home" liik="Adv">kᵘodāi</sone><sone id="l14_s9" lk="95" lemma="se" tahendus="see" ingl="this" liik="ProS" vorm="sg.nom.">se</sone><sone id="l14_s10" lk="95" lemma="izānd" tahendus="härra" ingl="mister" liik="S" vorm="sg.nom.">izānd</sone><sone id="l14_s11" lk="95" meta="vahemärk">.</sone></lause><lause id="l15"><sone id="l15_s1" lk="95" lemma="si’z" tahendus="siis" ingl="then" liik="ProAdv">siz</sone><sone id="l15_s2" lk="95" lemma="tämā" tahendus="tema" ingl="he, she" liik="ProS" vorm="sg.nom.">ta</sone><sone lk="95" keel="eesti" id="l15_s3" meta="vahemärk">=</sone><sone lk="95" keel="eesti" id="l15_s4" lemma="vȱlda" tahendus="olla" ingl="be" liik="Va" vorm="pers.ind.pr.sg.3.">m’</sone><sone id="l15_s5" lk="95" lemma="vaņțlõ" tahendus="vaadata" ingl="look" liik="V" vorm="nud.sg.">vańḱĺən</sone><sone id="l15_s6" lk="95" meta="vahemärk">,</sone><sone id="l15_s7" lk="95" lemma="se" tahendus="see" ingl="this" liik="ProS" vorm="sg.nom.">se</sone><sone id="l15_s8" lk="95" lemma="jemānd" tahendus="emand" ingl="lady" liik="S" vorm="sg.nom.">je̮mānd</sone><sone id="l15_s9" lk="95" lemma="ä’b" tahendus="ei" ingl="not" liik="Mn" vorm="pr.sg.3.">äb</sone><sone id="l15_s10" lk="95" lemma="vȱlda" tahendus="olla" ingl="be" liik="Va" vorm="pers.ind.sg.3.neg.">uo</sone><sone id="l15_s11" lk="95" lemma="mit+ikš" tahendus="mitte ükski" ingl="none" liik="ProS" vorm="sg.in.">mit+ī’ts</sone><sone id="l15_s12" lk="95" lemma="tubā" tahendus="tuba" ingl="room" liik="S" vorm="sg.in.">tubās</sone><sone id="l15_s13" lk="95" lemma="ä’b" tahendus="ei" ingl="not" liik="Mn" vorm="pr.sg.3.">äb</sone><sone id="l15_s14" lk="95" lemma="vȱlda" tahendus="olla" ingl="be" liik="Va" vorm="pers.ind.sg.3.neg.">uo</sone><sone id="l15_s15" lk="95" lemma="vȱlda" tahendus="olla" ingl="be" liik="V" vorm="nud.sg.">ve̮nd</sone><sone id="l15_s16" lk="95" meta="vahemärk">.</sone></lause><lause id="l16"><sone id="l16_s1" lk="95" lemma="si’z" tahendus="siis" ingl="then" liik="ProAdv">siz</sone><sone id="l16_s2" lk="95" lemma="tämā" tahendus="tema" ingl="he, she" liik="ProS" vorm="sg.nom.">ta</sone><sone id="l16_s3" lk="95" lemma="tämā" tahendus="tema" ingl="he, she" liik="ProS" vorm="sg.dat.">täm’mən</sone><sone id="l16_s4" lk="95" lemma="vȱlda" tahendus="olla" ingl="be" liik="Va" vorm="pers.ind.pr.sg.3.">um’</sone><sone id="l16_s5" lk="95" lemma="andõ" tahendus="anda" ingl="give" liik="V" vorm="nud.sg.">andən</sone><sone id="l16_s6" lk="95">dīmantiz</sone><sone id="l16_s7" lk="95" lemma="umārz" tahendus="õun" ingl="apple" liik="S" vorm="sg.gen." kommentaar="?">umārz</sone><sone id="l16_s8" lk="95" meta="vahemärk">.</sone></lause><lause id="l17"><sone id="l17_s1" lk="95" lemma="un" tahendus="ja" ingl="and" liik="Konj">un</sone><sone id="l17_s2" lk="95" lemma="si’z" tahendus="siis" ingl="then" liik="ProAdv">siz</sone><sone id="l17_s3" lk="95" lemma="tämā" tahendus="tema" ingl="he, she" liik="ProS" vorm="sg.nom.">ta</sone><sone lk="95" keel="eesti" id="l17_s4" meta="vahemärk">=</sone><sone lk="95" keel="eesti" id="l17_s5" lemma="vȱlda" tahendus="olla" ingl="be" liik="Va" vorm="pers.ind.pr.sg.3.">m’</sone><sone id="l17_s6" lk="95" lemma="tǭ’dõ" tahendus="tahta" ingl="want" liik="V" vorm="nud.sg.">tå̄’nd</sone><sone id="l17_s7" lk="95" lemma="eņtš" tahendus="oma" ingl="own" liik="ProS" vorm="sg.gen.">eńt́š</sone><sone id="l17_s8" lk="95" lemma="jemā" tahendus="ema" ingl="mother" liik="S" vorm="sg.gen.">je̮mā</sone><sone id="l17_s9" lk="95" lemma="jū’rõ" tahendus="juurde" ingl="to" liik="Post">jū’r</sone><sone id="l17_s10" lk="95" lemma="lǟ’dõ" tahendus="minna" ingl="go" liik="V" vorm="inf.">lǟ’də</sone><sone id="l17_s11" lk="95" lemma="un" tahendus="ja" ingl="and" liik="Konj">un</sone><sone id="l17_s12" lk="95" lemma="kītõ" tahendus="öelda" ingl="say" liik="V" vorm="nud.sg.">kītən</sone><sone id="l17_s13" lk="95" meta="vahemärk">,</sone><sone id="l17_s14" lk="95" lemma="ku" tahendus="et" ingl="that" liik="Konj">ku</sone><sone id="l17_s15" lk="95" lemma="tämā" tahendus="tema" ingl="he, she" liik="ProS" vorm="sg.gen.">täm’</sone><sone id="l17_s16" lk="95" lemma="jemā" tahendus="ema" ingl="mother" liik="S" vorm="sg.nom.">je̮mā</sone><sone id="l17_s17" lk="95" lemma="vȱlda" tahendus="olla" ingl="be" liik="V" vorm="pers.ind.pr.sg.3.">um’</sone><sone id="l17_s18" lk="95" lemma="rujā" tahendus="haige" ingl="ill" liik="A" vorm="sg.nom.">rujā</sone><sone id="l17_s19" lk="95" meta="vahemärk">.</sone></lause><lause id="l18"><sone id="l18_s1" lk="95" lemma="un" tahendus="ja" ingl="and" liik="Konj">un</sone><sone id="l18_s2" lk="95" lemma="si’z" tahendus="siis" ingl="then" liik="ProAdv">siz</sone><sone id="l18_s3" lk="95" lemma="tämā" tahendus="tema" ingl="he, she" liik="ProS" vorm="sg.nom.">ta</sone><sone lk="95" keel="eesti" id="l18_s4" meta="vahemärk">=</sone><sone lk="95" keel="eesti" id="l18_s5" lemma="vȱlda" tahendus="olla" ingl="be" liik="Va" vorm="pers.ind.pr.sg.3.">m’</sone><sone id="l18_s6" lk="95">no+kēratən</sone><sone id="l18_s7" lk="95" lemma="ī’ž" tahendus="ise" ingl="self" liik="ProS" vorm="sg.dat.">eńt́šən</sone><sone id="l18_s8" lk="95" lemma="ikš" tahendus="üks" ingl="one" liik="ProS" vorm="pl.gen." kommentaar="?">ī’d</sone><sone id="l18_s9" lk="95" lemma="rǭntõz" tahendus="kiri" ingl="letter" liik="S" vorm="pl.gen.">rå̄ntəd</sone><sone id="l18_s10" lk="95" lemma="un" tahendus="ja" ingl="and" liik="Konj">un</sone><sone id="l18_s11" lk="95" lemma="si’z" tahendus="siis" ingl="then" liik="ProAdv">siz</sone><sone id="l18_s12" lk="95" lemma="tämā" tahendus="tema" ingl="he, she" liik="ProS" vorm="sg.nom.">ta</sone><sone lk="95" keel="eesti" id="l18_s13" meta="vahemärk">=</sone><sone lk="95" keel="eesti" id="l18_s14" lemma="vȱlda" tahendus="olla" ingl="be" liik="Va" vorm="pers.ind.pr.sg.3.">m’</sone><sone id="l18_s15" lk="95">no+vändən</sone><sone id="l18_s16" lk="95" lemma="ne" tahendus="need" ingl="these" liik="ProS" vorm="pl.gen." kommentaar="?">nänt</sone><sone id="l18_s17" lk="95" lemma="rǭntõz" tahendus="kiri" ingl="letter" liik="S" vorm="pl.gen." kommentaar="?">rå̄ntəd</sone><sone id="l18_s18" lk="95" meta="vahemärk">[</sone><sone id="l18_s19" lk="95">šnudrānd</sone><sone id="l18_s20" lk="95" meta="vahemärk"> &gt;</sone><sone id="l18_s21" lk="95" meta="vahemärk">]</sone><sone id="l18_s22" lk="95" lemma="nanā+lupāt" tahendus="ninarätik" ingl="handkerchief" liik="S" vorm="sg.gen.">nana+lupāt</sone><sone id="l18_s23" lk="95" lemma="sillõ" tahendus="sisse" ingl="inside" liik="Post">sil’l</sone><sone id="l18_s24" lk="95" lemma="un" tahendus="ja" ingl="and" liik="Konj">un</sone><sone id="l18_s25" lk="95" lemma="si’z" tahendus="siis" ingl="then" liik="ProAdv">siz</sone><sone id="l18_s26" lk="95" lemma="tämā" tahendus="tema" ingl="he, she" liik="ProS" vorm="sg.nom.">ta</sone><sone lk="95" keel="eesti" id="l18_s27" meta="vahemärk">=</sone><sone lk="95" keel="eesti" id="l18_s28" lemma="vȱlda" tahendus="olla" ingl="be" liik="Va" vorm="pers.ind.pr.sg.3.">m’</sone><sone id="l18_s29" lk="95">no+kēratən</sone><sone id="l18_s30" lk="95" lemma="ne" tahendus="need" ingl="these" liik="ProS" vorm="pl.gen.">nänt</sone><sone id="l18_s31" lk="95" lemma="rǭntõz" tahendus="kiri" ingl="letter" liik="S" vorm="pl.gen.">rå̄ntəd</sone><sone id="l18_s32" lk="95" lemma="sillõ" tahendus="sisse" ingl="inside" liik="Post">sil’lə</sone><sone id="l18_s33" lk="95" meta="vahemärk">,</sone><sone id="l18_s34" lk="95" lemma="la’z" tahendus="las" ingl="let" liik="ModAdv">laz</sone><sone id="l18_s35" lk="95" lemma="tämā" tahendus="tema" ingl="he, she" liik="ProS" vorm="sg.nom.">ta</sone><sone id="l18_s36" lk="95" lemma="andõ" tahendus="anda" ingl="give" liik="V" vorm="pers.jus.pr.sg.3.">āndag</sone><sone id="l18_s37" lk="95" lemma="sūol" tahendus="sool" ingl="salt" liik="S" vorm="sg.part.">suolə</sone><sone id="l18_s38" lk="95" lemma="un" tahendus="ja" ingl="and" liik="Konj">un</sone><sone id="l18_s39" lk="95" lemma="revolmar" tahendus="revolver" ingl="revolver" liik="S" vorm="sg.gen.">revolmar</sone><sone id="l18_s40" lk="95" meta="vahemärk">.</sone></lause><lause id="l19"><sone id="l19_s1" lk="95" lemma="si’z" tahendus="siis" ingl="then" liik="ProAdv">siz</sone><sone id="l19_s2" lk="95" lemma="tämā" tahendus="tema" ingl="he, she" liik="ProS" vorm="sg.nom.">ta</sone><sone lk="95" keel="eesti" id="l19_s3" meta="vahemärk">=</sone><sone lk="95" keel="eesti" id="l19_s4" lemma="vȱlda" tahendus="olla" ingl="be" liik="Va" vorm="pers.ind.pr.sg.3.">m’</sone><sone id="l19_s5" lk="95" lemma="andõ" tahendus="anda" ingl="give" liik="V" vorm="nud.sg.">andən</sone><sone id="l19_s6" lk="95" lemma="jemā" tahendus="ema" ingl="mother" liik="S" vorm="sg.gen.">je̮mā</sone><sone id="l19_s7" lk="95" lemma="kä’ddõ" tahendus="kätte" liik="Post">kä’ddə</sone><sone id="l19_s8" lk="95" lemma="ne" tahendus="need" ingl="these" liik="ProS" vorm="pl.gen." kommentaar="?">nänt</sone><sone id="l19_s9" lk="95" lemma="rǭntõz" tahendus="kiri" ingl="letter" liik="S" vorm="pl.gen." kommentaar="?">rå̄ntəd</sone><sone id="l19_s10" lk="95" meta="vahemärk">.</sone></lause><lause id="l20"><sone id="l20_s1" lk="95" lemma="un" tahendus="ja" ingl="and" liik="Konj">un</sone><sone id="l20_s2" lk="95" lemma="si’z" tahendus="siis" ingl="then" liik="ProAdv">siz</sone><sone id="l20_s3" lk="95" lemma="tämā" tahendus="tema" ingl="he, she" liik="ProS" vorm="sg.nom.">täm’</sone><sone id="l20_s4" lk="95" lemma="andõ" tahendus="anda" ingl="give" liik="V" vorm="nud.sg.">andən</sone><sone id="l20_s5" lk="95" lemma="tämā" tahendus="tema" ingl="he, she" liik="ProS" vorm="sg.dat.">täm’mən</sone><sone id="l20_s6" lk="95" lemma="se" tahendus="see" ingl="this" liik="ProS" vorm="sg.gen.">sie</sone><sone id="l20_s7" lk="95" lemma="sūol" tahendus="sool" ingl="salt" liik="S" vorm="sg.gen." kommentaar="?">suolə</sone><sone id="l20_s8" lk="95" lemma="un" tahendus="ja" ingl="and" liik="Konj">un</sone><sone id="l20_s9" lk="95" lemma="se" tahendus="see" ingl="this" liik="ProS" vorm="sg.gen.">sie</sone><sone id="l20_s10" lk="95" meta="vahemärk">[</sone><sone id="l20_s11" lk="95">pistəl</sone><sone id="l20_s12" lk="95" meta="vahemärk"> &gt;</sone><sone id="l20_s13" lk="95" meta="vahemärk">]</sone><sone id="l20_s14" lk="95">bistəl</sone><sone id="l20_s15" lk="95" meta="vahemärk">.</sone></lause><lause id="l21"><sone id="l21_s1" lk="95" lemma="un" tahendus="ja" ingl="and" liik="Konj">un</sone><sone id="l21_s2" lk="95" lemma="si’z" tahendus="siis" ingl="then" liik="ProAdv">siz</sone><sone id="l21_s3" lk="95" lemma="ne" tahendus="nemad" ingl="they" liik="ProS" vorm="pl.nom.">n</sone><sone lk="95" keel="eesti" id="l21_s4" meta="vahemärk">=</sone><sone lk="95" keel="eesti" id="l21_s5" lemma="vȱlda" tahendus="olla" ingl="be" liik="Va" vorm="pers.ind.pr.pl.3.">a’dt</sone><sone id="l21_s6" lk="95" lemma="bro’utšõ" tahendus="sõita" ingl="drive" liik="V" vorm="nud.pl.">brou’tšənd</sone><sone id="l21_s7" lk="95" lemma="kuodāj" tahendus="koju" ingl="home" liik="Adv">kᵘodāi</sone><sone id="l21_s8" lk="95" meta="vahemärk">.</sone></lause><lause id="l22"><sone id="l22_s1" lk="95" lemma="un" tahendus="ja" ingl="and" liik="Konj">un</sone><sone id="l22_s2" lk="95" lemma="si’z" tahendus="siis" ingl="then" liik="ProAdv">siz</sone><sone id="l22_s3" lk="95" lemma="tämā" tahendus="tema" ingl="he, she" liik="ProS" vorm="sg.nom.">ta</sone><sone lk="95" keel="eesti" id="l22_s4" meta="vahemärk">=</sone><sone lk="95" keel="eesti" id="l22_s5" lemma="vȱlda" tahendus="olla" ingl="be" liik="Va" vorm="pers.ind.pr.sg.3.">m’</sone><sone id="l22_s6" lk="95">pi’e+lå̄t́ən</sone><sone id="l22_s7" lk="95" lemma="sūol" tahendus="sool" ingl="salt" liik="S" vorm="sg.instl.">suoləks</sone><sone id="l22_s8" lk="95">tǟdəks</sone><sone id="l22_s9" lk="95">sie</sone><sone id="l22_s10" lk="95">revolmar</sone><sone id="l22_s11" lk="95">un</sone><sone id="l22_s12" lk="95">siz</sone><sone id="l22_s13" lk="95" lemma="tämā" tahendus="tema" ingl="he, she" liik="ProS" vorm="sg.nom.">ta</sone><sone lk="95" keel="eesti" id="l22_s14" meta="vahemärk">=</sone><sone lk="95" keel="eesti" id="l22_s15" lemma="vȱlda" tahendus="olla" ingl="be" liik="Va" vorm="pers.ind.pr.sg.3.">m’</sone><sone id="l22_s16" lk="95" lemma="tǭ’dõ" tahendus="tahta" ingl="want" liik="V" vorm="nud.sg.">tå̄’nd</sone><sone id="l22_s17" lk="95" lemma="tämā" tahendus="tema" ingl="he, she" liik="ProS" vorm="sg.gen.">täm</sone><sone id="l22_s18" lk="95" lemma="laskõ" tahendus="lasta" ingl="shoot" liik="V" vorm="inf.">laskə</sone><sone id="l22_s19" lk="95" meta="vahemärk">[</sone><sone id="l22_s20" lk="95" meta="kommentaar">sie</sone><sone id="l22_s21" lk="95" meta="kommentaar">izānd</sone><sone id="l22_s22" lk="95" meta="vahemärk">]</sone><sone id="l22_s23" lk="95" lemma="mǭ’zõ" tahendus="maha" ingl="down" liik="Adva">må̄’zə</sone><sone id="l22_s24" lk="95" lemma="un" tahendus="ja" ingl="and" liik="Konj">un</sone><sone id="l22_s25" lk="95" lemma="tämā" tahendus="tema" ingl="he, she" liik="ProS" vorm="sg.nom.">ta</sone><sone id="l22_s26" lk="95" lemma="ä’b" tahendus="ei" ingl="not" liik="Mn" vorm="pr.sg.3.">äb</sone><sone id="l22_s27" lk="95" lemma="vȱlda" tahendus="olla" ingl="be" liik="Va" vorm="pers.ind.sg.3.neg.">uo</sone><sone id="l22_s28" lk="95" lemma="tämā" tahendus="tema" ingl="he, she" liik="ProS" vorm="sg.part.">tǟnda</sone><sone id="l22_s29" lk="95">no+laskən</sone><sone id="l22_s30" lk="95" lemma="un" tahendus="ja" ingl="and" liik="Konj">un</sone><sone id="l22_s31" lk="95" lemma="si’z" tahendus="siis" ingl="then" liik="ProAdv">siz</sone><sone id="l22_s32" lk="95" lemma="vȱlda" tahendus="olla" ingl="be" liik="Va" vorm="pers.ind.pr.sg.3.">um</sone><sone id="l22_s33" lk="95" lemma="tūlda" tahendus="tulla" ingl="come" liik="V" vorm="nud.sg.">tund</sone><sone id="l22_s34" lk="95" lemma="pǟgiņ" tahendus="palju" ingl="much" liik="Adv">pǟgin</sone><sone id="l22_s35" lk="95" lemma="ro’v" tahendus="rahvas" ingl="people" liik="S" vorm="sg.part." kommentaar="?">rou’stə</sone><sone id="l22_s36" lk="95" lemma="un" tahendus="ja" ingl="and" liik="Konj">un</sone><sone id="l22_s37" lk="95" lemma="si’z" tahendus="siis" ingl="then" liik="ProAdv">siz</sone><sone id="l22_s38" lk="95" lemma="tämā" tahendus="tema" ingl="he, she" liik="ProS" vorm="sg.nom.">ta</sone><sone lk="95" keel="eesti" id="l22_s39" meta="vahemärk">=</sone><sone lk="95" keel="eesti" id="l22_s40" lemma="vȱlda" tahendus="olla" ingl="be" liik="Va" vorm="pers.ind.pr.sg.3.">m’</sone><sone id="l22_s41" lk="95" lemma="pānda" tahendus="panna" ingl="put" liik="V" vorm="nud.sg.">pand</sone><sone id="l22_s42" lk="95" lemma="tämā" tahendus="tema" ingl="he, she" liik="ProS" vorm="sg.gen.">täm</sone><sone id="l22_s43" lk="95" lemma="rōdiž" tahendus="raudu" liik="Adv" kommentaar="?">roudžə</sone><sone id="l22_s44" lk="96" lemma="un" tahendus="ja" ingl="and" liik="Konj">un</sone><sone id="l22_s45" lk="96" lemma="se" tahendus="see" ingl="this" liik="ProS" vorm="sg.nom.">se</sone><sone id="l22_s46" lk="96" lemma="izānd" tahendus="härra" ingl="mister" liik="S" vorm="sg.nom.">izānd</sone><sone id="l22_s47" lk="96" lemma="vȱlda" tahendus="olla" ingl="be" liik="Va" vorm="pers.ind.pr.sg.3.">um’</sone><sone id="l22_s48" lk="96" lemma="vȱlda" tahendus="olla" ingl="be" liik="V" vorm="nud.sg.">ve̮nd</sone><sone id="l22_s49" lk="96" lemma="u’ņ+țapāj" tahendus="mõrtsukas" ingl="assassin" liik="S" vorm="sg.nom.">uń’+t́apāji</sone><sone id="l22_s50" lk="96" meta="vahemärk">,</sone><sone id="l22_s51" lk="96" lemma="mis" tahendus="mis" ingl="what" liik="Intr" vorm="sg.nom." kommentaar="?">mis</sone><sone id="l22_s52" lk="96" lemma="tämā" tahendus="tema" ingl="he, she" liik="ProS" vorm="sg.nom.">ta</sone><sone id="l22_s53" lk="96" lemma="se" tahendus="see" ingl="this" liik="ProS" vorm="sg.gen.">sie</sone><sone id="l22_s54" lk="96" lemma="knaš" tahendus="ilus" ingl="beautiful" liik="A" vorm="sg.gen.">knaš</sone><sone id="l22_s55" lk="96" lemma="neitst" tahendus="neiu" ingl="maiden" liik="S" vorm="sg.gen.">neitst</sone><sone id="l22_s56" lk="96" lemma="vȱlda" tahendus="olla" ingl="be" liik="Va" vorm="pers.ind.pr.sg.3.">um’</sone><sone id="l22_s57" lk="96" lemma="vīdõ" tahendus="viia" ingl="take" liik="V" vorm="nud.sg.">vīnd</sone><sone id="l22_s58" lk="96" lemma="tubā" tahendus="tuba" ingl="room" liik="S" vorm="sg.ill.">tu’bbə</sone><sone id="l22_s59" lk="96" meta="vahemärk">,</sone><sone id="l22_s60" lk="96" lemma="se" tahendus="see" ingl="this" liik="ProS" vorm="sg.nom.">se</sone><sone id="l22_s61" lk="96" lemma="vȱlda" tahendus="olla" ingl="be" liik="V" vorm="nud.sg.">ve̮nd</sone><sone id="l22_s62" lk="96" lemma="se" tahendus="see" ingl="this" liik="ProS" vorm="sg.gen.">sie</sone><sone id="l22_s63" lk="96" lemma="jemānd" tahendus="emand" ingl="lady" liik="S" vorm="sg.dat.">je̮māndən</sone><sone id="l22_s64" lk="96" lemma="sõzār" tahendus="õde" ingl="sister" liik="S" vorm="sg.nom.">si̮zār</sone><sone id="l22_s65" lk="96" meta="vahemärk">.</sone></lause></sisu>
</liivike>
