<?xml version="1.0" encoding="UTF-8"?>
<?xml-stylesheet type="text/xsl" href="liivike_tekst.xsl"?>
<liivike>
	<info><tyyp>kirjalik</tyyp><teema>Satuja 3</teema><keel>liivi</keel><murre>idaliivi</murre><kirjaviis>foneetiline transkriptsioon</kirjaviis><kyla longituud="22.588" latituud="57.744">Kuolka?</kyla><teos pealkiri="Näytteitä liivin kielestä" aasta="1953" koht="Helsinki">E. N. Setälä</teos></info><sisu id="Set_Sat_3">
		<lause id="l1">
			<sone id="l1_s1" lk="66" lemma="ikš" tahendus="üks" ingl="one" liik="ProS" vorm="sg.nom.">ikš</sone>
			<sone id="l1_s2" lk="66" lemma="kõrd" tahendus="kord" ingl="time" liik="Adv">ki̮rd</sone><sone id="l1_s3" lk="66" lemma="vȱlda" tahendus="olla" ingl="be" liik="Va" vorm="pers.ind.pr.sg.3.">um’</sone><sone id="l1_s4" lk="66" lemma="vȱlda" tahendus="olla" ingl="be" liik="V" vorm="nud.sg.">ve̮nd</sone><sone id="l1_s5" lk="66" lemma="ikš" tahendus="üks" ingl="one" liik="ProS" vorm="sg.nom.">ikš</sone><sone id="l1_s6" lk="66" tahendus="kõrtsmik" ingl="innkeeper" liik="S" vorm="sg.gen." kommentaar="?">kruosnikā</sone><sone id="l1_s7" lk="66" lemma="tidār" tahendus="tütar" ingl="daughter" liik="S" vorm="sg.nom.">tidār</sone><sone id="l1_s8" lk="66" lemma="un" tahendus="ja" ingl="and" liik="Konj">un</sone><sone id="l1_s9" lk="66" lemma="ni" tahendus="nüüd" ingl="now" liik="ProAdv">ni</sone><sone lk="66" keel="eesti" id="l1_s10" meta="vahemärk">=</sone><sone lk="66" keel="eesti" id="l1_s11" lemma="vȱlda" tahendus="olla" ingl="be" liik="Va" vorm="pers.ind.pr.sg.3.">m’</sone><sone id="l1_s12" lk="66" lemma="tūlda" tahendus="tulla" ingl="come" liik="V" vorm="nud.sg.">tund</sone><sone id="l1_s13" lk="66" lemma="kuo’žžõ" tahendus="kosida" liik="V" vorm="sup." ingl="betroth">kᵘoⁱ’žžəm</sone><sone id="l1_s14" lk="66" lemma="tämā" tahendus="tema" ingl="he, she" liik="ProS" vorm="sg.part.">tǟnda</sone><sone id="l1_s15" lk="66" lemma="ikš" tahendus="üks" ingl="one" liik="ProS" vorm="sg.nom.">ikš</sone><sone id="l1_s16" lk="66" lemma="sūr" tahendus="avar" ingl="big" liik="A" vorm="sg.nom.">sūr</sone><sone id="l1_s17" lk="66" lemma="nuoŗ+izānd" tahendus="noorhärra" ingl="young gentleman" liik="S" vorm="sg.nom.">nuor+izānd</sone><sone id="l1_s18" lk="66" meta="vahemärk">.</sone></lause>
		<lause id="l2"><sone id="l2_s1" lk="66" lemma="un" tahendus="ja" ingl="and" liik="Konj">un</sone><sone id="l2_s2" lk="66" lemma="ni" tahendus="nüüd" ingl="now" liik="ProAdv">ni</sone><sone id="l2_s3" lk="66" lemma="kutsõ" tahendus="kutsuda" ingl="invite" liik="V" vorm="nud.sg.">kutsən</sone><sone id="l2_s4" lk="66" meta="vahemärk">,</sone><sone id="l2_s5" lk="66" lemma="la’z" tahendus="las" ingl="let" liik="Par">laz</sone><sone id="l2_s6" lk="66" lemma="tämā" tahendus="tema" ingl="he, she" liik="ProS" vorm="sg.nom.">ta</sone><sone id="l2_s7" lk="66" lemma="tūlda" tahendus="tulla" ingl="come" liik="V" vorm="pers.jus.pr.sg.3.">tulgə</sone><sone id="l2_s8" lk="66" lemma="tämā" tahendus="tema" ingl="he, she" liik="ProS" vorm="sg.gen.">täm’</sone><sone id="l2_s9" lk="66" lemma="jū’rõ" tahendus="juurde" ingl="to" liik="Post">jū’r</sone><sone id="l2_s10" lk="66" lemma="sē’ršõ" tahendus="külastada" ingl="visit" liik="V" vorm="sup.">sē’ršəm</sone><sone id="l2_s11" lk="66" meta="vahemärk">.</sone></lause><lause id="l3"><sone id="l3_s1" lk="66" lemma="ni" tahendus="nüüd" ingl="now" liik="ProAdv">ni</sone><sone id="l3_s2" lk="66" lemma="tämā" tahendus="tema" ingl="he, she" liik="ProS" vorm="sg.nom.">ta</sone><sone id="l3_s3" lk="66" lemma="kītõ" tahendus="öelda" ingl="say" liik="V" vorm="nud.sg.">kītən</sone><sone id="l3_s4" lk="66" meta="vahemärk">,</sone><sone id="l3_s5" lk="66" lemma="ku" tahendus="et" ingl="that" liik="Konj">ku</sone><sone id="l3_s6" lk="66" lemma="tämā" tahendus="tema" ingl="he, she" liik="ProS" vorm="sg.nom.">ta</sone><sone id="l3_s7" lk="66" lemma="ä’b" tahendus="ei" ingl="not" liik="Mn" vorm="pr.sg.3.">äb</sone><sone id="l3_s8" lk="66" lemma="tieudõ" tahendus="osata" liik="V" vorm="pers.ind.sg.3.neg." ingl="know">tieda</sone><sone id="l3_s9" lk="66" lemma="lǟ’dõ" tahendus="minna" ingl="go" liik="V" vorm="inf.">lǟ’də</sone><sone id="l3_s10" lk="66" meta="vahemärk">.</sone></lause><lause id="l4"><sone id="l4_s1" lk="66" lemma="se" tahendus="see" ingl="this" liik="ProS" vorm="sg.nom.">se</sone><sone id="l4_s2" lk="66" lemma="izānd" tahendus="härra" ingl="master" liik="S" vorm="sg.nom.">izānd</sone><sone id="l4_s3" lk="66" lemma="kītõ" tahendus="öelda" ingl="say" liik="V" vorm="nud.sg.">kītən</sone><sone id="l4_s4" lk="66" meta="vahemärk">:</sone></lause><lause id="l5"><sone id="l5_s1" lk="66" meta="vahemärk">”</sone><sone lk="66" keel="eesti" id="l5_s2" lemma="minā" tahendus="mina" ingl="I" liik="ProS" vorm="sg.nom.">minā</sone><sone id="l5_s3" lk="66" lemma="eitõ" tahendus="heita" ingl="throw" liik="V" vorm="pers.ind.pr.sg.3.">ētab</sone><sone id="l5_s4" lk="66" lemma="vālda" tahendus="valge" ingl="white" liik="A" vorm="pl.part.">vāldidi</sone><sone id="l5_s5" lk="66" lemma="jērnaz" tahendus="hernes" ingl="pea" liik="S" vorm="pl.part.">je̮rnidi</sone><sone id="l5_s6" lk="66" lemma="pi’ds" tahendus="piki" ingl="along" liik="Pre">pits</sone><sone id="l5_s7" lk="66" lemma="riek" tahendus="tee" ingl="road" liik="S" vorm="sg.part.">ŕekkə</sone><sone id="l5_s8" lk="66" lemma="sīņõ" tahendus="sinna" ingl="there" liik="ProAdv">sīńə</sone><sone id="l5_s9" lk="66" lemma="minā" tahendus="mina" ingl="I" liik="ProS" vorm="sg.gen.">min</sone><sone id="l5_s10" lk="66" lemma="mȯizõ" tahendus="mõis" ingl="manor" liik="S" vorm="pl.gen.">me̮izəd</sone><sone id="l5_s11" lk="66" lemma="sǭņõ" tahendus="kuni" ingl="until" liik="Post">så̄ńiz</sone><sone lk="66" keel="eesti" id="l5_s12" meta="vahemärk">.</sone><sone id="l5_s13" lk="66" meta="vahemärk">”</sone></lause><lause id="l6"><sone id="l6_s1" lk="66" lemma="un" tahendus="ja" ingl="and" liik="Konj">un</sone><sone id="l6_s2" lk="66" lemma="ni" tahendus="nüüd" ingl="now" liik="ProAdv">ni</sone><sone id="l6_s3" lk="66" lemma="tämā" tahendus="tema" ingl="he, she" liik="ProS" vorm="sg.nom.">ta</sone><sone id="l6_s4" lk="66" lemma="lǟ’dõ" tahendus="minna" ingl="go" liik="V" vorm="pers.ind.pr.sg.3.">lǟ’b</sone><sone id="l6_s5" lk="66" lemma="ikš" tahendus="üks" ingl="one" liik="ProS" vorm="sg.nom.">ikš</sone><sone id="l6_s6" lk="66" lemma="kõrd" tahendus="kord" ingl="time" liik="Adv">ki̮rd</sone><sone id="l6_s7" lk="66" lemma="sīņõ" tahendus="sinna" ingl="there" liik="ProAdv">sīńə</sone><sone id="l6_s8" lk="66" lemma="jū’rõ" tahendus="juurde" ingl="to" liik="Post">jū’rəz</sone><sone id="l6_s9" lk="66" lemma="un" tahendus="ja" ingl="and" liik="Konj">un</sone><sone id="l6_s10" lk="66" lemma="ni" tahendus="nüüd" ingl="now" liik="ProAdv">ni</sone><sone id="l6_s11" lk="66" lemma="tämā" tahendus="see" ingl="this" liik="ProS" vorm="sg.nom.">ta</sone><sone id="l6_s12" lk="66" lemma="izānd" tahendus="härra" ingl="master" liik="S" vorm="sg.nom.">izānd</sone><sone id="l6_s13" lk="66" lemma="ä’b" tahendus="ei" ingl="not" liik="Mn" vorm="pr.sg.3.">äb</sone><sone id="l6_s14" lk="66" lemma="vȱlda" tahendus="olla" ingl="be" liik="Va" vorm="pers.ind.sg.3.neg.">uo</sone><sone id="l6_s15" lk="66" lemma="vȱlda" tahendus="olla" ingl="be" liik="V" vorm="nud.sg.">ve̮nd</sone><sone id="l6_s16" lk="66" lemma="kuo’nnõ" tahendus="kodus" ingl="at home" liik="Adv">kᵘonnə</sone><sone id="l6_s17" lk="66" meta="vahemärk">,</sone><sone id="l6_s18" lk="66" lemma="se" tahendus="see" ingl="this" liik="ProS" vorm="sg.nom.">se</sone><sone id="l6_s19" lk="66" lemma="izānd" tahendus="härra" ingl="mister" liik="S" vorm="sg.nom.">izānd</sone><sone id="l6_s20" lk="66" lemma="vȱlda" tahendus="olla" ingl="be" liik="Va" vorm="pers.ind.pr.sg.3.">um’</sone><sone id="l6_s21" lk="66" lemma="lǟ’dõ" tahendus="minna" ingl="go" liik="V" vorm="nud.sg.">lǟ’nd</sone><sone id="l6_s22" lk="66" lemma="mõtsā" tahendus="mets" ingl="forest" liik="S" vorm="sg.ill.">mi̮tsəz</sone><sone id="l6_s23" lk="66" meta="vahemärk">.</sone></lause><lause id="l7"><sone id="l7_s1" lk="66" lemma="ni" tahendus="nüüd" ingl="now" liik="Adv">ni</sone><sone id="l7_s2" lk="66" lemma="se" tahendus="see" ingl="this" liik="ProS" vorm="sg.nom.">se</sone><sone id="l7_s3" lk="66" lemma="brūț" tahendus="pruut" ingl="bride" liik="S" vorm="sg.nom.">brūt́</sone><sone id="l7_s4" lk="66" lemma="vȱlda" tahendus="olla" ingl="be" liik="Va" vorm="pers.ind.pr.sg.3.">um’</sone><sone id="l7_s5" lk="66" lemma="lǟ’dõ" tahendus="minna" ingl="go" liik="V" vorm="nud.sg.">lǟ’nd</sone><sone id="l7_s6" lk="66" lemma="tämā" tahendus="tema" ingl="he, she" liik="ProS" vorm="sg.gen.">täm’</sone><sone id="l7_s7" lk="66" lemma="jū’rõ" tahendus="juurde" ingl="to" liik="Post">jū’rə</sone><sone id="l7_s8" lk="66" meta="vahemärk">.</sone><sone id="l7_s9" lk="66" lemma="ni" tahendus="nüüd" ingl="now" liik="Adv">ni</sone><sone lk="66" keel="eesti" id="l7_s10" meta="vahemärk">=</sone><sone lk="66" keel="eesti" id="l7_s11" lemma="vȱlda" tahendus="olla" ingl="be" liik="Va" vorm="pers.ind.pr.sg.3.">m’</sone><sone id="l7_s12" lk="66" lemma="vȱlda" tahendus="olla" ingl="be" liik="V" vorm="nud.sg.">ve̮nd</sone><sone id="l7_s13" lk="66" lemma="ikš" tahendus="üks" ingl="one" liik="ProS" vorm="sg.nom.">ikš</sone><sone id="l7_s14" lk="66" lemma="neitst" tahendus="neiu" ingl="maiden" liik="S" vorm="sg.nom.">neits</sone><sone id="l7_s15" lk="66" meta="vahemärk">,</sone><sone id="l7_s16" lk="66" lemma="kis" tahendus="kes" ingl="who" liik="Intr" vorm="sg.nom.">kis</sone><sone id="l7_s17" lk="66" lemma="ne" tahendus="nemad" ingl="they" liik="ProS" vorm="pl.dat.">näntən</sone><sone id="l7_s18" lk="66" lemma="sīedõ" tahendus="süüa" ingl="eat" liik="V" vorm="inf.">siedə</sone><sone id="l7_s19" lk="66" lemma="tī’edõ" tahendus="teha" ingl="make" liik="V" vorm="pers.ind.pr.sg.3.">tieb</sone><sone id="l7_s20" lk="66" meta="vahemärk">.</sone></lause><lause id="l8"><sone id="l8_s1" lk="66" lemma="se" tahendus="see" ingl="this" liik="ProS" vorm="sg.nom.">se</sone><sone lk="66" keel="eesti" id="l8_s2" meta="vahemärk">=</sone><sone lk="66" keel="eesti" id="l8_s3" lemma="vȱlda" tahendus="olla" ingl="be" liik="Va" vorm="pers.ind.pr.sg.3.">m’</sone><sone id="l8_s4" lk="66" lemma="kītõ" tahendus="öelda" ingl="say" liik="V" vorm="nud.sg.">kītən</sone><sone id="l8_s5" lk="66" lemma="tämā" tahendus="tema" ingl="he, she" liik="ProS" vorm="sg.gen.">täm’</sone><sone id="l8_s6" lk="66" lemma="pǟl" tahendus="peal, peale" ingl="on" liik="Post">pǟl</sone><sone id="l8_s7" lk="66" meta="vahemärk">:</sone></lause><lause id="l9"><sone id="l9_s1" lk="66" meta="vahemärk">”</sone><sone lk="66" keel="eesti" id="l9_s2" lemma="ni" tahendus="nüüd" ingl="now" liik="Adv">ni</sone><sone id="l9_s3" lk="66" lemma="līdõ" tahendus="olema saada" ingl="will be" liik="V" vorm="pers.ind.pr.sg.3.">līb</sone><sone id="l9_s4" lk="66" lemma="slikțõ" tahendus="halvasti" ingl="badly" liik="Adv">slikt́ə</sone><sone id="l9_s5" lk="66" meta="vahemärk">,</sone><sone id="l9_s6" lk="66" lemma="ku" tahendus="kui" ingl="when" liik="Konj">ku</sone><sone id="l9_s7" lk="66" lemma="se" tahendus="see" ingl="this" liik="ProS" vorm="sg.nom.">se</sone><sone id="l9_s8" lk="66" lemma="izānd" tahendus="härra" ingl="mister" liik="S" vorm="sg.nom.">izānd</sone><sone id="l9_s9" lk="66" lemma="tūlda" tahendus="tulla" ingl="come" liik="V" vorm="pers.ind.pr.sg.3.">tulāb</sone><sone id="l9_s10" lk="66" lemma="kuodāj" tahendus="koju" ingl="home" liik="Adv">kᵘodāi</sone><sone lk="66" keel="eesti" id="l9_s11" meta="vahemärk">.</sone><sone id="l9_s12" lk="66" meta="vahemärk">”</sone></lause></sisu>
</liivike>
