<?xml version="1.0" encoding="UTF-8"?>
<?xml-stylesheet type="text/xsl" href="liivike_tekst.xsl"?>
<liivike>
	<info><tyyp>kirjalik</tyyp><teema>Satuja 22</teema><keel>liivi</keel><murre>idaliivi</murre><kirjaviis>foneetiline transkriptsioon</kirjaviis><kyla longituud="22.588" latituud="57.744">Kuolka</kyla><teos pealkiri="Näytteitä liivin kielestä" aasta="1953" koht="Helsinki">E. N. Setälä</teos><keelejuht id="MV" haridus="" synniaasta="" synnikoht="" vanus="" sugu="N">Mari Veid</keelejuht></info><sisu id="Set_Sat_22">
		<lause id="l1">
			<sone id="l1_s1" lk="132" lemma="ikš" tahendus="üks" ingl="one" liik="ProS" vorm="sg.nom.">ikš</sone>
			<sone id="l1_s2" lk="132" lemma="jemā" tahendus="ema" ingl="mother" liik="S" vorm="sg.nom.">ǟma</sone><sone id="l1_s3" lk="132" lemma="vȱlda" tahendus="olla" ingl="be" liik="Va" vorm="pers.ind.pr.sg.3.">um’</sone><sone id="l1_s4" lk="132" lemma="vȱlda" tahendus="olla" ingl="be" liik="V" vorm="nud.sg.">ve̮nd</sone><sone id="l1_s5" lk="132" lemma="vä’ggi" tahendus="väga" ingl="very" liik="Adv">vä’ggi</sone><sone id="l1_s6" lk="132" lemma="kõ’zzi" tahendus="kuri" ingl="angry" liik="A" vorm="sg.nom.">ki̮’zzi</sone><sone id="l1_s7" lk="132" lemma="un" tahendus="ja" ingl="and" liik="Konj">un</sone><sone id="l1_s8" lk="132" lemma="tämā" tahendus="tema" ingl="he, she" liik="ProS" vorm="sg.dat.">täm’mən</sone><sone id="l1_s9" lk="132" lemma="vȱlda" tahendus="olla" ingl="be" liik="Va" vorm="pers.ind.pr.sg.3.">um’</sone><sone id="l1_s10" lk="132" lemma="vȱlda" tahendus="olla" ingl="be" liik="V" vorm="nud.sg.">ve̮nd</sone><sone id="l1_s11" lk="132" lemma="ī’ž" tahendus="ise" ingl="self" liik="ProS" vorm="sg.dat.">eńt́šən</sone><sone id="l1_s12" lk="132" lemma="tidār" tahendus="tütar" ingl="daughter" liik="S" vorm="sg.nom.">tidār</sone><sone id="l1_s13" lk="132" lemma="un" tahendus="ja" ingl="and" liik="Konj">un</sone><sone id="l1_s14" lk="132" lemma="tegīž" tahendus="jälle" ingl="again" liik="ModAdv">tei’ž</sone><sone id="l1_s15" lk="132" lemma="ikš" tahendus="üks" ingl="one" liik="ProS" vorm="sg.nom.">ikš</sone><sone id="l1_s16" lk="132">sǟr-dieniń</sone><sone id="l1_s17" lk="132" lemma="se" tahendus="see" ingl="this" liik="ProS" vorm="sg.gen.">sie</sone><sone id="l1_s18" lk="132" lemma="mīez" tahendus="mees" ingl="husband" liik="S" vorm="sg.dat.">mi’en</sone><sone id="l1_s19" lk="132" lemma="vȱlda" tahendus="olla" ingl="be" liik="V" vorm="nud.sg.">ve̮nd</sone><sone id="l1_s20" lk="132" meta="vahemärk">.</sone></lause>
		<lause id="l2"><sone id="l2_s1" lk="132" lemma="ni" tahendus="nüüd" ingl="now" liik="Adv">ni</sone><sone id="l2_s2" lk="132" lemma="tämā" tahendus="tema" ingl="he, she" liik="ProS" vorm="sg.nom.">ta</sone><sone lk="132" keel="eesti" id="l2_s3" meta="vahemärk">=</sone><sone lk="132" keel="eesti" id="l2_s4" lemma="vȱlda" tahendus="olla" ingl="be" liik="Va" vorm="pers.ind.pr.sg.3.">m’</sone><sone id="l2_s5" lk="132" lemma="sǭtõ" tahendus="saata" ingl="send" liik="V" vorm="nud.sg.">så̄tən</sone><sone id="l2_s6" lk="132" lemma="tämā" tahendus="tema" ingl="he, she" liik="ProS" vorm="sg.gen.">täm’</sone><sone id="l2_s7" lk="132" lemma="sōna" tahendus="saun" ingl="sauna" liik="S" vorm="sg.ill.">sounə</sone><sone id="l2_s8" lk="132" lemma="ma’ggõ" tahendus="magada" ingl="sleep" liik="V" vorm="sup.">ma’ggəm</sone><sone id="l2_s9" lk="132" meta="vahemärk">,</sone><sone id="l2_s10" lk="132" lemma="la’z" tahendus="las" ingl="let" liik="ModAdv">las</sone><sone id="l2_s11" lk="132" lemma="kuŗē" tahendus="kurat" ingl="devil" liik="S" vorm="sg.nom.">kurē</sone><sone id="l2_s12" lk="132" lemma="kīskõ" tahendus="kiskuda" ingl="tear" liik="V" vorm="pers.jus.pr.sg.3.">kīskəg</sone><sone id="l2_s13" lk="132" lemma="tämā" tahendus="tema" ingl="he, she" liik="ProS" vorm="sg.gen.">täm’</sone><sone id="l2_s14" lk="132" lemma="jarā" tahendus="ära" ingl="away" liik="Adva">jarā</sone><sone id="l2_s15" lk="132" meta="vahemärk">.</sone></lause><lause id="l3"><sone id="l3_s1" lk="132" lemma="ni" tahendus="nüüd" ingl="now" liik="Adv">ni</sone><sone id="l3_s2" lk="132" lemma="se" tahendus="see" ingl="this" liik="ProS" vorm="sg.nom.">se</sone><sone id="l3_s3" lk="132" lemma="vȭrõz+jemā" tahendus="võõrasema" ingl="stepmother" liik="S" vorm="sg.nom.">vī̮rəz+je̮mā</sone><sone id="l3_s4" lk="132" lemma="andõ" tahendus="anda" ingl="give" liik="V" vorm="nud.sg.">andən</sone><sone id="l3_s5" lk="132" lemma="tämā" tahendus="tema" ingl="he, she" liik="ProS" vorm="sg.dat.">täm’mən</sone><sone id="l3_s6" lk="132" lemma="piški" tahendus="väike" ingl="small" liik="A" vorm="sg.gen.">piškīz</sone><sone id="l3_s7" lk="132" lemma="sū+täuž" tahendus="suutäis" ingl="mouthful" liik="S" vorm="sg.gen.">sū+täwd</sone><sone id="l3_s8" lk="132" lemma="lēba" tahendus="leib" ingl="bread" liik="S" vorm="sg.part.">leibə</sone><sone id="l3_s9" lk="132" meta="vahemärk">.</sone></lause><lause id="l4"><sone id="l4_s1" lk="132" lemma="ni" tahendus="nüüd" ingl="now" liik="Adv">ni</sone><sone id="l4_s2" lk="132" lemma="tämā" tahendus="tema" ingl="he, she" liik="ProS" vorm="sg.nom.">ta</sone><sone id="l4_s3" lk="132" lemma="võttõ" tahendus="võtta" ingl="take" liik="V" vorm="nud.sg.">vi̮ttən</sone><sone id="l4_s4" lk="132" lemma="amād" tahendus="kõik" ingl="all" liik="ProS" vorm="pl.nom.">amād</sone><sone id="l4_s5" lk="132" lemma="lūomõz" tahendus="loom" ingl="animal" liik="S" vorm="pl.nom.">luoməd</sone><sone id="l4_s6" lk="132" lemma="ī’ž" tahendus="ise" ingl="self" liik="ProS" vorm="sg.dat.">eńt́šən</sone><sone id="l4_s7" lk="132" lemma="īņõ" tahendus="kaasa" ingl="with" liik="Adv">īńə</sone><sone id="l4_s8" lk="132" meta="vahemärk">,</sone><sone id="l4_s9" lk="132" lemma="pi’ņ" tahendus="koer" ingl="dog" liik="S" vorm="sg.gen.">piń’</sone><sone id="l4_s10" lk="132" meta="vahemärk">,</sone><sone id="l4_s11" lk="132" lemma="kaš" tahendus="kass" ingl="cat" liik="S" vorm="sg.gen.">kaš</sone><sone id="l4_s12" lk="132" meta="vahemärk">,</sone><sone id="l4_s13" lk="132" lemma="kik" tahendus="kukk" ingl="rooster" liik="S" vorm="sg.gen.">kik</sone><sone id="l4_s14" lk="132" meta="vahemärk">,</sone><sone id="l4_s15" lk="132" lemma="kanā" tahendus="kana" ingl="hen" liik="S" vorm="sg.gen.">kanā</sone><sone id="l4_s16" lk="132" lemma="un" tahendus="ja" ingl="and" liik="Konj">un</sone><sone id="l4_s17" lk="132" lemma="piški" tahendus="väike" ingl="small" liik="A" vorm="sg.gen.">piškīz</sone><sone id="l4_s18" lk="132" lemma="īr" tahendus="hiir" ingl="mouse" liik="S" vorm="sg.gen.">īr</sone><sone id="l4_s19" lk="132" lemma="ka" tahendus="ka" ingl="also" liik="ModAdv">ka</sone><sone id="l4_s20" lk="132" meta="vahemärk">.</sone></lause><lause id="l5"><sone id="l5_s1" lk="132" lemma="ne’i" tahendus="nii" ingl="so" liik="ProAdv">nei’</sone><sone id="l5_s2" lk="132" lemma="tämā" tahendus="tema" ingl="he, she" liik="ProS" vorm="sg.nom.">ta</sone><sone lk="132" keel="eesti" id="l5_s3" meta="vahemärk">=</sone><sone lk="132" keel="eesti" id="l5_s4" lemma="vȱlda" tahendus="olla" ingl="be" liik="Va" vorm="pers.ind.pr.sg.3.">m’</sone><sone id="l5_s5" lk="132" lemma="se" tahendus="see" ingl="this" liik="ProS" vorm="sg.el.">siest</sone><sone id="l5_s6" lk="132">lēba</sone><sone id="l5_s7" lk="132">sūrməst</sone><sone id="l5_s8" lk="132" lemma="amād" tahendus="kõik" ingl="everybody" liik="ProS" vorm="pl.dat.">amādən</sone><sone id="l5_s9" lk="132" lemma="andõ" tahendus="anda" ingl="give" liik="V" vorm="nud.sg.">andən</sone><sone id="l5_s10" lk="132" meta="vahemärk">.</sone></lause><lause id="l6"><sone id="l6_s1" lk="132" lemma="ni" tahendus="nüüd" ingl="now" liik="Adv">ni</sone><sone id="l6_s2" lk="132" lemma="tūlda" tahendus="tulla" ingl="come" liik="V" vorm="nud.sg.">tund</sone><sone id="l6_s3" lk="132" lemma="kīela" tahendus="kell" ingl="bell" liik="S" vorm="sg.gen.">kiela</sone><sone id="l6_s4" lk="132" meta="vahemärk">[</sone><sone id="l6_s5" lk="132" lemma="ikš+tuoistõn" tahendus="üksteist" ingl="eleven" liik="Nump" vorm="sg.instl.">ikš+tᵘoistənəks</sone><sone id="l6_s6" lk="132" meta="vahemärk"> &gt;</sone><sone id="l6_s7" lk="132" meta="vahemärk">]</sone><sone id="l6_s8" lk="132" lemma="ikš+tuoistõn" tahendus="üksteist" ingl="eleven" liik="Nump" vorm="sg.instl.">ī’d+tᵘoistənəks</sone><sone id="l6_s9" lk="132" lemma="kuŗē" tahendus="kurat" ingl="devil" liik="S" vorm="sg.nom.">kurē</sone><sone id="l6_s10" lk="132" lemma="tämā" tahendus="tema" ingl="he, she" liik="ProS" vorm="sg.part.">tǟnda</sone><sone id="l6_s11" lk="132" lemma="jarā" tahendus="ära" ingl="away" liik="Adva">jarā</sone><sone id="l6_s12" lk="133" lemma="kīskõ" tahendus="kiskuda" ingl="tear" liik="V" vorm="sup.">kīskəm</sone><sone id="l6_s13" lk="133" meta="vahemärk">.</sone></lause><lause id="l7"><sone id="l7_s1" lk="133" lemma="kuŗē" tahendus="kurat" ingl="devil" liik="S" vorm="sg.nom.">kurē</sone><sone id="l7_s2" lk="133" lemma="vȱlda" tahendus="olla" ingl="be" liik="Va" vorm="pers.ind.pr.sg.3.">um’</sone><sone id="l7_s3" lk="133" lemma="nuttõ" tahendus="hüüda" ingl="call out" liik="V" vorm="nud.sg.">nuttən</sone><sone id="l7_s4" lk="133" lemma="ukš" tahendus="uks" ingl="door" liik="S" vorm="sg.gen.">uks</sone><sone id="l7_s5" lk="133" lemma="tagān" tahendus="taga" ingl="behind" liik="Post">tagān</sone><sone id="l7_s6" lk="133" lemma="la’z" tahendus="las" ingl="let" liik="ModAdv">laz</sone><sone id="l7_s7" lk="133" lemma="laskõ" tahendus="lasta" ingl="let" liik="V" vorm="pers.jus.pr.sg.3.">laskəg</sone><sone id="l7_s8" lk="133" lemma="sillõ" tahendus="sisse" ingl="inside" liik="Adv">sil’lə</sone><sone id="l7_s9" lk="133" meta="vahemärk">.</sone></lause><lause id="l8"><sone id="l8_s1" lk="133" lemma="tämā" tahendus="tema" ingl="he, she" liik="ProS" vorm="sg.nom.">ta</sone><sone id="l8_s2" lk="133" lemma="ki’zzõ" tahendus="küsida" ingl="ask" liik="V" vorm="nud.sg.">ki’zzən</sone><sone id="l8_s3" lk="133" lemma="pi’ņ" tahendus="koer" ingl="dog" liik="S" vorm="sg.gen.">piń’</sone><sone id="l8_s4" lk="133" meta="vahemärk">,</sone><sone id="l8_s5" lk="133" lemma="kaš" tahendus="kass" ingl="cat" liik="S" vorm="sg.gen.">kaš</sone><sone id="l8_s6" lk="133" meta="vahemärk">,</sone><sone id="l8_s7" lk="133" lemma="kik" tahendus="kukk" ingl="rooster" liik="S" vorm="sg.gen.">kik</sone><sone id="l8_s8" lk="133" meta="vahemärk">,</sone><sone id="l8_s9" lk="133" lemma="kanā" tahendus="kana" ingl="hen" liik="S" vorm="sg.gen.">kanā</sone><sone id="l8_s10" lk="133" lemma="un" tahendus="ja" ingl="and" liik="Konj">un</sone><sone id="l8_s11" lk="133" lemma="īr" tahendus="hiir" ingl="mouse" liik="S" vorm="sg.gen.">īr</sone><sone id="l8_s12" lk="133" lemma="kä’dst" tahendus="käest" ingl="from" liik="Post">kä’dst</sone><sone id="l8_s13" lk="133" meta="vahemärk">,</sone><sone id="l8_s14" lk="133" lemma="või" tahendus="kas" ingl="whether" liik="Intr">vi̮i</sone><sone id="l8_s15" lk="133" lemma="võidõ" tahendus="võida" ingl="can" liik="V" vorm="pers.ind.pr.sg.3.">vi̮ib</sone><sone id="l8_s16" lk="133" lemma="laskõ" tahendus="lasta" ingl="let" liik="V" vorm="inf.">laskə</sone><sone id="l8_s17" lk="133" lemma="sillõ" tahendus="sisse" ingl="inside" liik="Adv">sil’lə</sone><sone id="l8_s18" lk="133" meta="vahemärk">.</sone></lause><lause id="l9"><sone id="l9_s1" lk="133" lemma="ne" tahendus="nemad" ingl="they" liik="ProS" vorm="pl.nom.">ne</sone><sone id="l9_s2" lk="133" lemma="kītõ" tahendus="öelda" ingl="say" liik="V" vorm="pers.ind.ipf.pl.3.">kītist</sone><sone id="l9_s3" lk="133" lemma="ku" tahendus="et" ingl="that" liik="Konj">ku</sone><sone id="l9_s4" lk="133" lemma="ä’b" tahendus="ei" ingl="not" liik="Mn" vorm="pr.sg.3.">äb</sone><sone id="l9_s5" lk="133" lemma="võidõ" tahendus="võida" ingl="can" liik="V" vorm="pers.ind.sg.3.neg.">vi̮i</sone><sone id="l9_s6" lk="133" meta="vahemärk">,</sone><sone id="l9_s7" lk="133" meta="vahemärk">”</sone><sone lk="133" keel="eesti" id="l9_s8" lemma="alā" tahendus="ära" ingl="not" liik="Mn" vorm="imp.pr.sg.2.">alā</sone><sone id="l9_s9" lk="133" lemma="laskõ" tahendus="lasta" ingl="let" liik="V" vorm="pers.ind.sg.2.neg.">lask</sone><sone id="l9_s10" lk="133" lemma="sillõ" tahendus="sisse" ingl="inside" liik="Adv">sil’lə</sone><sone lk="133" keel="eesti" id="l9_s11" meta="vahemärk">!</sone><sone id="l9_s12" lk="133" meta="vahemärk">”</sone></lause><lause id="l10"><sone id="l10_s1" lk="133" lemma="tuoi" tahendus="teine" ingl="second" liik="Numj" vorm="sg.part.">tuoista</sone><sone id="l10_s2" lk="133" lemma="kõrd" tahendus="kord" ingl="time" liik="Adv">ki̮rd</sone><sone id="l10_s3" lk="133" lemma="tūlda" tahendus="tulla" ingl="come" liik="V" vorm="nud.sg.">tund</sone><sone id="l10_s4" lk="133" lemma="tegīž" tahendus="taas" ingl="again" liik="Adv">tei’ž</sone><sone id="l10_s5" lk="133" lemma="un" tahendus="ja" ingl="and" liik="Konj">un</sone><sone id="l10_s6" lk="133" lemma="ne" tahendus="need" ingl="these" liik="ProS" vorm="pl.nom.">ne</sone><sone id="l10_s7" lk="133" lemma="lūomõz" tahendus="loom" ingl="animal" liik="S" vorm="pl.nom.">luoməd</sone><sone id="l10_s8" lk="133" lemma="ä’b" tahendus="ei" ingl="not" liik="Mn" vorm="pr.pl.3.">äb</sone><sone id="l10_s9" lk="133" lemma="vȱlda" tahendus="olla" ingl="be" liik="V" vorm="pers.ind.pl.3.neg.">uot</sone><sone id="l10_s10" lk="133" lemma="laskõ" tahendus="lasta" ingl="let" liik="V" vorm="nud.pl.">laskənd</sone><sone id="l10_s11" lk="133" lemma="sillõ" tahendus="sisse" ingl="inside" liik="Adv">sil’lə</sone><sone id="l10_s12" lk="133" meta="vahemärk">.</sone></lause><lause id="l11"><sone id="l11_s1" lk="133" lemma="si’z" tahendus="siis" ingl="then" liik="ProAdv">siz</sone><sone id="l11_s2" lk="133" lemma="kuŗē" tahendus="kurat" ingl="devil" liik="S" vorm="sg.nom.">kurē</sone><sone id="l11_s3" lk="133" lemma="nuttõ" tahendus="hüüda" ingl="call out" liik="V" vorm="nud.sg.">nuttən</sone><sone id="l11_s4" lk="133" lemma="ve’l" tahendus="veel" ingl="more" liik="ModAdv">vel</sone><sone id="l11_s5" lk="133" lemma="kuolmõz" tahendus="kolmas" ingl="third" liik="Numj" vorm="sg.part.">kᵘolmənd</sone><sone id="l11_s6" lk="133" lemma="kõrd" tahendus="kord" ingl="time" liik="Adv">ki̮rd</sone><sone id="l11_s7" lk="133" meta="vahemärk">,</sone><sone id="l11_s8" lk="133" lemma="tämā" tahendus="tema" ingl="he, she" liik="ProS" vorm="sg.nom.">ta</sone><sone id="l11_s9" lk="133" lemma="ä’b" tahendus="ei" ingl="not" liik="Mn" vorm="pr.sg.3.">äb</sone><sone id="l11_s10" lk="133" lemma="vȱlda" tahendus="olla" ingl="be" liik="Va" vorm="pers.ind.sg.3.neg.">uo</sone><sone id="l11_s11" lk="133" lemma="laskõ" tahendus="lasta" ingl="let" liik="V" vorm="nud.sg.">laskən</sone><sone id="l11_s12" lk="133" meta="vahemärk">.</sone></lause><lause id="l12"><sone id="l12_s1" lk="133" lemma="ni" tahendus="nüüd" ingl="now" liik="Adv">ni</sone><sone lk="133" keel="eesti" id="l12_s2" meta="vahemärk">=</sone><sone lk="133" keel="eesti" id="l12_s3" lemma="vȱlda" tahendus="olla" ingl="be" liik="Va" vorm="pers.ind.pr.sg.3.">m’</sone><sone id="l12_s4" lk="133" lemma="kīela" tahendus="kell" liik="S" vorm="sg.nom.">kiela</sone><sone id="l12_s5" lk="133" lemma="kakš+tuoistõn" tahendus="kaksteist" ingl="twelve" liik="Nump" vorm="sg.nom.">kakš+tᵘoistən</sone><sone id="l12_s6" lk="133" lemma="vȱlda" tahendus="olla" ingl="be" liik="V" vorm="nud.sg.">ve̮nd</sone><sone id="l12_s7" lk="133" lemma="jarā" tahendus="ära" ingl="past" liik="Adva">jarā</sone><sone id="l12_s8" lk="133" meta="vahemärk">,</sone><sone id="l12_s9" lk="133" lemma="ni" tahendus="nüüd" ingl="now" liik="Adv">ni</sone><sone id="l12_s10" lk="133" lemma="tūlda" tahendus="tulla" ingl="come" liik="V" vorm="nud.sg.">tund</sone><sone id="l12_s11" lk="133" lemma="knaš" tahendus="ilus" ingl="beautiful" liik="A" vorm="sg.nom.">knaš</sone><sone id="l12_s12" lk="133" lemma="nuoŗ+izānd" tahendus="noorhärra" ingl="young gentleman" liik="S" vorm="sg.nom.">nuor+izānd</sone><sone id="l12_s13" lk="133" lemma="un" tahendus="ja" ingl="and" liik="Konj">un</sone><sone id="l12_s14" lk="133" lemma="andõ" tahendus="anda" ingl="give" liik="V" vorm="nud.sg.">andən</sone><sone id="l12_s15" lk="133" lemma="tämā" tahendus="tema" ingl="he, she" liik="ProS" vorm="sg.dat.">täm’mən</sone><sone id="l12_s16" lk="133" lemma="knaš" tahendus="ilus" ingl="beautiful" liik="A" vorm="sg.gen.">knaš</sone><sone id="l12_s17" lk="133" lemma="kuldi" tahendus="kuldne" ingl="golden" liik="A" vorm="sg.gen.">kuldiz</sone><sone id="l12_s18" lk="133" lemma="sūormõks" tahendus="sõrmus" ingl="ring" liik="S" vorm="sg.gen.">suorməks</sone><sone id="l12_s19" lk="133" lemma="un" tahendus="ja" ingl="and" liik="Konj">un</sone><sone id="l12_s20" lk="133" lemma="ni" tahendus="nüüd" ingl="now" liik="Adv">ni</sone><sone id="l12_s21" lk="133" lemma="tämā" tahendus="tema" ingl="he, she" liik="ProS" vorm="sg.nom.">ta</sone><sone id="l12_s22" lk="133" lemma="vȱlda" tahendus="olla" ingl="be" liik="V" vorm="pers.ind.pr.sg.3.">um’</sone><sone id="l12_s23" lk="133" lemma="tämā" tahendus="tema" ingl="he, she" liik="ProS" vorm="sg.gen.">täm’</sone><sone id="l12_s24" lk="133" lemma="brūț" tahendus="pruut" ingl="bride" liik="S" vorm="sg.nom.">brūt́</sone><sone id="l12_s25" lk="133" meta="vahemärk">.</sone></lause><lause id="l13"><sone id="l13_s1" lk="133" lemma="ni" tahendus="nüüd" ingl="now" liik="Adv">ni</sone><sone id="l13_s2" lk="133" lemma="vȱlda" tahendus="olla" ingl="be" liik="V" vorm="pers.ind.ipf.sg.3.">ve̮ĺ’</sone><sone id="l13_s3" lk="133" lemma="ūoņdžõl" tahendus="hommikul" ingl="in the morning" liik="Adv" vorm="sg.dat.">uońdžəl</sone><sone id="l13_s4" lk="133" lemma="tämā" tahendus="tema" ingl="he, she" liik="ProS" vorm="sg.dat.">täm’mən</sone><sone id="l13_s5" lk="133" lemma="tagān" tahendus="järel" ingl="after" liik="Adv">tagān</sone><sone id="l13_s6" lk="133" lemma="un" tahendus="ja" ingl="and" liik="Konj">un</sone><sone id="l13_s7" lk="133" lemma="vīdõ" tahendus="viia" ingl="take" liik="V" vorm="pers.ind.ipf.sg.3.">vīž</sone><sone id="l13_s8" lk="133" lemma="je’ds+pēḑõn" tahendus="ära" ingl="away" liik="Adva">je̮’dspēd́ən</sone><sone id="l13_s9" lk="133" meta="vahemärk">.</sone></lause><lause id="l14"><sone id="l14_s1" lk="133" lemma="ni" tahendus="nüüd" ingl="now" liik="Adv">ni</sone><sone id="l14_s2" lk="133" lemma="jemā" tahendus="ema" ingl="mother" liik="S" vorm="sg.gen.">ǟma</sone><sone id="l14_s3" lk="133" lemma="tidār" tahendus="tütar" ingl="daughter" liik="S" vorm="sg.nom.">tidār</sone><sone id="l14_s4" lk="133" lemma="ka" tahendus="ka" ingl="also" liik="ModAdv">ka</sone><sone id="l14_s5" lk="133" lemma="tǭ’dõ" tahendus="tahta" ingl="want" liik="V" vorm="pers.ind.pr.sg.3.">tå̄’b</sone><sone id="l14_s6" lk="133" lemma="lǟ’dõ" tahendus="minna" ingl="go" liik="V" vorm="inf.">lǟ’də</sone><sone id="l14_s7" lk="133" lemma="sōna" tahendus="saun" ingl="sauna" liik="S" vorm="sg.ill.">sounə</sone><sone id="l14_s8" lk="133" lemma="ma’ggõ" tahendus="magada" ingl="sleep" liik="V" vorm="sup.">ma’ggəm</sone><sone id="l14_s9" lk="133" meta="vahemärk">.</sone></lause><lause id="l15"><sone id="l15_s1" lk="133" lemma="jemā" tahendus="ema" ingl="mother" liik="S" vorm="sg.nom.">ǟma</sone><sone id="l15_s2" lk="133" lemma="andõ" tahendus="anda" ingl="give" liik="V" vorm="pers.ind.pr.sg.3.">āndab</sone><sone id="l15_s3" lk="133" lemma="tämā" tahendus="tema" ingl="he, she" liik="ProS" vorm="sg.dat.">täm’mən</sone><sone id="l15_s4" lk="133" lemma="sūr" tahendus="suur" ingl="big" liik="A" vorm="sg.gen.">sūr</sone><sone id="l15_s5" lk="133" lemma="nukā" tahendus="kannikas" ingl="chunk" liik="S" vorm="sg.gen.">nukā</sone><sone id="l15_s6" lk="133" lemma="vȭidags+lēba" tahendus="võileib" ingl="bread and butter" liik="S" vorm="sg.part." kommentaar="?">vī̮idakst+leib</sone><sone id="l15_s7" lk="133" lemma="īņõz" tahendus="kaasa" ingl="along" liik="Adv">īńəz</sone><sone id="l15_s8" lk="133" meta="vahemärk">.</sone></lause><lause id="l16"><sone id="l16_s1" lk="133" lemma="tämā" tahendus="tema" ingl="he, she" liik="ProS" vorm="sg.nom.">ta</sone><sone id="l16_s2" lk="133" lemma="ka" tahendus="ka" ingl="also" liik="ModAdv">ka</sone><sone id="l16_s3" lk="133" lemma="võttõ" tahendus="võtta" ingl="take" liik="V" vorm="pers.ind.pr.sg.3.">vi̮tāb</sone><sone id="l16_s4" lk="133" lemma="pi’ņ" tahendus="koer" ingl="dog" liik="S" vorm="pl.nom.">pińīd</sone><sone id="l16_s5" lk="133" meta="vahemärk">,</sone><sone id="l16_s6" lk="133" lemma="kaš" tahendus="kass" ingl="cat" liik="S" vorm="pl.nom.">kašīd</sone><sone id="l16_s7" lk="133" meta="vahemärk">,</sone><sone id="l16_s8" lk="133" lemma="kanā" tahendus="kana" ingl="hen" liik="S" vorm="pl.nom.">kanād</sone><sone id="l16_s9" lk="133" lemma="tikkiž" tahendus="kõik" ingl="all" liik="Adv">tikkiž</sone><sone id="l16_s10" lk="133" lemma="īņõ" tahendus="kaasa" ingl="with" liik="Adva">īńə</sone><sone id="l16_s11" lk="133" meta="vahemärk">.</sone></lause><lause id="l17"><sone id="l17_s1" lk="133" lemma="ni" tahendus="nüüd" ingl="now" liik="Adv">ni</sone><sone id="l17_s2" lk="133" lemma="tämā" tahendus="tema" ingl="he, she" liik="ProS" vorm="sg.nom.">ta</sone><sone id="l17_s3" lk="133" lemma="sīedõ" tahendus="süüa" ingl="eat" liik="V" vorm="pers.ind.ipf.sg.3.">sei</sone><sone id="l17_s4" lk="133" meta="vahemärk">,</sone><sone id="l17_s5" lk="133" lemma="bet" tahendus="aga" ingl="but" liik="Konj">bet</sone><sone id="l17_s6" lk="133" lemma="tämā" tahendus="tema" ingl="he, she" liik="ProS" vorm="sg.nom.">ta</sone><sone id="l17_s7" lk="133" lemma="i’z" tahendus="ei" ingl="not" liik="Mn" vorm="ipf.sg.3.">iz</sone><sone id="l17_s8" lk="133" lemma="andõ" tahendus="anda" ingl="give" liik="V" vorm="pers.ind.sg.3.neg.">ānda</sone><sone id="l17_s9" lk="133" lemma="mit+ikš" tahendus="mitte ükski" ingl="not one" liik="ProS" vorm="sg.part.">mit+ī’tə</sone><sone id="l17_s10" lk="133">sūrməst</sone><sone id="l17_s11" lk="133" lemma="ne" tahendus="need" ingl="these" liik="ProS" vorm="pl.gen.">nänt</sone><sone id="l17_s12" lk="133" lemma="lūomõz" tahendus="loom" ingl="animal" liik="S" vorm="pl.dat.">luomədən</sone><sone id="l17_s13" lk="133" meta="vahemärk">.</sone></lause><lause id="l18"><sone id="l18_s1" lk="133" lemma="ni" tahendus="nüüd" ingl="now" liik="Adv">ni</sone><sone id="l18_s2" lk="133" lemma="tūlda" tahendus="tulla" ingl="come" liik="V" vorm="pers.ind.ipf.sg.3.">tuĺ’</sone><sone id="l18_s3" lk="133" lemma="tegīž" tahendus="taas" ingl="again" liik="Adv">tei’ž</sone><sone id="l18_s4" lk="133" lemma="kuŗē" tahendus="kurat" ingl="devil" liik="S" vorm="sg.nom.">kurē</sone><sone id="l18_s5" lk="133" lemma="kīela" tahendus="kell" liik="S" vorm="sg.gen.">kiela</sone><sone id="l18_s6" lk="133" lemma="ikš+tuoistõn" tahendus="üksteist" ingl="eleven" liik="Nump" vorm="sg.instl.">ī’d+tᵘoistənəks</sone><sone id="l18_s7" lk="133" lemma="la’z" tahendus="las" ingl="let" liik="ModAdv">laz</sone><sone id="l18_s8" lk="133" lemma="laskõ" tahendus="lasta" ingl="let" liik="V" vorm="pers.jus.pr.sg.3.">laskəg</sone><sone id="l18_s9" lk="133" lemma="sillõ" tahendus="sisse" ingl="inside" liik="Adv">sil’lə</sone><sone id="l18_s10" lk="133" meta="vahemärk">.</sone></lause><lause id="l19"><sone id="l19_s1" lk="133" lemma="ni" tahendus="nüüd" ingl="now" liik="Adv">ni</sone><sone id="l19_s2" lk="133" lemma="tämā" tahendus="tema" ingl="he, she" liik="ProS" vorm="sg.nom.">ta</sone><sone id="l19_s3" lk="133" lemma="ki’zzõ" tahendus="küsida" ingl="ask" liik="V" vorm="pers.ind.ipf.sg.3.">kizīz</sone><sone id="l19_s4" lk="133" lemma="pi’ņ" tahendus="koer" ingl="dog" liik="S" vorm="sg.nom.">piń’</sone><sone id="l19_s5" lk="133" meta="vahemärk">,</sone><sone id="l19_s6" lk="133" lemma="kaš" tahendus="kass" ingl="cat" liik="S" vorm="sg.gen.">kaš</sone><sone id="l19_s7" lk="133" meta="vahemärk">,</sone><sone id="l19_s8" lk="133" lemma="kik" tahendus="kukk" ingl="rooster" liik="S" vorm="sg.gen.">kik</sone><sone id="l19_s9" lk="133" meta="vahemärk">,</sone><sone id="l19_s10" lk="133" lemma="kanā" tahendus="kana" ingl="hen" liik="S" vorm="sg.gen.">kanā</sone><sone id="l19_s11" lk="133" lemma="kä’dst" tahendus="käest" ingl="from" liik="Post">kä’dst</sone><sone id="l19_s12" lk="133" lemma="või" tahendus="kas" ingl="whether" liik="Intr">vi̮i</sone><sone id="l19_s13" lk="133" lemma="võidõ" tahendus="võida" ingl="can" liik="V" vorm="pers.ind.pr.sg.3.">vi̮ib</sone><sone id="l19_s14" lk="133" lemma="laskõ" tahendus="lasta" ingl="let" liik="V" vorm="inf.">laskə</sone><sone id="l19_s15" lk="133" lemma="sillõ" tahendus="sisse" ingl="inside" liik="Adv">sil’l</sone><sone id="l19_s16" lk="133" meta="vahemärk">.</sone></lause><lause id="l20"><sone id="l20_s1" lk="133" lemma="ne" tahendus="nemad" ingl="they" liik="ProS" vorm="pl.nom.">ne</sone><sone id="l20_s2" lk="133" lemma="kītõ" tahendus="öelda" ingl="say" liik="V" vorm="pers.ind.ipf.pl.3.">kītist</sone><sone id="l20_s3" lk="133" meta="vahemärk">:</sone><sone id="l20_s4" lk="133" meta="vahemärk">”</sone><sone lk="133" keel="eesti" id="l20_s5" lemma="ī’ž" tahendus="ise" ingl="self" liik="ProS" vorm="sg.nom.">ī’ž</sone><sone id="l20_s6" lk="133" lemma="sinā" tahendus="sina" ingl="you" liik="ProS" vorm="sg.nom.">sa</sone><sone id="l20_s7" lk="133" lemma="sīedõ" tahendus="süüa" ingl="eat" liik="V" vorm="pers.ind.ipf.sg.2.">seid</sone><sone id="l20_s8" lk="133" meta="vahemärk">,</sone><sone id="l20_s9" lk="133" lemma="ī’ž" tahendus="ise" ingl="self" liik="ProS" vorm="sg.nom.">ī’ž</sone><sone id="l20_s10" lk="133" lemma="jūodõ" tahendus="juua" ingl="drink" liik="V" vorm="pers.ind.ipf.sg.2.">jᵘoid</sone><sone id="l20_s11" lk="133" meta="vahemärk">,</sone><sone id="l20_s12" lk="133" lemma="ī’ž" tahendus="ise" ingl="self" liik="ProS" vorm="sg.nom.">ī’ž</sone><sone id="l20_s13" lk="133" lemma="ki’zzõ" tahendus="küsida" ingl="ask" liik="V" vorm="pers.imp.pr.sg.2.">ki’zz</sone><sone id="l20_s14" lk="133" lemma="eņtš" tahendus="oma" ingl="own" liik="ProS" vorm="sg.gen.">eńt́š</sone><sone id="l20_s15" lk="133" lemma="kä’dst" tahendus="käest" ingl="from" liik="Post">kä’dst</sone><sone id="l20_s16" lk="133" lemma="nõ’v" tahendus="nõu" ingl="advice" liik="S" vorm="sg.part.">ni̮v’və</sone><sone lk="133" keel="eesti" id="l20_s17" meta="vahemärk">!</sone><sone id="l20_s18" lk="133" meta="vahemärk">”</sone></lause><lause id="l21"><sone id="l21_s1" lk="133" lemma="tämā" tahendus="tema" ingl="he, she" liik="ProS" vorm="sg.nom.">ta</sone><sone id="l21_s2" lk="133" lemma="ki’zzõ" tahendus="küsida" ingl="ask" liik="V" vorm="pers.ind.ipf.sg.3.">kizīz</sone><sone id="l21_s3" lk="133" lemma="tuoi" tahendus="teine" ingl="second" liik="Numj" vorm="sg.part.">tuoista</sone><sone id="l21_s4" lk="133" lemma="kõrd" tahendus="kord" ingl="time" liik="Adv">ki̮rd</sone><sone id="l21_s5" lk="133" meta="vahemärk">,</sone><sone id="l21_s6" lk="133" lemma="ne" tahendus="nemad" ingl="they" liik="ProS" vorm="pl.nom.">ne</sone><sone id="l21_s7" lk="133" lemma="kītõ" tahendus="öelda" ingl="say" liik="V" vorm="pers.ind.ipf.pl.3.">kītist</sone><sone id="l21_s8" lk="133" lemma="ne’i" tahendus="nii" ingl="so" liik="ProAdv">nei’</sone><sone id="l21_s9" lk="133" lemma="ī’ž" tahendus="samuti" ingl="same way" liik="Adv">ī’ž</sone><sone id="l21_s10" lk="133" meta="vahemärk">.</sone></lause><lause id="l22"><sone id="l22_s1" lk="133" lemma="kuolmõz" tahendus="kolmas" ingl="third" liik="Numj" vorm="sg.nom.">kᵘolməz</sone><sone id="l22_s2" lk="133" lemma="kõrd" tahendus="kord" ingl="time" liik="Adv">ki̮rd</sone><sone id="l22_s3" lk="133" lemma="jemā" tahendus="ema" ingl="mother" liik="S" vorm="sg.gen.">ǟma</sone><sone id="l22_s4" lk="133" lemma="tidār" tahendus="tütar" ingl="daughter" liik="S" vorm="sg.nom.">tidār</sone><sone id="l22_s5" lk="133" lemma="laskõ" tahendus="lasta" ingl="let" liik="V" vorm="pers.ind.ipf.sg.3.">laskīz</sone><sone id="l22_s6" lk="133" lemma="sillõ" tahendus="sisse" ingl="inside" liik="Adv">sil’lə</sone><sone id="l22_s7" lk="133" meta="vahemärk">.</sone></lause><lause id="l23"><sone id="l23_s1" lk="133" lemma="kuŗē" tahendus="kurat" ingl="devil" liik="S" vorm="sg.nom.">kurē</sone><sone id="l23_s2" lk="133" lemma="kīskõ" tahendus="kiskuda" ingl="tear" liik="V" vorm="pers.ind.ipf.sg.3.">kīskiz</sone><sone id="l23_s3" lk="133" lemma="jemā" tahendus="ema" ingl="mother" liik="S" vorm="sg.gen.">ǟma</sone><sone id="l23_s4" lk="133" lemma="tidār" tahendus="tütar" ingl="daughter" liik="S" vorm="sg.gen.">tidār</sone><sone id="l23_s5" lk="133" lemma="lǭ’igi" tahendus="lõhki" ingl="apart" liik="Adv">lå̄’igi</sone><sone id="l23_s6" lk="133" meta="vahemärk">,</sone><sone id="l23_s7" lk="133" lemma="pānda" tahendus="panna" ingl="put" liik="V" vorm="pers.ind.ipf.sg.3.">pań’</sone><sone id="l23_s8" lk="133" lemma="tämā" tahendus="tema" ingl="he, she" liik="ProS" vorm="sg.gen.">täm’</sone><sone id="l23_s9" lk="133" lemma="palg" tahendus="nägu" ingl="face" liik="S" vorm="sg.gen.">palg</sone><sone id="l23_s10" lk="133" lemma="sōna" tahendus="saun" ingl="sauna" liik="S" vorm="sg.gen.">sōna</sone><sone id="l23_s11" lk="133" lemma="lä’b" tahendus="aken" ingl="window" liik="S" vorm="sg.ill.">lä’bbə</sone><sone id="l23_s12" lk="133" lemma="la’z" tahendus="las" ingl="let" liik="ModAdv">laz</sone><sone id="l23_s13" lk="133" lemma="ni" tahendus="nüüd" ingl="now" liik="Adv">ni</sone><sone id="l23_s14" lk="133" lemma="tidār" tahendus="tütar" ingl="daughter" liik="S" vorm="sg.nom.">tidār</sone><sone id="l23_s15" lk="133" lemma="na’grõ" tahendus="naerda" ingl="laugh" liik="V" vorm="pers.jus.pr.sg.3.">na’grəg</sone><sone id="l23_s16" lk="133" meta="vahemärk">,</sone><sone id="l23_s17" lk="133" lemma="ku" tahendus="kui" ingl="when" liik="Konj">ku</sone><sone id="l23_s18" lk="133" lemma="jemā" tahendus="ema" ingl="mother" liik="S" vorm="sg.nom.">ǟma</sone><sone id="l23_s19" lk="133" lemma="tūlda" tahendus="tulla" ingl="come" liik="V" vorm="pers.ind.pr.sg.3.">tulāb</sone><sone id="l23_s20" lk="133" lemma="vaņțlõ" tahendus="vaadata" ingl="look" liik="V" vorm="sup.">vańḱĺəm</sone><sone id="l23_s21" lk="133" meta="vahemärk">.</sone></lause></sisu>
</liivike>
