<?xml version="1.0" encoding="UTF-8"?>
<?xml-stylesheet type="text/xsl" href="liivike_tekst.xsl"?>
<liivike>
	<info><tyyp>kirjalik</tyyp><teema>Satuja 28</teema><keel>liivi</keel><murre>idaliivi</murre><kirjaviis>foneetiline transkriptsioon</kirjaviis><kyla longituud="22.466667" latituud="57.716667">Va’id</kyla><teos pealkiri="Näytteitä liivin kielesta" aasta="1953" koht="Helsinki">E. N. Setälä</teos><muu>Jǭņ Berthold</muu><kyla longituud="22.45" latituud="57.226">Vaid</kyla><teos pealkiri="Näytteitä liivin kielesta" aasta="1953" koht="Helsinki">E. N. Setälä</teos><keelejuht id="JB" haridus="" synniaasta="" synnikoht="" vanus="" sugu="M">Jǭņ Berthold</keelejuht></info><sisu id="Set_Sat_28">
		<lause id="l1">
			<sone id="l1_s1" lk="159" meta="number">28</sone>
			<sone id="l1_s2" lk="159" meta="vahemärk">.</sone></lause>
		<lause id="l2"><sone id="l2_s1" lk="159" meta="kommentaar">Vaid</sone><sone id="l2_s2" lk="159" meta="vahemärk">,</sone><sone id="l2_s3" lk="159" meta="kommentaar">Jå̄ń</sone><sone id="l2_s4" lk="159" meta="kommentaar">Berthold</sone><sone id="l2_s5" lk="159" meta="vahemärk">.</sone></lause><lause id="l3"><sone id="l3_s1" lk="159" meta="vahemärk">[</sone><sone id="l3_s2" lk="159" lemma="ikš" tahendus="üks" ingl="one" liik="ProS" vorm="sg.nom.">iokš</sone><sone id="l3_s3" lk="159" meta="vahemärk"> &gt;</sone><sone id="l3_s4" lk="159" meta="vahemärk">]</sone><sone id="l3_s5" lk="159" lemma="ikš+kõrd" tahendus="ükskord" ingl="once" liik="ProAdv">ikš+ki̮r̀d</sone><sone id="l3_s6" lk="159" lemma="vȱlda" tahendus="olla" ingl="be" liik="V" vorm="pers.ind.ipf.sg.3.">ve̮ĺ’</sone><sone id="l3_s7" lk="159" lemma="mīez" tahendus="mees" ingl="man" liik="S" vorm="sg.nom.">miεᴢ</sone><sone id="l3_s8" lk="159" lemma="un" tahendus="ja" ingl="and" liik="Konj">un</sone><sone id="l3_s9" lk="159" lemma="nai" tahendus="naine" ingl="woman" liik="S" vorm="sg.nom.">naì</sone><sone id="l3_s10" lk="159" meta="vahemärk">.</sone></lause><lause id="l4"><sone id="l4_s1" lk="159" lemma="un" tahendus="ja" ingl="and" liik="Konj">un</sone><sone id="l4_s2" lk="159" lemma="se" tahendus="see" ingl="this" liik="ProS" vorm="sg.nom.">se</sone><sone id="l4_s3" lk="159" lemma="nai" tahendus="naine" ingl="woman" liik="S" vorm="sg.nom.">naì</sone><sone id="l4_s4" lk="159" lemma="kītõ" tahendus="öelda" ingl="say" liik="V" vorm="pers.ind.ipf.sg.3.">kītᴉᴢ</sone><sone id="l4_s5" lk="159" meta="vahemärk">[</sone><sone id="l4_s6" lk="159" lemma="se" tahendus="see" ingl="this" liik="ProS" vorm="sg.gen.">siε</sone><sone id="l4_s7" lk="159" meta="vahemärk"> &gt;</sone><sone id="l4_s8" lk="159" meta="vahemärk">]</sone><sone id="l4_s9" lk="159" lemma="eņtš" tahendus="oma" ingl="own" liik="ProS" vorm="sg.gen.">eńt́š</sone><sone id="l4_s10" lk="159" lemma="mīez" tahendus="mees" ingl="man" liik="S" vorm="sg.gen.">mi’ε</sone><sone id="l4_s11" lk="159" lemma="pǟl " tahendus="peale" ingl="on" liik="Post">pǟl</sone><sone id="l4_s12" lk="159" lemma="siedā+vīțõ" tahendus="niiviisi" ingl="this way" liik="ProAdv">sⁱεdà+vītə</sone><sone id="l4_s13" lk="159" lemma="ne’i" tahendus="nii" ingl="so" liik="ProAdv">nei’</sone><sone id="l4_s14" lk="159" meta="vahemärk">:</sone><sone id="l4_s15" lk="159" meta="vahemärk">”</sone><sone lk="159" keel="eesti" id="l4_s16" lemma="kūlõ" tahendus="kuulda" ingl="hear" liik="V" vorm="pers.ind.pr.sg.2.">kūləd</sone><sone id="l4_s17" lk="159" lemma="vanā+mīez" tahendus="vanamees" ingl="old man" liik="S" vorm="sg.nom.">va+miεᴢ</sone><sone id="l4_s18" lk="159" meta="vahemärk">,</sone><sone id="l4_s19" lk="159" lemma="pānda" tahendus="panna" ingl="put" liik="V" vorm="pers.imp.pr.sg.2.">pan’</sone><sone id="l4_s20" lk="159" lemma="se" tahendus="see" ingl="this" liik="ProS" vorm="sg.gen.">siε</sone><sone id="l4_s21" lk="159" lemma="kēv" tahendus="mära" ingl="mare" liik="S" vorm="sg.gen.">kēv</sone><sone id="l4_s22" lk="159" lemma="rie’ggõz" tahendus="regi" ingl="sleigh" liik="S" vorm="sg.gen.">re’g</sone><sone id="l4_s23" lk="159" lemma="je’ddõ" tahendus="ette" ingl="in front" liik="Post">jε̬’ddə</sone><sone id="l4_s24" lk="159" meta="vahemärk">,</sone><sone id="l4_s25" lk="159" lemma="bro’utšõ" tahendus="sõita" ingl="ride" liik="V" vorm="pers.imp.pr.sg.2.">brou’t́š́</sone><sone id="l4_s26" lk="159" lemma="sinā" tahendus="sina" ingl="you" liik="ProS" vorm="sg.nom.">sa</sone><sone id="l4_s27" lk="159" lemma="mõtsā" tahendus="mets" ingl="forest" liik="S" vorm="sg.ill.">mi̮t̀sə</sone><sone id="l4_s28" lk="159" meta="vahemärk">,</sone><sone id="l4_s29" lk="159" lemma="vaņțlõ" tahendus="vaadata" ingl="look" liik="V" vorm="pers.imp.pr.sg.2.">vań̀t́ĺə</sone><sone id="l4_s30" lk="159" lemma="kūja" tahendus="kuiv" ingl="dry" liik="A" vorm="pl.part.">kuìd́ᴉ</sone><sone id="l4_s31" lk="159" lemma="oksā" tahendus="oks" ingl="branch" liik="S" vorm="pl.part.">ok̀št́ᴉ</sone><sone id="l4_s32" lk="159" meta="vahemärk">,</sone><sone id="l4_s33" lk="159" lemma="ä’b" tahendus="ei" ingl="not" liik="Mn" vorm="pers.ind.pr.sg.3.">äb</sone><sone id="l4_s34" lk="159" lemma="vȱlda" tahendus="olla" ingl="be" liik="V" vorm="pers.ind.sg.3.neg.">uɔ</sone><sone id="l4_s35" lk="159" lemma="pū" tahendus="küttepuu" ingl="wood" liik="S" vorm="pl.part.">pūd́ᴉ</sone><sone lk="159" keel="eesti" id="l4_s36" meta="vahemärk">!</sone><sone id="l4_s37" lk="159" meta="vahemärk">”</sone></lause><lause id="l5"><sone id="l5_s1" lk="159" lemma="mīez" tahendus="mees" ingl="man" liik="S" vorm="sg.nom.">miεᴢ</sone><sone id="l5_s2" lk="159" lemma="ni" tahendus="nüüd" ingl="now" liik="Adv">ni</sone><sone id="l5_s3" lk="159" meta="vahemärk">[</sone><sone id="l5_s4" lk="159" lemma="pānda" tahendus="panna" ingl="put" liik="V" vorm="pers.ind.pr.sg.3.">panàb</sone><sone id="l5_s5" lk="159" meta="vahemärk"> &gt;</sone><sone id="l5_s6" lk="159" meta="vahemärk">]</sone><sone id="l5_s7" lk="159" lemma="pānda" tahendus="panna" ingl="put" liik="V" vorm="pers.imp.pr.sg.2.">panàʙ</sone><sone id="l5_s8" lk="159" lemma="se" tahendus="see" ingl="this" liik="ProS" vorm="sg.gen.">siε</sone><sone id="l5_s9" lk="159" lemma="rie’ggõz" tahendus="regi" ingl="sleigh" liik="S" vorm="sg.gen.">re’g</sone><sone id="l5_s10" lk="159" lemma="je’ddõ" tahendus="ette" ingl="in front" liik="Post">jε̬’ddə</sone><sone id="l5_s11" lk="159" lemma="un" tahendus="ja" ingl="and" liik="Konj">un</sone><sone id="l5_s12" lk="159" lemma="bro’utšõ" tahendus="sõita" ingl="ride" liik="V" vorm="pers.ind.pr.sg.3.">brou’t́š́əb</sone><sone id="l5_s13" lk="159" lemma="mõtsā" tahendus="mets" ingl="forest" liik="S" vorm="sg.ill.">mi̮t̀sə</sone><sone id="l5_s14" lk="159" meta="vahemärk">,</sone><sone id="l5_s15" lk="159" lemma="ikš+i’ggiņ" tahendus="üksi" ingl="by oneself" liik="Adv">iokš+io’ggiń</sone><sone id="l5_s16" lk="159" meta="vahemärk">[</sone><sone id="l5_s17" lk="159" lemma="rie’ggõz" tahendus="regi" ingl="sleigh" liik="S" vorm="sg.in.">re’gs</sone><sone id="l5_s18" lk="159" meta="vahemärk"> &gt;</sone><sone id="l5_s19" lk="159" meta="vahemärk">]</sone><sone id="l5_s20" lk="159" lemma="rie’ggõz" tahendus="regi" ingl="sleigh" liik="S" vorm="sg.in.">re’ɢs</sone><sone id="l5_s21" lk="159" meta="vahemärk">.</sone></lause><lause id="l6"><sone id="l6_s1" lk="159" meta="vahemärk">[</sone><sone id="l6_s2" lk="159" lemma="un" tahendus="ja" ingl="and" liik="Konj">un</sone><sone id="l6_s3" lk="159" meta="vahemärk"> &gt;</sone><sone id="l6_s4" lk="159" meta="vahemärk">]</sone><sone id="l6_s5" lk="159" lemma="bet" tahendus="aga" ingl="but" liik="Konj">bet</sone><sone id="l6_s6" lk="159" lemma="mīez" tahendus="mees" ingl="man" liik="S" vorm="sg.nom.">miεᴢ</sone><sone id="l6_s7" lk="159" lemma="sõ’vvõ" tahendus="sügada" ingl="scratch" liik="V" vorm="pers.ind.pr.sg.3.">si̮vàʙ</sone><sone id="l6_s8" lk="159" lemma="kūora" tahendus="kõrv" ingl="ear" liik="S" vorm="sg.gen.">kuɔra</sone><sone id="l6_s9" lk="159" lemma="tagān" tahendus="taga" ingl="behind" liik="Post">tagàn</sone><sone id="l6_s10" lk="159" meta="vahemärk">:</sone><sone id="l6_s11" lk="159" lemma="kus" tahendus="kus" ingl="where" liik="Intr">kus</sone><sone id="l6_s12" lk="159" lemma="la’z" tahendus="las" ingl="let" liik="ModAdv">las</sone><sone id="l6_s13" lk="159" lemma="sǭdõ" tahendus="saada" ingl="get" liik="V" vorm="pers.jus.pr.sg.1.">så̄gə</sone><sone id="l6_s14" lk="159" lemma="ne" tahendus="need" ingl="these" liik="ProS" vorm="pl.part.">nēd́ᴉ</sone><sone id="l6_s15" lk="159" lemma="kūja" tahendus="kuiv" ingl="dry" liik="A" vorm="pl.part.">kuìd́ᴉ</sone><sone id="l6_s16" lk="159" lemma="pū" tahendus="küttepuu" ingl="wood" liik="S" vorm="pl.part.">pūdᴉ</sone><sone id="l6_s17" lk="159" meta="vahemärk">?</sone><sone id="l6_s18" lk="159" lemma="ä’b" tahendus="ei" ingl="not" liik="Mn">äʙ</sone><sone id="l6_s19" lk="159" lemma="kuskis" tahendus="kuskil" ingl="anywhere" liik="ProAdv">kus̀kəs</sone><sone id="l6_s20" lk="159" lemma="ä’b" tahendus="ei" ingl="not" liik="Mn" vorm="pers.ind.pr.sg.3.">äb</sone><sone id="l6_s21" lk="159" lemma="vȱlda" tahendus="olla" ingl="be" liik="Va" vorm="pers.ind.sg.3.neg.">uɔ</sone><sone lk="159" keel="eesti" id="l6_s22" meta="vahemärk">!</sone><sone id="l6_s23" lk="159" meta="vahemärk">”</sone></lause><lause id="l7"><sone id="l7_s1" lk="159" meta="muukeelne">ūz+reìᴢ</sone><sone id="l7_s2" lk="159" lemma="ie+vaņțlõ" tahendus="vaadata" ingl="look" liik="V" vorm="pers.ind.pr.sg.3.prf.">iε+vań̀t́ĺəʙ</sone><sone id="l7_s3" lk="159" lemma="ku" tahendus="et" ingl="that" liik="Konj">ku</sone><sone id="l7_s4" lk="159" lemma="ikš" tahendus="üks" ingl="one" liik="ProS" vorm="sg.gen.">io’d</sone><sone id="l7_s5" lk="159" lemma="piedāg" tahendus="mänd" ingl="pine" liik="S" vorm="sg.dat.">pⁱεdàgən</sone><sone id="l7_s6" lk="159" lemma="vȱlda" tahendus="olla" ingl="be" liik="V" vorm="pers.ind.pr.pl.3.">a’ᴅt</sone><sone id="l7_s7" lk="159" lemma="kūja" tahendus="kuiv" ingl="dry" liik="A" vorm="pl.nom.">kūjaᴅ</sone><sone id="l7_s8" lk="159" lemma="oksā" tahendus="oks" ingl="branch" liik="S" vorm="pl.nom.">oksàᴅ</sone><sone id="l7_s9" lk="159" meta="vahemärk">.</sone></lause><lause id="l8"><sone id="l8_s1" lk="159" lemma="mīez" tahendus="mees" ingl="man" liik="S" vorm="sg.nom.">miεᴢ</sone><sone id="l8_s2" lk="159" lemma="grēbõ" tahendus="ronida" ingl="climb" liik="V" vorm="pers.ind.pr.sg.3." kommentaar="?">grē’bə</sone><sone id="l8_s3" lk="159" lemma="sīņõ" tahendus="sinna" ingl="there" liik="ProAdv">sīń</sone><sone id="l8_s4" lk="159" lemma="i’lzõ" tahendus="üles" ingl="up" liik="Adva">iol’zə</sone><sone id="l8_s5" lk="159" meta="vahemärk">,</sone><sone id="l8_s6" lk="159" lemma="irgõ" tahendus="hakata" ingl="begin" liik="V" vorm="pers.ind.pr.sg.3." kommentaar="?">īorgə</sone><sone id="l8_s7" lk="159" lemma="ra’dļõ" tahendus="raiuda" ingl="chop" liik="V" vorm="inf.">raĺ’ĺə</sone><sone id="l8_s8" lk="159" meta="vahemärk">.</sone></lause><lause id="l9"><sone id="l9_s1" lk="159" meta="vahemärk">[</sone><sone id="l9_s2" lk="159" lemma="ra’dļõ" tahendus="raiuda" ingl="chop" liik="V" vorm="pers.ind.ipf.sg.3.">ra’ĺlᴉᴢ</sone><sone id="l9_s3" lk="159" meta="vahemärk"> &gt;</sone><sone id="l9_s4" lk="159" meta="vahemärk">]</sone><sone id="l9_s5" lk="159" lemma="ra’dļõ" tahendus="raiuda" ingl="chop" liik="V" vorm="pers.ind.ipf.sg.3.">raĺ’lᴉᴢ</sone><sone id="l9_s6" lk="159" meta="vahemärk">:</sone><sone id="l9_s7" lk="159" lemma="kriks" tahendus="kriks" liik="Ono">krik̀s</sone><sone id="l9_s8" lk="159" lemma="kraks" tahendus="kraks" liik="Ono">krak̀s</sone><sone id="l9_s9" lk="159" meta="vahemärk">.</sone></lause><lause id="l10"><sone id="l10_s1" lk="159" lemma="mõtsā+kaits" tahendus="metsavaht" ingl="gamekeeper" liik="S" vorm="sg.nom.">mi̮tsà+kaìts</sone><sone id="l10_s2" lk="159" lemma="kūlõ" tahendus="kuulda" ingl="hear" liik="V" vorm="pers.ind.pr.sg.3.">kūləʙ</sone><sone id="l10_s3" lk="159" meta="vahemärk">.</sone></lause><lause id="l11"><sone id="l11_s1" lk="159" meta="vahemärk">”</sone><sone lk="159" keel="eesti" id="l11_s2" lemma="kis" tahendus="kes" ingl="who" liik="Intr" vorm="sg.nom.">kis</sone><sone id="l11_s3" lk="159" lemma="sǟ’l" tahendus="seal" ingl="there" liik="ProAdv">sǟl</sone><sone id="l11_s4" lk="159" lemma="ra’dļõ" tahendus="raiuda" ingl="chop" liik="V" vorm="pers.ind.pr.sg.3.">raĺ’ĺəʙ</sone><sone id="l11_s5" lk="159" meta="vahemärk">?</sone><sone id="l11_s6" lk="159" lemma="lǟ’dõ" tahendus="minna" ingl="go" liik="V" vorm="deb.">lē’mᴉst</sone><sone id="l11_s7" lk="159" lemma="vȯtšõ" tahendus="otsida" ingl="look for" liik="V" vorm="sup.">ve̮t́̀š́əm</sone><sone lk="159" keel="eesti" id="l11_s8" meta="vahemärk">.</sone><sone id="l11_s9" lk="159" meta="vahemärk">”</sone></lause><lause id="l12"><sone id="l12_s1" lk="159" lemma="mõtsā+kaits" tahendus="metsavaht" ingl="gamekeeper" liik="S" vorm="sg.nom.">mi̮tsà+kaìts</sone><sone id="l12_s2" lk="159" lemma="lǟʼdõ" tahendus="minna" ingl="go" liik="V" vorm="pers.ind.pr.sg.3.">lǟ’b</sone><sone id="l12_s3" lk="159" lemma="jū’rõ" tahendus="juurde" ingl="by" liik="Adv">jū’rə</sone><sone id="l12_s4" lk="159" meta="vahemärk">,</sone><sone id="l12_s5" lk="159" lemma="vaņțlõ" tahendus="vaadata" ingl="look" liik="V" vorm="pers.ind.pr.sg.3.">vań̀t́ĺəʙ</sone><sone id="l12_s6" lk="159" meta="vahemärk">:</sone><sone id="l12_s7" lk="160" lemma="vanā" tahendus="vana" ingl="old" liik="A" vorm="sg.nom.">vanà</sone><sone id="l12_s8" lk="160" lemma="mīez" tahendus="mees" ingl="man" liik="S" vorm="sg.nom.">miε</sone><sone id="l12_s9" lk="160" lemma="pū" tahendus="puu" ingl="tree" liik="S" vorm="sg.in.">pūs</sone><sone id="l12_s10" lk="160" lemma="i’llõ" tahendus="üleval" ingl="up" liik="Adv">iol’lə</sone><sone id="l12_s11" lk="160" meta="vahemärk">,</sone><sone id="l12_s12" lk="160" lemma="ra’dļõ" tahendus="raiuda" ingl="chop" liik="V" vorm="pers.ind.pr.sg.3.">raĺ’ĺə̂b</sone><sone id="l12_s13" lk="160" lemma="oksā" tahendus="oks" ingl="branch" liik="S" vorm="pl.part.">ok̀št́ᴉ</sone><sone id="l12_s14" lk="160" meta="vahemärk">.</sone></lause><lause id="l13"><sone id="l13_s1" lk="160" lemma="mõtsā+kaits" tahendus="metsavaht" ingl="gamekeeper" liik="S" vorm="sg.nom.">mi̮tsà+kaìts</sone><sone id="l13_s2" lk="160" lemma="kītõ" tahendus="öelda" ingl="say" liik="V" vorm="pers.ind.pr.sg.3.">kītəʙ</sone><sone id="l13_s3" lk="160" meta="vahemärk">:</sone><sone id="l13_s4" lk="160" meta="vahemärk">”</sone><sone lk="160" keel="eesti" id="l13_s5" lemma="vanā" tahendus="vana" ingl="old" liik="A" vorm="sg.nom.">vanà</sone><sone id="l13_s6" lk="160" lemma="mīez" tahendus="mees" ingl="man" liik="S" vorm="sg.nom.">miεᴢ</sone><sone id="l13_s7" lk="160" meta="vahemärk">,</sone><sone id="l13_s8" lk="160" lemma="ki’l" tahendus="küll" ingl="indeed" liik="ModAdv">kioĺ</sone><sone id="l13_s9" lk="160" lemma="sinā" tahendus="sina" ingl="you" liik="ProS" vorm="sg.nom.">sa</sone><sone id="l13_s10" lk="160" lemma="nǟ’dõ" tahendus="näha" ingl="see" liik="V" vorm="pers.ind.pr.sg.2.">nǟᴅ</sone><sone id="l13_s11" lk="160" meta="vahemärk">,</sone><sone id="l13_s12" lk="160" lemma="ku" tahendus="et" ingl="that" liik="Konj">ku</sone><sone id="l13_s13" lk="160" lemma="sinā" tahendus="sina" ingl="you" liik="ProS" vorm="sg.nom.">sa</sone><sone id="l13_s14" lk="160" lemma="sa’ddõ" tahendus="kukkuda" ingl="fall" liik="V" vorm="pers.ind.pr.sg.2.">sadàᴅ</sone><sone id="l13_s15" lk="160" lemma="mǭ’zõ" tahendus="alla" ingl="down" liik="Adva">må̄’zə</sone><sone lk="160" keel="eesti" id="l13_s16" meta="vahemärk">.</sone><sone id="l13_s17" lk="160" meta="vahemärk">”</sone></lause><lause id="l14"><sone id="l14_s1" lk="160" lemma="mõtsā+kaits" tahendus="metsavaht" ingl="gamekeeper" liik="S" vorm="sg.dat.">mi̮tsà+kaìtsən</sone><sone id="l14_s2" lk="160" lemma="ä’b" tahendus="ei" ingl="not" liik="Mn" vorm="pers.ind.pr.sg.3.">äb</sone><sone id="l14_s3" lk="160" lemma="vȱlda" tahendus="olla" ingl="be" liik="V" vorm="pers.ind.sg.3.neg.">uɔ</sone><sone id="l14_s4" lk="160" lemma="āiga" tahendus="aeg" ingl="time" liik="S" vorm="sg.part.">aìgə</sone><sone id="l14_s5" lk="160" meta="vahemärk">,</sone><sone id="l14_s6" lk="160" lemma="ruoikõ" tahendus="rutata" ingl="hurry" liik="V" vorm="pers.ind.pr.sg.3.">ruε̬ikəʙ</sone><sone id="l14_s7" lk="160" lemma="je’ds+pēḑõn" tahendus="ära" ingl="away" liik="Adva">jε’ᴅs+pē’d́ən</sone><sone id="l14_s8" lk="160" meta="vahemärk">.</sone></lause><lause id="l15"><sone id="l15_s1" lk="160" lemma="ä’b" tahendus="ei" ingl="not" liik="Mn" vorm="pers.ind.pr.sg.3.">äʙ</sone><sone id="l15_s2" lk="160" lemma="sǭdõ" tahendus="saada" ingl="get" liik="V" vorm="pers.ind.sg.3.neg.">så̄</sone><sone id="l15_s3" lk="160" lemma="kōgaz" tahendus="kaugele" ingl="far" liik="Adv">kōgaᴢ</sone><sone id="l15_s4" lk="160" meta="vahemärk">:</sone><sone id="l15_s5" lk="160" lemma="vanā" tahendus="vana" ingl="old" liik="A" vorm="sg.nom.">vanà</sone><sone id="l15_s6" lk="160" lemma="mīez" tahendus="mees" ingl="man" liik="S" vorm="sg.nom.">miεᴢ</sone><sone id="l15_s7" lk="160" lemma="sa’ddõ" tahendus="kukkuda" ingl="fall" liik="V" vorm="pers.ind.pr.sg.3.">sadàʙ</sone><sone id="l15_s8" lk="160" lemma="mǭ’zõ" tahendus="alla" ingl="down" liik="Adva">må̄’zə</sone><sone id="l15_s9" lk="160" meta="vahemärk">,</sone><sone id="l15_s10" lk="160" lemma="briuk+broukt" liik="Ono">briùk+broùkt</sone><sone id="l15_s11" lk="160" lemma="amād" tahendus="kõik" ingl="all" liik="ProS" vorm="pl.gen.">amàd</sone><sone id="l15_s12" lk="160" lemma="oksā" tahendus="oks" ingl="branch" liik="S" vorm="pl.instl.">oksàdəks</sone><sone id="l15_s13" lk="160" meta="vahemärk">.</sone></lause><lause id="l16"><sone id="l16_s1" lk="160" lemma="ne’i" tahendus="nii" ingl="so" liik="ProAdv">nei’</sone><sone id="l16_s2" lk="160" lemma="ku" tahendus="et" ingl="that" liik="Konj">ku</sone><sone id="l16_s3" lk="160" lemma="no+ste’ņņõ" tahendus="ägiseda" ingl="groan" liik="V" vorm="pers.ind.pr.sg.3.prf.">nu’ɔ+steńùb</sone><sone id="l16_s4" lk="160" lemma="ī’d" tahendus="ainult" ingl="only" liik="Adv">īo’ᴅ</sone><sone id="l16_s5" lk="160" meta="vahemärk">.</sone></lause><lause id="l17"><sone id="l17_s1" lk="160" lemma="ī’ž" tahendus="ise" ingl="self" liik="ProS" vorm="sg.nom.">ī’Ž</sone><sone id="l17_s2" lk="160" lemma="tī’edõ" tahendus="teha" ingl="do" liik="V" vorm="pers.ind.pr.sg.3.">ti’εb</sone><sone id="l17_s3" lk="160" lemma="jālga" tahendus="jalg" ingl="leg" liik="S" vorm="pl.gen.">jālgaᴅ</sone><sone id="l17_s4" lk="160" lemma="vāldiņ" tahendus="vaba" ingl="loose" liik="Adv">vāldiń</sone><sone id="l17_s5" lk="160" meta="vahemärk">,</sone><sone id="l17_s6" lk="160" lemma="a’ilõ" tahendus="joosta" ingl="run" liik="V" vorm="pers.ind.pr.sg.3.">ai’ləʙ</sone><sone id="l17_s7" lk="160" lemma="mõtsā+kaits" tahendus="metsavaht" ingl="gamekeeper" liik="S" vorm="sg.dat.">mi̮tsà+kaìtsən</sone><sone id="l17_s8" lk="160" lemma="tagān" tahendus="järele" ingl="after" liik="Post">tagàn</sone><sone id="l17_s9" lk="160" meta="vahemärk">,</sone><sone id="l17_s10" lk="160" lemma="kītõ" tahendus="öelda" ingl="say" liik="V" vorm="pers.ind.pr.sg.3.">kīt́əʙ</sone><sone id="l17_s11" lk="160" meta="vahemärk">:</sone><sone id="l17_s12" lk="160" meta="vahemärk">”</sone><sone lk="160" keel="eesti" id="l17_s13" lemma="ku" tahendus="kui" ingl="if" liik="Konj">ku</sone><sone id="l17_s14" lk="160" meta="vahemärk">[</sone><sone id="l17_s15" lk="160" lemma="tēg" tahendus="teie" ingl="you" liik="ProS" vorm="pl.nom.">tēɢ</sone><sone id="l17_s16" lk="160" meta="vahemärk"> &gt;</sone><sone id="l17_s17" lk="160" meta="vahemärk">]</sone><sone id="l17_s18" lk="160" lemma="sinā" tahendus="sina" ingl="you" liik="ProS" vorm="sg.nom.">sa</sone><sone id="l17_s19" lk="160" lemma="se" tahendus="see" ingl="this" liik="ProS" vorm="sg.part.">sⁱεdà</sone><sone id="l17_s20" lk="160" meta="vahemärk">[</sone><sone id="l17_s21" lk="160" lemma="tieudõ" tahendus="teada" ingl="know" liik="V" vorm="pers.ind.pr.sg.3.">tiεdat</sone><sone id="l17_s22" lk="160" meta="vahemärk"> &gt;</sone><sone id="l17_s23" lk="160" meta="vahemärk">]</sone><sone id="l17_s24" lk="160" lemma="tieudõ" tahendus="teada" ingl="know" liik="V" vorm="pers.ind.pr.sg.2.">tiεdaᴅ</sone><sone id="l17_s25" lk="160" meta="vahemärk">,</sone><sone id="l17_s26" lk="160" lemma="ku" tahendus="et" ingl="that" liik="Konj">ku</sone><sone id="l17_s27" lk="160" lemma="minā" tahendus="mina" ingl="I" liik="ProS" vorm="sg.nom.">ma</sone><sone id="l17_s28" lk="160" lemma="pū" tahendus="puu" ingl="tree" liik="S" vorm="sg.el.">pūst</sone><sone id="l17_s29" lk="160" lemma="mǭ’" tahendus="maha" ingl="down" liik="Adva">må̄’</sone><sone id="l17_s30" lk="160" lemma="sa’ddõ" tahendus="kukkuda" ingl="fall" liik="V" vorm="pers.ind.pr.sg.1.">sadàʙ</sone><sone id="l17_s31" lk="160" meta="vahemärk">,</sone><sone id="l17_s32" lk="160" lemma="si’z" tahendus="siis" ingl="then" liik="ProAdv">sis</sone><sone id="l17_s33" lk="160" lemma="sinā" tahendus="sina" ingl="you" liik="ProS" vorm="sg.nom.">sa</sone><sone id="l17_s34" lk="160" lemma="se" tahendus="see" ingl="this" liik="ProS" vorm="sg.part.">sⁱεdà</sone><sone id="l17_s35" lk="160" lemma="ka" tahendus="ka" ingl="also" liik="ModAdv">ka</sone><sone id="l17_s36" lk="160" lemma="tieudõ" tahendus="teada" ingl="know" liik="V" vorm="pers.ind.pr.sg.2.">tiεdaᴅ</sone><sone id="l17_s37" lk="160" meta="vahemärk">,</sone><sone id="l17_s38" lk="160" lemma="kunā" tahendus="millal" ingl="when" liik="Intr">kunà</sone><sone id="l17_s39" lk="160" lemma="minā" tahendus="mina" ingl="I" liik="ProS" vorm="sg.nom.">ma</sone><sone id="l17_s40" lk="160" lemma="kūolõ" tahendus="surra" ingl="die" liik="V" vorm="pers.ind.pr.sg.3.">kuɔləb</sone><sone lk="160" keel="eesti" id="l17_s41" meta="vahemärk">.</sone><sone id="l17_s42" lk="160" meta="vahemärk">”</sone></lause><lause id="l18"><sone id="l18_s1" lk="160" meta="vahemärk">”</sone><sone lk="160" keel="eesti" id="l18_s2" lemma="mikš" tahendus="miks" ingl="why" liik="Intr">mikš</sone><sone id="l18_s3" lk="160" lemma="ä’b" tahendus="ei" ingl="not" liik="Mn">äʙ</sone><sone id="l18_s4" lk="160" meta="vahemärk">!</sone><sone id="l18_s5" lk="160" lemma="ku" tahendus="kui" ingl="when" liik="Konj">ku</sone><sone id="l18_s6" lk="160" lemma="sinā" tahendus="sina" ingl="you" liik="ProS" vorm="sg.nom.">sa</sone><sone id="l18_s7" lk="160" lemma="lǟ’dõ" tahendus="minna" ingl="go" liik="V" vorm="pers.ind.pr.sg.2.">lǟ’ᴅ</sone><sone id="l18_s8" lk="160" lemma="kuodāj" tahendus="koju" ingl="to home" liik="Adv">kᵘɔdài</sone><sone id="l18_s9" lk="160" lemma="bro’utšõ" tahendus="sõita" ingl="ride" liik="V" vorm="inf.">brou’t́š́ə</sone><sone id="l18_s10" lk="160" meta="vahemärk">,</sone><sone id="l18_s11" lk="160" lemma="ku" tahendus="kui" ingl="when" liik="Konj">ku</sone><sone id="l18_s12" lk="160" lemma="se" tahendus="see" ingl="this" liik="ProS" vorm="sg.nom.">se</sone><sone id="l18_s13" lk="160" lemma="kēv" tahendus="mära" ingl="mare" liik="S" vorm="sg.nom.">kēv</sone><sone id="l18_s14" lk="160" lemma="kuolmõz" tahendus="kolmas" ingl="third" liik="Numj" vorm="sg.nom.">kᵘɔl̀mᴉᴢ</sone><sone id="l18_s15" lk="160" lemma="kõrd" tahendus="kord" ingl="time" liik="S" vorm="sg.nom.">ki̮rd</sone><sone id="l18_s16" lk="160" lemma="pīerslõ" tahendus="peeretada" ingl="fart" liik="V" vorm="pers.ind.pr.sg.3.">piεrsləʙ</sone><sone id="l18_s17" lk="160" meta="vahemärk">,</sone><sone id="l18_s18" lk="160" lemma="si’z" tahendus="siis" ingl="then" liik="ProAdv">sis</sone><sone id="l18_s19" lk="160" lemma="sinā" tahendus="sina" ingl="you" liik="ProS" vorm="sg.nom.">sa</sone><sone id="l18_s20" lk="160" lemma="līdõ" tahendus="olema saada" ingl="will be" liik="V" vorm="pers.ind.pr.sg.2.">līᴅ</sone><sone id="l18_s21" lk="160" lemma="pagalam" tahendus="otsas" ingl="dead" liik="Adv">pagalàm</sone><sone id="l18_s22" lk="160" meta="vahemärk">”</sone></lause><lause id="l19"><sone id="l19_s1" lk="160" lemma="si’z" tahendus="siis" ingl="then" liik="ProAdv">siᴢ</sone><sone id="l19_s2" lk="160" lemma="se" tahendus="see" ingl="this" liik="ProS" vorm="sg.nom.">se</sone><sone id="l19_s3" lk="160" lemma="vanā" tahendus="vana" ingl="old" liik="A" vorm="sg.nom.">vanà</sone><sone id="l19_s4" lk="160" lemma="mīez" tahendus="mees" ingl="man" liik="S" vorm="sg.nom.">miεᴢ</sone><sone id="l19_s5" lk="160" lemma="lǟʼdõ" tahendus="minna" ingl="go" liik="V" vorm="pers.ind.pr.sg.3.">lǟ’b</sone><sone id="l19_s6" lk="160" lemma="pū" tahendus="puu" ingl="tree" liik="S" vorm="sg.gen.">pū</sone><sone id="l19_s7" lk="160" lemma="jūr" tahendus="juurde" ingl="to" liik="Post">jū’r</sone><sone id="l19_s8" lk="160" lemma="tā’giž" tahendus="tagasi" ingl="back" liik="Adva">tā’gᴉŽ</sone><sone id="l19_s9" lk="160" meta="vahemärk">,</sone><sone id="l19_s10" lk="160" lemma="sä’ltõ" tahendus="laduda" ingl="lay" liik="V" vorm="pers.ind.pr.sg.3.">säl’təʙ</sone><sone id="l19_s11" lk="160" lemma="eņțš" tahendus="oma" ingl="own" liik="ProS" vorm="sg.gen.">eńt́š́</sone><sone id="l19_s12" lk="160" lemma="oksā" tahendus="oks" ingl="branch" liik="S" vorm="pl.gen.">oksàᴅ</sone><sone id="l19_s13" lk="160" lemma="pǟlõ" tahendus="peale" ingl="onto" liik="Adv">pǟlə</sone><sone id="l19_s14" lk="160" meta="vahemärk">,</sone><sone id="l19_s15" lk="160" lemma="pānda" tahendus="panna" ingl="put" liik="V" vorm="pers.ind.pr.sg.3.">panàʙ</sone><sone id="l19_s16" lk="160" lemma="eņțš" tahendus="oma" ingl="own" liik="ProS" vorm="sg.gen.">eńt́š́</sone><sone id="l19_s17" lk="160" lemma="tšubād+kuoț" tahendus="heinakott" ingl="hay sack" liik="S" vorm="sg.gen.">t́š́ubàᴅ+kᵘot́̀</sone><sone id="l19_s18" lk="160" lemma="oksā" tahendus="oks" ingl="branch" liik="S" vorm="pl.gen.">oksàᴅ</sone><sone id="l19_s19" lk="160" lemma="pǟl " tahendus="peale" ingl="onto" liik="Post">pǟl</sone><sone id="l19_s20" lk="160" lemma="un" tahendus="ja" ingl="and" liik="Konj">un</sone><sone id="l19_s21" lk="160" lemma="irgõ" tahendus="hakata" ingl="begin" liik="V" vorm="pers.ind.pr.sg.3.">īorgəb</sone><sone id="l19_s22" lk="160" lemma="bro’utšõ" tahendus="sõita" ingl="ride" liik="V" vorm="inf.">brou’t́š́ə</sone><sone id="l19_s23" lk="160" meta="vahemärk">.</sone></lause><lause id="l20"><sone id="l20_s1" lk="160" lemma="bro’utšõ" tahendus="sõita" ingl="ride" liik="V" vorm="pers.ind.pr.sg.3.">brou’t́š́əʙ</sone><sone id="l20_s2" lk="160" meta="vahemärk">,</sone><sone id="l20_s3" lk="160" lemma="ī’ž" tahendus="ise" ingl="self" liik="ProS" vorm="sg.nom.">ī’Ž</sone><sone id="l20_s4" lk="160" lemma="vȱlda" tahendus="olla" ingl="be" liik="V" vorm="pers.ind.pr.sg.3.">um’</sone><sone id="l20_s5" lk="160" lemma="tšubād+kuoț" tahendus="heinakott" ingl="hay sack" liik="S" vorm="sg.gen.">t́š́ubàᴅ+kᵘot́̀</sone><sone id="l20_s6" lk="160" lemma="pǟl " tahendus="peal" ingl="on" liik="Post">pǟl</sone><sone id="l20_s7" lk="160" meta="vahemärk">.</sone></lause><lause id="l21"><sone id="l21_s1" lk="160" lemma="i’llõ" tahendus="üleval" ingl="up" liik="Adv">iol’lə</sone><sone id="l21_s2" lk="160" lemma="seļļi" tahendus="selline" ingl="such" liik="ProA" vorm="sg.nom.">sellᴉ</sone><sone id="l21_s3" lk="160" lemma="kȭnka+pāika" tahendus="luitekoht" ingl="dune" liik="S" vorm="sg.nom.">kī̮ŋka+pāika</sone><sone id="l21_s4" lk="160" lemma="pa+spritsõ" tahendus="piitsutada" ingl="lash" liik="V" vorm="pers.ind.pr.sg.3.prf.">pa+spritsùb</sone><sone id="l21_s5" lk="160" lemma="se" tahendus="see" ingl="this" liik="ProS" vorm="sg.gen.">siε</sone><sone id="l21_s6" lk="160" lemma="pǭtõg" tahendus="piits" ingl="whip" liik="S" vorm="sg.instl.">på̄təgəks</sone><sone id="l21_s7" lk="160" meta="vahemärk">,</sone><sone id="l21_s8" lk="160" lemma="la’z" tahendus="las" ingl="let" liik="ModAdv">las</sone><sone id="l21_s9" lk="160" lemma="kēv" tahendus="mära" ingl="mare" liik="S" vorm="sg.nom.">kēv</sone><sone id="l21_s10" lk="160" lemma="jo" tahendus="enam (eessõna keskvõrde moodustamiseks)" ingl="more" liik="Pre">jo</sone><sone id="l21_s11" lk="160" lemma="dūšig" tahendus="tugevasti" ingl="hard" liik="Adv">dūšᴉg</sone><sone id="l21_s12" lk="160" lemma="vie’ddõ" tahendus="tõmmata" ingl="pull" liik="V" vorm="pers.jus.pr.sg.3.">vⁱεdàɢ</sone><sone id="l21_s13" lk="160" meta="vahemärk">.</sone></lause><lause id="l22"><sone id="l22_s1" lk="160" lemma="kēv" tahendus="mära" ingl="mare" liik="S" vorm="sg.nom.">kēv</sone><sone id="l22_s2" lk="160" lemma="pīerslõ" tahendus="peeretada" ingl="fart" liik="V" vorm="pers.ind.pr.sg.3.">piεrsləʙ</sone><sone id="l22_s3" lk="160" meta="vahemärk">:</sone><sone id="l22_s4" lk="160" lemma="pō’rkst" liik="Ono">pō’rkst</sone><sone id="l22_s5" lk="160" meta="vahemärk">.</sone></lause><lause id="l23"><sone id="l23_s1" lk="160" lemma="vanā" tahendus="vana" ingl="old" liik="A" vorm="sg.nom.">vanà</sone><sone id="l23_s2" lk="160" lemma="mīez" tahendus="mees" ingl="man" liik="S" vorm="sg.nom.">miεᴢ</sone><sone id="l23_s3" lk="160" lemma="mõtlõ" tahendus="mõelda" ingl="think" liik="V" vorm="pers.ind.pr.sg.3.">mi̮t̀ləʙ</sone><sone id="l23_s4" lk="160" meta="vahemärk">:</sone><sone id="l23_s5" lk="160" meta="vahemärk">”</sone><sone lk="160" keel="eesti" id="l23_s6" lemma="riktig" tahendus="õige" ingl="right" liik="A" vorm="sg.nom.">rik̀tiɢ</sone><sone id="l23_s7" lk="160" lemma="se" tahendus="see" ingl="this" liik="ProS" vorm="sg.nom.">se</sone><sone id="l23_s8" lk="160" meta="vahemärk">[</sone><sone id="l23_s9" lk="160" lemma="vȱlda" tahendus="olla" ingl="be" liik="V" vorm="pers.ind.pr.sg.3.">um’</sone><sone id="l23_s10" lk="160" meta="vahemärk"> &gt;</sone><sone id="l23_s11" lk="160" meta="vahemärk">]</sone><sone id="l23_s12" lk="160" lemma="līdõ" tahendus="olema saada" ingl="will be" liik="V" vorm="pers.ind.pr.sg.3.">līʙ</sone><sone id="l23_s13" lk="160" meta="vahemärk">,</sone><sone id="l23_s14" lk="160" lemma="ni" tahendus="nüüd" ingl="now" liik="Adv">ni</sone><sone id="l23_s15" lk="160" lemma="kūolõ" tahendus="surra" ingl="die" liik="V" vorm="deb.">kuɔləmᴉst</sone><sone id="l23_s16" lk="160" lemma="līdõ" tahendus="olema saada" ingl="will be" liik="Va" vorm="pers.ind.pr.sg.3.">līʙ</sone><sone lk="160" keel="eesti" id="l23_s17" meta="vahemärk">.</sone><sone id="l23_s18" lk="160" meta="vahemärk">”</sone></lause><lause id="l24"><sone id="l24_s1" lk="160" lemma="lǟ’dõ" tahendus="minna" ingl="go" liik="V" vorm="pers.ind.pr.sg.3.">lǟ’ʙ</sone><sone id="l24_s2" lk="160" lemma="seļļi" tahendus="selline" ingl="such" liik="ProA" vorm="sg.gen.">sellᴉᴢ</sone><sone id="l24_s3" lk="160" lemma="kabāl" tahendus="tükk" ingl="distance" liik="S" vorm="sg.gen.">kabàl</sone><sone id="l24_s4" lk="160" meta="vahemärk">.</sone></lause><lause id="l25"><sone id="l25_s1" lk="160" lemma="kēv" tahendus="mära" ingl="mare" liik="S" vorm="sg.nom.">kēv</sone><sone id="l25_s2" lk="160" lemma="pānda" tahendus="teha" ingl="make" liik="V" vorm="pers.ind.pr.sg.3.">panàb</sone><sone id="l25_s3" lk="160" lemma="tuoi" tahendus="teine" ingl="second" liik="Numj" vorm="sg.part.">tue̮šta</sone><sone id="l25_s4" lk="160" lemma="kõrd" tahendus="kord" ingl="time" liik="S" vorm="sg.part.">ki̮r̀d</sone><sone id="l25_s5" lk="160" meta="vahemärk">:</sone><sone id="l25_s6" lk="160" lemma="porra" liik="Ono">porra</sone><sone id="l25_s7" lk="160" meta="vahemärk">,</sone><sone id="l25_s8" lk="160" lemma="porra" liik="Ono">porra</sone><sone id="l25_s9" lk="160" meta="vahemärk">.</sone></lause><lause id="l26"><sone id="l26_s1" lk="160" lemma="ä’b" tahendus="ei" ingl="not" liik="Mn" vorm="pers.ind.pr.sg.3.">äb</sone><sone id="l26_s2" lk="160" lemma="vȱlda" tahendus="olla" ingl="be" liik="V" vorm="pers.ind.sg.3.neg.">uɔ</sone><sone id="l26_s3" lk="160" lemma="kuo’d" tahendus="kodu" ingl="home" liik="S" vorm="sg.nom.">kᵘoᴅ</sone><sone id="l26_s4" lk="160" lemma="jemīņ" tahendus="enam" ingl="anymore" liik="Adv">je̮mìń</sone><sone id="l26_s5" lk="160" lemma="kougõn" tahendus="kaugel" ingl="far" liik="Adv">koùgən</sone><sone id="l26_s6" lk="160" meta="vahemärk">.</sone></lause><lause id="l27"><sone id="l27_s1" lk="160" lemma="ve’l" tahendus="veel" ingl="more" liik="Adv">vel</sone><sone id="l27_s2" lk="160" lemma="vȱlda" tahendus="olla" ingl="be" liik="Va" vorm="pers.ind.pr.sg.3.">um’</sone><sone id="l27_s3" lk="160" lemma="seļļi" tahendus="selline" ingl="such" liik="ProA" vorm="sg.nom.">sellᴉ</sone><sone id="l27_s4" lk="160" lemma="kȭnka+pāika" tahendus="luitekoht" ingl="dune" liik="S" vorm="sg.nom.">kī̮ŋka+pāika</sone><sone id="l27_s5" lk="160" lemma="sǟ’l" tahendus="seal" ingl="there" liik="ProAdv">sǟl</sone><sone id="l27_s6" lk="160" lemma="lǟ’dõ" tahendus="minna" ingl="go" liik="V" vorm="deb.">lē’mᴉst</sone><sone id="l27_s7" lk="160" lemma="i’ļ" tahendus="üle" ingl="over" liik="Adv">iol’</sone><sone id="l27_s8" lk="160" meta="vahemärk">.</sone></lause><lause id="l28"><sone id="l28_s1" lk="160" lemma="ne+ka" tahendus="nagu" ingl="as" liik="Konj">ne+ka</sone><sone id="l28_s2" lk="160" lemma="mīez" tahendus="mees" ingl="man" liik="S" vorm="sg.nom.">miεᴢ</sone><sone id="l28_s3" lk="160" lemma="pa+spritsõ" tahendus="piitsutada" ingl="lash" liik="V" vorm="pers.ind.pr.sg.3.prf.">pa+spritsùb</sone><sone id="l28_s4" lk="160" meta="vahemärk">,</sone><sone id="l28_s5" lk="160" lemma="ne’i" tahendus="nii" ingl="so" liik="ProAdv">nei’</sone><sone id="l28_s6" lk="160" lemma="kēv" tahendus="mära" ingl="mare" liik="S" vorm="sg.nom.">kēv</sone><sone id="l28_s7" lk="160" lemma="pānda" tahendus="teha" ingl="make" liik="V" vorm="pers.ind.pr.sg.3.">panàʙ</sone><sone id="l28_s8" lk="160" lemma="te’iž" tahendus="jälle" ingl="again" liik="Adv">tei’Ž</sone><sone id="l28_s9" lk="160" meta="vahemärk">:</sone><sone id="l28_s10" lk="160" lemma="porra" liik="Ono">porra</sone><sone id="l28_s11" lk="160" meta="vahemärk">,</sone><sone id="l28_s12" lk="160" lemma="porra" liik="Ono">porra</sone><sone id="l28_s13" lk="160" meta="vahemärk">.</sone></lause><lause id="l29"><sone id="l29_s1" lk="160" lemma="nǟ" tahendus="jah" ingl="yes" liik="Par">nǟ</sone><sone id="l29_s2" lk="160" meta="vahemärk">,</sone><sone id="l29_s3" lk="160" lemma="ne’i" tahendus="nii" ingl="so" liik="ProAdv">nei’</sone><sone id="l29_s4" lk="160" lemma="mīez" tahendus="mees" ingl="man" liik="S" vorm="sg.nom.">miεᴢ</sone><sone id="l29_s5" lk="160" lemma="viedām" tahendus="koorem" ingl="load" liik="S" vorm="sg.gen.">vⁱεdàm</sone><sone id="l29_s6" lk="160" lemma="pǟldõ" tahendus="pealt" ingl="from the top" liik="Post">pǟldə</sone><sone id="l29_s7" lk="160" lemma="mǭsõ" tahendus="maas" ingl="down" liik="Adv">må̄’ᴢ</sone><sone id="l29_s8" lk="160" meta="vahemärk">,</sone><sone id="l29_s9" lk="160" lemma="võttõ" tahendus="võtta" ingl="take" liik="V" vorm="pers.ind.pr.sg.3.">vi̮tàb</sone><sone id="l29_s10" lk="160" lemma="eņțš" tahendus="oma" ingl="own" liik="ProS" vorm="sg.gen.">eńt́š́</sone><sone id="l29_s11" lk="160" lemma="tšubād+kuoț" tahendus="heinakott" ingl="hay sack" liik="S" vorm="sg.gen.">t́š́ubàᴅ+kᵘot̀́</sone><sone id="l29_s12" lk="160" meta="vahemärk">,</sone><sone id="l29_s13" lk="160" lemma="pānda" tahendus="panna" ingl="put" liik="V" vorm="pers.ind.pr.sg.3.">panàb</sone><sone id="l29_s14" lk="160" lemma="riek" tahendus="tee" ingl="road" liik="S" vorm="sg.gen.">rⁱεk̀</sone><sone id="l29_s15" lk="160" lemma="a’igõ" tahendus="äärde" ingl="by" liik="Post">ai’gə</sone><sone id="l29_s16" lk="161" lemma="un" tahendus="ja" ingl="and" liik="Konj">un</sone><sone id="l29_s17" lk="161" meta="vahemärk">[</sone><sone id="l29_s18" lk="161" lemma="laškõ " tahendus="laskuda" ingl="descend" liik="V" vorm="pers.ind.pr.sg.3.">lašùb</sone><sone id="l29_s19" lk="161" meta="vahemärk"> &gt;</sone><sone id="l29_s20" lk="161" lemma="laškõ " tahendus="laskuda" ingl="descend" liik="V" vorm="pers.ind.pr.sg.3.">laškùb</sone><sone id="l29_s21" lk="161" meta="vahemärk"> &gt;</sone><sone id="l29_s22" lk="161" meta="vahemärk">]</sone><sone id="l29_s23" lk="161" lemma="laškõ " tahendus="laskuda" ingl="descend" liik="V" vorm="pers.ind.pr.sg.3.">laškùʙ</sone><sone id="l29_s24" lk="161" lemma="se" tahendus="see" ingl="this" liik="ProS" vorm="sg.gen.">siε</sone><sone id="l29_s25" lk="161" lemma="tšubād+kuoț" tahendus="heinakott" ingl="hay sack" liik="S" vorm="sg.gen.">t́š́ubàᴅ+kᵘot́̀</sone><sone id="l29_s26" lk="161" lemma="pǟl " tahendus="peale" ingl="onto" liik="Post">pǟl</sone><sone id="l29_s27" lk="161" lemma="ma’ggõ" tahendus="magada" ingl="sleep" liik="V" vorm="sup.">ma’ggəm</sone><sone id="l29_s28" lk="161" meta="vahemärk">,</sone><sone id="l29_s29" lk="161" lemma="vȯ’dlõ" tahendus="oodata" ingl="wait" liik="V" vorm="pers.ind.pr.sg.3.">ve̮’dləʙ</sone><sone id="l29_s30" lk="161" lemma="kunā" tahendus="millal" ingl="when" liik="Intr">kunà</sone><sone id="l29_s31" lk="161" lemma="nǭ’võ" tahendus="surm" ingl="death" liik="S" vorm="sg.nom.">nå̄’və</sone><sone id="l29_s32" lk="161" meta="vahemärk">[</sone><sone id="l29_s33" lk="161" lemma="līdõ" tahendus="olema saada" ingl="will be" liik="V" vorm="pers.ind.pr.sg.3.">līb</sone><sone id="l29_s34" lk="161" lemma="jūs" tahendus="juures" ingl="by" liik="Post">jūs</sone><sone id="l29_s35" lk="161" meta="vahemärk"> &gt;</sone><sone id="l29_s36" lk="161" meta="vahemärk">]</sone><sone id="l29_s37" lk="161" lemma="tūlda" tahendus="tulla" ingl="come" liik="V" vorm="pers.ind.pr.sg.3.">tulùb</sone><sone id="l29_s38" lk="161" lemma="jū’rõ" tahendus="juurde" ingl="by" liik="Adva">jū’rə</sone><sone id="l29_s39" lk="161" meta="vahemärk">,</sone><sone id="l29_s40" lk="161" lemma="liktõ" tahendus="liigutada" ingl="move" liik="V" vorm="pers.ind.pr.sg.3.">liktàb</sone><sone id="l29_s41" lk="161" lemma="ikš" tahendus="üks" ingl="one" liik="ProS" vorm="sg.part.">io’tə</sone><sone id="l29_s42" lk="161" lemma="ke’ž" tahendus="käsi" ingl="hand" liik="S" vorm="sg.part.">kätà</sone><sone id="l29_s43" lk="161" meta="vahemärk">,</sone><sone id="l29_s44" lk="161" lemma="tuoi" tahendus="teine" ingl="other" liik="ProS" vorm="sg.part.">tue̮šta</sone><sone id="l29_s45" lk="161" lemma="ke’ž" tahendus="käsi" ingl="hand" liik="S" vorm="sg.part.">kätà</sone><sone id="l29_s46" lk="161" meta="vahemärk">,</sone><sone id="l29_s47" lk="161" lemma="ikš" tahendus="üks" ingl="one" liik="ProS" vorm="sg.part.">io’tə</sone><sone id="l29_s48" lk="161" lemma="jālga" tahendus="jalg" ingl="leg" liik="S" vorm="sg.part.">jal̀gə</sone><sone id="l29_s49" lk="161" meta="vahemärk">,</sone><sone id="l29_s50" lk="161" lemma="tuoi" tahendus="teine" ingl="other" liik="ProS" vorm="sg.part.">tue̮šta</sone><sone id="l29_s51" lk="161" lemma="jālga" tahendus="jalg" ingl="leg" liik="S" vorm="sg.part.">jal̀gə</sone><sone id="l29_s52" lk="161" meta="vahemärk">,</sone><sone id="l29_s53" lk="161" lemma="nǭ’võ" tahendus="surm" ingl="death" liik="S" vorm="sg.nom.">nå̄’v</sone><sone id="l29_s54" lk="161" meta="vahemärk">[</sone><sone id="l29_s55" lk="161" lemma="ä’b" tahendus="ei" ingl="not" liik="Mn" vorm="pers.ind.pr.sg.3.">äb</sone><sone id="l29_s56" lk="161" meta="vahemärk"> &gt;</sone><sone id="l29_s57" lk="161" meta="vahemärk">]</sone><sone id="l29_s58" lk="161" lemma="ä’b" tahendus="ei" ingl="not" liik="Mn" vorm="pers.ind.pr.sg.3.">äʙ</sone><sone id="l29_s59" lk="161" lemma="tūlda" tahendus="tulla" ingl="come" liik="V" vorm="pers.ind.sg.3.neg.">tul’</sone><sone id="l29_s60" lk="161" meta="vahemärk">.</sone></lause><lause id="l30"><sone id="l30_s1" lk="161" lemma="kēv" tahendus="mära" ingl="mare" liik="S" vorm="sg.nom.">kēv</sone><sone id="l30_s2" lk="161" lemma="ni" tahendus="nüüd" ingl="now" liik="Adv">ni</sone><sone id="l30_s3" lk="161" lemma="lǟʼdõ" tahendus="minna" ingl="go" liik="V" vorm="pers.ind.pr.sg.3.">lǟ’b</sone><sone id="l30_s4" lk="161" lemma="oksā" tahendus="oks" ingl="branch" liik="S" vorm="pl.instl.">oksàdəks</sone><sone id="l30_s5" lk="161" lemma="kuodāj" tahendus="koju" ingl="to home" liik="Adv">kᵘɔdài</sone><sone id="l30_s6" lk="161" meta="vahemärk">.</sone></lause><lause id="l31"><sone id="l31_s1" lk="161" lemma="nai" tahendus="naine" ingl="woman" liik="S" vorm="sg.nom.">naì</sone><sone id="l31_s2" lk="161" lemma="brīnõ" tahendus="imestada" ingl="wonder" liik="V" vorm="pers.ind.pr.sg.3.">brīnəʙ</sone><sone id="l31_s3" lk="161" meta="vahemärk">,</sone><sone id="l31_s4" lk="161" lemma="kus" tahendus="kuhu" ingl="where" liik="Intr">kus</sone><sone id="l31_s5" lk="161" lemma="mīez" tahendus="mees" ingl="man" liik="S" vorm="sg.nom.">miεᴢ</sone><sone id="l31_s6" lk="161" lemma="vȱlda" tahendus="olla" ingl="be" liik="Va" vorm="pers.ind.pr.sg.3.">um</sone><sone id="l31_s7" lk="161" lemma="sǭdõ" tahendus="saada" ingl="remain" liik="V" vorm="nud.sg.">så̄nᴅ</sone><sone id="l31_s8" lk="161" meta="vahemärk">.</sone></lause><lause id="l32"><sone id="l32_s1" lk="161" lemma="mīez" tahendus="mees" ingl="man" liik="S" vorm="sg.part.">miεst</sone><sone id="l32_s2" lk="161" lemma="ä’b+ī’dtõ" tahendus="ühtki" ingl="at all" liik="Adv" vorm="pers.ind.pr.sg.3." kommentaar="?">äb+ì’t</sone><sone id="l32_s3" lk="161" lemma="ä’b" tahendus="ei" ingl="not" liik="Mn" vorm="pers.ind.pr.sg.3.">äb</sone><sone id="l32_s4" lk="161" lemma="vȱlda" tahendus="olla" ingl="be" liik="V" vorm="pers.ind.sg.3.neg.">uɔ</sone><sone id="l32_s5" lk="161" meta="vahemärk">.</sone></lause><lause id="l33"><sone id="l33_s1" lk="161" lemma="lǟʼdõ" tahendus="minna" ingl="go" liik="V" vorm="pers.ind.pr.sg.3.">lǟ’b</sone><sone id="l33_s2" lk="161" lemma="mõtsā" tahendus="mets" ingl="forest" liik="S" vorm="sg.ill.">mi̮t̀sə</sone><sone id="l33_s3" lk="161" lemma="vȯtšõ" tahendus="otsida" ingl="look for" liik="V" vorm="sup.">ve̮t́š́əm</sone><sone id="l33_s4" lk="161" meta="vahemärk">:</sone><sone id="l33_s5" lk="161" lemma="pūtõ" tahendus="sattuda" ingl="come upon" liik="V" vorm="pers.ind.pr.pl.3.">pūtəbəd</sone><sone id="l33_s6" lk="161" lemma="munt" tahendus="teised" ingl="others" liik="ProS" vorm="pl.nom.">muǹt</sone><sone id="l33_s7" lk="161" lemma="vastõ" tahendus="vastu" ingl="against" liik="Adv">vas̀tə</sone><sone id="l33_s8" lk="161" meta="vahemärk">.</sone></lause><lause id="l34"><sone id="l34_s1" lk="161" lemma="ki’zzõ" tahendus="küsida" ingl="ask" liik="V" vorm="pers.ind.pr.sg.3.">kiozùʙ</sone><sone id="l34_s2" lk="161" lemma="tämā" tahendus="tema" ingl="she" liik="ProS" vorm="sg.gen.">täm’</sone><sone id="l34_s3" lk="161" lemma="mīez" tahendus="mees" ingl="man" liik="S" vorm="sg.part.">miεstə</sone><sone id="l34_s4" lk="161">ka</sone><sone lk="161" keel="eesti" id="l34_s5" meta="vahemärk">=</sone><sone lk="161" keel="eesti" id="l34_s6" lemma="vȱlda" tahendus="olla" ingl="be" liik="Va" vorm="pers.ind.pr.sg.3.">m’</sone><sone id="l34_s7" lk="161" lemma="nǟ’dõ" tahendus="näha" ingl="see" liik="V" vorm="nud.sg.">nǟnᴅ</sone><sone id="l34_s8" lk="161" meta="vahemärk">.</sone></lause><lause id="l35"><sone id="l35_s1" lk="161" lemma="nǟ" tahendus="jah" ingl="yes" liik="Par">nǟ</sone><sone id="l35_s2" lk="161" meta="vahemärk">,</sone><sone id="l35_s3" lk="161" lemma="mä’g" tahendus="mägi" ingl="hill" liik="S" vorm="sg.gen.">mä’g</sone><sone id="l35_s4" lk="161" lemma="tagān" tahendus="taga" ingl="behind" liik="Post">tagàn</sone><sone id="l35_s5" lk="161" lemma="ma’ggõ" tahendus="magada" ingl="sleep" liik="V" vorm="pers.kvt.pr.sg.3.">ma’ggijᴉ</sone><sone id="l35_s6" lk="161" lemma="tšubād+kuoț" tahendus="heinakott" ingl="hay sack" liik="S" vorm="sg.gen.">t́š́ubàᴅ+kᵘot́̀</sone><sone id="l35_s7" lk="161" lemma="pǟl " tahendus="peal" ingl="on" liik="Post">pǟl</sone><sone id="l35_s8" lk="161" meta="vahemärk">.</sone></lause><lause id="l36"><sone id="l36_s1" lk="161" lemma="ä’b" tahendus="ei" ingl="not" liik="Mn" vorm="pers.ind.pr.sg.1.">äʙ</sone><sone id="l36_s2" lk="161" lemma="tieudõ" tahendus="teada" ingl="know" liik="V" vorm="pers.ind.sg.1.neg.">tiεda</sone><sone id="l36_s3" lk="161" meta="vahemärk">,</sone><sone id="l36_s4" lk="161" lemma="mis" tahendus="mis" ingl="what" liik="Intr" vorm="sg.nom.">mis</sone><sone id="l36_s5" lk="161" lemma="tämā" tahendus="tema" ingl="he" liik="ProS" vorm="sg.dat.">täm’</sone><sone id="l36_s6" lk="161" lemma="vigā" tahendus="viga" ingl="wrong" liik="S" vorm="sg.nom.">vigà</sone><sone id="l36_s7" lk="161" meta="vahemärk">.</sone></lause><lause id="l37"><sone id="l37_s1" lk="161" lemma="nai" tahendus="naine" ingl="woman" liik="S" vorm="sg.nom.">naì</sone><sone id="l37_s2" lk="161" lemma="lǟʼdõ" tahendus="minna" ingl="go" liik="V" vorm="pers.ind.pr.sg.3.">lǟ’b</sone><sone id="l37_s3" lk="161" lemma="jū’rõ" tahendus="juurde" ingl="by" liik="Adv">jū’rə</sone><sone id="l37_s4" lk="161" meta="vahemärk">.</sone></lause><lause id="l38"><sone id="l38_s1" lk="161" meta="vahemärk">”</sone><sone lk="161" keel="eesti" id="l38_s2" meta="vahemärk">[</sone><sone lk="161" keel="eesti" id="l38_s3" lemma="mis" tahendus="mis" ingl="what" liik="Intr" vorm="sg.nom.">mis</sone><sone id="l38_s4" lk="161" meta="vahemärk"> &gt;</sone><sone id="l38_s5" lk="161" meta="vahemärk">]</sone><sone id="l38_s6" lk="161" lemma="mis" tahendus="mis" ingl="what" liik="Intr">mi</sone><sone id="l38_s7" lk="161" lemma="sinā" tahendus="sina" ingl="you" liik="ProS" vorm="sg.nom.">sa</sone><sone id="l38_s8" lk="161" lemma="sī’ḑ" tahendus="siin" ingl="here" liik="ProAdv">sī’d́</sone><sone id="l38_s9" lk="161" lemma="ma’ggõ" tahendus="magada" ingl="sleep" liik="V" vorm="pers.ind.pr.sg.2.">magùᴅ</sone><sone lk="161" keel="eesti" id="l38_s10" meta="vahemärk">?</sone><sone id="l38_s11" lk="161" meta="vahemärk">”</sone></lause><lause id="l39"><sone id="l39_s1" lk="161" meta="vahemärk">”</sone><sone lk="161" keel="eesti" id="l39_s2" lemma="nǟ’dõ" tahendus="näha" ingl="see" liik="V" vorm="pers.imp.pr.sg.2.">nǟ</sone><sone id="l39_s3" lk="161" meta="vahemärk">,</sone><sone id="l39_s4" lk="161" lemma="mõtsā+kaits" tahendus="metsavaht" ingl="gamekeeper" liik="S" vorm="sg.nom.">mi̮tsà+kaìts</sone><sone id="l39_s5" lk="161" lemma="kītõ" tahendus="öelda" ingl="say" liik="V" vorm="pers.ind.ipf.sg.3.">kīt́ᴉᴢ</sone><sone id="l39_s6" lk="161" lemma="ku" tahendus="kui" ingl="if" liik="Konj" vorm="nud.sg.">ku</sone><sone id="l39_s7" lk="161" lemma="kēv" tahendus="mära" ingl="mare" liik="S" vorm="sg.nom.">kēv</sone><sone id="l39_s8" lk="161" lemma="kuolmõz" tahendus="kolmas" ingl="third" liik="Numj" vorm="sg.nom.">kᵘɔl̀mᴉᴢ</sone><sone id="l39_s9" lk="161" lemma="kõrd" tahendus="kord" ingl="time" liik="S" vorm="sg.nom.">ki̮r̀d</sone><sone id="l39_s10" lk="161" lemma="pīerslõ" tahendus="peeretada" ingl="fart" liik="V" vorm="pers.ind.pr.sg.3.">piεrsləʙ</sone><sone id="l39_s11" lk="161" meta="vahemärk">,</sone><sone id="l39_s12" lk="161" lemma="si’z" tahendus="siis" ingl="then" liik="ProAdv">sis</sone><sone id="l39_s13" lk="161" meta="vahemärk">[</sone><sone id="l39_s14" lk="161" lemma="sinā" tahendus="sina" ingl="you" liik="ProS">sa</sone><sone id="l39_s15" lk="161" lemma="līdõ" tahendus="olema saada" ingl="will be" liik="V" vorm="pers.ind.pr.sg.2.">līᴅ</sone><sone id="l39_s16" lk="161" meta="vahemärk"> &gt;</sone><sone id="l39_s17" lk="161" meta="vahemärk">]</sone><sone id="l39_s18" lk="161" lemma="tämā" tahendus="tema" ingl="he" liik="ProS" vorm="sg.nom.">ta</sone><sone id="l39_s19" lk="161" lemma="līdõ" tahendus="olema saada" ingl="will be" liik="V" vorm="pers.ind.pr.sg.3.">līʙ</sone><sone id="l39_s20" lk="161" lemma="pagalam" tahendus="otsas" ingl="dead" liik="Adv">pagalàm</sone><sone id="l39_s21" lk="161" meta="vahemärk">,</sone><sone id="l39_s22" lk="161" lemma="nǟ’dõ" tahendus="näha" ingl="see" liik="V" vorm="pers.imp.pr.sg.2.">nǟ</sone><sone id="l39_s23" lk="161" lemma="minā" tahendus="mina" ingl="I" liik="ProS" vorm="sg.nom.">ma</sone><sone id="l39_s24" lk="161" meta="vahemärk">[</sone><sone id="l39_s25" lk="161" lemma="kūolõ" tahendus="surra" ingl="die" liik="V" vorm="pers.ind.pr.sg.1.">kuɔləb</sone><sone id="l39_s26" lk="161" meta="vahemärk"> &gt;</sone><sone id="l39_s27" lk="161" meta="vahemärk">]</sone><sone id="l39_s28" lk="161" lemma="kūolõ" tahendus="surra" ingl="die" liik="V" vorm="pers.ind.pr.sg.1.">kuɔl</sone><sone id="l39_s29" lk="161" lemma="jarā" tahendus="ära" ingl="off" liik="Adva">jarà</sone><sone lk="161" keel="eesti" id="l39_s30" meta="vahemärk">.</sone><sone id="l39_s31" lk="161" meta="vahemärk">”</sone></lause><lause id="l40"><sone id="l40_s1" lk="161" lemma="nai" tahendus="naine" ingl="woman" liik="S" vorm="sg.nom.">naì</sone><sone id="l40_s2" lk="161" lemma="irgõ" tahendus="hakata" ingl="begin" liik="V" vorm="pers.ind.pr.sg.3.">īorgəʙ</sone><sone id="l40_s3" lk="161" lemma="võttõ" tahendus="võtta" ingl="take" liik="V" vorm="inf.">vi̮ttə</sone><sone id="l40_s4" lk="161" lemma="skriba" tahendus="piits" ingl="whip" liik="S" vorm="sg.gen." kommentaar="? Kettuse tõlge, ent sõna ennast ei leia">skribà</sone><sone id="l40_s5" lk="161" meta="vahemärk">:</sone><sone id="l40_s6" lk="161" meta="vahemärk">”</sone><sone lk="161" keel="eesti" id="l40_s7" lemma="ja" tahendus="ja" ingl="and" liik="Konj">ja</sone><sone id="l40_s8" lk="161" lemma="sinā" tahendus="sina" ingl="you" liik="ProS" vorm="sg.nom.">sa</sone><sone id="l40_s9" lk="161" lemma="sī’ḑ" tahendus="siin" ingl="here" liik="ProAdv">sī’d́</sone><sone id="l40_s10" lk="161" lemma="ma’ggõ" tahendus="magada" ingl="sleep" liik="V" vorm="pers.ind.pr.sg.2.">magùᴅ</sone><sone id="l40_s11" lk="161" meta="vahemärk">,</sone><sone id="l40_s12" lk="161" lemma="ä’b" tahendus="ei" ingl="not" liik="Mn" vorm="pers.ind.pr.sg.2.">äᴅ</sone><sone id="l40_s13" lk="161" lemma="tieudõ" tahendus="teada" ingl="know" liik="V" vorm="pers.ind.sg.2.neg.">tiεda</sone><sone id="l40_s14" lk="161" lemma="kuodāj" tahendus="koju" ingl="to home" liik="Adv">kᵘɔdài</sone><sone id="l40_s15" lk="161" lemma="tūlda" tahendus="tulla" ingl="come" liik="V" vorm="inf.">tūlda</sone><sone lk="161" keel="eesti" id="l40_s16" meta="vahemärk">.</sone><sone id="l40_s17" lk="161" meta="vahemärk">”</sone></lause><lause id="l41"><sone id="l41_s1" lk="161" lemma="mīez" tahendus="mees" ingl="man" liik="S" vorm="sg.nom.">miεᴢ</sone><sone id="l41_s2" lk="161" lemma="tī’edõ" tahendus="teha" ingl="make" liik="V" vorm="pers.ind.pr.sg.3.">ti’ε</sone><sone id="l41_s3" lk="161" lemma="jālga" tahendus="jalg" ingl="leg" liik="S" vorm="pl.gen.">jālgad</sone><sone id="l41_s4" lk="161" lemma="vāldiņ" tahendus="lahti" ingl="loose" liik="Adv">vāldiń</sone><sone id="l41_s5" lk="161" meta="vahemärk">,</sone><sone id="l41_s6" lk="161" lemma="a’ilõ" tahendus="joosta" ingl="run" liik="V" vorm="pers.ind.pr.sg.3.">ai’ləb</sone><sone id="l41_s7" lk="161" lemma="je’ds+pēḑõn" tahendus="ära" ingl="away" liik="Adva">je̮’ᴅs+pē’ń</sone><sone id="l41_s8" lk="161" meta="vahemärk">.</sone></lause><lause id="l42"><sone id="l42_s1" lk="161" lemma="nai" tahendus="naine" ingl="woman" liik="S" vorm="sg.nom.">naì</sone><sone id="l42_s2" lk="161" lemma="pieksõ" tahendus="peksta" ingl="beat" liik="V" vorm="pers.ind.pr.sg.3." kommentaar="?">pⁱεk̀sə</sone><sone id="l42_s3" lk="161" lemma="tagān" tahendus="järel" ingl="after" liik="Adv">tagàn</sone><sone id="l42_s4" lk="161" meta="vahemärk">.</sone></lause><lause id="l43"><sone id="l43_s1" lk="161" lemma="kus" tahendus="kuhu" ingl="where" liik="Intr">kus</sone><sone id="l43_s2" lk="161" lemma="ni" tahendus="nüüd" ingl="now" liik="Adv">ni</sone><sone id="l43_s3" lk="161" lemma="la’z" tahendus="las" ingl="let" liik="ModAdv">las</sone><sone id="l43_s4" lk="161" lemma="lǟ’dõ" tahendus="minna" ingl="go" liik="V" vorm="pers.jus.pr.sg.3.">läkkə</sone><sone id="l43_s5" lk="161" meta="vahemärk">?</sone></lause><lause id="l44"><sone id="l44_s1" lk="161" lemma="pu’ggõ" tahendus="pugeda" ingl="creep" liik="V" vorm="pers.ind.pr.sg.3.">pugùb</sone><sone id="l44_s2" lk="161" lemma="lovā" tahendus="voodi" ingl="bed" liik="S" vorm="sg.gen.">lovàn</sone><sone id="l44_s3" lk="161" lemma="alā" tahendus="alla" ingl="under" liik="Post">alà</sone><sone id="l44_s4" lk="161" meta="vahemärk">.</sone></lause><lause id="l45"><sone id="l45_s1" lk="161" lemma="nai" tahendus="naine" ingl="woman" liik="S" vorm="sg.nom.">naì</sone><sone id="l45_s2" lk="161" lemma="pieksõ" tahendus="peksta" ingl="beat" liik="V" vorm="pers.ind.pr.sg.3.">pⁱεk̀sə</sone><sone id="l45_s3" lk="161" lemma="jūsõ" tahendus="juures" ingl="by" liik="Adv">jūsə</sone><sone id="l45_s4" lk="161" meta="vahemärk">,</sone><sone id="l45_s5" lk="161" lemma="la’z" tahendus="las" ingl="let" liik="ModAdv">las</sone><sone id="l45_s6" lk="161" lemma="tūlda" tahendus="tulla" ingl="come" liik="V" vorm="pers.jus.pr.sg.3.">tul̀g</sone><sone id="l45_s7" lk="161" lemma="lovā" tahendus="voodi" ingl="bed" liik="S" vorm="sg.gen.">lovàn</sone><sone id="l45_s8" lk="161" lemma="aldõ" tahendus="alt" ingl="from under" liik="Post">al̀d</sone><sone id="l45_s9" lk="161" lemma="ulzõ" tahendus="välja" ingl="out" liik="Adva">ul̀zə</sone><sone id="l45_s10" lk="161" meta="vahemärk">.</sone></lause><lause id="l46"><sone id="l46_s1" lk="161" lemma="mīez" tahendus="mees" ingl="man" liik="S" vorm="sg.nom.">miεᴢ</sone><sone id="l46_s2" lk="161" lemma="kītõ" tahendus="öelda" ingl="say" liik="V" vorm="pers.ind.pr.sg.3.">kīt́əʙ</sone><sone id="l46_s3" lk="161" meta="vahemärk">:</sone><sone id="l46_s4" lk="161" meta="vahemärk">”</sone><sone lk="161" keel="eesti" id="l46_s5" meta="vahemärk">[</sone><sone lk="161" keel="eesti" id="l46_s6" lemma="minā" tahendus="mina" ingl="I" liik="ProS" vorm="sg.nom.">ma</sone><sone id="l46_s7" lk="161" meta="vahemärk"> &gt;</sone><sone id="l46_s8" lk="161" meta="vahemärk">]</sone><sone id="l46_s9" lk="161" lemma="minā" tahendus="mina" ingl="I" liik="ProS" vorm="sg.nom.">m</sone><sone id="l46_s10" lk="161" meta="vahemärk">‿</sone><sone id="l46_s11" lk="161" lemma="ä’b" tahendus="ei" ingl="not" liik="Mn" vorm="pers.ind.pr.sg.1.">äb</sone><sone id="l46_s12" lk="161" lemma="lǟ’dõ" tahendus="minna" ingl="go" liik="V" vorm="pers.ind.sg.1.neg.">lǟ’</sone><sone id="l46_s13" lk="161" lemma="ulzõ" tahendus="välja" ingl="out" liik="Adva">ul̀zə</sone><sone id="l46_s14" lk="161" meta="vahemärk">,</sone><sone id="l46_s15" lk="161" lemma="mīez" tahendus="mees" ingl="man" liik="S" vorm="sg.dat.">mi’εn</sone><sone id="l46_s16" lk="161" lemma="vȱlda" tahendus="olla" ingl="be" liik="V" vorm="pers.ind.pr.sg.3.">um’</sone><sone id="l46_s17" lk="161" lemma="mīez" tahendus="mees" ingl="man" liik="S" vorm="sg.gen.">mi’ε</sone><sone id="l46_s18" lk="161" lemma="dūš" tahendus="visadus" ingl="grit" liik="S" vorm="sg.nom.">dūš</sone><sone lk="161" keel="eesti" id="l46_s19" meta="vahemärk">.</sone><sone id="l46_s20" lk="161" meta="vahemärk">”</sone></lause><lause id="l47"><sone id="l47_s1" lk="161" lemma="ulzõ" tahendus="välja" ingl="out" liik="Adva">ul̀z</sone><sone id="l47_s2" lk="161" lemma="ä’b" tahendus="ei" ingl="not" liik="Mn" vorm="pers.ind.pr.sg.3.">ä</sone><sone lk="161" keel="eesti" id="l47_s3" meta="vahemärk">=</sone><sone lk="161" keel="eesti" id="l47_s4" lemma="võidõ" tahendus="võida" ingl="may" liik="V" vorm="pers.ind.sg.3.neg.">vi̮i</sone><sone id="l47_s5" lk="161" lemma="lǟ’dõ" tahendus="minna" ingl="go" liik="V" vorm="inf.">lǟ’də</sone><sone id="l47_s6" lk="161" meta="vahemärk">.</sone></lause><lause id="l48"><sone id="l48_s1" lk="161" lemma="jõvīst" tahendus="hästi" ingl="well" liik="ModAdv">ji̮vìst</sone><sone id="l48_s2" lk="161" meta="vahemärk">,</sone><sone id="l48_s3" lk="161" lemma="ä’b" tahendus="ei" ingl="not" liik="Mn" vorm="pers.ind.pr.sg.3.">äʙ</sone><sone id="l48_s4" lk="161" lemma="sǭdõ" tahendus="saada" ingl="get" liik="V" vorm="pers.ind.sg.3.neg.">så̄</sone><sone id="l48_s5" lk="161" lemma="mīez" tahendus="mees" ingl="man" liik="S" vorm="sg.part.">miεst</sone><sone id="l48_s6" lk="161" lemma="ulzõ" tahendus="välja" ingl="out" liik="Adva">uĺᴢ</sone><sone id="l48_s7" lk="161" meta="vahemärk">.</sone></lause><lause id="l49"><sone id="l49_s1" lk="161" lemma="nai" tahendus="naine" ingl="woman" liik="S" vorm="sg.nom.">naì</sone><sone id="l49_s2" lk="161" lemma="īedõ" tahendus="jääda" ingl="become" liik="V" vorm="pers.ind.pr.sg.3.">iεb</sone><sone id="l49_s3" lk="161" lemma="mī’erig" tahendus="rahulik" ingl="calm" liik="A" vorm="sg.tr.">mi’εrəks</sone><sone id="l49_s4" lk="161" meta="vahemärk">.</sone></lause><lause id="l50"><sone id="l50_s1" lk="161" lemma="un" tahendus="ja" ingl="and" liik="Konj">un</sone><sone id="l50_s2" lk="161" lemma="ni" tahendus="nüüd" ingl="now" liik="Adv">ni</sone><sone id="l50_s3" lk="161" lemma="vȱlda" tahendus="olla" ingl="be" liik="Va" vorm="pers.ind.pr.pl.3.">ve̮nnəᴅ</sone><sone id="l50_s4" lk="161" lemma="nǭțõz" tahendus="kapsas" ingl="cabbage" liik="S" vorm="pl.nom.">nå̄t́əᴅ</sone><sone id="l50_s5" lk="161" lemma="no+kīetõ" tahendus="keeta" ingl="cook" liik="V" vorm="tud.prf.">no+kiεtəᴅ</sone><sone id="l50_s6" lk="161" meta="vahemärk">,</sone><sone id="l50_s7" lk="161" lemma="ni" tahendus="nüüd" ingl="now" liik="Adv">ni</sone><sone id="l50_s8" lk="161" lemma="vȱlda" tahendus="olla" ingl="be" liik="Va" vorm="pers.ind.pr.sg.3.">um’</sone><sone id="l50_s9" lk="161" lemma="lǟ’dõ" tahendus="minna" ingl="go" liik="V" vorm="deb.">lē’mᴉst</sone><sone id="l50_s10" lk="161" lemma="sīedõ" tahendus="süüa" ingl="eat" liik="V" vorm="sup.">siεm</sone><sone id="l50_s11" lk="161" meta="vahemärk">.</sone></lause><lause id="l51"><sone id="l51_s1" lk="161" lemma="mīez" tahendus="mees" ingl="man" liik="S" vorm="sg.nom.">miεᴢ</sone><sone id="l51_s2" lk="161" lemma="kītõ" tahendus="öelda" ingl="say" liik="V" vorm="pers.ind.pr.sg.3.">kītəʙ</sone><sone id="l51_s3" lk="161" meta="vahemärk">:</sone><sone id="l51_s4" lk="161" meta="vahemärk">”</sone><sone lk="161" keel="eesti" id="l51_s5" lemma="nǭțõz" tahendus="kapsas" ingl="cabbage" liik="S" vorm="pl.dat.">nå̄t́ədən</sone><sone id="l51_s6" lk="161" lemma="lǟ’dõ" tahendus="minna" ingl="go" liik="V" vorm="pers.ind.ipf.sg.3.">lǟ’ks</sone><sone id="l51_s7" lk="161" lemma="vȯzā" tahendus="liha" ingl="meat" liik="S" vorm="sg.part.">ve̮’zzə</sone><sone id="l51_s8" lk="161" lemma="ka" tahendus="ka" ingl="also" liik="ModAdv">ka</sone><sone id="l51_s9" lk="161" lemma="jū’rõ" tahendus="juurde" ingl="in addition" liik="Adv">jū’rə</sone><sone lk="161" keel="eesti" id="l51_s10" meta="vahemärk">.</sone><sone id="l51_s11" lk="161" meta="vahemärk">”</sone></lause><lause id="l52"><sone id="l52_s1" lk="161" lemma="nai" tahendus="naine" ingl="woman" liik="S" vorm="sg.nom.">naì</sone><sone id="l52_s2" lk="161" lemma="te’iž" tahendus="jälle" ingl="in turn" liik="ModAdv">tei’Ž</sone><sone id="l52_s3" lk="161" lemma="mõtlõ" tahendus="mõelda" ingl="think" liik="V" vorm="nud.sg.">mi̮t̀lən</sone><sone id="l52_s4" lk="161" meta="vahemärk">,</sone><sone id="l52_s5" lk="161" lemma="ku" tahendus="et" ingl="that" liik="Konj">ku</sone><sone id="l52_s6" lk="161" lemma="nǭțõz" tahendus="kapsas" ingl="cabbage" liik="S" vorm="pl.dat.">nå̄t́ədən</sone><sone id="l52_s7" lk="161" lemma="vȯzā" tahendus="liha" ingl="meat" liik="S" vorm="sg.part.">ve̮’zzə</sone><sone id="l52_s8" lk="161" lemma="vajāg" tahendus="vaja" ingl="need" liik="Adv">vajàg</sone><sone id="l52_s9" lk="162" lemma="jū’rõ" tahendus="juurde" ingl="in addition" liik="Adv">jū’rə</sone><sone id="l52_s10" lk="162" meta="vahemärk">,</sone><sone id="l52_s11" lk="162" lemma="se" tahendus="see" ingl="this" liik="ProS" vorm="sg.nom.">se</sone><sone id="l52_s12" lk="162" lemma="lǟ’dõ" tahendus="minna" ingl="go" liik="V" vorm="nud.sg.">lǟ’nᴅ</sone><sone id="l52_s13" lk="162" lemma="tarā" tahendus="aed" ingl="garden" liik="S" vorm="sg.ill.">tar’rə</sone><sone id="l52_s14" lk="162" meta="vahemärk">,</sone><sone id="l52_s15" lk="162" lemma="pānda" tahendus="panna" ingl="put" liik="V" vorm="nud.sg.">paǹd</sone><sone id="l52_s16" lk="162" lemma="jegā" tahendus="iga" ingl="every" liik="ProS" vorm="sg.gen.">jε̬gà</sone><sone id="l52_s17" lk="162" lemma="pǟ" tahendus="pea" ingl="head" liik="S" vorm="sg.gen.">pǟ</sone><sone id="l52_s18" lk="162" lemma="pǟl " tahendus="peale" ingl="onto" liik="Post">pǟl</sone><sone id="l52_s19" lk="162" meta="vahemärk">[</sone><sone id="l52_s20" lk="162" meta="poolik sõna">ǖ-</sone><sone id="l52_s21" lk="162" meta="vahemärk"> &gt;</sone><sone id="l52_s22" lk="162" meta="vahemärk">]</sone><sone id="l52_s23" lk="162" lemma="ikš" tahendus="üks" ingl="one" liik="Nump" vorm="sg.gen.">ī’ᴅ</sone><sone id="l52_s24" lk="162" lemma="sū+täuž" tahendus="suutäis" ingl="mouthful" liik="S" vorm="sg.gen.">sū+täud</sone><sone id="l52_s25" lk="162" lemma="vȯzā" tahendus="liha" ingl="meat" liik="S" vorm="sg.part.">ve̮’zzə</sone><sone id="l52_s26" lk="162" meta="vahemärk">[</sone><sone id="l52_s27" lk="162" lemma="no+ī’edõ" tahendus="jääda" ingl="remain" liik="V" vorm="nud.sg.prf.">no+i’εdən</sone><sone id="l52_s28" lk="162" meta="vahemärk"> &gt;</sone><sone id="l52_s29" lk="162" meta="vahemärk">]</sone><sone id="l52_s30" lk="162" lemma="no+ī’edõ" tahendus="jääda" ingl="remain" liik="V" vorm="nud.sg.prf.">nu’ɔ+i’εdən</sone><sone id="l52_s31" lk="162" meta="vahemärk">.</sone></lause><lause id="l53"><sone id="l53_s1" lk="162" lemma="pi’ņ" tahendus="koer" ingl="dog" liik="S" vorm="sg.nom.">piń’</sone><sone id="l53_s2" lk="162" lemma="tegīž" tahendus="jälle" ingl="in turn" liik="ModAdv">tegìŽ</sone><sone id="l53_s3" lk="162" lemma="se" tahendus="see" ingl="this" liik="ProS" vorm="sg.part.">sⁱεdà</sone><sone id="l53_s4" lk="162" lemma="vȱlda" tahendus="olla" ingl="be" liik="Va" vorm="pers.ind.pr.sg.3.">um’</sone><sone id="l53_s5" lk="162" lemma="lieudõ" tahendus="leida" ingl="find" liik="V" vorm="nud.sg.">lⁱεùdən</sone><sone id="l53_s6" lk="162" meta="vahemärk">,</sone><sone id="l53_s7" lk="162" lemma="ku" tahendus="et" ingl="that" liik="Konj">ku</sone><sone id="l53_s8" lk="162" lemma="nǭțõz" tahendus="kapsas" ingl="cabbage" liik="S" vorm="pl.gen.">nå̄t́əd</sone><sone id="l53_s9" lk="162" lemma="pǟl " tahendus="peal" ingl="on" liik="Post">pǟl</sone><sone id="l53_s10" lk="162" lemma="vȱlda" tahendus="olla" ingl="be" liik="V" vorm="pers.ind.pr.sg.3.">um’</sone><sone id="l53_s11" lk="162" lemma="vȯzā" tahendus="liha" ingl="meat" liik="S" vorm="sg.part.">ve̮’zzə</sone><sone id="l53_s12" lk="162" meta="vahemärk">,</sone><sone id="l53_s13" lk="162" lemma="se" tahendus="see" ingl="this" liik="ProS" vorm="sg.nom.">se</sone><sone id="l53_s14" lk="162" lemma="lǟ’dõ" tahendus="minna" ingl="go" liik="V" vorm="nud.sg.">lǟ’nᴅ</sone><sone id="l53_s15" lk="162" lemma="tarā" tahendus="aed" ingl="garden" liik="S" vorm="sg.ill.">tar’rə</sone><sone id="l53_s16" lk="162" lemma="un" tahendus="ja" ingl="and" liik="Konj">un</sone><sone id="l53_s17" lk="162" lemma="kuoŗŗõ" tahendus="korjata" ingl="pick" liik="V" vorm="nud.sg.">kᵘe̮ŕŕənᴅ</sone><sone id="l53_s18" lk="162" meta="vahemärk">(</sone><sone id="l53_s19" lk="162" meta="kommentaar">pro</sone><sone id="l53_s20" lk="162" lemma="kuoŗŗõ" tahendus="korjata" ingl="pick" liik="V" vorm="nud.sg.">kᵘe̮ŕŕən</sone><sone id="l53_s21" lk="162" meta="vahemärk">)</sone><sone id="l53_s22" lk="162" lemma="ne" tahendus="need" ingl="these" liik="ProS" vorm="pl.gen.">näǹt</sone><sone id="l53_s23" lk="162" lemma="sū+täuž" tahendus="suutäis" ingl="mouthful" liik="S" vorm="pl.gen.">sū+tǟdəᴅ</sone><sone id="l53_s24" lk="162" lemma="jarā" tahendus="ära" ingl="away" liik="Adva">jarà</sone><sone id="l53_s25" lk="162" meta="vahemärk">.</sone></lause><lause id="l54"><sone id="l54_s1" lk="162" lemma="nai" tahendus="naine" ingl="woman" liik="S" vorm="sg.nom.">naì</sone><sone id="l54_s2" lk="162" lemma="sǭdõ" tahendus="saada" ingl="get" liik="V" vorm="nud.sg.">så̄nᴅ</sone><sone id="l54_s3" lk="162" lemma="se" tahendus="see" ingl="this" liik="ProS" vorm="sg.part.">sⁱεdà</sone><sone id="l54_s4" lk="162" lemma="tieudõ" tahendus="teada" ingl="know" liik="V" vorm="inf.">tiεtə</sone><sone id="l54_s5" lk="162" meta="vahemärk">,</sone><sone id="l54_s6" lk="162" lemma="ku" tahendus="et" ingl="that" liik="Konj">ku</sone><sone id="l54_s7" lk="162" lemma="pi’ņ" tahendus="koer" ingl="dog" liik="S" vorm="sg.nom.">piń’</sone><sone id="l54_s8" lk="162" lemma="vȱlda" tahendus="olla" ingl="be" liik="Va" vorm="pers.ind.pr.sg.3.">um’</sone><sone id="l54_s9" lk="162" lemma="sīedõ" tahendus="süüa" ingl="eat" liik="V" vorm="nud.sg.">siεnᴅ</sone><sone id="l54_s10" lk="162" lemma="vȯzā+sū+täuž" tahendus="lihasuutäis" ingl="mouthful of meat" liik="S" vorm="pl.gen.">ve̮zà+sū+tǟdəᴅ</sone><sone id="l54_s11" lk="162" lemma="järāndiz" tahendus="ära" ingl="away" liik="Adva">jaràndəᴢ</sone><sone id="l54_s12" lk="162" meta="vahemärk">,</sone><sone id="l54_s13" lk="162" lemma="si’z" tahendus="siis" ingl="then" liik="ProAdv">siᴢ</sone><sone id="l54_s14" lk="162" lemma="pi’ņ" tahendus="koer" ingl="dog" liik="S" vorm="sg.part.">piń’ńə</sone><sone id="l54_s15" lk="162" lemma="vajāg" tahendus="vaja" ingl="need" liik="Adva">vajàg</sone><sone id="l54_s16" lk="162" lemma="pieksõ" tahendus="peksta" ingl="beat" liik="V" vorm="inf.">pⁱεk̀sə</sone><sone id="l54_s17" lk="162" meta="vahemärk">,</sone><sone id="l54_s18" lk="162" lemma="bet" tahendus="aga" ingl="but" liik="Konj">be</sone><sone id="l54_s19" lk="162" lemma="kus" tahendus="kuhu" ingl="where" liik="Intr">kus</sone><sone id="l54_s20" lk="162" lemma="tämā" tahendus="tema" ingl="he" liik="ProS" vorm="sg.gen.">täm’</sone><sone id="l54_s21" lk="162" lemma="la’z" tahendus="las" ingl="let" liik="ModAdv">las</sone><sone id="l54_s22" lk="162" lemma="vi’zzõ" tahendus="kinni" ingl="fastened" liik="Adva">vi’ᴢ</sone><sone id="l54_s23" lk="162" lemma="si’ddõ" tahendus="siduda" ingl="tie" liik="V" vorm="pers.jus.pr.sg.3.">sidàɢ</sone><sone id="l54_s24" lk="162" meta="vahemärk">.</sone></lause><lause id="l55"><sone id="l55_s1" lk="162" lemma="vīdõ" tahendus="viia" ingl="take" liik="V" vorm="nud.sg.">vīnd</sone><sone id="l55_s2" lk="162" lemma="āita" tahendus="ait" ingl="barn" liik="S" vorm="sg.ill.">aìtə</sone><sone id="l55_s3" lk="162" meta="vahemärk">,</sone><sone id="l55_s4" lk="162" lemma="si’ddõ" tahendus="siduda" ingl="tie" liik="V" vorm="nud.sg.">si’ddən</sone><sone id="l55_s5" lk="162" lemma="sǟ’l" tahendus="seal" ingl="there" liik="ProAdv">sǟ’l</sone><sone id="l55_s6" lk="162" lemma="vȱlda" tahendus="olla" ingl="be" liik="Va" vorm="pers.ind.ipf.sg.3.">ve̮l’</sone><sone id="l55_s7" lk="162" lemma="vȯ’l+pit" tahendus="õlletõrs" ingl="beer vat" liik="S" vorm="sg.nom.">ve̮l’lə+piot̀</sone><sone id="l55_s8" lk="162" lemma="si’ddõ" tahendus="siduda" ingl="tie" liik="V" vorm="nud.sg.">si’ddən</sone><sone id="l55_s9" lk="162" lemma="vȯ’l+pit" tahendus="õlletõrs" ingl="beer vat" liik="S" vorm="sg.gen.">ve̮l’lə+piot̀</sone><sone id="l55_s10" lk="162" lemma="tapā" tahendus="tapp -i," ingl="plug" liik="S" vorm="sg.gen.">tapà</sone><sone id="l55_s11" lk="162" lemma="jūr" tahendus="juurde" ingl="by" liik="Post">jū’r</sone><sone id="l55_s12" lk="162" lemma="vi’zzõ" tahendus="kinni" ingl="fastened" liik="Adva">vi’zzə</sone><sone id="l55_s13" lk="162" lemma="un" tahendus="ja" ingl="and" liik="Konj">un</sone><sone id="l55_s14" lk="162" lemma="irgõ" tahendus="hakata" ingl="begin" liik="V" vorm="nud.sg.">ir̀gən</sone><sone id="l55_s15" lk="162" lemma="pieksõ" tahendus="peksta" ingl="beat" liik="V" vorm="inf.">pⁱεk̀s</sone><sone id="l55_s16" lk="162" lemma="se" tahendus="see" ingl="this" liik="ProS" vorm="sg.part.">sⁱεdà</sone><sone id="l55_s17" lk="162" lemma="pi’ņ" tahendus="koer" ingl="dog" liik="S" vorm="sg.part.">piń’ńə</sone><sone id="l55_s18" lk="162" meta="vahemärk">.</sone></lause><lause id="l56"><sone id="l56_s1" lk="162" meta="muukeelne">ū’z+reìᴢ</sone><sone id="l56_s2" lk="162" lemma="pä’zzõ" tahendus="pääseda" ingl="get" liik="V" vorm="pers.ind.pr.sg.3.">päzùʙ</sone><sone id="l56_s3" lk="162" lemma="se" tahendus="see" ingl="this" liik="ProS" vorm="sg.nom.">se</sone><sone id="l56_s4" lk="162" lemma="tapā" tahendus="tapp -i," ingl="plug" liik="S" vorm="sg.nom.">tapà</sone><sone id="l56_s5" lk="162" lemma="vāldiņ" tahendus="lahti" ingl="loose" liik="Adv">vāldiń</sone><sone id="l56_s6" lk="162" meta="vahemärk">,</sone><sone id="l56_s7" lk="162" lemma="a’ilõ" tahendus="joosta" ingl="run" liik="V" vorm="pers.ind.pr.sg.3.">ai’ləʙ</sone><sone id="l56_s8" lk="162" lemma="se" tahendus="see" ingl="this" liik="ProS" vorm="sg.nom.">se</sone><sone id="l56_s9" lk="162" lemma="vȯ’l" tahendus="õlu" ingl="beer" liik="S" vorm="sg.nom.">ve̮l’</sone><sone id="l56_s10" lk="162" lemma="tikkiž" tahendus="täiesti" ingl="entirely" liik="Adv">tikkiŽ</sone><sone id="l56_s11" lk="162" lemma="ulzõ" tahendus="välja" ingl="out" liik="Adva">ul̀ᴢ</sone><sone id="l56_s12" lk="162" lemma="āita" tahendus="ait" ingl="barn" liik="S" vorm="sg.gen.">āita</sone><sone id="l56_s13" lk="162" lemma="pȭrand" tahendus="põrand" ingl="floor" liik="S" vorm="sg.all.">pī̮randəl</sone><sone id="l56_s14" lk="162" meta="vahemärk">.</sone></lause><lause id="l57"><sone id="l57_s1" lk="162" lemma="ni" tahendus="nüüd" ingl="now" liik="Adv">ni</sone><sone lk="162" keel="eesti" id="l57_s2" meta="vahemärk">=</sone><sone lk="162" keel="eesti" id="l57_s3" lemma="vȱlda" tahendus="olla" ingl="be" liik="V" vorm="pers.ind.pr.sg.3.">m’</sone><sone id="l57_s4" lk="162" lemma="slikțõ" tahendus="halb" ingl="bad" liik="A" vorm="sg.nom.">sliḱ̀t́</sone><sone id="l57_s5" lk="162" meta="vahemärk">,</sone><sone id="l57_s6" lk="162" lemma="kui" tahendus="kuidas" ingl="how" liik="Intr">kui’</sone><sone id="l57_s7" lk="162" lemma="ni" tahendus="nüüd" ingl="now" liik="Adv">ni</sone><sone id="l57_s8" lk="162" lemma="la’z" tahendus="las" ingl="let" liik="ModAdv">las</sone><sone id="l57_s9" lk="162" lemma="kūja" tahendus="kuiv" ingl="dry" liik="A" vorm="sg.tr.">kūjaks</sone><sone id="l57_s10" lk="162" lemma="sǭdõ" tahendus="selge, arukas" ingl="get" liik="Va" vorm="pers.jus.pr.sg.3.">så̄g</sone><sone id="l57_s11" lk="162" lemma="se" tahendus="see" ingl="this" liik="ProS" vorm="sg.gen.">siε</sone><sone id="l57_s12" lk="162" lemma="āita" tahendus="ait" ingl="barn" liik="S" vorm="sg.gen.">āita</sone><sone id="l57_s13" lk="162" lemma="pȭrand" tahendus="põrand" ingl="floor" liik="S" vorm="sg.gen.">pī̮rand</sone><sone id="l57_s14" lk="162" meta="vahemärk">.</sone></lause><lause id="l58"><sone id="l58_s1" lk="162" lemma="ni" tahendus="nüüd" ingl="now" liik="Adv">ni</sone><sone lk="162" keel="eesti" id="l58_s2" meta="vahemärk">=</sone><sone lk="162" keel="eesti" id="l58_s3" lemma="vȱlda" tahendus="olla" ingl="be" liik="Va" vorm="pers.ind.pr.sg.3.">m’</sone><sone id="l58_s4" lk="162" lemma="tīņ" tahendus="jahuastja " ingl="bin" liik="S" vorm="sg.in.">tīńᵗ́š́ə</sone><sone id="l58_s5" lk="162" lemma="jo’vd" tahendus="jahu" ingl="flour" liik="S" vorm="pl.part.">jou’d́ᴉ</sone><sone id="l58_s6" lk="162" meta="vahemärk">.</sone></lause><lause id="l59"><sone id="l59_s1" lk="162" lemma="nai" tahendus="naine" ingl="woman" liik="S" vorm="sg.nom.">naì</sone><sone id="l59_s2" lk="162" lemma="võttõ" tahendus="võtta" ingl="take" liik="V" vorm="nud.sg.">vi̮ttən</sone><sone id="l59_s3" lk="162" lemma="ne" tahendus="need" ingl="these" liik="ProS" vorm="pl.nom.">ne</sone><sone id="l59_s4" lk="162" lemma="jo’vd" tahendus="jahu" ingl="flour" liik="S" vorm="pl.nom.">jou’d</sone><sone id="l59_s5" lk="162" meta="vahemärk">,</sone><sone id="l59_s6" lk="162" lemma="repțõ" tahendus="raputada" ingl="strew" liik="V" vorm="nud.sg.">rep̀t́ən</sone><sone id="l59_s7" lk="162" lemma="ne" tahendus="need" ingl="these" liik="ProS" vorm="pl.gen.">näǹt</sone><sone id="l59_s8" lk="162" lemma="pȭrand" tahendus="põrand" ingl="floor" liik="S" vorm="sg.all.">pī̮randəl</sone><sone id="l59_s9" lk="162" meta="vahemärk">,</sone><sone id="l59_s10" lk="162" lemma="la’z" tahendus="las" ingl="let" liik="ModAdv">las</sone><sone id="l59_s11" lk="162" meta="vahemärk">[</sone><sone id="l59_s12" lk="162" lemma="sǭdõ" tahendus="saada" ingl="get" liik="V" vorm="pers.jus.pr.sg.3.">så̄g</sone><sone id="l59_s13" lk="162" meta="vahemärk"> &gt;</sone><sone id="l59_s14" lk="162" meta="vahemärk">]</sone><sone id="l59_s15" lk="162" lemma="sǭdõ" tahendus="saada" ingl="get" liik="V" vorm="pers.jus.pr.sg.3.">så̄ɢ</sone><sone id="l59_s16" lk="162" lemma="se" tahendus="see" ingl="this" liik="ProS" vorm="sg.gen.">siε</sone><sone id="l59_s17" lk="162" lemma="pȭrand" tahendus="põrand" ingl="floor" liik="S" vorm="sg.gen.">pī̮rand</sone><sone id="l59_s18" lk="162" lemma="kūja" tahendus="kuiv" ingl="dry" liik="A" vorm="sg.tr.">kūjaks</sone><sone id="l59_s19" lk="162" meta="vahemärk">.</sone></lause><lause id="l60"><sone id="l60_s1" lk="162" lemma="bet" tahendus="aga" ingl="but" liik="Konj">bet</sone><sone id="l60_s2" lk="162" lemma="ni" tahendus="nüüd" ingl="now" liik="Adv">ni</sone><sone lk="162" keel="eesti" id="l60_s3" meta="vahemärk">=</sone><sone lk="162" keel="eesti" id="l60_s4" lemma="vȱlda" tahendus="olla" ingl="be" liik="V" vorm="pers.ind.pr.sg.3.">m’</sone><sone id="l60_s5" lk="162" lemma="se" tahendus="see" ingl="this" liik="ProS" vorm="sg.nom.">se</sone><sone id="l60_s6" lk="162" lemma="tīņ" tahendus="jahuastja " ingl="bin" liik="S" vorm="sg.nom.">tīń</sone><sone id="l60_s7" lk="162" lemma="ka" tahendus="ka" ingl="also" liik="ModAdv">ka</sone><sone id="l60_s8" lk="162" lemma="tijā" tahendus="tühi" ingl="empty" liik="A" vorm="sg.nom.">tijà</sone><sone id="l60_s9" lk="162" meta="vahemärk">.</sone></lause><lause id="l61"><sone id="l61_s1" lk="162" lemma="ni" tahendus="nüüd" ingl="now" liik="Adv">ni</sone><sone id="l61_s2" lk="162" lemma="tūlda" tahendus="tulla" ingl="come" liik="V" vorm="pers.ind.ipf.sg.3.">tuĺ’</sone><sone id="l61_s3" lk="162" lemma="mīez" tahendus="mees" ingl="man" liik="S" vorm="sg.nom.">miεᴢ</sone><sone id="l61_s4" lk="162" lemma="kuodāj" tahendus="koju" ingl="to home" liik="Adv">kᵘɔdài</sone><sone id="l61_s5" lk="162" meta="vahemärk">,</sone><sone id="l61_s6" lk="162" lemma="mõtlõ" tahendus="mõelda" ingl="think" liik="V" vorm="pers.ind.ipf.sg.3.">mi̮t̀lᴉᴢ</sone><sone id="l61_s7" lk="162" meta="vahemärk">:</sone><sone id="l61_s8" lk="162" meta="vahemärk">”</sone><sone lk="162" keel="eesti" id="l61_s9" lemma="minā" tahendus="mina" ingl="I" liik="ProS" vorm="sg.nom.">ma</sone><sone id="l61_s10" lk="162" lemma="vȱlda" tahendus="olla" ingl="be" liik="Va" vorm="pers.ind.pr.sg.1.">um’</sone><sone id="l61_s11" lk="162" lemma="ne’i" tahendus="nii" ingl="so" liik="ProAdv">nei</sone><sone id="l61_s12" lk="162" lemma="jarā" tahendus="ära" ingl="off" liik="Adva">jarà</sone><sone id="l61_s13" lk="162" lemma="slǭ’põ" tahendus="janu tunda" ingl="thirst" liik="V" vorm="nud.sg.">slå̄’pən</sone><sone id="l61_s14" lk="162" meta="vahemärk">,</sone><sone id="l61_s15" lk="162" lemma="ni" tahendus="nüüd" ingl="now" liik="Adv">ni</sone><sone id="l61_s16" lk="162" lemma="vȱlda" tahendus="olla" ingl="be" liik="Va" vorm="pers.knd.pr.sg.3.">ve̮l̀ks</sone><sone id="l61_s17" lk="162" lemma="lǟ’dõ" tahendus="minna" ingl="go" liik="V" vorm="deb.">lē’mᴉst</sone><sone id="l61_s18" lk="162" lemma="rǭžki" tahendus="natuke" ingl="a little" liik="Adv">rå̄škᴉᴢ</sone><sone id="l61_s19" lk="162" lemma="uz+laskõ" tahendus="lasta" ingl="let out" liik="V" vorm="sup.prf.">uz+las̀kəm</sone><sone id="l61_s20" lk="162" meta="vahemärk">,</sone><sone id="l61_s21" lk="162" lemma="mis" tahendus="mis" ingl="what" liik="Intr" vorm="sg.part.">mis</sone><sone id="l61_s22" lk="162" lemma="sǭdõ" tahendus="saada" ingl="get" liik="V" vorm="pers.ind.pr.sg.3.">så̄b</sone><sone id="l61_s23" lk="162" lemma="rǭz" tahendus="natukene" ingl="a little" liik="Adv">rå̄ᴢ</sone><sone id="l61_s24" lk="162" lemma="ie+jūodõ" tahendus="juua" ingl="drink" liik="V" vorm="inf.prf.">i’ε+juɔdə</sone><sone lk="162" keel="eesti" id="l61_s25" meta="vahemärk">.</sone><sone id="l61_s26" lk="162" meta="vahemärk">”</sone></lause><lause id="l62"><sone id="l62_s1" lk="162" lemma="lǟʼdõ" tahendus="minna" ingl="go" liik="V" vorm="pers.ind.pr.sg.3.">lǟ’b</sone><sone id="l62_s2" lk="162" lemma="ni" tahendus="nüüd" ingl="now" liik="Adv">ni</sone><sone id="l62_s3" lk="162" lemma="āita" tahendus="ait" ingl="barn" liik="S" vorm="sg.ill.">aìtə</sone><sone id="l62_s4" lk="162" meta="vahemärk">,</sone><sone id="l62_s5" lk="162" lemma="ni" tahendus="nüüd" ingl="now" liik="Adv">ni</sone><sone id="l62_s6" lk="162" lemma="vȱlda" tahendus="olla" ingl="be" liik="V" vorm="pers.ind.pr.sg.3.">um’</sone><sone id="l62_s7" lk="162" lemma="vȯ’l+pit" tahendus="õlletõrs" ingl="beer vat" liik="S" vorm="sg.nom.">ve̮l’lə+piot̀</sone><sone id="l62_s8" lk="162" lemma="tijā" tahendus="tühi" ingl="empty" liik="A" vorm="sg.nom.">tijà</sone><sone id="l62_s9" lk="162" meta="vahemärk">,</sone><sone id="l62_s10" lk="162" meta="vahemärk">[</sone><sone id="l62_s11" lk="162" lemma="jo’vd" tahendus="jahu" ingl="flour" liik="S" vorm="pl.nom.">jou’d</sone><sone id="l62_s12" lk="162" meta="vahemärk"> &gt;</sone><sone id="l62_s13" lk="162" meta="vahemärk">]</sone><sone id="l62_s14" lk="162" lemma="jo’vd" tahendus="jahu" ingl="flour" liik="S" vorm="pl.nom.">jou’ᴅ</sone><sone id="l62_s15" lk="162" lemma="pȭrand" tahendus="põrand" ingl="floor" liik="S" vorm="sg.ad.">pī̮randəl</sone><sone id="l62_s16" lk="162" meta="vahemärk">.</sone></lause><lause id="l63"><sone id="l63_s1" lk="162" lemma="mis" tahendus="mis" ingl="what" liik="Intr" vorm="sg.nom.">mis</sone><sone id="l63_s2" lk="162" lemma="se" tahendus="see" ingl="this" liik="ProS" vorm="sg.nom.">se</sone><sone id="l63_s3" lk="162" lemma="pa" liik="Pre">pa</sone><sone id="l63_s4" lk="162" lemma="brīnum" tahendus="ime" ingl="wonder" liik="S" vorm="sg.nom.">brīnəm</sone><sone id="l63_s5" lk="162" meta="vahemärk">?</sone></lause><lause id="l64"><sone id="l64_s1" lk="162" meta="vahemärk">[</sone><sone id="l64_s2" lk="162" lemma="ni" tahendus="nüüd" ingl="now" liik="Adv">ni</sone><sone id="l64_s3" lk="162" lemma="vȱlda" tahendus="olla" ingl="be" liik="V" vorm="pers.ind.pr.sg.3.">um’</sone><sone id="l64_s4" lk="162" meta="vahemärk"> &gt;</sone><sone id="l64_s5" lk="162" meta="vahemärk">]</sone><sone id="l64_s6" lk="162" lemma="ä’b" tahendus="ei" ingl="not" liik="Mn" vorm="pers.ind.pr.sg.3.">äb</sone><sone id="l64_s7" lk="162" lemma="ni" tahendus="nüüd" ingl="now" liik="Adv">ni</sone><sone id="l64_s8" lk="162" lemma="vȯ’l" tahendus="õlu" ingl="beer" liik="S" vorm="sg.part.">ve̮l’tə</sone><sone id="l64_s9" lk="162" meta="vahemärk">,</sone><sone id="l64_s10" lk="162" lemma="ä’b" tahendus="ei" ingl="not" liik="Mn" vorm="pers.ind.pr.sg.3.">äb</sone><sone id="l64_s11" lk="162" lemma="ni" tahendus="nüüd" ingl="now" liik="Adv">ni</sone><sone id="l64_s12" lk="162" lemma="jo’vd" tahendus="jahu" ingl="flour" liik="S" vorm="pl.part.">jou’d́ᴉ</sone><sone id="l64_s13" lk="162" meta="vahemärk">,</sone><sone id="l64_s14" lk="162" lemma="mittõ" tahendus="mitte" ingl="not" liik="Mn">mittə</sone><sone id="l64_s15" lk="162" lemma="midāgõd" tahendus="miski" ingl="nothing" liik="ProS" vorm="sg.el.">midàgᴉst</sone><sone id="l64_s16" lk="162" lemma="agā" tahendus="aga" ingl="but" liik="ModAdv">agà</sone><sone id="l64_s17" lk="162" meta="vahemärk">.</sone></lause><lause id="l65"><sone id="l65_s1" lk="162" lemma="pagalam" tahendus="otsas" ingl="end" liik="Adv">pagalàm</sone><sone id="l65_s2" lk="162" meta="vahemärk">.</sone></lause></sisu>
</liivike>
