<?xml version="1.0" encoding="UTF-8"?>
<?xml-stylesheet type="text/xsl" href="liivike_tekst.xsl"?>
<liivike>
	<info><tyyp>kirjalik</tyyp><teema>Satuja 68</teema><keel>liivi</keel><murre>lääneliivi</murre><kirjaviis>foneetiline transkriptsioon</kirjaviis><kyla longituud="21.966667" latituud="57.583333">Pizā</kyla><teos pealkiri="Näytteitä liivin kielestä" aasta="1953" koht="Helsinki">E. N. Setälä</teos></info><sisu id="Set_Sat_68">
		<lause id="l1">
			<sone id="l1_s1" lk="328" meta="number">68</sone>
			<sone id="l1_s2" lk="328" meta="vahemärk">.</sone></lause>
		<lause id="l2"><sone id="l2_s1" lk="328" meta="kommentaar">Piza</sone><sone id="l2_s2" lk="328" meta="vahemärk">,</sone><sone id="l2_s3" lk="328" meta="kommentaar">Jāń</sone><sone id="l2_s4" lk="328" meta="kommentaar">Belt</sone><sone id="l2_s5" lk="328" meta="vahemärk">.</sone></lause><lause id="l3"><sone id="l3_s1" lk="328" lemma="ikš+kõrd" tahendus="ükskord" ingl="once" liik="ProAdv">ikš+kird</sone><sone id="l3_s2" lk="328" lemma="vȱlda" tahendus="olla" ingl="be" liik="Va" vorm="pers.ind.pr.sg.3.">um</sone><sone id="l3_s3" lk="328" lemma="vȱlda" tahendus="olla" ingl="be" liik="V" vorm="nud.sg.">wond</sone><sone id="l3_s4" lk="328" lemma="ikš" tahendus="üks" ingl="one" liik="ProS" vorm="sg.nom.">ikš</sone><sone id="l3_s5" lk="328" lemma="kǭŗa+pȯiški" tahendus="karjapoisike" ingl="shepherd boy" liik="S" vorm="sg.nom.">kāŕa+pᵘoiški</sone><sone id="l3_s6" lk="328" meta="vahemärk">.</sone></lause><lause id="l4"><sone id="l4_s1" lk="328" lemma="tämā" tahendus="tema" ingl="he" liik="ProS" vorm="sg.nom.">ta</sone><sone id="l4_s2" lk="328" lemma="sǭdõ" tahendus="saada" ingl="get" liik="V" vorm="pers.ind.ipf.sg.3.">sai</sone><sone id="l4_s3" lk="328" lemma="eņțš" tahendus="oma" ingl="own" liik="ProS" vorm="sg.gen.">eńtš</sone><sone id="l4_s4" lk="328" lemma="kovāl" tahendus="tark" ingl="smart" liik="A" vorm="pl.gen.">kovāld</sone><sone id="l4_s5" lk="328" lemma="rõk" tahendus="jutt " ingl="tale" liik="S" vorm="pl.gen.">rikūd</sone><sone id="l4_s6" lk="328" meta="vahemärk">[</sone><sone id="l4_s7" lk="328" lemma="rõk" tahendus="jutt " ingl="tale" liik="S" vorm="pl.gen.">rükūd</sone><sone id="l4_s8" lk="328" meta="vahemärk">]</sone><sone id="l4_s9" lk="328" lemma="un" tahendus="ja" ingl="and" liik="Konj">un</sone><sone id="l4_s10" lk="328" lemma="at+kītimi" tahendus="vastus" ingl="answer" liik="S" vorm="pl.gen.">at+kītimiz</sone><sone id="l4_s11" lk="328" lemma="pierāst" tahendus="pärast" ingl="for" liik="Post">pⁱerāst</sone><sone id="l4_s12" lk="328" lemma="kōgaz" tahendus="kaugele" ingl="far" liik="Adv">kōgaz</sone><sone id="l4_s13" lk="328" lemma="jo" tahendus="enam (eessõna keskvõrde moodustamiseks)" ingl="more" liik="Pre">ju’o</sone><sone id="l4_s14" lk="328" lemma="kōgaz" tahendus="kaugele" ingl="far" liik="Adv">kōgaz</sone><sone id="l4_s15" lk="328" lemma="uz+kītõ" tahendus="kiita" ingl="praise" liik="V" vorm="tud.prf.">ū’z+kītəd</sone><sone id="l4_s16" lk="328" meta="vahemärk">,</sone><sone id="l4_s17" lk="328" lemma="un" tahendus="ja" ingl="and" liik="Konj">un</sone><sone id="l4_s18" lk="328" lemma="se" tahendus="see" ingl="this" liik="ProS" vorm="sg.nom.">se</sone><sone id="l4_s19" lk="328" meta="vahemärk">(</sone><sone id="l4_s20" lk="328" meta="kommentaar">pro</sone><sone id="l4_s21" lk="328" lemma="se" tahendus="see" ingl="this" liik="ProS" vorm="sg.gen.">sie</sone><sone lk="328" keel="eesti" id="l4_s22" meta="vahemärk">?</sone><sone id="l4_s23" lk="328" meta="vahemärk">)</sone><sone id="l4_s24" lk="328" lemma="mǭ" tahendus="maa" ingl="land" liik="S" vorm="sg.gen.">mā</sone><sone id="l4_s25" lk="328" lemma="kēņig" tahendus="kuningas" ingl="king" liik="S" vorm="sg.nom.">kēńig</sone><sone id="l4_s26" lk="328" lemma="ka" tahendus="ka" ingl="also" liik="ModAdv">ka</sone><sone id="l4_s27" lk="328" lemma="vȱlda" tahendus="olla" ingl="be" liik="Va" vorm="pers.ind.ipf.sg.3.">woĺ’</sone><sone id="l4_s28" lk="328" lemma="kūlõ" tahendus="kuulda" ingl="hear" liik="V" vorm="nud.sg.">kūlən</sone><sone id="l4_s29" lk="328" lemma="je’nnõ" tahendus="palju" ingl="much" liik="Adv">jen’nə</sone><sone id="l4_s30" lk="328" lemma="tämā" tahendus="tema" ingl="he" liik="ProS" vorm="sg.el.">täm’st</sone><sone id="l4_s31" lk="328" meta="vahemärk">.</sone></lause><lause id="l5"><sone id="l5_s1" lk="328" lemma="agā" tahendus="aga" ingl="but" liik="Konj">aga</sone><sone id="l5_s2" lk="328" lemma="tämā" tahendus="tema" ingl="he" liik="ProS" vorm="sg.nom.">ta</sone><sone id="l5_s3" lk="328" lemma="i’z" tahendus="ei" ingl="not" liik="Mn" vorm="pers.ind.ipf.sg.3.">iz</sone><sone id="l5_s4" lk="328" lemma="uskõ" tahendus="uskuda" ingl="believe" liik="V" vorm="pers.ind.sg.3.neg.">usk</sone><sone id="l5_s5" lk="328" lemma="un" tahendus="ja" ingl="and" liik="Konj">un</sone><sone id="l5_s6" lk="328" lemma="pānda" tahendus="käskida" ingl="order" liik="V" vorm="pers.ind.ipf.sg.3.">pań’</sone><sone id="l5_s7" lk="328" lemma="kutsõ" tahendus="kutsuda" ingl="invite" liik="V" vorm="sup.">kutsəm</sone><sone id="l5_s8" lk="328" lemma="se" tahendus="see" ingl="this" liik="ProS" vorm="sg.nom.">se</sone><sone id="l5_s9" lk="328" meta="vahemärk">(</sone><sone id="l5_s10" lk="328" meta="kommentaar">pro</sone><sone id="l5_s11" lk="328" lemma="se" tahendus="see" ingl="this" liik="ProS" vorm="sg.gen.">sie</sone><sone lk="328" keel="eesti" id="l5_s12" meta="vahemärk">?</sone><sone id="l5_s13" lk="328" meta="vahemärk">)</sone><sone id="l5_s14" lk="328" lemma="pȯiški" tahendus="poisike" ingl="little boy" liik="S" vorm="sg.gen.">pᵘoiškiz</sone><sone id="l5_s15" lk="328" lemma="ī’ž" tahendus="ise" ingl="self" liik="ProS" vorm="sg.gen.">eńtš</sone><sone id="l5_s16" lk="328" lemma="jūr" tahendus="juurde" ingl="to" liik="Post">jūr</sone><sone id="l5_s17" lk="328" meta="vahemärk">,</sone><sone id="l5_s18" lk="328" lemma="un" tahendus="ja" ingl="and" liik="Konj">un</sone><sone id="l5_s19" lk="328" lemma="tämā" tahendus="tema" ingl="he" liik="ProS" vorm="sg.nom.">ta</sone><sone id="l5_s20" lk="328" lemma="kītõ" tahendus="öelda" ingl="say" liik="V" vorm="pers.ind.ipf.sg.3.">kītiz</sone><sone id="l5_s21" lk="328" lemma="se" tahendus="see" ingl="this" liik="ProS" vorm="sg.gen.">sie</sone><sone id="l5_s22" lk="328" lemma="pȯiški" tahendus="poisike" ingl="little boy" liik="S" vorm="sg.gen.">pᵘoiškiz</sone><sone id="l5_s23" lk="328" lemma="pǟl " tahendus="peale" ingl="on" liik="Post">pǟl</sone><sone id="l5_s24" lk="328" meta="vahemärk">:</sone><sone id="l5_s25" lk="328" meta="vahemärk">”</sone><sone lk="328" keel="eesti" id="l5_s26" lemma="minā" tahendus="mina" ingl="I" liik="ProS" vorm="sg.nom.">ma</sone><sone id="l5_s27" lk="328" lemma="sinā" tahendus="sina" ingl="you" liik="ProS" vorm="sg.gen.">sin’</sone><sone id="l5_s28" lk="328" lemma="kä’dst" tahendus="käest" ingl="from" liik="Post">kä’dst</sone><sone id="l5_s29" lk="328" lemma="kuolm" tahendus="kolm" ingl="three" liik="Nump" vorm="sg.nom.">kᵘolm</sone><sone id="l5_s30" lk="328" lemma="kõrd" tahendus="kord" ingl="time" liik="S" vorm="sg.part.">kird</sone><sone id="l5_s31" lk="328" lemma="ki’zzõ" tahendus="küsida" ingl="ask" liik="V" vorm="pers.ind.pr.sg.1.">kizūb</sone><sone id="l5_s32" lk="328" meta="vahemärk">;</sone><sone id="l5_s33" lk="328" lemma="a’ž" tahendus="kui" ingl="if" liik="Konj">aš</sone><sone id="l5_s34" lk="328" lemma="sinā" tahendus="sina" ingl="you" liik="ProS" vorm="sg.nom.">sa</sone><sone id="l5_s35" lk="328" lemma="minā" tahendus="mina" ingl="I" liik="ProS" vorm="sg.dat.">min’nən</sone><sone id="l5_s36" lk="328" lemma="tikkiž" tahendus="kõik" ingl="all" liik="ProS">tikkiž</sone><sone id="l5_s37" lk="328" lemma="at+kītõ" tahendus="vastata" ingl="answer" liik="V" vorm="pers.ind.pr.sg.2.prf.">at+kītəd</sone><sone id="l5_s38" lk="328" meta="vahemärk">,</sone><sone id="l5_s39" lk="328" lemma="si’z" tahendus="siis" ingl="then" liik="ProAdv">siz</sone><sone id="l5_s40" lk="328" lemma="minā" tahendus="mina" ingl="I" liik="ProS" vorm="sg.nom.">ma</sone><sone id="l5_s41" lk="328" lemma="sinā" tahendus="sina" ingl="you" liik="ProS" vorm="sg.part.">sīnda</sone><sone id="l5_s42" lk="328" lemma="pi’ddõ" tahendus="pidada" ingl="keep" liik="V" vorm="pers.ind.pr.sg.3.">pidāb</sone><sone id="l5_s43" lk="328" lemma="läpš" tahendus="laps" ingl="child" liik="S" vorm="sg.gen.">laps</sone><sone id="l5_s44" lk="328" lemma="pāika" tahendus="ase" ingl="place" liik="S" vorm="sg.in.">pāikas</sone><sone id="l5_s45" lk="328" lemma="un" tahendus="ja" ingl="and" liik="Konj">un</sone><sone id="l5_s46" lk="328" lemma="je’llõ" tahendus="elada" ingl="live" liik="V" vorm="pers.ind.pr.sg.2.">jelād</sone><sone id="l5_s47" lk="328" lemma="minā" tahendus="mina" ingl="I" liik="ProS" vorm="sg.gen.">min’</sone><sone id="l5_s48" lk="328" lemma="nīnõ" tahendus="loss" ingl="castle" liik="S" vorm="sg.in.">nīns</sone><sone lk="328" keel="eesti" id="l5_s49" meta="vahemärk">.</sone><sone id="l5_s50" lk="328" meta="vahemärk">”</sone></lause><lause id="l6"><sone id="l6_s1" lk="328" lemma="si’z" tahendus="siis" ingl="then" liik="ProAdv">siz</sone><sone id="l6_s2" lk="328" lemma="se" tahendus="see" ingl="this" liik="ProS" vorm="sg.nom.">se</sone><sone id="l6_s3" lk="328" lemma="pȯiški" tahendus="poisike" ingl="little boy" liik="S" vorm="sg.nom.">pᵘoiški</sone><sone id="l6_s4" lk="328" lemma="ki’zzõ" tahendus="küsida" ingl="ask" liik="V" vorm="pers.ind.ipf.sg.3.">kizīz</sone><sone id="l6_s5" lk="328" meta="vahemärk">:</sone><sone id="l6_s6" lk="328" meta="vahemärk">”</sone><sone lk="328" keel="eesti" id="l6_s7" lemma="mis" tahendus="mis" ingl="what" liik="Intr" vorm="sg.part.">mis</sone><sone id="l6_s8" lk="328" lemma="sinā" tahendus="sina" ingl="you" liik="ProS" vorm="sg.nom.">sa</sone><sone id="l6_s9" lk="328" lemma="ki’zzõ" tahendus="küsida" ingl="ask" liik="V" vorm="pers.ind.pr.sg.2.">kizūd</sone><sone id="l6_s10" lk="328" lemma="minā" tahendus="mina" ingl="I" liik="ProS" vorm="sg.gen.">min’</sone><sone id="l6_s11" lk="328" lemma="kä’dst" tahendus="käest" ingl="from" liik="Post">kä’dst</sone><sone lk="328" keel="eesti" id="l6_s12" meta="vahemärk">?</sone><sone id="l6_s13" lk="328" meta="vahemärk">”</sone></lause><lause id="l7"><sone id="l7_s1" lk="328" lemma="si’z" tahendus="siis" ingl="then" liik="ProAdv">siz</sone><sone id="l7_s2" lk="328" lemma="se" tahendus="see" ingl="this" liik="ProS" vorm="sg.nom.">se</sone><sone id="l7_s3" lk="328" lemma="kēņig" tahendus="kuningas" ingl="king" liik="S" vorm="sg.nom.">kēńig</sone><sone id="l7_s4" lk="328" lemma="ki’zzõ" tahendus="küsida" ingl="ask" liik="V" vorm="pers.ind.ipf.sg.3.">kizīz</sone><sone id="l7_s5" lk="328" meta="vahemärk">:</sone><sone id="l7_s6" lk="328" meta="vahemärk">”</sone><sone lk="328" keel="eesti" id="l7_s7" lemma="mits" tahendus="mitu" ingl="how many" liik="Intr" vorm="sg.nom.">mits</sone><sone id="l7_s8" lk="328" lemma="vie’d+sipā" tahendus="veepiisk" ingl="drop" liik="S" vorm="sg.part.">vⁱe’d+sippə</sone><sone id="l7_s9" lk="328" lemma="vȱlda" tahendus="olla" ingl="be" liik="V" vorm="pers.ind.pr.pl.3.">āt</sone><sone id="l7_s10" lk="328" lemma="mie’r" tahendus="meri" ingl="sea" liik="S" vorm="sg.in.">mⁱer’s</sone><sone lk="328" keel="eesti" id="l7_s11" meta="vahemärk">?</sone><sone id="l7_s12" lk="328" meta="vahemärk">”</sone></lause><lause id="l8"><sone id="l8_s1" lk="328" lemma="si’z" tahendus="siis" ingl="then" liik="ProAdv">siz</sone><sone id="l8_s2" lk="328" lemma="pȯiški" tahendus="poisike" ingl="little boy" liik="S" vorm="sg.nom.">pᵘoiški</sone><sone id="l8_s3" lk="328" lemma="kītõ" tahendus="öelda" ingl="say" liik="V" vorm="pers.ind.ipf.sg.3.">kītiz</sone><sone id="l8_s4" lk="328" meta="vahemärk">:</sone><sone id="l8_s5" lk="328" meta="vahemärk">”</sone><sone lk="328" keel="eesti" id="l8_s6" lemma="pānda" tahendus="panna" ingl="put" liik="V" vorm="pers.imp.pr.pl.2.">paŋgid</sone><sone id="l8_s7" lk="328" lemma="tikkiž" tahendus="kõik" ingl="all" liik="ProS" vorm="pl.nom.">tikkiž</sone><sone id="l8_s8" lk="328" lemma="jo’ug" tahendus="jõgi" ingl="river" liik="S" vorm="pl.gen.">jogūd</sone><sone id="l8_s9" lk="328" lemma="vi’zzõ" tahendus="kinni" ingl="blocked" liik="Adva">vi’zzə</sone><sone id="l8_s10" lk="328" meta="vahemärk">[</sone><sone id="l8_s11" lk="328" lemma="pistõ" tahendus="püsti" ingl="upright" liik="Adv" kommentaar="?">pistām</sone><sone lk="328" keel="eesti" id="l8_s12" meta="vahemärk">]</sone><sone id="l8_s13" lk="328" meta="vahemärk">,</sone><sone id="l8_s14" lk="328" lemma="ne’i" tahendus="nii" ingl="so" liik="ProAdv">nei’</sone><sone id="l8_s15" lk="328" lemma="ku" tahendus="et" ingl="that" liik="Konj">ku</sone><sone id="l8_s16" lk="328" lemma="mit+ikš" tahendus="ükski" ingl="not one" liik="ProS" vorm="sg.nom.">mitt+ikš</sone><sone id="l8_s17" lk="328" lemma="sipā" tahendus="piisk" ingl="drop" liik="S" vorm="sg.nom.">sipā</sone><sone id="l8_s18" lk="328" lemma="ä’b" tahendus="ei" ingl="not" liik="Mn" vorm="pers.ind.pr.sg.3.">äb</sone><sone id="l8_s19" lk="328" lemma="jūokšõ" tahendus="voolata" ingl="run" liik="V" vorm="pers.ind.sg.3.neg.">juokš</sone><sone id="l8_s20" lk="328" lemma="mie’r" tahendus="meri" ingl="sea" liik="S" vorm="sg.ill.">mⁱer’rə</sone><sone id="l8_s21" lk="328" meta="vahemärk">,</sone><sone id="l8_s22" lk="328" lemma="si’z" tahendus="siis" ingl="then" liik="ProAdv">siz</sone><sone id="l8_s23" lk="328" lemma="minā" tahendus="mina" ingl="I" liik="ProS" vorm="sg.nom.">ma</sone><sone id="l8_s24" lk="328" lemma="kītõ" tahendus="öelda" ingl="say" liik="V" vorm="pers.ind.pr.sg.1.">kītəb</sone><sone id="l8_s25" lk="328" meta="vahemärk">,</sone><sone id="l8_s26" lk="328" lemma="mits" tahendus="mitu" ingl="how many" liik="Intr" vorm="sg.nom.">mits</sone><sone id="l8_s27" lk="328" lemma="sipā" tahendus="piisk" ingl="drop" liik="S" vorm="sg.part.">sippə</sone><sone id="l8_s28" lk="328" lemma="vȱlda" tahendus="olla" ingl="be" liik="V" vorm="pers.ind.pr.pl.3.">ā’t</sone><sone id="l8_s29" lk="328" lemma="mie’r" tahendus="meri" ingl="sea" liik="S" vorm="sg.in.">mⁱer’s</sone><sone lk="328" keel="eesti" id="l8_s30" meta="vahemärk">.</sone><sone id="l8_s31" lk="328" meta="vahemärk">”</sone><sone id="l8_s32" lk="328" lemma="si’z" tahendus="siis" ingl="then" liik="ProAdv">siz</sone><sone id="l8_s33" lk="328" lemma="kēņig" tahendus="kuningas" ingl="king" liik="S" vorm="sg.nom.">kēńig</sone><sone id="l8_s34" lk="328" lemma="ki’zzõ" tahendus="küsida" ingl="ask" liik="V" vorm="pers.ind.ipf.sg.3.">kizīz</sone><sone id="l8_s35" lk="328" lemma="te’iž" tahendus="jälle" ingl="again" liik="Adv">täi’z</sone><sone id="l8_s36" lk="328" meta="vahemärk">:</sone><sone id="l8_s37" lk="328" meta="vahemärk">”</sone><sone lk="328" keel="eesti" id="l8_s38" lemma="mits" tahendus="mitu" ingl="how many" liik="Intr" vorm="sg.nom.">mits</sone><sone id="l8_s39" lk="328" lemma="tē’ḑ" tahendus="täht" ingl="star" liik="S" vorm="sg.part.">tǟ’tə</sone><sone id="l8_s40" lk="328" lemma="vȱlda" tahendus="olla" ingl="be" liik="V" vorm="pers.ind.pr.pl.3.">ā’t</sone><sone id="l8_s41" lk="328" lemma="tōvaz" tahendus="taevas" ingl="sky" liik="S" vorm="sg.in.">touvis</sone><sone lk="328" keel="eesti" id="l8_s42" meta="vahemärk">?</sone><sone id="l8_s43" lk="328" meta="vahemärk">”</sone></lause><lause id="l9"><sone id="l9_s1" lk="328" lemma="un" tahendus="ja" ingl="and" liik="Konj">un</sone><sone id="l9_s2" lk="328" lemma="se" tahendus="see" ingl="this" liik="ProS" vorm="sg.nom.">se</sone><sone id="l9_s3" lk="328" lemma="pȯiški" tahendus="poisike" ingl="little boy" liik="S" vorm="sg.nom.">pᵘoiški</sone><sone id="l9_s4" lk="328" lemma="ki’zzõ" tahendus="küsida" ingl="ask" liik="V" vorm="pers.ind.ipf.sg.3.">kizīz</sone><sone id="l9_s5" lk="328" lemma="ikš" tahendus="üks" ingl="one" liik="Nump" vorm="sg.gen.">ī’d</sone><sone id="l9_s6" lk="328" lemma="bōgõn" tahendus="poogen" ingl="sheet" liik="S" vorm="sg.gen.">bōgn̥</sone><sone id="l9_s7" lk="328" lemma="papīer" tahendus="paber" ingl="paper" liik="S" vorm="sg.part.">papiert</sone><sone id="l9_s8" lk="328" lemma="un" tahendus="ja" ingl="and" liik="Konj">un</sone><sone id="l9_s9" lk="328" lemma="tī’edõ" tahendus="teha" ingl="make" liik="V" vorm="pers.ind.ipf.sg.3.">tei</sone><sone id="l9_s10" lk="328" lemma="se" tahendus="see" ingl="this" liik="ProS" vorm="sg.gen.">sie</sone><sone id="l9_s11" lk="328" lemma="bōgõn" tahendus="poogen" ingl="sheet" liik="S" vorm="sg.gen.">bōgn̥</sone><sone id="l9_s12" lk="328" lemma="tǟ’dõks" tahendus="täis" ingl="full" liik="Adv">tǟ’duks</sone><sone id="l9_s13" lk="328" lemma="pīentõ" tahendus="peen" ingl="fine" liik="A" vorm="pl.gen.">pienəd</sone><sone id="l9_s14" lk="328" lemma="sipā" tahendus="tähn" ingl="spot" liik="S" vorm="pl.instl.">sipādəks</sone><sone id="l9_s15" lk="328" meta="vahemärk">,</sone><sone id="l9_s16" lk="328" lemma="ne’i" tahendus="nii" ingl="so" liik="ProAdv">nei’</sone><sone id="l9_s17" lk="328" lemma="ku" tahendus="et" ingl="that" liik="Konj">ku</sone><sone id="l9_s18" lk="328" lemma="i’z" tahendus="ei" ingl="not" liik="Mn" vorm="pers.ind.ipf.sg.3.">iz</sone><sone id="l9_s19" lk="328" lemma="võidõ" tahendus="võida" ingl="can" liik="V" vorm="pers.ind.sg.3.neg.">vui</sone><sone id="l9_s20" lk="328" lemma="no+lu’ggõ" tahendus="lugeda" ingl="count" liik="V" vorm="inf.prf.">nu’o+lu’ggə</sone><sone id="l9_s21" lk="328" meta="vahemärk">,</sone><sone id="l9_s22" lk="328" lemma="un" tahendus="ja" ingl="and" liik="Konj">un</sone><sone id="l9_s23" lk="328" lemma="tämā" tahendus="tema" ingl="he" liik="ProS" vorm="sg.nom.">ta</sone><sone id="l9_s24" lk="328" lemma="nä’gțõ" tahendus="näidata" ingl="show" liik="V" vorm="pers.ind.ipf.sg.3.">nä’gt́iz</sone><sone id="l9_s25" lk="328" lemma="se" tahendus="see" ingl="this" liik="ProS" vorm="sg.gen.">sie</sone><sone id="l9_s26" lk="328" lemma="kēņig" tahendus="kuningas" ingl="king" liik="S" vorm="sg.dat.">kēńigən</sone><sone id="l9_s27" lk="328" lemma="un" tahendus="ja" ingl="and" liik="Konj">un</sone><sone id="l9_s28" lk="328" lemma="kītõ" tahendus="öelda" ingl="say" liik="V" vorm="pers.ind.ipf.sg.3.">kītiz</sone><sone id="l9_s29" lk="328" meta="vahemärk">:</sone><sone id="l9_s30" lk="328" meta="vahemärk">”</sone><sone lk="328" keel="eesti" id="l9_s31" lemma="ne’i" tahendus="nii" ingl="so" liik="ProAdv">nei’</sone><sone id="l9_s32" lk="328" lemma="je’nnõ" tahendus="palju" ingl="many" liik="Adv">jen’n</sone><sone id="l9_s33" lk="328" lemma="vȱlda" tahendus="olla" ingl="be" liik="V" vorm="pers.ind.pr.sg.3.">um’</sone><sone id="l9_s34" lk="328" lemma="tē’ḑ" tahendus="täht" ingl="star" liik="S" vorm="pl.part.">tǟ’didi</sone><sone id="l9_s35" lk="328" lemma="tōvaz" tahendus="taevas" ingl="sky" liik="S" vorm="sg.in.">touvis</sone><sone id="l9_s36" lk="328" meta="vahemärk">,</sone><sone id="l9_s37" lk="328" lemma="kui" tahendus="kui" ingl="how" liik="Intr">kui’</sone><sone id="l9_s38" lk="328" lemma="je’nnõ" tahendus="palju" ingl="many" liik="Adv">jen’n</sone><sone id="l9_s39" lk="328" lemma="sī’ḑ" tahendus="siin" ingl="here" liik="ProAdv">sī’d</sone><sone id="l9_s40" lk="328" lemma="sipā" tahendus="tähn" ingl="spot" liik="S" vorm="pl.part.">sipīdi</sone><sone id="l9_s41" lk="328" lemma="se" tahendus="see" ingl="this" liik="ProS" vorm="sg.gen.">sie</sone><sone id="l9_s42" lk="328" lemma="bōgõn" tahendus="poogen" ingl="sheet" liik="S" vorm="sg.gen.">bōgn̥</sone><sone id="l9_s43" lk="328" lemma="pǟl " tahendus="peal" ingl="on" liik="Post">pǟl</sone><sone id="l9_s44" lk="328" meta="vahemärk">;</sone><sone id="l9_s45" lk="328" lemma="lu’ggõ" tahendus="lugeda" ingl="count" liik="V" vorm="pers.imp.pr.pl.2.">lu’ggigid</sone><sone id="l9_s46" lk="328" lemma="set" tahendus="ainult" ingl="only" liik="ModAdv">set</sone><sone id="l9_s47" lk="328" lemma="jarā" tahendus="ära" ingl="off" liik="Adva">jera</sone><sone lk="328" keel="eesti" id="l9_s48" meta="vahemärk">.</sone><sone id="l9_s49" lk="328" meta="vahemärk">”</sone></lause><lause id="l10"><sone id="l10_s1" lk="328" lemma="un" tahendus="ja" ingl="and" liik="Konj">un</sone><sone id="l10_s2" lk="328" lemma="si’z" tahendus="siis" ingl="then" liik="ProAdv">siz</sone><sone id="l10_s3" lk="328" lemma="se" tahendus="see" ingl="this" liik="ProS" vorm="sg.nom.">se</sone><sone id="l10_s4" lk="328" lemma="kēņig" tahendus="kuningas" ingl="king" liik="S" vorm="sg.nom.">kēńig</sone><sone id="l10_s5" lk="328" lemma="ki’zzõ" tahendus="küsida" ingl="ask" liik="V" vorm="pers.ind.ipf.sg.3.">kizīz</sone><sone id="l10_s6" lk="328" meta="vahemärk">:</sone><sone id="l10_s7" lk="328" meta="vahemärk">”</sone><sone lk="328" keel="eesti" id="l10_s8" lemma="mits" tahendus="mitu" ingl="how many" liik="Intr" vorm="sg.nom.">mits</sone><sone id="l10_s9" lk="328" lemma="sīlma+pilk" tahendus="silmapilk" ingl="blink of an eye" liik="S" vorm="sg.part.">sīlma+pilkə</sone><sone id="l10_s10" lk="328" lemma="vȱlda" tahendus="olla" ingl="be" liik="V" vorm="pers.ind.pr.pl.3.">ā’t</sone><sone id="l10_s11" lk="328" lemma="igā" tahendus="igavik" ingl="eternity" liik="S" vorm="sg.gen.">igā</sone><sone id="l10_s12" lk="328" lemma="sizāl" tahendus="sees" ingl="in" liik="Post">sizāl</sone><sone lk="328" keel="eesti" id="l10_s13" meta="vahemärk">?</sone><sone id="l10_s14" lk="328" meta="vahemärk">”</sone></lause><lause id="l11"><sone id="l11_s1" lk="328" lemma="si’z" tahendus="siis" ingl="then" liik="ProAdv">siz</sone><sone id="l11_s2" lk="328" lemma="se" tahendus="see" ingl="this" liik="ProS" vorm="sg.nom.">se</sone><sone id="l11_s3" lk="328" lemma="pȯiški" tahendus="poisike" ingl="little boy" liik="S" vorm="sg.nom.">pᵘoiški</sone><sone id="l11_s4" lk="328" lemma="kītõ" tahendus="öelda" ingl="say" liik="V" vorm="pers.ind.ipf.sg.3.">kītiz</sone><sone id="l11_s5" lk="328" meta="vahemärk">:</sone><sone id="l11_s6" lk="328" meta="vahemärk">”</sone><sone lk="328" keel="eesti" id="l11_s7" lemma="mie’r" tahendus="meri" ingl="sea" liik="S" vorm="sg.gen.">mⁱer’</sone><sone id="l11_s8" lk="328" lemma="tagān" tahendus="taga" ingl="over" liik="Post">tagān</sone><sone id="l11_s9" lk="328" lemma="vȱlda" tahendus="olla" ingl="be" liik="V" vorm="pers.ind.pr.sg.3.">um’</sone><sone id="l11_s10" lk="329" lemma="ikš" tahendus="üks" ingl="one" liik="ProS" vorm="sg.nom.">ikš</sone><sone id="l11_s11" lk="329" lemma="sūr" tahendus="suur" ingl="big" liik="A" vorm="sg.nom.">sūr</sone><sone id="l11_s12" lk="329" lemma="kuldi" tahendus="kuldne" ingl="golden" liik="A" vorm="sg.nom.">kuldi</sone><sone id="l11_s13" lk="329" lemma="mä’g" tahendus="mägi" ingl="mountain" liik="S" vorm="sg.nom.">mä’g</sone><sone id="l11_s14" lk="329" lemma="un" tahendus="ja" ingl="and" liik="Konj">un</sone><sone id="l11_s15" lk="329" meta="vahemärk">[</sone><sone id="l11_s16" lk="329" lemma="i’ļ" tahendus="üle" ingl="over" liik="Pre">üĺ’</sone><sone id="l11_s17" lk="329" meta="vahemärk"> &gt;</sone><sone id="l11_s18" lk="329" meta="vahemärk">]</sone><sone id="l11_s19" lk="329" lemma="i’ļ" tahendus="üle" ingl="over" liik="Pre">iĺ’</sone><sone id="l11_s20" lk="329" lemma="sadā" tahendus="sada" ingl="hundred" liik="Nump" vorm="sg.gen.">sadā</sone><sone id="l11_s21" lk="329" lemma="āigast" tahendus="aasta" ingl="year" liik="S" vorm="sg.gen.">āigast</sone><sone id="l11_s22" lk="329" lemma="tūlda" tahendus="tulla" ingl="come" liik="V" vorm="pers.ind.pr.sg.3.">tulūb</sone><sone id="l11_s23" lk="329" lemma="ikš" tahendus="üks" ingl="one" liik="ProS" vorm="sg.nom.">ikš</sone><sone id="l11_s24" lk="329" lemma="lind" tahendus="lind" ingl="bird" liik="S" vorm="sg.nom.">lind</sone><sone id="l11_s25" lk="329" lemma="un" tahendus="ja" ingl="and" liik="Konj">un</sone><sone id="l11_s26" lk="329" lemma="se" tahendus="see" ingl="this" liik="ProS" vorm="sg.nom.">se</sone><sone id="l11_s27" lk="329" lemma="pū’dstõ" tahendus="puhastada" ingl="clean" liik="V" vorm="pers.ind.pr.sg.3.">pū’stəb</sone><sone id="l11_s28" lk="329" lemma="eņțš" tahendus="oma" ingl="own" liik="ProS" vorm="sg.gen.">eńtš</sone><sone id="l11_s29" lk="329" lemma="nanā " tahendus="nokk" ingl="beak" liik="S" vorm="sg.gen.">nanā</sone><sone id="l11_s30" lk="329" lemma="sǟ’l" tahendus="seal" ingl="there" liik="ProAdv">sǟ’l</sone><sone id="l11_s31" lk="329" lemma="jarā" tahendus="ära" ingl="off" liik="Adva">jera</sone><sone id="l11_s32" lk="329" meta="vahemärk">,</sone><sone id="l11_s33" lk="329" lemma="un" tahendus="ja" ingl="and" liik="Konj">un</sone><sone id="l11_s34" lk="329" lemma="ku" tahendus="kui" ingl="when" liik="Konj">ku</sone><sone id="l11_s35" lk="329" lemma="tikkiž" tahendus="kogu" ingl="whole" liik="ProS" vorm="sg.nom.">tikkiž</sone><sone id="l11_s36" lk="329" lemma="mä’g" tahendus="mägi" ingl="mountain" liik="S" vorm="sg.nom.">mä’g</sone><sone id="l11_s37" lk="329" meta="vahemärk">[</sone><sone id="l11_s38" lk="329" lemma="le’b" tahendus="läbi" ingl="through" liik="Pre">le’b</sone><sone id="l11_s39" lk="329" lemma="lind" tahendus="lind" ingl="bird" liik="S" vorm="sg.gen.">lind</sone><sone id="l11_s40" lk="329" lemma="nanā " tahendus="nokk" ingl="beak" liik="S" vorm="sg.gen.">nanā</sone><sone id="l11_s41" lk="329" meta="vahemärk">]</sone><sone id="l11_s42" lk="329" lemma="līdõ" tahendus="olema saada" ingl="will be" liik="V" vorm="pers.ind.pr.sg.3.">līb</sone><sone id="l11_s43" lk="329" lemma="jarā" tahendus="ära" ingl="off" liik="Adva">jera</sone><sone id="l11_s44" lk="329" lemma="ku’llõ" tahendus="kuluda" ingl="erode" liik="V" vorm="nud.sg.">kul’lən</sone><sone id="l11_s45" lk="329" meta="vahemärk">,</sone><sone id="l11_s46" lk="329" lemma="si’z" tahendus="siis" ingl="then" liik="ProAdv">siz</sone><sone id="l11_s47" lk="329" lemma="līdõ" tahendus="minna" ingl="go" liik="V" vorm="pers.ind.pr.sg.3.">līb</sone><sone id="l11_s48" lk="329" lemma="ikš" tahendus="üks" ingl="one" liik="Nump" vorm="sg.nom.">ikš</sone><sone id="l11_s49" lk="329" lemma="sīlma+pilk" tahendus="silmapilk" ingl="blink of an eye" liik="S" vorm="sg.nom.">sīlma+pilk</sone><sone id="l11_s50" lk="329" lemma="igā" tahendus="igavik" ingl="eternity" liik="S" vorm="sg.el.">igāst</sone><sone id="l11_s51" lk="329" lemma="jarā" tahendus="ära" ingl="off" liik="Adva">jera</sone><sone lk="329" keel="eesti" id="l11_s52" meta="vahemärk">.</sone><sone id="l11_s53" lk="329" meta="vahemärk">”</sone></lause><lause id="l12"><sone id="l12_s1" lk="329" lemma="kēņig" tahendus="kuningas" ingl="king" liik="S" vorm="sg.nom.">kēńig</sone><sone id="l12_s2" lk="329" lemma="kītõ" tahendus="öelda" ingl="say" liik="V" vorm="pers.ind.ipf.sg.3.">kītiz</sone><sone id="l12_s3" lk="329" meta="vahemärk">:</sone><sone id="l12_s4" lk="329" meta="vahemärk">”</sone><sone lk="329" keel="eesti" id="l12_s5" lemma="se" tahendus="see" ingl="this" liik="ProS" vorm="sg.el.">siest</sone><sone id="l12_s6" lk="329" lemma="āigast" tahendus="aasta" ingl="year" liik="S" vorm="sg.el.">āigast</sone><sone id="l12_s7" lk="329" lemma="sinā" tahendus="sina" ingl="you" liik="ProS" vorm="sg.nom.">sa</sone><sone id="l12_s8" lk="329" lemma="je’llõ" tahendus="elada" ingl="live" liik="V" vorm="pers.imp.pr.sg.2.">jelā</sone><sone id="l12_s9" lk="329" lemma="sī’ḑ" tahendus="siin" ingl="here" liik="ProAdv">sī’d</sone><sone id="l12_s10" lk="329" lemma="minā" tahendus="mina" ingl="I" liik="ProS" vorm="sg.gen.">min’</sone><sone id="l12_s11" lk="329" lemma="jūs" tahendus="juures" ingl="by" liik="Post">jūs</sone><sone id="l12_s12" lk="329" meta="vahemärk">,</sone><sone id="l12_s13" lk="329" lemma="minā" tahendus="mina" ingl="I" liik="ProS" vorm="sg.nom.">ma</sone><sone id="l12_s14" lk="329" lemma="sinā" tahendus="sina" ingl="you" liik="ProS" vorm="sg.part.">sīnda</sone><sone id="l12_s15" lk="329" lemma="pi’ddõ" tahendus="pidada" ingl="keep" liik="V" vorm="pers.ind.pr.sg.1.">pidāb</sone><sone id="l12_s16" lk="329" lemma="läpš" tahendus="laps" ingl="child" liik="S" vorm="sg.gen.">laps</sone><sone id="l12_s17" lk="329" lemma="pāika" tahendus="ase" ingl="place" liik="S" vorm="sg.in.">pāikas</sone><sone lk="329" keel="eesti" id="l12_s18" meta="vahemärk">.</sone><sone id="l12_s19" lk="329" meta="vahemärk">”</sone></lause></sisu>
</liivike>
