<?xml version="1.0" encoding="UTF-8"?>
<?xml-stylesheet type="text/xsl" href="liivike_tekst.xsl"?>
<liivike>
	<info><tyyp>kirjalik</tyyp><teema>Satuja 9</teema><keel>liivi</keel><murre>idaliivi</murre><kirjaviis>foneetiline transkriptsioon</kirjaviis><kyla longituud="22.588" latituud="57.744">Kuolka</kyla><teos pealkiri="Näytteitä liivin kielestä" aasta="1953" koht="Helsinki">E. N. Setälä</teos><keelejuht id="AK" haridus="" synniaasta="" synnikoht="" vanus="" sugu="M">Ans Kovits</keelejuht></info><sisu id="Set_Sat_9">
		<lause id="l1">
			<sone id="l1_s1" lk="82" lemma="ikš" tahendus="üks" ingl="one" liik="ProS" vorm="sg.nom.">ikš</sone>
			<sone id="l1_s2" lk="82" lemma="kik" tahendus="kukk" ingl="rooster" liik="S" vorm="sg.nom.">kik</sone><sone id="l1_s3" lk="82" lemma="un" tahendus="ja" ingl="and" liik="Konj">un</sone><sone id="l1_s4" lk="82" lemma="kanā" tahendus="kana" ingl="hen" liik="S" vorm="sg.nom.">kanā</sone><sone id="l1_s5" lk="82" meta="vahemärk">[</sone><sone id="l1_s6" lk="82" lemma="vȱlda" tahendus="olla" ingl="be" liik="Va" vorm="pers.ind.pr.pl.3.">attə</sone><sone id="l1_s7" lk="82" meta="vahemärk"> &gt;</sone><sone id="l1_s8" lk="82" meta="vahemärk">]</sone><sone id="l1_s9" lk="82" lemma="vȱlda" tahendus="olla" ingl="be" liik="Va" vorm="pers.ind.pr.pl.3.">a’dtə</sone><sone id="l1_s10" lk="82" lemma="bro’utšõ" tahendus="sõita" ingl="drive" liik="V" vorm="nud.pl.">brou’tšənd</sone><sone id="l1_s11" lk="82" lemma="Leiš" tahendus="Leedu" ingl="Lithuania" liik="H" vorm="sg.ill." kommentaar="?">leišəz</sone><sone id="l1_s12" lk="82" lemma="un" tahendus="ja" ingl="and" liik="Konj">un</sone><sone id="l1_s13" lk="82" lemma="si’z" tahendus="siis" ingl="then" liik="ProAdv">siz</sone><sone id="l1_s14" lk="82" lemma="se" tahendus="see" ingl="this" liik="ProS" vorm="sg.nom.">se</sone><sone id="l1_s15" lk="82" lemma="kik" tahendus="kukk" ingl="rooster" liik="S" vorm="sg.nom.">kik</sone><sone id="l1_s16" lk="82" lemma="vȱlda" tahendus="olla" ingl="be" liik="Va" vorm="pers.ind.pr.sg.3.">um’</sone><sone id="l1_s17" lk="82" lemma="tī’edõ" tahendus="teha" ingl="do" liik="V" vorm="nud.sg.">ti’end</sone><sone id="l1_s18" lk="82" lemma="rattõd" tahendus="vanker" ingl="cart" liik="S" vorm="pl.nom.">rattəd</sone><sone id="l1_s19" lk="82" lemma="pu’nni" tahendus="punane" ingl="red" liik="A" vorm="pl.gen.">pun’nist</sone><sone id="l1_s20" lk="82" lemma="kȭr" tahendus="ratas" ingl="wheel" liik="S" vorm="pl.instl.">kī̮rədəks</sone><sone id="l1_s21" lk="82" lemma="un" tahendus="ja" ingl="and" liik="Konj">un</sone><sone id="l1_s22" lk="82" lemma="si’z" tahendus="siis" ingl="then" liik="ProAdv">siz</sone><sone id="l1_s23" lk="82" lemma="pānda" tahendus="panna" ingl="put" liik="V" vorm="nud.sg.">pand</sone><sone id="l1_s24" lk="82" lemma="seis" tahendus="seitse" ingl="seven" liik="Nump" vorm="sg.nom.">seis</sone><sone id="l1_s25" lk="82" lemma="īr" tahendus="hiir" ingl="mouse" liik="S" vorm="sg.part.">īrə</sone><sone id="l1_s26" lk="82" meta="vahemärk">[</sone><sone id="l1_s27" lk="82" lemma="je’ddõ" tahendus="ette" ingl="in front of" liik="Adv">je̮’ddə</sone><sone id="l1_s28" lk="82" meta="vahemärk"> &gt;</sone><sone id="l1_s29" lk="82" meta="vahemärk">]</sone><sone id="l1_s30" lk="82" lemma="je’ddõ" tahendus="ette" ingl="in front of" liik="Adv">je’ddə</sone><sone id="l1_s31" lk="82" lemma="un" tahendus="ja" ingl="and" liik="Konj">un</sone><sone id="l1_s32" lk="82" lemma="si’z" tahendus="siis" ingl="then" liik="ProAdv">siz</sone><sone id="l1_s33" lk="82" lemma="ne" tahendus="nemad" ingl="they" liik="ProS" vorm="pl.nom.">ne</sone><sone id="l1_s34" lk="82" lemma="vȱlda" tahendus="olla" ingl="be" liik="Va" vorm="pers.ind.pr.pl.3.">a’dtə</sone><sone id="l1_s35" lk="82" lemma="istõ" tahendus="istuda" ingl="sit" liik="V" vorm="nud.pl.">istənd</sone><sone id="l1_s36" lk="82" lemma="sillõ" tahendus="sisse" ingl="inside" liik="Adv">sil’lə</sone><sone id="l1_s37" lk="82" lemma="ne" tahendus="need" ingl="these" liik="ProS" vorm="pl.ill.">nēži</sone><sone id="l1_s38" lk="82" lemma="rattõd" tahendus="vanker" ingl="cart" liik="S" vorm="pl.ill.">rattiz</sone><sone id="l1_s39" lk="82" lemma="un" tahendus="ja" ingl="and" liik="Konj">un</sone><sone id="l1_s40" lk="82" lemma="bro’utšõ" tahendus="sõita" ingl="drive" liik="V" vorm="nud.pl.">brou’tšənd</sone><sone id="l1_s41" lk="82" lemma="ikš" tahendus="üks" ingl="one" liik="ProS" vorm="sg.gen.">ī’d</sone><sone id="l1_s42" lk="82" lemma="kabāl" tahendus="tükk" ingl="piece" liik="S" vorm="sg.gen.">kabāl</sone><sone id="l1_s43" lk="82" meta="vahemärk">.</sone></lause>
		<lause id="l2"><sone id="l2_s1" lk="82" lemma="si’z" tahendus="siis" ingl="then" liik="ProAdv">siz</sone><sone id="l2_s2" lk="82" lemma="vȱlda" tahendus="olla" ingl="be" liik="Va" vorm="pers.ind.pr.sg.3.">um’</sone><sone id="l2_s3" lk="82" lemma="tūlda" tahendus="tulla" ingl="come" liik="V" vorm="nud.sg.">tund</sone><sone id="l2_s4" lk="82" lemma="vastõ" tahendus="vastu" ingl="across" liik="Adva">vastə</sone><sone id="l2_s5" lk="82" lemma="kaš" tahendus="kass" ingl="cat" liik="S" vorm="sg.nom.">kaš</sone><sone id="l2_s6" lk="82" meta="vahemärk">.</sone></lause><lause id="l3"><sone id="l3_s1" lk="82" lemma="se" tahendus="see" ingl="this" liik="ProS" vorm="sg.nom.">se</sone><sone id="l3_s2" lk="82" lemma="kaš" tahendus="kass" ingl="cat" liik="S" vorm="sg.nom.">kaš</sone><sone id="l3_s3" lk="82" lemma="vȱlda" tahendus="olla" ingl="be" liik="Va" vorm="pers.ind.pr.sg.3.">um’</sone><sone id="l3_s4" lk="82" lemma="pallõ" tahendus="paluda" ingl="beg" liik="V" vorm="nud.sg.">pallən</sone><sone id="l3_s5" lk="82" meta="vahemärk">,</sone><sone id="l3_s6" lk="82" lemma="la’z" tahendus="las" ingl="let" liik="ModAdv">as</sone><sone id="l3_s7" lk="82" lemma="tämā" tahendus="tema" ingl="he, she" liik="ProS" vorm="sg.part.">tǟnda</sone><sone id="l3_s8" lk="82" lemma="võttõ" tahendus="võtta" ingl="take" liik="V" vorm="pers.jus.pr.sg.3.">vi̮tāg</sone><sone id="l3_s9" lk="82" lemma="pǟl" tahendus="peale" ingl="on" liik="Adva">pǟl</sone><sone id="l3_s10" lk="82" meta="vahemärk">.</sone></lause><lause id="l4"><sone id="l4_s1" lk="82" lemma="se" tahendus="see" ingl="this" liik="ProS" vorm="sg.nom.">se</sone><sone id="l4_s2" lk="82" lemma="kik" tahendus="kukk" ingl="rooster" liik="S" vorm="sg.nom.">kik</sone><sone id="l4_s3" lk="82" lemma="vȱlda" tahendus="olla" ingl="be" liik="Va" vorm="pers.ind.pr.sg.3.">um’</sone><sone id="l4_s4" lk="82" lemma="kītõ" tahendus="öelda" ingl="say" liik="V" vorm="nud.sg.">kītən</sone><sone id="l4_s5" lk="82" meta="vahemärk">,</sone><sone id="l4_s6" lk="83" lemma="la’z" tahendus="las" ingl="let" liik="ModAdv">as</sone><sone id="l4_s7" lk="83" lemma="tämā" tahendus="tema" ingl="he, she" liik="ProS" vorm="sg.nom.">ta</sone><sone id="l4_s8" lk="83" lemma="istõ" tahendus="istuda" ingl="sit" liik="V" vorm="pers.jus.pr.sg.3.">istāg</sone><sone id="l4_s9" lk="83" lemma="pǟl" tahendus="peale" ingl="on" liik="Adva">pǟl</sone><sone id="l4_s10" lk="83" meta="vahemärk">,</sone><sone id="l4_s11" lk="83" lemma="je’ddõ" tahendus="ette" ingl="in front of" liik="Adv">je’ddə</sone><sone id="l4_s12" lk="83" lemma="ä’b" tahendus="ei" ingl="not" liik="Mn" vorm="pr.sg.3." kommentaar="?">äb</sone><sone id="l4_s13" lk="83" meta="vahemärk">,</sone><sone id="l4_s14" lk="83" lemma="bet" tahendus="aga" ingl="but" liik="Konj">bet</sone><sone id="l4_s15" lk="83" lemma="tagān" tahendus="taha" ingl="behind" liik="Adv">tagān</sone><sone id="l4_s16" lk="83" meta="vahemärk">,</sone><sone id="l4_s17" lk="83" meta="vahemärk">”</sone><sone lk="83" keel="eesti" id="l4_s18" lemma="je’dstõ" tahendus="eest" ingl="from the front" liik="Adv">je’dst</sone><sone id="l4_s19" lk="83" lemma="sinā" tahendus="sina" ingl="you" liik="ProS" vorm="sg.nom.">sa</sone><sone id="l4_s20" lk="83" lemma="võidõ" tahendus="võida" ingl="can" liik="V" vorm="pers.ind.pr.sg.2.">vi̮id</sone><sone id="l4_s21" lk="83" lemma="sa’ddõ" tahendus="kukkuda" ingl="fall" liik="V" vorm="inf.">sa’ddə</sone><sone id="l4_s22" lk="83" lemma="mǭ’zõ" tahendus="maha" ingl="down" liik="Adva">må̄’zə</sone><sone id="l4_s23" lk="83" meta="vahemärk">,</sone><sone id="l4_s24" lk="83" lemma="bet" tahendus="aga" ingl="but" liik="Konj">bet</sone><sone id="l4_s25" lk="83" lemma="ne’i" tahendus="nii" ingl="so" liik="ProAdv">nei’</sone><sone id="l4_s26" lk="83" lemma="sinā" tahendus="sina" ingl="you" liik="ProS" vorm="sg.nom.">sa</sone><sone id="l4_s27" lk="83" lemma="võidõ" tahendus="võida" ingl="can" liik="V" vorm="pers.imp.pr.sg.2." kommentaar="?">vē̮ida</sone><sone id="l4_s28" lk="83" lemma="ku" tahendus="et" ingl="that" liik="Konj">ku</sone><sone id="l4_s29" lk="83" lemma="sinā" tahendus="sina" ingl="you" liik="ProS" vorm="sg.nom.">sa</sone><sone id="l4_s30" lk="83" lemma="minā" tahendus="mina" ingl="I" liik="ProS" vorm="sg.gen.">min’</sone><sone id="l4_s31" lk="83" lemma="pu’nni" tahendus="punane" ingl="red" liik="A" vorm="pl.gen." kommentaar="?">pun’nist</sone><sone id="l4_s32" lk="83" lemma="kȭr" tahendus="ratas" ingl="wheel" liik="S" vorm="pl.gen." kommentaar="?">kī̮rəd</sone><sone id="l4_s33" lk="83" lemma="ä’d" tahendus="ei" ingl="not" liik="Mn" vorm="pr.sg.2.">äd</sone><sone id="l4_s34" lk="83" lemma="tī’edõ" tahendus="teha" ingl="make" liik="V" vorm="pers.ind.sg.2.neg.">tie</sone><sone id="l4_s35" lk="83" lemma="paski" tahendus="pasane" ingl="shitty" liik="A" vorm="sg.tr.">paskīzəks</sone><sone lk="83" keel="eesti" id="l4_s36" meta="vahemärk">.</sone><sone id="l4_s37" lk="83" meta="vahemärk">”</sone></lause><lause id="l5"><sone id="l5_s1" lk="83" lemma="ni" tahendus="nüüd" ingl="now" liik="Adv">ni</sone><sone lk="83" keel="eesti" id="l5_s2" meta="vahemärk">=</sone><sone lk="83" keel="eesti" id="l5_s3" lemma="vȱlda" tahendus="olla" ingl="be" liik="Va" vorm="pers.ind.pr.sg.3.">m’</sone><sone id="l5_s4" lk="83" lemma="tūlda" tahendus="tulla" ingl="come" liik="V" vorm="nud.sg.">tund</sone><sone id="l5_s5" lk="83" lemma="ikš" tahendus="üks" ingl="one" liik="ProS" vorm="sg.nom.">ikš</sone><sone id="l5_s6" lk="83" lemma="pa’ŗ" tahendus="part" ingl="duck" liik="S" vorm="sg.nom.">par’</sone><sone id="l5_s7" lk="83" lemma="un" tahendus="ja" ingl="and" liik="Konj">un</sone><sone id="l5_s8" lk="83" lemma="se" tahendus="see" ingl="this" liik="ProS" vorm="sg.nom.">se</sone><sone lk="83" keel="eesti" id="l5_s9" meta="vahemärk">=</sone><sone lk="83" keel="eesti" id="l5_s10" lemma="vȱlda" tahendus="olla" ingl="be" liik="Va" vorm="pers.ind.pr.sg.3.">m’</sone><sone id="l5_s11" lk="83" lemma="istõ" tahendus="istuda" ingl="sit" liik="V" vorm="nud.sg.">istən</sone><sone id="l5_s12" lk="83" lemma="pǟl" tahendus="peale" ingl="on" liik="Adva">pǟl</sone><sone id="l5_s13" lk="83" lemma="un" tahendus="ja" ingl="and" liik="Konj">un</sone><sone id="l5_s14" lk="83" lemma="si’z" tahendus="siis" ingl="then" liik="ProAdv">siz</sone><sone id="l5_s15" lk="83" lemma="vȱlda" tahendus="olla" ingl="be" liik="Va" vorm="pers.ind.pr.sg.3.">um’</sone><sone id="l5_s16" lk="83" lemma="tūlda" tahendus="tulla" ingl="come" liik="V" vorm="nud.sg.">tund</sone><sone id="l5_s17" lk="83" lemma="nõ’ggõl" tahendus="nõel" ingl="needle" liik="S" vorm="sg.nom.">ni̮’ggl̥</sone><sone id="l5_s18" lk="83" lemma="un" tahendus="ja" ingl="and" liik="Konj">un</sone><sone id="l5_s19" lk="83" lemma="pǟ+nõ’ggõl" tahendus="nööpnõel" ingl="pin" liik="S" vorm="sg.nom.">pǟ+ni̮’ggl̥</sone><sone id="l5_s20" lk="83" lemma="un" tahendus="ja" ingl="and" liik="Konj">un</sone><sone id="l5_s21" lk="83" lemma="kanā+munā" tahendus="kanamuna" ingl="egg" liik="S" vorm="sg.nom.">kanā+munā</sone><sone id="l5_s22" lk="83" lemma="un" tahendus="ja" ingl="and" liik="Konj">un</sone><sone id="l5_s23" lk="83" lemma="si’z" tahendus="siis" ingl="then" liik="ProAdv">siz</sone><sone id="l5_s24" lk="83" lemma="vȱlda" tahendus="olla" ingl="be" liik="Va" vorm="pers.ind.pr.sg.3.">um’</sone><sone id="l5_s25" lk="83" lemma="tūlda" tahendus="tulla" ingl="come" liik="V" vorm="nud.sg.">tund</sone><sone id="l5_s26" lk="83" lemma="ve’l" tahendus="veel" ingl="also" liik="ModAdv">vel’</sone><sone id="l5_s27" lk="83" lemma="kä’d+ki’v" tahendus="käsikivi" ingl="quern-stone" liik="S" vorm="sg.nom.">kä’d+kiw’</sone><sone id="l5_s28" lk="83" lemma="un" tahendus="ja" ingl="and" liik="Konj">un</sone><sone id="l5_s29" lk="83" lemma="se" tahendus="see" ingl="this" liik="ProS" vorm="sg.nom.">se</sone><sone id="l5_s30" lk="83" lemma="ka" tahendus="ka" ingl="also" liik="ModAdv">ka</sone><sone id="l5_s31" lk="83" lemma="istõ" tahendus="istuda" ingl="sit" liik="V" vorm="nud.sg.">istən</sone><sone id="l5_s32" lk="83" lemma="pǟl" tahendus="peale" ingl="on" liik="Adva">pǟl</sone><sone id="l5_s33" lk="83" meta="vahemärk">.</sone></lause><lause id="l6"><sone id="l6_s1" lk="83" lemma="un" tahendus="ja" ingl="and" liik="Konj">un</sone><sone id="l6_s2" lk="83" lemma="si’z" tahendus="siis" ingl="then" liik="ProAdv">siz</sone><sone id="l6_s3" lk="83" lemma="vȱlda" tahendus="olla" ingl="be" liik="Va" vorm="pers.ind.pr.pl.3.">a’dtə</sone><sone id="l6_s4" lk="83" lemma="bro’utšõ" tahendus="sõita" ingl="drive" liik="V" vorm="nud.pl.">brou’tšənd</sone><sone id="l6_s5" lk="83" lemma="u’ņ+țapāj" tahendus="mõrtsukas" ingl="assassin" liik="S" vorm="sg.gen.">uń’+t́apāji</sone><sone id="l6_s6" lk="83" lemma="be’ḑḑõr" tahendus="koobas" ingl="cave" liik="S" vorm="sg.nom." kommentaar="?">be’d́d́r̥</sone><sone id="l6_s7" lk="83" lemma="un" tahendus="ja" ingl="and" liik="Konj">un</sone><sone id="l6_s8" lk="83" lemma="ni" tahendus="nüüd" ingl="now" liik="Adv">ni</sone><sone id="l6_s9" lk="83" lemma="ne" tahendus="nemad" ingl="they" liik="ProS" vorm="pl.nom.">ne</sone><sone id="l6_s10" lk="83" lemma="vȱlda" tahendus="olla" ingl="be" liik="Va" vorm="pers.ind.pr.pl.3.">a’dtə</sone><sone id="l6_s11" lk="83" lemma="lǟ’dõ" tahendus="minna" ingl="go" liik="V" vorm="nud.pl.">lǟ’nəd</sone><sone id="l6_s12" lk="83" lemma="sillõ" tahendus="sisse" ingl="inside" liik="Adv">sil’lə</sone><sone id="l6_s13" lk="83" meta="vahemärk">.</sone></lause><lause id="l7"><sone id="l7_s1" lk="83" lemma="īr" tahendus="hiir" ingl="mouse" liik="S" vorm="pl.nom.">īrəd</sone><sone id="l7_s2" lk="83" lemma="vȱlda" tahendus="olla" ingl="be" liik="Va" vorm="pers.ind.pr.pl.3.">a’dtə</sone><sone id="l7_s3" lk="83" lemma="bro’utšõ" tahendus="sõita" ingl="drive" liik="V" vorm="nud.pl.">brou’tšənd</sone><sone id="l7_s4" lk="83" lemma="rattõd+kīņ" tahendus="vankrikuur" ingl="cart shed" liik="S" vorm="sg.ill.">rattəd+kīńə</sone><sone id="l7_s5" lk="83" lemma="un" tahendus="ja" ingl="and" liik="Konj">un</sone><sone id="l7_s6" lk="83" lemma="kanā" tahendus="kana" ingl="hen" liik="S" vorm="sg.nom.">kanā</sone><sone id="l7_s7" lk="83" lemma="kik" tahendus="kukk" ingl="rooster" liik="S" vorm="sg.instl.">kikkəks</sone><sone id="l7_s8" lk="83" lemma="vȱlda" tahendus="olla" ingl="be" liik="Va" vorm="pers.ind.pr.pl.3.">a’dtə</sone><sone id="l7_s9" lk="83" lemma="lǟ’dõ" tahendus="minna" ingl="go" liik="V" vorm="nud.pl.">lǟ’nəd</sone><sone id="l7_s10" lk="83" lemma="vȯŗž" tahendus="õrs" ingl="henroost" liik="S" vorm="sg.gen.">ve̮rd</sone><sone id="l7_s11" lk="83" lemma="pǟl" tahendus="peale" ingl="on" liik="Post">pǟl</sone><sone id="l7_s12" lk="83" lemma="un" tahendus="ja" ingl="and" liik="Konj">un</sone><sone id="l7_s13" lk="83" lemma="pa’ŗ" tahendus="part" ingl="duck" liik="S" vorm="sg.nom.">par’</sone><sone id="l7_s14" lk="83" lemma="tegīž" tahendus="jälle" ingl="again" liik="ModAdv">tei’ž</sone><sone id="l7_s15" lk="83" lemma="vȱlda" tahendus="olla" ingl="be" liik="Va" vorm="pers.ind.pr.sg.3.">um’</sone><sone id="l7_s16" lk="83" lemma="lǟ’dõ" tahendus="minna" ingl="go" liik="V" vorm="nud.sg.">lǟ’nd</sone><sone id="l7_s17" lk="83" lemma="vie’d+bǭļa" tahendus="veeküna" ingl="water trough" liik="S" vorm="sg.ill.">vⁱe’d+baĺĺə</sone><sone id="l7_s18" lk="83" lemma="un" tahendus="ja" ingl="and" liik="Konj">un</sone><sone id="l7_s19" lk="83" lemma="kaš" tahendus="kass" ingl="cat" liik="S" vorm="sg.nom.">kaš</sone><sone id="l7_s20" lk="83" lemma="tegīž" tahendus="jälle" ingl="again" liik="ModAdv">tei’ž</sone><sone id="l7_s21" lk="83" lemma="lǟ’dõ" tahendus="minna" ingl="go" liik="V" vorm="nud.sg.">lǟ’nd</sone><sone id="l7_s22" lk="83" lemma="ǭ’j" tahendus="ahi" ingl="furnace" liik="S" vorm="sg.gen.">å̄’i</sone><sone id="l7_s23" lk="83" lemma="sū" tahendus="suu" ingl="mouth" liik="S" vorm="sg.ill.">sū’z</sone><sone id="l7_s24" lk="83" lemma="un" tahendus="ja" ingl="and" liik="Konj">un</sone><sone id="l7_s25" lk="83" lemma="pǟ+nõ’ggõl" tahendus="nööpnõel" ingl="pin" liik="S" vorm="sg.nom.">pǟ+ni̮’ggl̥</sone><sone id="l7_s26" lk="83" lemma="tegīž" tahendus="jälle" ingl="again" liik="ModAdv">tei’ž</sone><sone id="l7_s27" lk="83" lemma="ra’j" tahendus="tool" ingl="chair" liik="S" vorm="sg.ill.">rai’jəz</sone><sone id="l7_s28" lk="83" lemma="ī’ž" tahendus="ise" ingl="self" liik="ProS" vorm="sg.part.">ēńt́šta</sone><sone id="l7_s29" lk="83" lemma="spro’užõ" tahendus="torgata" ingl="prick" liik="V" vorm="nud.sg.">sprou’džn̥</sone><sone id="l7_s30" lk="83" lemma="un" tahendus="ja" ingl="and" liik="Konj">un</sone><sone id="l7_s31" lk="83" lemma="se" tahendus="see" ingl="this" liik="ProS" vorm="sg.nom.">se</sone><sone id="l7_s32" lk="83" lemma="umbõltõb+nõ’ggõl" tahendus="õmblusnõel" ingl="sewing needle" liik="S" vorm="sg.nom.">umbl̥təb+ni̮’ggl̥</sone><sone id="l7_s33" lk="83" lemma="tegīž" tahendus="jälle" ingl="again" liik="ModAdv">tei’ž</sone><sone id="l7_s34" lk="83" lemma="paḑā" tahendus="padi" ingl="pillow" liik="S" vorm="sg.ill.">pa’d́d́əz</sone><sone id="l7_s35" lk="83" lemma="un" tahendus="ja" ingl="and" liik="Konj">un</sone><sone id="l7_s36" lk="83" lemma="tegīž" tahendus="jälle" ingl="again" liik="ModAdv">tei’ž</sone><sone id="l7_s37" lk="83" lemma="se" tahendus="see" ingl="this" liik="ProS" vorm="sg.nom.">se</sone><sone id="l7_s38" lk="83" lemma="kanā+munā" tahendus="kanamuna" ingl="egg" liik="S" vorm="sg.nom.">kanā+munā</sone><sone id="l7_s39" lk="83" lemma="sīlmad+ǭ’rõn" tahendus="käterätik" ingl="facecloth" liik="S" vorm="sg.gen.">sīlmad+å̄’rn̥</sone><sone id="l7_s40" lk="83" lemma="sillõ" tahendus="sisse" ingl="inside" liik="Post">sil’lə</sone><sone id="l7_s41" lk="83" meta="vahemärk">.</sone></lause><lause id="l8"><sone id="l8_s1" lk="83" lemma="un" tahendus="ja" ingl="and" liik="Konj">un</sone><sone id="l8_s2" lk="83" lemma="ni" tahendus="nüüd" ingl="now" liik="Adv">ni</sone><sone lk="83" keel="eesti" id="l8_s3" meta="vahemärk">=</sone><sone lk="83" keel="eesti" id="l8_s4" lemma="vȱlda" tahendus="olla" ingl="be" liik="Va" vorm="pers.ind.pr.sg.3.">m’</sone><sone id="l8_s5" lk="83" lemma="se" tahendus="see" ingl="this" liik="ProS" vorm="sg.nom.">se</sone><sone id="l8_s6" lk="83" lemma="u’ņ+țapāj" tahendus="mõrtsukas" ingl="assassin" liik="S" vorm="sg.nom.">uń’+t́apāji</sone><sone id="l8_s7" lk="83" lemma="tūlda" tahendus="tulla" ingl="come" liik="V" vorm="nud.sg.">tund</sone><sone id="l8_s8" lk="83" lemma="kuodāj" tahendus="koju" ingl="home" liik="Adv">kᵘodāi</sone><sone id="l8_s9" lk="83" meta="vahemärk">.</sone></lause><lause id="l9"><sone id="l9_s1" lk="83" lemma="tämā" tahendus="tema" ingl="he, she" liik="ProS" vorm="sg.nom.">ta</sone><sone lk="83" keel="eesti" id="l9_s2" meta="vahemärk">=</sone><sone lk="83" keel="eesti" id="l9_s3" lemma="vȱlda" tahendus="olla" ingl="be" liik="Va" vorm="pers.ind.pr.sg.3.">m’</sone><sone id="l9_s4" lk="83" lemma="lǟ’dõ" tahendus="minna" ingl="go" liik="V" vorm="nud.sg.">lǟ’nd</sone><sone id="l9_s5" lk="83" lemma="ǭ’j" tahendus="ahi" ingl="furnace" liik="S" vorm="sg.gen.">å̄’i</sone><sone id="l9_s6" lk="83" lemma="sū" tahendus="suu" ingl="mouth" liik="S" vorm="sg.ill.">sū’z</sone><sone id="l9_s7" lk="83" lemma="pīp" tahendus="piip" ingl="pipe" liik="S" vorm="sg.gen.">pīp</sone><sone id="l9_s8" lk="83" lemma="tu’ļ" tahendus="tuli" ingl="fire" liik="S" vorm="sg.part.">tūlda</sone><sone id="l9_s9" lk="83" lemma="sǭdõ" tahendus="saada" ingl="get" liik="V" vorm="sup.">så̄m</sone><sone id="l9_s10" lk="83" lemma="un" tahendus="ja" ingl="and" liik="Konj">un</sone><sone id="l9_s11" lk="83" lemma="kaš" tahendus="kass" ingl="cat" liik="S" vorm="sg.nom.">kaš</sone><sone id="l9_s12" lk="83" lemma="vȱlda" tahendus="olla" ingl="be" liik="Va" vorm="pers.ind.pr.sg.3.">um’</sone><sone id="l9_s13" lk="83" lemma="eitõ" tahendus="heita" ingl="throw" liik="V" vorm="nud.sg.">eitən</sone><sone id="l9_s14" lk="83" lemma="sīlma" tahendus="silm" ingl="eye" liik="S" vorm="pl.nom.">sīlmad</sone><sone id="l9_s15" lk="83" lemma="tū’gõd" tahendus="tuhk" ingl="ashes" liik="S" vorm="pl.part.">tū’gidi</sone><sone id="l9_s16" lk="83" lemma="tǟ’dõks" tahendus="täis" ingl="full" liik="Adv">tǟdəks</sone><sone id="l9_s17" lk="83" meta="vahemärk">.</sone></lause><lause id="l10"><sone id="l10_s1" lk="83" lemma="un" tahendus="ja" ingl="and" liik="Konj">un</sone><sone id="l10_s2" lk="83" lemma="ni" tahendus="nüüd" ingl="now" liik="Adv">ni</sone><sone id="l10_s3" lk="83" lemma="tämā" tahendus="tema" ingl="he, she" liik="ProS" vorm="sg.nom.">ta</sone><sone lk="83" keel="eesti" id="l10_s4" meta="vahemärk">=</sone><sone lk="83" keel="eesti" id="l10_s5" lemma="vȱlda" tahendus="olla" ingl="be" liik="Va" vorm="pers.ind.pr.sg.3.">m’</sone><sone id="l10_s6" lk="83" lemma="lǟ’dõ" tahendus="minna" ingl="go" liik="V" vorm="nud.sg.">lǟ’nd</sone><sone id="l10_s7" lk="83" lemma="sīnõ" tahendus="sinna" ingl="there" liik="ProAdv">sīn</sone><sone id="l10_s8" lk="83" lemma="vie’d+bǭļa" tahendus="veeküna" ingl="water trough" liik="S" vorm="sg.ill.">vⁱe’d+baĺĺə</sone><sone id="l10_s9" lk="83" lemma="pie’zzõ" tahendus="pesta" ingl="wash" liik="V" vorm="sup.">pⁱe’zzəm</sone><sone id="l10_s10" lk="83" lemma="un" tahendus="ja" ingl="and" liik="Konj">un</sone><sone id="l10_s11" lk="83" lemma="se" tahendus="see" ingl="this" liik="ProS" vorm="sg.nom.">se</sone><sone id="l10_s12" lk="83" lemma="pa’ŗ" tahendus="part" ingl="duck" liik="S" vorm="sg.nom.">par’</sone><sone id="l10_s13" lk="83" lemma="vȱlda" tahendus="olla" ingl="be" liik="Va" vorm="pers.ind.pr.sg.3.">um’</sone><sone id="l10_s14" lk="83" lemma="tämā" tahendus="tema" ingl="he, she" liik="ProS" vorm="sg.part.">tǟnda</sone><sone id="l10_s15" lk="83" lemma="tī’edõ" tahendus="teha" ingl="do" liik="V" vorm="nud.sg.">ti’end</sone><sone id="l10_s16" lk="83" lemma="ka’žži" tahendus="märg" ingl="wet" liik="A" vorm="sg.tr.">kažīzəks</sone><sone id="l10_s17" lk="83" meta="vahemärk">.</sone></lause><lause id="l11"><sone id="l11_s1" lk="83" lemma="un" tahendus="ja" ingl="and" liik="Konj">un</sone><sone id="l11_s2" lk="83" lemma="ni" tahendus="nüüd" ingl="now" liik="Adv">ni</sone><sone id="l11_s3" lk="83" lemma="tämā" tahendus="tema" ingl="he, she" liik="ProS" vorm="sg.nom.">ta</sone><sone lk="83" keel="eesti" id="l11_s4" meta="vahemärk">=</sone><sone lk="83" keel="eesti" id="l11_s5" lemma="vȱlda" tahendus="olla" ingl="be" liik="Va" vorm="pers.ind.pr.sg.3.">m’</sone><sone id="l11_s6" lk="83" lemma="tūlda" tahendus="tulla" ingl="come" liik="V" vorm="nud.sg.">tund</sone><sone id="l11_s7" lk="83" lemma="tubā" tahendus="tuba" ingl="room" liik="S" vorm="sg.ill.">tu’bbə</sone><sone id="l11_s8" lk="83" lemma="sīlmad+ǭ’rõn" tahendus="käterätik" ingl="facecloth" liik="S" vorm="sg.gen.">sīlmad+å̄’rn̥</sone><sone id="l11_s9" lk="83" lemma="jū’rõ" tahendus="juurde" ingl="to" liik="Post">jū’r</sone><sone id="l11_s10" lk="83" lemma="pū’stõ" tahendus="pühkida" ingl="wipe" liik="V" vorm="sup.">pū’stəm</sone><sone id="l11_s11" lk="83" lemma="un" tahendus="ja" ingl="and" liik="Konj">un</sone><sone id="l11_s12" lk="83" lemma="ni" tahendus="nüüd" ingl="now" liik="Adv">ni</sone><sone id="l11_s13" lk="83" lemma="se" tahendus="see" ingl="this" liik="ProS" vorm="sg.nom.">se</sone><sone id="l11_s14" lk="83" lemma="kanā+munā" tahendus="kanamuna" ingl="egg" liik="S" vorm="sg.nom.">kanā+munā</sone><sone id="l11_s15" lk="83" lemma="vȱlda" tahendus="olla" ingl="be" liik="Va" vorm="pers.ind.pr.sg.3.">um’</sone><sone id="l11_s16" lk="83" lemma="tī’edõ" tahendus="teha" ingl="do" liik="V" vorm="nud.sg.">ti’end</sone><sone id="l11_s17" lk="83" lemma="tämā" tahendus="tema" ingl="he, she" liik="ProS" vorm="sg.dat.">täm’mn̥</sone><sone id="l11_s18" lk="83" lemma="sīlma" tahendus="silm" ingl="eye" liik="S" vorm="pl.nom.">sīlmad</sone><sone id="l11_s19" lk="83" lemma="tǟ’dõks" tahendus="täis" ingl="full" liik="Adv">tǟdəks</sone><sone id="l11_s20" lk="83" lemma="se" tahendus="see" ingl="this" liik="ProS" vorm="sg.part.">sⁱedā</sone><sone id="l11_s21" lk="83" lemma="kanā" tahendus="kana" ingl="hen" liik="S" vorm="sg.gen.">kanā</sone><sone id="l11_s22" lk="83" lemma="vī’ri" tahendus="kollane" ingl="yellow" liik="S" vorm="sg.part.">vī’rist</sone><sone id="l11_s23" lk="83" lemma="un" tahendus="ja" ingl="and" liik="Konj">un</sone><sone id="l11_s24" lk="83" lemma="tämā" tahendus="tema" ingl="he, she" liik="ProS" vorm="sg.gen.">täm’</sone><sone id="l11_s25" lk="83" lemma="sīlma" tahendus="silm" ingl="eye" liik="S" vorm="pl.nom.">sīlmad</sone><sone id="l11_s26" lk="83" lemma="vi’zzõ" tahendus="kinni" ingl="shut" liik="Adva">vi’zzə</sone><sone id="l11_s27" lk="83" lemma="tī’edõ" tahendus="teha" ingl="do" liik="V" vorm="nud.sg.">ti’end</sone><sone id="l11_s28" lk="83" lemma="un" tahendus="ja" ingl="and" liik="Konj">un</sone><sone id="l11_s29" lk="83" lemma="ni" tahendus="nüüd" ingl="now" liik="Adv">ni</sone><sone id="l11_s30" lk="83" lemma="tämā" tahendus="tema" ingl="he, she" liik="ProS" vorm="sg.nom.">ta</sone><sone lk="83" keel="eesti" id="l11_s31" meta="vahemärk">=</sone><sone lk="83" keel="eesti" id="l11_s32" lemma="vȱlda" tahendus="olla" ingl="be" liik="Va" vorm="pers.ind.pr.sg.3.">m’</sone><sone id="l11_s33" lk="83" lemma="istõ" tahendus="istuda" ingl="sit" liik="V" vorm="nud.sg.">istən</sone><sone id="l11_s34" lk="83" lemma="ra’j" tahendus="tool" ingl="chair" liik="S" vorm="sg.gen.">rai’</sone><sone id="l11_s35" lk="83" lemma="pǟl" tahendus="peale" ingl="on" liik="Post">pǟl</sone><sone id="l11_s36" lk="83" lemma="un" tahendus="ja" ingl="and" liik="Konj">un</sone><sone id="l11_s37" lk="83" lemma="ni" tahendus="nüüd" ingl="now" liik="Adv">ni</sone><sone id="l11_s38" lk="83" lemma="se" tahendus="see" ingl="this" liik="ProS" vorm="sg.nom.">se</sone><sone id="l11_s39" lk="83" lemma="pǟ+nõ’ggõl" tahendus="nööpnõel" ingl="pin" liik="S" vorm="sg.nom.">pǟ+ni̮’ggl̥</sone><sone id="l11_s40" lk="83" lemma="vȱlda" tahendus="olla" ingl="be" liik="Va" vorm="pers.ind.pr.sg.3.">um’</sone><sone id="l11_s41" lk="83" lemma="siskõ" tahendus="torgata" ingl="prick" liik="V" vorm="nud.sg.">siskn̥</sone><sone id="l11_s42" lk="83" lemma="tämā" tahendus="tema" ingl="he, she" liik="ProS" vorm="sg.part.">tǟnda</sone><sone id="l11_s43" lk="83" lemma="un" tahendus="ja" ingl="and" liik="Konj">un</sone><sone id="l11_s44" lk="83" lemma="tämā" tahendus="tema" ingl="he, she" liik="ProS" vorm="sg.nom.">ta</sone><sone lk="83" keel="eesti" id="l11_s45" meta="vahemärk">=</sone><sone lk="83" keel="eesti" id="l11_s46" lemma="vȱlda" tahendus="olla" ingl="be" liik="Va" vorm="pers.ind.pr.sg.3.">m’</sone><sone id="l11_s47" lk="83" lemma="sǭdõ" tahendus="saada" ingl="get" liik="V" vorm="nud.sg.">så̄nd</sone><sone id="l11_s48" lk="84" lemma="kõ’zzi" tahendus="vihane" ingl="angry" liik="A" vorm="sg.tr.">ki̮zīzəks</sone><sone id="l11_s49" lk="84" lemma="un" tahendus="ja" ingl="and" liik="Konj">un</sone><sone id="l11_s50" lk="84" lemma="tämā" tahendus="tema" ingl="he, she" liik="ProS" vorm="sg.nom.">ta</sone><sone lk="84" keel="eesti" id="l11_s51" meta="vahemärk">=</sone><sone lk="84" keel="eesti" id="l11_s52" lemma="vȱlda" tahendus="olla" ingl="be" liik="Va" vorm="pers.ind.pr.sg.3.">m’</sone><sone id="l11_s53" lk="84" lemma="lǟ’dõ" tahendus="minna" ingl="go" liik="V" vorm="nud.sg.">lǟ’nd</sone><sone id="l11_s54" lk="84" lemma="lo’vvõl" tahendus="voodi(sse)" ingl="to bed" liik="Adv">lou’vəl</sone><sone id="l11_s55" lk="84" lemma="laskõ" tahendus="lasta" ingl="drop" liik="V" vorm="sup." kommentaar="?">laškəm</sone><sone id="l11_s56" lk="84" lemma="ma’ggõ" tahendus="magada" ingl="sleep" liik="V" vorm="sup.">ma’ggəm</sone><sone id="l11_s57" lk="84" lemma="un" tahendus="ja" ingl="and" liik="Konj">un</sone><sone id="l11_s58" lk="84" lemma="se" tahendus="see" ingl="this" liik="ProS" vorm="sg.nom.">se</sone><sone id="l11_s59" lk="84" lemma="umbõltõb+nõ’ggõl" tahendus="õmblusnõel" ingl="sewing needle" liik="S" vorm="sg.nom.">umbl̥təb+ni̮’ggl̥</sone><sone id="l11_s60" lk="84" lemma="tegīž" tahendus="jälle" ingl="again" liik="ModAdv">tei’ž</sone><sone id="l11_s61" lk="84" lemma="vȱlda" tahendus="olla" ingl="be" liik="Va" vorm="pers.ind.pr.sg.3.">um’</sone><sone id="l11_s62" lk="84" lemma="siskõ" tahendus="torgata" ingl="prick" liik="V" vorm="nud.sg.">siskən</sone><sone id="l11_s63" lk="84" lemma="tämā" tahendus="tema" ingl="he, she" liik="ProS" vorm="sg.part.">tǟnda</sone><sone id="l11_s64" lk="84" lemma="un" tahendus="ja" ingl="and" liik="Konj">un</sone><sone id="l11_s65" lk="84" lemma="si’z" tahendus="siis" ingl="then" liik="ProAdv">siz</sone><sone id="l11_s66" lk="84" lemma="tämā" tahendus="tema" ingl="he, she" liik="ProS" vorm="sg.nom.">ta</sone><sone lk="84" keel="eesti" id="l11_s67" meta="vahemärk">=</sone><sone lk="84" keel="eesti" id="l11_s68" lemma="vȱlda" tahendus="olla" ingl="be" liik="Va" vorm="pers.ind.pr.sg.3.">m’</sone><sone id="l11_s69" lk="84" lemma="lǟ’dõ" tahendus="minna" ingl="go" liik="V" vorm="nud.sg.">lǟ’nd</sone><sone id="l11_s70" lk="84" lemma="ulzõ" tahendus="välja" ingl="out" liik="Adv">uldzə</sone><sone id="l11_s71" lk="84" lemma="un" tahendus="ja" ingl="and" liik="Konj">un</sone><sone id="l11_s72" lk="84" lemma="si’z" tahendus="siis" ingl="then" liik="ProAdv">siz</sone><sone id="l11_s73" lk="84" lemma="se" tahendus="see" ingl="this" liik="ProS" vorm="sg.nom.">se</sone><sone id="l11_s74" lk="84" lemma="kä’d+ki’v" tahendus="käsikivi" ingl="quern-stone" liik="S" vorm="sg.nom.">kä’d+kiw’</sone><sone id="l11_s75" lk="84" lemma="vȱlda" tahendus="olla" ingl="be" liik="Va" vorm="pers.ind.pr.sg.3.">um’</sone><sone id="l11_s76" lk="84" lemma="ukš" tahendus="uks" ingl="door" liik="S" vorm="sg.gen.">uks</sone><sone id="l11_s77" lk="84" lemma="pǟldõ" tahendus="pealt" ingl="from the top" liik="Post">pǟldə</sone><sone id="l11_s78" lk="84" lemma="sa’ddõ" tahendus="kukkuda" ingl="fall" liik="V" vorm="nud.sg.">sa’ddən</sone><sone id="l11_s79" lk="84" lemma="mǭ’zõ" tahendus="maha" ingl="down" liik="Adva">må̄’z</sone><sone id="l11_s80" lk="84" lemma="un" tahendus="ja" ingl="and" liik="Konj">un</sone><sone id="l11_s81" lk="84" lemma="ra’bbõ" tahendus="lüüa" ingl="hit" liik="V" vorm="nud.sg.">ra’bbən</sone><sone id="l11_s82" lk="84" lemma="tämā" tahendus="tema" ingl="he, she" liik="ProS" vorm="sg.gen.">täm’</sone><sone id="l11_s83" lk="84" lemma="jarā" tahendus="ära" ingl="away" liik="Adva">jerā</sone><sone id="l11_s84" lk="84" meta="vahemärk">.</sone></lause><lause id="l12"><sone id="l12_s1" lk="84" lemma="si’z" tahendus="siis" ingl="then" liik="ProAdv">siz</sone><sone id="l12_s2" lk="84" lemma="ne" tahendus="nemad" ingl="they" liik="ProS" vorm="pl.nom.">ne</sone><sone id="l12_s3" lk="84" lemma="vȱlda" tahendus="olla" ingl="be" liik="Va" vorm="pers.ind.pr.pl.3.">a’dtə</sone><sone id="l12_s4" lk="84" lemma="je’llõ" tahendus="elada" ingl="live" liik="V" vorm="nud.pl.">jel’lənd</sone><sone id="l12_s5" lk="84" lemma="amād" tahendus="kõik" ingl="everybody" liik="ProS" vorm="pl.nom.">amād</sone><sone id="l12_s6" lk="84" lemma="sǟ’l" tahendus="seal" ingl="there" liik="ProAdv">sǟ’l</sone><sone id="l12_s7" lk="84" lemma="un" tahendus="ja" ingl="and" liik="Konj">un</sone><sone id="l12_s8" lk="84" lemma="je’llõ" tahendus="elada" ingl="live" liik="V" vorm="pers.ind.pr.pl.3.">jelābəd</sone><sone id="l12_s9" lk="84" lemma="ve’l" tahendus="veel" ingl="still" liik="ModAdv">vel</sone><sone id="l12_s10" lk="84" lemma="paldīņ" tahendus="praegu" ingl="now" liik="Adv">paldīń</sone><sone id="l12_s11" lk="84" meta="vahemärk">.</sone></lause></sisu>
</liivike>
