<?xml version="1.0" encoding="UTF-8"?>
<?xml-stylesheet type="text/xsl" href="liivike_tekst.xsl"?>
<liivike>
	<info><tyyp>kirjalik</tyyp><teema>Satuja 17</teema><keel>liivi</keel><murre>idaliivi</murre><kirjaviis>foneetiline transkriptsioon</kirjaviis><kyla longituud="22.588" latituud="57.744">Kuolka</kyla><teos pealkiri="Näytteitä liivin kielestä" aasta="1953" koht="Helsinki">E. N. Setälä</teos><keelejuht id="KS" haridus="" synniaasta="" synnikoht="" vanus="" sugu="N">Katriń Sandberg</keelejuht></info><sisu id="Set_Sat_17">
		<lause id="l1">
			<sone id="l1_s1" lk="118" lemma="ikš" tahendus="üks" ingl="one" liik="ProS" vorm="sg.gen.">ī’d</sone>
			<sone id="l1_s2" lk="118" lemma="perī+mīez" tahendus="peremees" ingl="master of the house" liik="S" vorm="sg.dat.">perī+mi’en</sone><sone id="l1_s3" lk="118" lemma="vȱlda" tahendus="olla" ingl="be" liik="Va" vorm="pers.ind.pr.sg.3.">um’</sone><sone id="l1_s4" lk="118" lemma="vȱlda" tahendus="olla" ingl="be" liik="V" vorm="nud.sg.">ve̮nd</sone><sone id="l1_s5" lk="118" lemma="ikš" tahendus="üks" ingl="one" liik="ProS" vorm="sg.nom.">ikš</sone><sone id="l1_s6" lk="118" lemma="kanā" tahendus="kana" ingl="hen" liik="S" vorm="sg.nom.">kanā</sone><sone id="l1_s7" lk="118" meta="vahemärk">,</sone><sone id="l1_s8" lk="118" lemma="kis" tahendus="kes" ingl="who" liik="Intr" vorm="sg.nom.">kis</sone><sone id="l1_s9" lk="118" lemma="vȱlda" tahendus="olla" ingl="be" liik="Va" vorm="pers.ind.pr.sg.3.">um’</sone><sone id="l1_s10" lk="118" lemma="kandõ" tahendus="muneda" ingl="lay" liik="V" vorm="nud.sg.">kandən</sone><sone id="l1_s11" lk="118" lemma="kuldi" tahendus="kuldne" ingl="golden" liik="A" vorm="pl.part.">kuldiži</sone><sone id="l1_s12" lk="118" lemma="munā" tahendus="muna" ingl="egg" liik="S" vorm="pl.part.">muń’d́i</sone><sone id="l1_s13" lk="118" lemma="un" tahendus="ja" ingl="and" liik="Konj">un</sone><sone id="l1_s14" lk="118" lemma="ne" tahendus="need" ingl="these" liik="ProS" vorm="pl.part.">nēd́i</sone><sone id="l1_s15" lk="118" lemma="munā" tahendus="muna" ingl="egg" liik="S" vorm="pl.part.">muń’d́i</sone><sone id="l1_s16" lk="118" lemma="tämā" tahendus="tema" ingl="he, she" liik="ProS" vorm="sg.nom.">ta</sone><sone lk="118" keel="eesti" id="l1_s17" meta="vahemärk">=</sone><sone lk="118" keel="eesti" id="l1_s18" lemma="vȱlda" tahendus="olla" ingl="be" liik="Va" vorm="pers.ind.pr.sg.3.">m’</sone><sone id="l1_s19" lk="118" lemma="ikš" tahendus="üks" ingl="one" liik="ProS" vorm="sg.gen.">ī’d</sone><sone id="l1_s20" lk="118" lemma="būoḑnikā" tahendus="poodnik" ingl="shopkeeper" liik="S" vorm="sg.dat.">buod́ńikān</sone><sone id="l1_s21" lk="118" lemma="mīdõ" tahendus="müüa" ingl="sell" liik="V" vorm="nud.sg.">mīnd</sone><sone id="l1_s22" lk="118" lemma="un" tahendus="ja" ingl="and" liik="Konj">un</sone><sone id="l1_s23" lk="118" lemma="se" tahendus="see" ingl="this" liik="ProS" vorm="sg.nom.">se</sone><sone id="l1_s24" lk="118" lemma="būoḑnikā" tahendus="poodnik" ingl="shopkeeper" liik="S" vorm="sg.nom.">buod́ńikā</sone><sone id="l1_s25" lk="118" lemma="ne" tahendus="need" ingl="these" liik="ProS" vorm="pl.part.">nēd́i</sone><sone id="l1_s26" lk="118" lemma="vȱlda" tahendus="olla" ingl="be" liik="Va" vorm="pers.ind.pr.sg.3.">um’</sone><sone id="l1_s27" lk="118" lemma="sīedõ" tahendus="süüa" ingl="eat" liik="V" vorm="nud.sg.">siend</sone><sone id="l1_s28" lk="118" meta="vahemärk">.</sone></lause>
		<lause id="l2"><sone id="l2_s1" lk="118" lemma="si’z" tahendus="siis" ingl="then" liik="ProAdv">siz</sone><sone id="l2_s2" lk="118" lemma="ikš" tahendus="üks" ingl="one" liik="ProS" vorm="sg.gen.">ī’d</sone><sone id="l2_s3" lk="118" lemma="munā" tahendus="muna" ingl="egg" liik="S" vorm="sg.dat.">munān</sone><sone id="l2_s4" lk="118" lemma="vȱlda" tahendus="olla" ingl="be" liik="Va" vorm="pers.ind.pr.sg.3.">um’</sone><sone id="l2_s5" lk="118" lemma="vȱlda" tahendus="olla" ingl="be" liik="V" vorm="nud.sg.">ve̮nd</sone><sone id="l2_s6" lk="118" lemma="pǟl" tahendus="peale" ingl="on" liik="Adv">pǟl</sone><sone id="l2_s7" lk="118" lemma="kēratõ" tahendus="kirjutada" ingl="write" liik="V" vorm="tud.">kēratəd</sone><sone id="l2_s8" lk="118" meta="vahemärk">,</sone><sone id="l2_s9" lk="118" lemma="kis" tahendus="kes" ingl="who" liik="Intr" vorm="sg.nom.">kis</sone><sone id="l2_s10" lk="118" lemma="se" tahendus="see" ingl="this" liik="ProS" vorm="sg.gen.">sie</sone><sone id="l2_s11" lk="118" lemma="kanā" tahendus="kana" ingl="hen" liik="S" vorm="sg.gen.">kanā</sone><sone id="l2_s12" lk="118" lemma="pǟ" tahendus="pea" ingl="head" liik="S" vorm="sg.gen.">pǟ</sone><sone id="l2_s13" lk="118" lemma="sīedõ" tahendus="süüa" ingl="eat" liik="V" vorm="pers.ind.pr.sg.3.">sieb</sone><sone id="l2_s14" lk="118" lemma="jarā" tahendus="ära" ingl="away" liik="Adva">jarāndiz</sone><sone id="l2_s15" lk="118" lemma="se" tahendus="see" ingl="this" liik="ProS" vorm="sg.nom.">se</sone><sone id="l2_s16" lk="118" lemma="līdõ" tahendus="olema saada" ingl="will be" liik="V" vorm="pers.ind.pr.sg.3.">līb</sone><sone id="l2_s17" lk="118" lemma="kēņig" tahendus="kuningas" ingl="king" liik="S" vorm="sg.nom.">kēńig</sone><sone id="l2_s18" lk="118" lemma="un" tahendus="ja" ingl="and" liik="Konj">un</sone><sone id="l2_s19" lk="118" lemma="kis" tahendus="kes" ingl="who" liik="Intr" vorm="sg.nom.">kis</sone><sone id="l2_s20" lk="118" lemma="se" tahendus="see" ingl="this" liik="ProS" vorm="sg.gen.">sie</sone><sone id="l2_s21" lk="118" lemma="kanā" tahendus="kana" ingl="hen" liik="S" vorm="sg.gen.">kanā</sone><sone id="l2_s22" lk="118" lemma="sidām" tahendus="süda" ingl="heart" liik="S" vorm="sg.gen.">sidām</sone></lause><lause id="l3"><sone id="l3_s1" lk="118" lemma="sīedõ" tahendus="süüa" ingl="eat" liik="V" vorm="pers.ind.pr.sg.3.">sieb</sone><sone id="l3_s2" lk="118" lemma="jarā" tahendus="ära" ingl="away" liik="Adva">jarā</sone><sone id="l3_s3" lk="118" meta="vahemärk">,</sone><sone id="l3_s4" lk="118" lemma="se" tahendus="see" ingl="this" liik="ProS" vorm="sg.dat.">sien</sone><sone id="l3_s5" lk="118" lemma="līdõ" tahendus="olema saada" ingl="will be" liik="V" vorm="pers.ind.pr.sg.3.">līb</sone><sone id="l3_s6" lk="118" lemma="kuldi" tahendus="kuldne" ingl="golden" liik="A" vorm="sg.nom.">kuldi</sone><sone id="l3_s7" lk="118" lemma="dukāt" tahendus="tukat" ingl="ducat" liik="S" vorm="sg.nom.">dukāt</sone><sone id="l3_s8" lk="118">pǟn-allə</sone><sone id="l3_s9" lk="118" meta="vahemärk">.</sone></lause><lause id="l4"><sone id="l4_s1" lk="118" lemma="un" tahendus="ja" ingl="and" liik="Konj">un</sone><sone id="l4_s2" lk="118" lemma="si’z" tahendus="siis" ingl="then" liik="ProAdv">siz</sone><sone id="l4_s3" lk="118" lemma="tämā" tahendus="tema" ingl="he, she" liik="ProS" vorm="sg.nom.">ta</sone><sone lk="118" keel="eesti" id="l4_s4" meta="vahemärk">=</sone><sone lk="118" keel="eesti" id="l4_s5" lemma="vȱlda" tahendus="olla" ingl="be" liik="Va" vorm="pers.ind.pr.sg.3.">m’</sone><sone id="l4_s6" lk="118" lemma="teļļõ" tahendus="teeselda" ingl="pretend" liik="V" vorm="nud.sg.">teĺĺən</sone><sone id="l4_s7" lk="118" lemma="rujā" tahendus="haige" ingl="ill" liik="A" vorm="sg.tr.">rujāks</sone><sone id="l4_s8" lk="118" lemma="ī’ž" tahendus="ise" ingl="self" liik="ProS" vorm="sg.part.">ēńtšta</sone><sone id="l4_s9" lk="118" lemma="se" tahendus="see" ingl="this" liik="ProS" vorm="sg.nom.">se</sone><sone id="l4_s10" lk="118" lemma="būoḑnikā" tahendus="poodnik" ingl="shopkeeper" liik="S" vorm="sg.nom.">buod́ńikā</sone><sone id="l4_s11" lk="118" lemma="un" tahendus="ja" ingl="and" liik="Konj">un</sone><sone id="l4_s12" lk="118" lemma="si’z" tahendus="siis" ingl="then" liik="ProAdv">siz</sone><sone id="l4_s13" lk="118" lemma="tämā" tahendus="tema" ingl="he, she" liik="ProS" vorm="sg.nom.">ta</sone><sone lk="118" keel="eesti" id="l4_s14" meta="vahemärk">=</sone><sone lk="118" keel="eesti" id="l4_s15" lemma="vȱlda" tahendus="olla" ingl="be" liik="Va" vorm="pers.ind.pr.sg.3.">m’</sone><sone id="l4_s16" lk="118" lemma="lǟ’dõ" tahendus="minna" ingl="go" liik="V" vorm="nud.sg.">lǟ’nd</sone><sone id="l4_s17" lk="118" lemma="sīnõ" tahendus="sinna" ingl="there" liik="ProAdv">sīn</sone><sone id="l4_s18" lk="118" lemma="se" tahendus="see" ingl="this" liik="ProS" vorm="sg.gen.">sie</sone><sone id="l4_s19" lk="118" lemma="perī+mīez" tahendus="peremees" ingl="master of the house" liik="S" vorm="sg.gen.">perī+mi’e</sone><sone id="l4_s20" lk="118" lemma="jū’rõ" tahendus="juurde" ingl="to" liik="Post">jū’r</sone><sone id="l4_s21" lk="118" meta="vahemärk">,</sone><sone id="l4_s22" lk="118" lemma="la’z" tahendus="las" ingl="let" liik="ModAdv">las</sone><sone id="l4_s23" lk="118" lemma="tappõ" tahendus="tappa" ingl="kill" liik="V" vorm="pers.jus.pr.sg.3.">tapāg</sone><sone id="l4_s24" lk="118" lemma="se" tahendus="see" ingl="this" liik="ProS" vorm="sg.gen.">sie</sone><sone id="l4_s25" lk="118" lemma="kanā" tahendus="kana" ingl="hen" liik="S" vorm="sg.gen.">kanā</sone><sone id="l4_s26" lk="118" lemma="mǭ’" tahendus="maha" ingl="off" liik="Adva">må̄’</sone><sone id="l4_s27" lk="118" meta="vahemärk">.</sone></lause><lause id="l5"><sone id="l5_s1" lk="118" lemma="si’z" tahendus="siis" ingl="then" liik="ProAdv">siz</sone><sone id="l5_s2" lk="118" lemma="ne" tahendus="nemad" ingl="they" liik="ProS" vorm="pl.nom.">ne</sone><sone id="l5_s3" lk="118" lemma="ä’b" tahendus="ei" ingl="not" liik="Mn" vorm="pr.pl.3.">äb</sone><sone id="l5_s4" lk="118" lemma="vȱlda" tahendus="olla" ingl="be" liik="Va" vorm="pers.ind.pl.3.neg.">uot</sone><sone id="l5_s5" lk="118" lemma="tappõ" tahendus="tappa" ingl="kill" liik="V" vorm="nud.pl.">tappənd</sone><sone id="l5_s6" lk="118" meta="vahemärk">.</sone></lause><lause id="l6"><sone id="l6_s1" lk="118" lemma="ne" tahendus="nemad" ingl="they" liik="ProS" vorm="pl.nom.">n</sone><sone lk="118" keel="eesti" id="l6_s2" meta="vahemärk">=</sone><sone lk="118" keel="eesti" id="l6_s3" lemma="vȱlda" tahendus="olla" ingl="be" liik="Va" vorm="pers.ind.pr.pl.3.">a’dtə</sone><sone id="l6_s4" lk="118" lemma="tǭ’dõ" tahendus="tahta" ingl="want" liik="V" vorm="nud.pl.">tå̄’nəd</sone><sone id="l6_s5" lk="118" lemma="pǟgiņ" tahendus="palju" ingl="much" liik="Adv">pǟgiń</sone><sone id="l6_s6" lk="118" lemma="rǭ’" tahendus="raha" ingl="money" liik="S" vorm="sg.part.">rå̄’də</sone><sone id="l6_s7" lk="118" meta="vahemärk">,</sone><sone id="l6_s8" lk="118" lemma="la’z" tahendus="las" ingl="let" liik="ModAdv">laz</sone><sone id="l6_s9" lk="118" lemma="maksõ" tahendus="maksta" ingl="pay" liik="V" vorm="pers.jus.pr.sg.3.">maksāg</sone><sone id="l6_s10" lk="118" lemma="se" tahendus="see" ingl="this" liik="ProS" vorm="sg.gen.">sie</sone><sone id="l6_s11" lk="118" lemma="kanā" tahendus="kana" ingl="hen" liik="S" vorm="sg.gen.">kanā</sone><sone id="l6_s12" lk="118" lemma="je’dstõ" tahendus="eest" ingl="for" liik="Post">je̮’dst</sone><sone id="l6_s13" lk="118" meta="vahemärk">.</sone></lause><lause id="l7"><sone id="l7_s1" lk="118" lemma="si’z" tahendus="siis" ingl="then" liik="ProAdv">siz</sone><sone id="l7_s2" lk="118" lemma="tämā" tahendus="tema" ingl="he, she" liik="ProS" vorm="sg.nom.">ta</sone><sone id="l7_s3" lk="118" lemma="vȱlda" tahendus="olla" ingl="be" liik="Va" vorm="pers.ind.pr.sg.3.">um’</sone><sone id="l7_s4" lk="118" lemma="tõitõ" tahendus="lubada" ingl="promise" liik="V" vorm="nud.sg.">ti̮itən</sone><sone id="l7_s5" lk="118" lemma="kuolm+sadā" tahendus="komsada" ingl="three hundred" liik="Nump" vorm="sg.nom.">kᵘolm+sadā</sone><sone id="l7_s6" lk="118" lemma="rubīļ" tahendus="rubla" ingl="ruble" liik="S" vorm="sg.part.">rubīltə</sone><sone id="l7_s7" lk="118" lemma="un" tahendus="ja" ingl="and" liik="Konj">un</sone><sone id="l7_s8" lk="118" lemma="si’z" tahendus="siis" ingl="then" liik="ProAdv">siz</sone><sone id="l7_s9" lk="118" lemma="ne" tahendus="nemad" ingl="they" liik="ProS" vorm="pl.nom.">ne</sone><sone id="l7_s10" lk="118" lemma="vȱlda" tahendus="olla" ingl="be" liik="Va" vorm="pers.ind.pr.pl.3.">a’dtə</sone><sone id="l7_s11" lk="118" lemma="tappõ" tahendus="tappa" ingl="kill" liik="V" vorm="nud.pl.">tappənd</sone><sone id="l7_s12" lk="118" lemma="se" tahendus="see" ingl="this" liik="ProS" vorm="sg.gen.">sie</sone><sone id="l7_s13" lk="118" lemma="kanā" tahendus="kana" ingl="hen" liik="S" vorm="sg.gen.">kanā</sone><sone id="l7_s14" lk="118" meta="vahemärk">.</sone></lause><lause id="l8"><sone id="l8_s1" lk="118" lemma="si’z" tahendus="siis" ingl="then" liik="ProAdv">siz</sone><sone id="l8_s2" lk="118" lemma="ne" tahendus="nemad" ingl="they" liik="ProS" vorm="pl.nom.">ne</sone><sone id="l8_s3" lk="118" lemma="vȱlda" tahendus="olla" ingl="be" liik="Va" vorm="pers.ind.pr.pl.3.">a’dt</sone><sone id="l8_s4" lk="118" lemma="ūdõ" tahendus="küpsetada" ingl="bake" liik="V" vorm="nud.pl.">ūdənd</sone><sone id="l8_s5" lk="118" lemma="tsepīt" tahendus="praad" ingl="roast" liik="S" vorm="sg.part.">tsepītə</sone><sone id="l8_s6" lk="118" meta="vahemärk">.</sone></lause><lause id="l9"><sone id="l9_s1" lk="118" lemma="si’z" tahendus="siis" ingl="then" liik="ProAdv">siz</sone><sone id="l9_s2" lk="118" lemma="vȱlda" tahendus="olla" ingl="be" liik="Va" vorm="pers.ind.pr.pl.3.">a’dt</sone><sone id="l9_s3" lk="118" lemma="tämā" tahendus="tema" ingl="he, she" liik="ProS" vorm="sg.dat.">täm’mən</sone><sone id="l9_s4" lk="118" lemma="kuolm" tahendus="kolm" ingl="three" liik="Nump" vorm="sg.nom.">kᵘolm</sone><sone id="l9_s5" lk="118" lemma="pūoga" tahendus="poeg" ingl="son" liik="S" vorm="sg.part.">pe̮igə</sone><sone id="l9_s6" lk="118" lemma="vȱlda" tahendus="olla" ingl="be" liik="V" vorm="nud.pl.">ve̮nnəd</sone><sone id="l9_s7" lk="118" lemma="kǭŗal" tahendus="karjas" liik="Adv">kå̄raĺ</sone><sone id="l9_s8" lk="118" meta="vahemärk">.</sone></lause><lause id="l10"><sone id="l10_s1" lk="118" lemma="ne" tahendus="nemad" ingl="they" liik="ProS" vorm="pl.nom.">n</sone><sone lk="118" keel="eesti" id="l10_s2" meta="vahemärk">=</sone><sone lk="118" keel="eesti" id="l10_s3" lemma="vȱlda" tahendus="olla" ingl="be" liik="Va" vorm="pers.ind.pr.pl.3.">a’dt</sone><sone id="l10_s4" lk="118" lemma="tūlda" tahendus="tulla" ingl="come" liik="V" vorm="nud.pl.">tunnəd</sone><sone id="l10_s5" lk="118" lemma="kuodāj" tahendus="koju" ingl="home" liik="Adv">kᵘodāi</sone><sone id="l10_s6" lk="118" meta="vahemärk">,</sone><sone id="l10_s7" lk="118" lemma="ne" tahendus="nemad" ingl="they" liik="ProS" vorm="pl.nom.">ne</sone><sone id="l10_s8" lk="118" lemma="vȱlda" tahendus="olla" ingl="be" liik="Va" vorm="pers.ind.pr.pl.3.">a’dt</sone><sone id="l10_s9" lk="118" lemma="tǭ’dõ" tahendus="tahta" ingl="want" liik="V" vorm="nud.pl.">tå̄’nəd</sone><sone id="l10_s10" lk="118" lemma="sīedõ" tahendus="süüa" ingl="eat" liik="V" vorm="inf.">siedə</sone><sone id="l10_s11" lk="118" meta="vahemärk">.</sone></lause><lause id="l11"><sone id="l11_s1" lk="118" lemma="si’z" tahendus="siis" ingl="then" liik="ProAdv">siz</sone><sone id="l11_s2" lk="118" lemma="ne" tahendus="nemad" ingl="they" liik="ProS" vorm="pl.nom.">ne</sone><sone id="l11_s3" lk="118" lemma="vȱlda" tahendus="olla" ingl="be" liik="Va" vorm="pers.ind.pr.pl.3.">a’dt</sone><sone id="l11_s4" lk="118" lemma="tundõ" tahendus="tunda" ingl="feel" liik="V" vorm="nud.pl.">tundənd</sone><sone id="l11_s5" lk="118" meta="vahemärk">,</sone><sone id="l11_s6" lk="118" lemma="ku" tahendus="et" ingl="that" liik="Konj">ku</sone><sone id="l11_s7" lk="118" lemma="knaš" tahendus="hea" ingl="good" liik="A" vorm="sg.nom.">knaš</sone><sone id="l11_s8" lk="118" lemma="kard" tahendus="lõhn" ingl="smell" liik="S" vorm="sg.nom.">kard</sone><sone id="l11_s9" lk="118" lemma="vȱlda" tahendus="olla" ingl="be" liik="Va" vorm="pers.ind.pr.sg.3.">um’</sone><sone id="l11_s10" lk="118" lemma="vȱlda" tahendus="olla" ingl="be" liik="V" vorm="nud.sg.">ve̮nd</sone><sone id="l11_s11" lk="118" meta="vahemärk">.</sone></lause><lause id="l12"><sone id="l12_s1" lk="118" lemma="si’z" tahendus="siis" ingl="then" liik="ProAdv">siz</sone><sone id="l12_s2" lk="118" lemma="ne" tahendus="nemad" ingl="they" liik="ProS" vorm="pl.nom.">ne</sone><sone id="l12_s3" lk="118" lemma="vȱlda" tahendus="olla" ingl="be" liik="Va" vorm="pers.ind.pr.pl.3.">a’dt</sone><sone id="l12_s4" lk="118" lemma="lǟ’dõ" tahendus="minna" ingl="go" liik="V" vorm="nud.pl.">lǟ’nəd</sone><sone id="l12_s5" lk="118">å̄’i-je̮’ddə</sone><sone id="l12_s6" lk="118" lemma="un" tahendus="ja" ingl="and" liik="Konj">un</sone><sone id="l12_s7" lk="118" lemma="võttõ" tahendus="võtta" ingl="take" liik="V" vorm="nud.pl.">vi̮ttənd</sone><sone id="l12_s8" lk="118" lemma="se" tahendus="see" ingl="this" liik="ProS" vorm="sg.part.">sⁱedā</sone><sone id="l12_s9" lk="118" meta="vahemärk">,</sone><sone id="l12_s10" lk="118" lemma="ikš" tahendus="üks" ingl="one" liik="ProS" vorm="sg.nom.">ikš</sone><sone id="l12_s11" lk="118" meta="vahemärk">‿</sone><sone id="l12_s12" lk="118" lemma="se" tahendus="see" ingl="this" liik="ProS" vorm="sg.gen.">šie</sone><sone id="l12_s13" lk="118" lemma="kanā" tahendus="kana" ingl="hen" liik="S" vorm="sg.gen.">kanā</sone><sone id="l12_s14" lk="118" lemma="pǟ" tahendus="pea" ingl="head" liik="S" vorm="sg.gen.">pǟ</sone><sone id="l12_s15" lk="118" meta="vahemärk">,</sone><sone id="l12_s16" lk="118" lemma="tuoi" tahendus="teine" ingl="other" liik="ProS" vorm="sg.nom.">tᵘoi</sone><sone id="l12_s17" lk="118" lemma="se" tahendus="see" ingl="this" liik="ProS" vorm="sg.gen.">sie</sone><sone id="l12_s18" lk="118" lemma="sidām" tahendus="süda" ingl="heart" liik="S" vorm="sg.gen.">sidām</sone><sone id="l12_s19" lk="118" meta="vahemärk">.</sone></lause><lause id="l13"><sone id="l13_s1" lk="118" lemma="un" tahendus="ja" ingl="and" liik="Konj">un</sone><sone id="l13_s2" lk="118" lemma="si’z" tahendus="siis" ingl="then" liik="ProAdv">siz</sone><sone id="l13_s3" lk="118" lemma="se" tahendus="see" ingl="this" liik="ProS" vorm="sg.nom.">se</sone><sone id="l13_s4" lk="118" lemma="tsepīt" tahendus="praad" ingl="roast" liik="S" vorm="sg.nom.">tsepīt</sone><sone id="l13_s5" lk="118" lemma="vȱlda" tahendus="olla" ingl="be" liik="Va" vorm="pers.ind.pr.sg.3.">um’</sone><sone id="l13_s6" lk="118" lemma="vȱlda" tahendus="olla" ingl="be" liik="Va" vorm="nud.sg.">ve̮nd</sone><sone id="l13_s7" lk="118">nu’o+ūnd</sone><sone id="l13_s8" lk="118" lemma="un" tahendus="ja" ingl="and" liik="Konj">un</sone><sone id="l13_s9" lk="118" lemma="si’z" tahendus="siis" ingl="then" liik="ProAdv">siz</sone><sone id="l13_s10" lk="118" lemma="se" tahendus="see" ingl="this" liik="ProS" vorm="sg.nom.">se</sone><sone id="l13_s11" lk="118" lemma="tsepīt" tahendus="praad" ingl="roast" liik="S" vorm="sg.nom.">tsepīt</sone><sone id="l13_s12" lk="118" lemma="vȱlda" tahendus="olla" ingl="be" liik="Va" vorm="pers.ind.pr.sg.3.">um’</sone><sone id="l13_s13" lk="118" lemma="vīdõ" tahendus="viia" ingl="take" liik="V" vorm="tud.">vīdəd</sone><sone id="l13_s14" lk="118" lemma="lōda" tahendus="laud" ingl="table" liik="S" vorm="sg.gen.">lōda</sone><sone id="l13_s15" lk="118" lemma="pǟl" tahendus="peale" ingl="on" liik="Post">pǟl</sone><sone id="l13_s16" lk="118" meta="vahemärk">.</sone></lause><lause id="l14"><sone id="l14_s1" lk="118" lemma="si’z" tahendus="siis" ingl="then" liik="ProAdv">siz</sone><sone id="l14_s2" lk="118" lemma="se" tahendus="see" ingl="this" liik="ProS" vorm="sg.nom.">se</sone><sone id="l14_s3" lk="118" lemma="izānd" tahendus="härra" ingl="mister" liik="S" vorm="sg.nom.">izānd</sone><sone id="l14_s4" lk="118" lemma="vȱlda" tahendus="olla" ingl="be" liik="Va" vorm="pers.ind.pr.sg.3.">um’</sone><sone id="l14_s5" lk="118" lemma="ki’zzõ" tahendus="küsida" ingl="ask" liik="V" vorm="nud.sg.">ki’zzən</sone><sone id="l14_s6" lk="118" meta="vahemärk">,</sone><sone id="l14_s7" lk="118" lemma="kus" tahendus="kus" ingl="where" liik="Intr">kus</sone><sone id="l14_s8" lk="118" lemma="ne" tahendus="need" ingl="these" liik="ProS" vorm="pl.nom.">ne</sone><sone id="l14_s9" lk="118" lemma="pǟ" tahendus="pea" ingl="head" liik="S" vorm="pl.nom.">pǟd</sone><sone id="l14_s10" lk="118" lemma="vȱlda" tahendus="olla" ingl="be" liik="V" vorm="pers.ind.pr.pl.3.">a’dtə</sone><sone id="l14_s11" lk="118" lemma="un" tahendus="ja" ingl="and" liik="Konj">un</sone><sone id="l14_s12" lk="118" lemma="kus" tahendus="kus" ingl="where" liik="Intr">kus</sone><sone id="l14_s13" lk="118" lemma="se" tahendus="see" ingl="this" liik="ProS" vorm="sg.nom.">se</sone><sone id="l14_s14" lk="118" lemma="sidām" tahendus="süda" ingl="heart" liik="S" vorm="sg.nom.">sidām</sone><sone id="l14_s15" lk="119" lemma="vȱlda" tahendus="olla" ingl="be" liik="V" vorm="pers.ind.pr.sg.3.">um’</sone><sone id="l14_s16" lk="119" meta="vahemärk">.</sone></lause><lause id="l15"><sone id="l15_s1" lk="119" lemma="si’z" tahendus="siis" ingl="then" liik="ProAdv">siz</sone><sone id="l15_s2" lk="119" lemma="se" tahendus="see" ingl="this" liik="ProS" vorm="sg.nom.">se</sone><sone id="l15_s3" lk="119" lemma="perī+nai" tahendus="perenaine" ingl="housewife" liik="S" vorm="sg.nom.">perī+nai</sone><sone id="l15_s4" lk="119" lemma="vȱlda" tahendus="olla" ingl="be" liik="Va" vorm="pers.ind.pr.sg.3.">um’</sone><sone id="l15_s5" lk="119" lemma="ki’zzõ" tahendus="küsida" ingl="ask" liik="V" vorm="nud.sg.">ki’zzən</sone><sone id="l15_s6" lk="119" lemma="ne" tahendus="need" ingl="these" liik="ProS" vorm="pl.gen.">nänt</sone><sone id="l15_s7" lk="119" lemma="läpš" tahendus="laps" ingl="child" liik="S" vorm="pl.gen.">lapst</sone><sone id="l15_s8" lk="119" lemma="kä’dst" tahendus="käest" ingl="from" liik="Post">kä’dst</sone><sone id="l15_s9" lk="119" meta="vahemärk">,</sone><sone id="l15_s10" lk="119" lemma="või" tahendus="kas" ingl="whether" liik="Intr">ve̮i</sone><sone id="l15_s11" lk="119" lemma="ne" tahendus="nemad" ingl="they" liik="ProS" vorm="pl.nom.">n</sone><sone lk="119" keel="eesti" id="l15_s12" meta="vahemärk">=</sone><sone lk="119" keel="eesti" id="l15_s13" lemma="vȱlda" tahendus="olla" ingl="be" liik="Va" vorm="pers.ind.pr.pl.3.">a’dtə</sone><sone id="l15_s14" lk="119" lemma="sīedõ" tahendus="süüa" ingl="eat" liik="V" vorm="nud.pl.">sienəd</sone><sone id="l15_s15" lk="119" meta="vahemärk">.</sone></lause><lause id="l16"><sone id="l16_s1" lk="119" lemma="ne" tahendus="nemad" ingl="they" liik="ProS" vorm="pl.nom.">n</sone><sone lk="119" keel="eesti" id="l16_s2" meta="vahemärk">=</sone><sone lk="119" keel="eesti" id="l16_s3" lemma="vȱlda" tahendus="olla" ingl="be" liik="Va" vorm="pers.ind.pr.pl.3.">a’dtə</sone><sone id="l16_s4" lk="119" lemma="kītõ" tahendus="öelda" ingl="say" liik="V" vorm="nud.pl.">kītənd</sone><sone id="l16_s5" lk="119" lemma="ku" tahendus="et" ingl="that" liik="Konj">ku</sone><sone id="l16_s6" lk="119" lemma="ne" tahendus="nemad" ingl="they" liik="ProS" vorm="pl.nom.">n</sone><sone lk="119" keel="eesti" id="l16_s7" meta="vahemärk">=</sone><sone lk="119" keel="eesti" id="l16_s8" lemma="vȱlda" tahendus="olla" ingl="be" liik="Va" vorm="pers.ind.pr.pl.3.">a’dtə</sone><sone id="l16_s9" lk="119" lemma="sīedõ" tahendus="süüa" ingl="eat" liik="V" vorm="nud.pl.">sienəd</sone><sone id="l16_s10" lk="119" meta="vahemärk">.</sone></lause><lause id="l17"><sone id="l17_s1" lk="119" lemma="si’z" tahendus="siis" ingl="then" liik="ProAdv">siz</sone><sone id="l17_s2" lk="119" lemma="se" tahendus="see" ingl="this" liik="ProS" vorm="sg.nom.">se</sone><sone id="l17_s3" lk="119" lemma="izānd" tahendus="härra" ingl="mister" liik="S" vorm="sg.nom.">izānd</sone><sone id="l17_s4" lk="119" lemma="vȱlda" tahendus="olla" ingl="be" liik="Va" vorm="pers.ind.pr.sg.3.">um’</sone><sone id="l17_s5" lk="119" lemma="vȱlda" tahendus="olla" ingl="be" liik="V" vorm="nud.sg.">ve̮nd</sone><sone id="l17_s6" lk="119" lemma="kõ’zzi" tahendus="vihane" ingl="angry" liik="A" vorm="sg.nom.">ki̮’zzi</sone><sone id="l17_s7" lk="119" meta="vahemärk">,</sone><sone id="l17_s8" lk="119" lemma="ä’b" tahendus="ei" ingl="not" liik="Mn" vorm="pr.sg.3.">äb</sone><sone id="l17_s9" lk="119" lemma="vȱlda" tahendus="olla" ingl="be" liik="Va" vorm="pers.ind.sg.3.neg.">uo</sone><sone id="l17_s10" lk="119" lemma="maksõ" tahendus="maksta" ingl="pay" liik="V" vorm="nud.sg.">maksən</sone><sone id="l17_s11" lk="119" lemma="se" tahendus="see" ingl="this" liik="ProS" vorm="sg.part.">sⁱedā</sone><sone id="l17_s12" lk="119" lemma="kanā" tahendus="kana" ingl="hen" liik="S" vorm="sg.part.">kan’nə</sone><sone id="l17_s13" lk="119" meta="vahemärk">.</sone></lause><lause id="l18"><sone id="l18_s1" lk="119" lemma="si’z" tahendus="siis" ingl="then" liik="ProAdv">siz</sone><sone id="l18_s2" lk="119" lemma="se" tahendus="see" ingl="this" liik="ProS" vorm="sg.nom.">se</sone><sone id="l18_s3" lk="119" lemma="perī+mīez" tahendus="peremees" ingl="master of the house" liik="S" vorm="sg.nom.">perī+miez</sone><sone id="l18_s4" lk="119" lemma="vȱlda" tahendus="olla" ingl="be" liik="Va" vorm="pers.ind.pr.sg.3.">um’</sone><sone id="l18_s5" lk="119" lemma="pānda" tahendus="käskida" ingl="order" liik="V" vorm="nud.sg.">pand</sone><sone id="l18_s6" lk="119" lemma="vīdõ" tahendus="viia" ingl="take" liik="V" vorm="sup.">vīmə</sone><sone id="l18_s7" lk="119" lemma="ne" tahendus="need" ingl="these" liik="ProS" vorm="pl.nom.">ne</sone><sone id="l18_s8" lk="119" lemma="läpš" tahendus="laps" ingl="child" liik="S" vorm="pl.nom.">lapst</sone><sone id="l18_s9" lk="119" lemma="mõtsā" tahendus="mets" ingl="forest" liik="S" vorm="sg.ill.">mi̮tsə</sone><sone id="l18_s10" lk="119" lemma="un" tahendus="ja" ingl="and" liik="Konj">un</sone><sone id="l18_s11" lk="119" lemma="ra’bbõ" tahendus="lüüa" ingl="hit" liik="V" vorm="sup.">ra’bbəm</sone><sone id="l18_s12" lk="119" lemma="mǭ’zõ" tahendus="maha" ingl="down" liik="Adva">må̄’zə</sone><sone id="l18_s13" lk="119" meta="vahemärk">.</sone></lause><lause id="l19"><sone id="l19_s1" lk="119" lemma="un" tahendus="ja" ingl="and" liik="Konj">un</sone><sone id="l19_s2" lk="119" lemma="si’z" tahendus="siis" ingl="then" liik="ProAdv">siz</sone><sone id="l19_s3" lk="119" lemma="se" tahendus="see" ingl="this" liik="ProS" vorm="sg.nom.">se</sone><sone id="l19_s4" lk="119" lemma="jemā" tahendus="ema" ingl="mother" liik="S" vorm="sg.nom.">je̮mā</sone><sone id="l19_s5" lk="119" lemma="vȱlda" tahendus="olla" ingl="be" liik="Va" vorm="pers.ind.pr.sg.3.">um’</sone><sone id="l19_s6" lk="119" lemma="vīdõ" tahendus="viia" ingl="take" liik="V" vorm="nud.sg.">vīnd</sone><sone id="l19_s7" lk="119" meta="vahemärk">.</sone></lause><lause id="l20"><sone id="l20_s1" lk="119" lemma="ne" tahendus="need" ingl="these" liik="ProS" vorm="pl.nom.">ne</sone><sone id="l20_s2" lk="119" lemma="läpš" tahendus="laps" ingl="child" liik="S" vorm="pl.nom.">lapst</sone><sone id="l20_s3" lk="119" lemma="vȱlda" tahendus="olla" ingl="be" liik="Va" vorm="pers.ind.pr.pl.3.">a’dtə</sone><sone id="l20_s4" lk="119" lemma="räukõ" tahendus="nutta" ingl="cry" liik="V" vorm="nud.pl.">rävkənd</sone><sone id="l20_s5" lk="119" lemma="alā" tahendus="ära" ingl="not" liik="Mn" vorm="pers.jus.pr.sg.3.">algə</sone><sone id="l20_s6" lk="119" lemma="ne" tahendus="nemad" ingl="they" liik="ProS" vorm="pl.part.">nēd́i</sone><sone id="l20_s7" lk="119" lemma="ra’bbõ" tahendus="lüüa" ingl="hit" liik="V" vorm="pers.jus.pr.sg.3.">ra’bbəg</sone><sone id="l20_s8" lk="119" meta="vahemärk">.</sone></lause><lause id="l21"><sone id="l21_s1" lk="119" lemma="si’z" tahendus="siis" ingl="then" liik="ProAdv">siz</sone><sone id="l21_s2" lk="119" lemma="se" tahendus="see" ingl="this" liik="ProS" vorm="sg.gen.">sie</sone><sone id="l21_s3" lk="119" lemma="ikš" tahendus="üks" ingl="one" liik="ProS" vorm="sg.dat.">ī’dən</sone><sone id="l21_s4" lk="119" lemma="vȱlda" tahendus="olla" ingl="be" liik="Va" vorm="pers.ind.pr.sg.3.">um’</sone><sone id="l21_s5" lk="119" lemma="ra’dļõ" tahendus="raiuda" ingl="chop" liik="V" vorm="deb.">ra’d́ĺəməst</sone><sone id="l21_s6" lk="119" lemma="suoŗm" tahendus="sõrm" ingl="finger" liik="S" vorm="sg.nom." kommentaar="?">sᵘorm</sone><sone id="l21_s7" lk="119" lemma="jarā" tahendus="ära" ingl="off" liik="Adva">jarā</sone><sone id="l21_s8" lk="119" meta="vahemärk">,</sone><sone id="l21_s9" lk="119" lemma="un" tahendus="ja" ingl="and" liik="Konj">un</sone><sone id="l21_s10" lk="119" lemma="tuoi" tahendus="teine" ingl="other" liik="ProS" vorm="sg.dat.">tᵘoizən</sone><sone id="l21_s11" lk="119" lemma="vȱlda" tahendus="olla" ingl="be" liik="Va" vorm="pers.ind.pr.sg.3.">um’</sone><sone id="l21_s12" lk="119" lemma="andõ" tahendus="anda" ingl="give" liik="V" vorm="deb.">āndaməst</sone><sone id="l21_s13" lk="119" lemma="eņtš" tahendus="oma" ingl="own" liik="ProS" vorm="sg.gen.">eńt́š</sone><sone id="l21_s14" lk="119" lemma="sidām" tahendus="süda" ingl="heart" liik="S" vorm="sg.nom." kommentaar="?">sidām</sone><sone id="l21_s15" lk="119" meta="vahemärk">.</sone></lause><lause id="l22"><sone id="l22_s1" lk="119" lemma="si’z" tahendus="siis" ingl="then" liik="ProAdv">siz</sone><sone id="l22_s2" lk="119" lemma="ne" tahendus="nemad" ingl="they" liik="ProS" vorm="pl.dat.">näntən</sone><sone id="l22_s3" lk="119" lemma="vȱlda" tahendus="olla" ingl="be" liik="Va" vorm="pers.ind.pr.sg.3.">um’</sone><sone id="l22_s4" lk="119" lemma="vȱlda" tahendus="olla" ingl="be" liik="V" vorm="nud.sg.">ve̮nd</sone><sone id="l22_s5" lk="119" lemma="pi’ņ" tahendus="koer" ingl="dog" liik="S" vorm="sg.nom.">piń’</sone><sone id="l22_s6" lk="119" lemma="īņõ" tahendus="kaasas" ingl="with" liik="Adv">īńə</sone><sone id="l22_s7" lk="119" meta="vahemärk">.</sone></lause><lause id="l23"><sone id="l23_s1" lk="119" lemma="si’z" tahendus="siis" ingl="then" liik="ProAdv">siz</sone><sone id="l23_s2" lk="119" lemma="ne" tahendus="nemad" ingl="they" liik="ProS" vorm="pl.nom.">ne</sone><sone id="l23_s3" lk="119" lemma="vȱlda" tahendus="olla" ingl="be" liik="Va" vorm="pers.ind.pr.pl.3.">a’dt</sone><sone id="l23_s4" lk="119" lemma="tappõ" tahendus="tappa" ingl="kill" liik="V" vorm="nud.pl.">tappənd</sone><sone id="l23_s5" lk="119" lemma="se" tahendus="see" ingl="this" liik="ProS" vorm="sg.gen.">sie</sone><sone id="l23_s6" lk="119" lemma="pi’ņ" tahendus="koer" ingl="dog" liik="S" vorm="sg.gen.">piń’</sone><sone id="l23_s7" lk="119" lemma="mǭ’" tahendus="maha, ära" ingl="down" liik="Adva">må̄’</sone><sone id="l23_s8" lk="119" lemma="un" tahendus="ja" ingl="and" liik="Konj">un</sone><sone id="l23_s9" lk="119" lemma="si’z" tahendus="siis" ingl="then" liik="ProAdv">siz</sone><sone id="l23_s10" lk="119" lemma="võttõ" tahendus="võtta" ingl="take" liik="V" vorm="nud.pl.">vi̮ttənd</sone><sone id="l23_s11" lk="119" lemma="se" tahendus="see" ingl="this" liik="ProS" vorm="sg.gen.">sie</sone><sone id="l23_s12" lk="119" lemma="sidām" tahendus="süda" ingl="heart" liik="S" vorm="sg.gen.">sidām</sone><sone id="l23_s13" lk="119" lemma="ulzõ" tahendus="välja" ingl="out" liik="Adv">uldz</sone><sone id="l23_s14" lk="119" lemma="un" tahendus="ja" ingl="and" liik="Konj">un</sone><sone id="l23_s15" lk="119" lemma="se" tahendus="see" ingl="this" liik="ProS" vorm="sg.nom.">se</sone><sone id="l23_s16" lk="119" lemma="jemā" tahendus="ema" ingl="mother" liik="S" vorm="sg.nom.">je̮mā</sone><sone id="l23_s17" lk="119" lemma="vīdõ" tahendus="viia" ingl="take" liik="V" vorm="nud.sg.">vīnd</sone><sone id="l23_s18" lk="119" lemma="kuodāj" tahendus="koju" ingl="home" liik="Adv">kᵘodāi</sone><sone id="l23_s19" lk="119" meta="vahemärk">.</sone></lause><lause id="l24"><sone id="l24_s1" lk="119" lemma="si’z" tahendus="siis" ingl="then" liik="ProAdv">siz</sone><sone id="l24_s2" lk="119" lemma="ne" tahendus="need" ingl="these" liik="ProS" vorm="pl.nom.">ne</sone><sone id="l24_s3" lk="119" lemma="pūoga" tahendus="poeg" ingl="son" liik="S" vorm="pl.nom.">puogad</sone><sone id="l24_s4" lk="119" lemma="vȱlda" tahendus="olla" ingl="be" liik="Va" vorm="pers.ind.pr.pl.3.">a’dtə</sone><sone id="l24_s5" lk="119" lemma="pallõ" tahendus="paluda" ingl="beg" liik="V" vorm="nud.pl.">pallənd</sone><sone id="l24_s6" lk="119" meta="vahemärk">,</sone><sone id="l24_s7" lk="119" lemma="alā" tahendus="ära" ingl="not" liik="Mn" vorm="pers.jus.pr.sg.3.">algə</sone><sone id="l24_s8" lk="119" lemma="ne" tahendus="nemad" ingl="they" liik="ProS" vorm="pl.part.">nēd́i</sone><sone id="l24_s9" lk="119" lemma="ra’bbõ" tahendus="lüüa" ingl="hit" liik="V" vorm="pers.jus.pr.sg.3.">ra’bbəg</sone><sone id="l24_s10" lk="119" meta="vahemärk">.</sone></lause><lause id="l25"><sone id="l25_s1" lk="119" lemma="si’z" tahendus="siis" ingl="then" liik="ProAdv">siz</sone><sone id="l25_s2" lk="119" lemma="ne" tahendus="need" ingl="these" liik="ProS" vorm="pl.nom.">ne</sone><sone id="l25_s3" lk="119" lemma="pūoga" tahendus="poeg" ingl="son" liik="S" vorm="pl.nom.">puogad</sone><sone id="l25_s4" lk="119" lemma="vȱlda" tahendus="olla" ingl="be" liik="Va" vorm="pers.ind.pr.pl.3.">a’dtə</sone><sone id="l25_s5" lk="119" lemma="kītõ" tahendus="öelda" ingl="say" liik="V" vorm="nud.pl.">kītənd</sone><sone id="l25_s6" lk="119" meta="vahemärk">,</sone><sone id="l25_s7" lk="119" lemma="ku" tahendus="et" ingl="that" liik="Konj">ku</sone><sone id="l25_s8" lk="119" lemma="ne" tahendus="nemad" ingl="they" liik="ProS" vorm="pl.nom.">ne</sone><sone id="l25_s9" lk="119" lemma="ä’b" tahendus="ei" ingl="not" liik="Mn" vorm="pr.pl.3.">äb</sone><sone id="l25_s10" lk="119" lemma="tūlda" tahendus="tulla" ingl="come" liik="V" vorm="pers.ind.pl.3.neg.">tul’tə</sone><sone id="l25_s11" lk="119" lemma="kuodāj" tahendus="koju" ingl="home" liik="Adv">kᵘodāi</sone><sone id="l25_s12" lk="119" lemma="ä’b" tahendus="ei" ingl="not" liik="Mn" kommentaar="?">äb</sone><sone id="l25_s13" lk="119" lemma="kunāgõst" tahendus="kunagi" ingl="ever" liik="ProAdv">kunāgišt</sone><sone id="l25_s14" lk="119" meta="vahemärk">.</sone></lause><lause id="l26"><sone id="l26_s1" lk="119" lemma="si’z" tahendus="siis" ingl="then" liik="ProAdv">siz</sone><sone id="l26_s2" lk="119" lemma="ne" tahendus="nemad" ingl="they" liik="ProS" vorm="pl.nom.">ne</sone><sone id="l26_s3" lk="119" lemma="vȱlda" tahendus="olla" ingl="be" liik="Va" vorm="pers.ind.pr.pl.3.">a’dt</sone><sone id="l26_s4" lk="119" lemma="lǟ’dõ" tahendus="minna" ingl="go" liik="V" vorm="nud.pl.">lǟ’nəd</sone><sone id="l26_s5" lk="119" lemma="ikš" tahendus="üks" ingl="one" liik="ProS" vorm="sg.ill.">ī’d</sone><sone id="l26_s6" lk="119" lemma="kǭrand" tahendus="talu" ingl="farm" liik="S" vorm="sg.ill.">kå̄randə</sone><sone id="l26_s7" lk="119" lemma="sillõ" tahendus="sisse" ingl="inside" liik="Adv">sil’lə</sone><sone id="l26_s8" lk="119" meta="vahemärk">.</sone></lause><lause id="l27"><sone id="l27_s1" lk="119" lemma="ne" tahendus="nemad" ingl="they" liik="ProS" vorm="pl.nom.">n</sone><sone lk="119" keel="eesti" id="l27_s2" meta="vahemärk">=</sone><sone lk="119" keel="eesti" id="l27_s3" lemma="vȱlda" tahendus="olla" ingl="be" liik="Va" vorm="pers.ind.pr.pl.3.">a’dtə</sone><sone id="l27_s4" lk="119" lemma="ma’ggõ" tahendus="magada" ingl="sleep" liik="V" vorm="nud.pl.">ma’ggənd</sone><sone id="l27_s5" lk="119" lemma="i’ļ" tahendus="üle" ingl="over" liik="Pre">iĺ’</sone><sone id="l27_s6" lk="119" lemma="īe" tahendus="öö" ingl="night" liik="S" vorm="sg.gen.">ie</sone><sone id="l27_s7" lk="119" meta="vahemärk">.</sone></lause><lause id="l28"><sone id="l28_s1" lk="119" lemma="se" tahendus="see" ingl="this" liik="ProS" vorm="sg.nom.">se</sone><sone id="l28_s2" lk="119" lemma="neitst" tahendus="neiu" ingl="maiden" liik="S" vorm="sg.nom.">neitst</sone><sone id="l28_s3" lk="119" lemma="vȱlda" tahendus="olla" ingl="be" liik="Va" vorm="pers.ind.pr.sg.3.">um’</sone><sone id="l28_s4" lk="119" lemma="tī’edõ" tahendus="teha" ingl="do" liik="V" vorm="nud.sg.">ti’end</sone><sone id="l28_s5" lk="119" lemma="ne" tahendus="nemad" ingl="they" liik="ProS" vorm="pl.dat.">näntən</sone><sone id="l28_s6" lk="119" lemma="azūm" tahendus="ase" liik="S" vorm="sg.gen.">azūm</sone><sone id="l28_s7" lk="119" meta="vahemärk">,</sone><sone id="l28_s8" lk="119" lemma="la’z" tahendus="las" ingl="let" liik="ModAdv">laz</sone><sone id="l28_s9" lk="119" lemma="ne" tahendus="nemad" ingl="they" liik="ProS" vorm="pl.nom.">ne</sone><sone id="l28_s10" lk="119" lemma="ma’ggõ" tahendus="magada" ingl="sleep" liik="V" vorm="pers.jus.pr.pl.3.">ma’ggəgəd</sone><sone id="l28_s11" lk="119" meta="vahemärk">.</sone></lause><lause id="l29"><sone id="l29_s1" lk="119" lemma="si’z" tahendus="siis" ingl="then" liik="ProAdv">siz</sone><sone id="l29_s2" lk="119" lemma="ne" tahendus="nemad" ingl="they" liik="ProS" vorm="pl.nom.">ne</sone><sone id="l29_s3" lk="119" lemma="vȱlda" tahendus="olla" ingl="be" liik="Va" vorm="pers.ind.pr.pl.3.">a’dt</sone><sone id="l29_s4" lk="119" lemma="ūoņdžõl" tahendus="hommikul" ingl="in the morning" liik="Adv">uońdžəl</sone><sone id="l29_s5" lk="119" lemma="nūzõ" tahendus="tõusta" ingl="get up" liik="V" vorm="nud.pl.">nūzənd</sone><sone id="l29_s6" lk="119" lemma="i’lzõ" tahendus="üles" ingl="up" liik="Adva">il’zə</sone><sone id="l29_s7" lk="119" meta="vahemärk">.</sone></lause><lause id="l30"><sone id="l30_s1" lk="119" lemma="si’z" tahendus="siis" ingl="then" liik="ProAdv">siz</sone><sone id="l30_s2" lk="119" lemma="se" tahendus="see" ingl="this" liik="ProS" vorm="sg.gen.">sie</sone><sone id="l30_s3" lk="119" lemma="ikš" tahendus="üks" ingl="one" liik="ProS" vorm="sg.dat.">ī’dən</sone><sone id="l30_s4" lk="119" lemma="vȱlda" tahendus="olla" ingl="be" liik="Va" vorm="pers.ind.pr.sg.3.">um’</sone><sone id="l30_s5" lk="119" lemma="vȱlda" tahendus="olla" ingl="be" liik="V" vorm="nud.sg.">ve̮nd</sone><sone id="l30_s6" lk="119" lemma="kuldi" tahendus="kuldne" ingl="golden" liik="A" vorm="sg.nom.">kuldi</sone><sone id="l30_s7" lk="119" lemma="dukāt" tahendus="tukat" ingl="ducat" liik="S" vorm="sg.nom.">dukāt</sone><sone id="l30_s8" lk="119">pǟn-allə</sone><sone id="l30_s9" lk="119" meta="vahemärk">.</sone></lause><lause id="l31"><sone id="l31_s1" lk="119" lemma="un" tahendus="ja" ingl="and" liik="Konj">un</sone><sone id="l31_s2" lk="119" lemma="se" tahendus="see" ingl="this" liik="ProS" vorm="sg.nom.">se</sone><sone id="l31_s3" lk="119" lemma="neitst" tahendus="neiu" ingl="maiden" liik="S" vorm="sg.nom.">neitst</sone><sone id="l31_s4" lk="119" lemma="vȱlda" tahendus="olla" ingl="be" liik="Va" vorm="pers.ind.pr.sg.3.">um</sone><sone id="l31_s5" lk="119" lemma="andõ" tahendus="anda" ingl="give" liik="V" vorm="nud.sg.">andən</sone><sone id="l31_s6" lk="119" lemma="perī+mīez" tahendus="peremees" ingl="master of the house" liik="S" vorm="sg.dat.">perī+mi’en</sone><sone id="l31_s7" lk="119" lemma="un" tahendus="ja" ingl="and" liik="Konj">un</sone><sone id="l31_s8" lk="119" lemma="kītõ" tahendus="öelda" ingl="say" liik="V" vorm="nud.sg.">kītən</sone><sone id="l31_s9" lk="119" lemma="ku" tahendus="et" ingl="that" liik="Konj">ku</sone><sone id="l31_s10" lk="119" lemma="se" tahendus="see" ingl="this" liik="ProS" vorm="sg.nom.">se</sone><sone id="l31_s11" lk="119" lemma="pȯiški" tahendus="poisike" ingl="small boy" liik="S" vorm="sg.dat.">pe̮iškizən</sone><sone id="l31_s12" lk="119" lemma="vȱlda" tahendus="olla" ingl="be" liik="Va" vorm="pers.ind.pr.sg.3.">um’</sone><sone id="l31_s13" lk="119" lemma="vȱlda" tahendus="olla" ingl="be" liik="V" vorm="nud.sg.">ve̮nd</sone><sone id="l31_s14" lk="119">pǟn-allə</sone><sone id="l31_s15" lk="119" meta="vahemärk">.</sone></lause><lause id="l32"><sone id="l32_s1" lk="119" lemma="si’z" tahendus="siis" ingl="then" liik="ProAdv">siz</sone><sone id="l32_s2" lk="119" lemma="se" tahendus="see" ingl="this" liik="ProS" vorm="sg.nom.">se</sone><sone id="l32_s3" lk="119" lemma="perī+mīez" tahendus="peremees" ingl="master of the house" liik="S" vorm="sg.nom.">perī+miez</sone><sone id="l32_s4" lk="119" lemma="ne" tahendus="nemad" ingl="they" liik="ProS" vorm="pl.part.">nēd́i</sone><sone id="l32_s5" lk="119" lemma="ä’b" tahendus="ei" ingl="not" liik="Mn" vorm="pr.sg.3.">äb</sone><sone id="l32_s6" lk="119" lemma="vȱlda" tahendus="olla" ingl="be" liik="Va" vorm="pers.ind.sg.3.neg.">uo</sone><sone id="l32_s7" lk="119" lemma="jarā" tahendus="ära" ingl="away" liik="Adva">jarā</sone><sone id="l32_s8" lk="119" lemma="laskõ" tahendus="lasta" ingl="let" liik="V" vorm="nud.sg.">laskən</sone><sone id="l32_s9" lk="119" meta="vahemärk">.</sone></lause><lause id="l33"><sone id="l33_s1" lk="119" lemma="ne" tahendus="nemad" ingl="they" liik="ProS" vorm="pl.nom.">ne</sone><sone id="l33_s2" lk="119" lemma="vȱlda" tahendus="olla" ingl="be" liik="Va" vorm="pers.ind.pr.pl.3.">a’dt</sone><sone id="l33_s3" lk="119" lemma="vȱlda" tahendus="olla" ingl="be" liik="V" vorm="nud.pl.">ve̮nnəd</sone><sone id="l33_s4" lk="119" lemma="vīž" tahendus="viis" ingl="five" liik="Nump" vorm="sg.nom.">vīž</sone><sone id="l33_s5" lk="119" lemma="āigast" tahendus="aasta" ingl="year" liik="S" vorm="sg.part.">āigast</sone><sone id="l33_s6" lk="119" lemma="sǟ’l" tahendus="seal" ingl="there" liik="ProAdv">sǟ’l</sone><sone id="l33_s7" lk="119" lemma="un" tahendus="ja" ingl="and" liik="Konj">un</sone><sone id="l33_s8" lk="119" lemma="se" tahendus="see" ingl="this" liik="ProS" vorm="sg.nom.">se</sone><sone id="l33_s9" lk="119" lemma="perī+mīez" tahendus="peremees" ingl="master of the house" liik="S" vorm="sg.nom.">perī+miez</sone><sone id="l33_s10" lk="119" lemma="vȱlda" tahendus="olla" ingl="be" liik="Va" vorm="pers.ind.pr.sg.3.">um’</sone><sone id="l33_s11" lk="119" lemma="sǭtõ" tahendus="saata" ingl="send" liik="V" vorm="nud.sg.">så̄tən</sone><sone id="l33_s12" lk="119" lemma="ne" tahendus="nemad" ingl="they" liik="ProS" vorm="pl.part.">nēd́i</sone><sone id="l33_s13" lk="119" lemma="skūol" tahendus="kool" ingl="school" liik="S" vorm="sg.ill.">skuolə</sone><sone id="l33_s14" lk="119" meta="vahemärk">.</sone></lause><lause id="l34"><sone id="l34_s1" lk="119" lemma="si’z" tahendus="siis" ingl="then" liik="ProAdv">siz</sone><sone id="l34_s2" lk="119" lemma="ne" tahendus="nemad" ingl="they" liik="ProS" vorm="pl.nom.">ne</sone><sone id="l34_s3" lk="119" lemma="vȱlda" tahendus="olla" ingl="be" liik="Va" vorm="pers.ind.pr.pl.3.">a’dt</sone><sone id="l34_s4" lk="119" lemma="vȱlda" tahendus="olla" ingl="be" liik="V" vorm="nud.pl.">ve̮nnəd</sone><sone id="l34_s5" lk="119" meta="vahemärk">[</sone><sone id="l34_s6" lk="119">is+skuoltəd</sone><sone id="l34_s7" lk="119" meta="vahemärk"> &gt;</sone><sone id="l34_s8" lk="119" meta="vahemärk">]</sone><sone id="l34_s9" lk="119">is+skuoldəd</sone><sone id="l34_s10" lk="119" meta="vahemärk">[</sone><sone id="l34_s11" lk="119">is+kuoldət</sone><sone lk="119" keel="eesti" id="l34_s12" meta="vahemärk">]</sone><sone id="l34_s13" lk="119" meta="vahemärk">.</sone></lause><lause id="l35"><sone id="l35_s1" lk="119" lemma="se" tahendus="see" ingl="this" liik="ProS" vorm="sg.nom.">se</sone><sone id="l35_s2" lk="119" lemma="perī+mīez" tahendus="peremees" ingl="master of the house" liik="S" vorm="sg.nom.">perī+miez</sone><sone id="l35_s3" lk="119" lemma="vȱlda" tahendus="olla" ingl="be" liik="Va" vorm="pers.ind.pr.sg.3.">um’</sone><sone id="l35_s4" lk="119" lemma="sǭtõ" tahendus="saata" ingl="send" liik="V" vorm="nud.sg.">så̄tən</sone><sone id="l35_s5" lk="119" lemma="je’ds+pēḑõn" tahendus="ära" ingl="away" liik="Adv">je̮’dspēd́ən</sone><sone id="l35_s6" lk="119" lemma="ne" tahendus="nemad" ingl="they" liik="ProS" vorm="pl.gen.">nänt</sone><sone id="l35_s7" lk="119" meta="vahemärk">.</sone></lause><lause id="l36"><sone id="l36_s1" lk="120" lemma="si’z" tahendus="siis" ingl="then" liik="ProAdv">siz</sone><sone id="l36_s2" lk="120" lemma="ne" tahendus="nemad" ingl="they" liik="ProS" vorm="pl.nom.">ne</sone><sone id="l36_s3" lk="120" lemma="vȱlda" tahendus="olla" ingl="be" liik="Va" vorm="pers.ind.pr.pl.3.">a’dtə</sone><sone id="l36_s4" lk="120" lemma="lǟ’dõ" tahendus="minna" ingl="go" liik="V" vorm="nud.pl.">lǟ’nəd</sone><sone id="l36_s5" lk="120" lemma="ikš" tahendus="üks" ingl="one" liik="ProS" vorm="sg.ill.">ī’də</sone><sone id="l36_s6" lk="120">pilsǟtə</sone><sone id="l36_s7" lk="120" meta="vahemärk">.</sone></lause><lause id="l37"><sone id="l37_s1" lk="120" lemma="si’z" tahendus="siis" ingl="then" liik="ProAdv">siz</sone><sone id="l37_s2" lk="120" lemma="se" tahendus="see" ingl="this" liik="ProS" vorm="sg.nom.">se</sone><sone id="l37_s3" lk="120" lemma="ikš" tahendus="üks" ingl="one" liik="ProS" vorm="sg.nom.">ikš</sone><sone id="l37_s4" lk="120" lemma="vȱlda" tahendus="olla" ingl="be" liik="Va" vorm="pers.ind.pr.sg.3.">um’</sone><sone id="l37_s5" lk="120">sǟdən</sone><sone id="l37_s6" lk="120" lemma="pa" tahendus="millekski, kellekski" ingl="as" liik="Pre">pa</sone><sone id="l37_s7" lk="120" lemma="skrīvõr" tahendus="kirjutaja" ingl="clerk" liik="S" vorm="sg.tr.">skrīvarəks</sone><sone id="l37_s8" lk="120" lemma="un" tahendus="ja" ingl="and" liik="Konj">un</sone><sone id="l37_s9" lk="120" lemma="tuoi" tahendus="teine" ingl="other" liik="ProS" vorm="sg.nom.">tᵘoi</sone><sone id="l37_s10" lk="120" lemma="vȱlda" tahendus="olla" ingl="be" liik="Va" vorm="pers.ind.pr.sg.3.">um’</sone><sone id="l37_s11" lk="120" lemma="lǟ’dõ" tahendus="minna" ingl="go" liik="V" vorm="nud.sg.">lǟ’nd</sone><sone id="l37_s12" lk="120" lemma="tegīž" tahendus="jälle" ingl="again" liik="ModAdv">tegīž</sone><sone id="l37_s13" lk="120" lemma="pi’ds" tahendus="mööda" ingl="along" liik="Pre">pits</sone><sone id="l37_s14" lk="120" lemma="pasouļ" tahendus="maailm" ingl="world" liik="S" vorm="sg.part.">passouĺt</sone><sone id="l37_s15" lk="120" lemma="je’ds+pēḑõn" tahendus="edasi" ingl="along" liik="Adv">je̮’dspēd́ən</sone><sone id="l37_s16" lk="120" meta="vahemärk">.</sone></lause><lause id="l38"><sone id="l38_s1" lk="120" lemma="si’z" tahendus="siis" ingl="then" liik="ProAdv">siz</sone><sone id="l38_s2" lk="120" lemma="se" tahendus="see" ingl="this" liik="ProS" vorm="sg.nom.">se</sone><sone id="l38_s3" lk="120" lemma="skrīvõr" tahendus="kirjutaja" ingl="clerk" liik="S" vorm="sg.nom.">skrīvar</sone><sone id="l38_s4" lk="120" lemma="vȱlda" tahendus="olla" ingl="be" liik="Va" vorm="pers.ind.pr.sg.3.">um’</sone><sone id="l38_s5" lk="120" lemma="sǟdõ" tahendus="üürida" ingl="rent" liik="V" vorm="nud.sg.">sǟdən</sone><sone id="l38_s6" lk="120" lemma="ī’ž" tahendus="ise" ingl="self" liik="ProS" vorm="sg.dat.">eńt́šən</sone><sone id="l38_s7" lk="120" lemma="kǭmaŗ" tahendus="kamber" ingl="chamber" liik="S" vorm="sg.gen.">kå̄mer</sone><sone id="l38_s8" lk="120" meta="vahemärk">,</sone><sone id="l38_s9" lk="120" lemma="kus" tahendus="kuhu" ingl="where" liik="Intr">kus</sone><sone id="l38_s10" lk="120" lemma="tämā" tahendus="tema" ingl="he, she" liik="ProS" vorm="sg.nom.">ta</sone><sone id="l38_s11" lk="120" lemma="ne" tahendus="need" ingl="these" liik="ProS" vorm="pl.nom.">ne</sone><sone id="l38_s12" lk="120" lemma="kuldi" tahendus="kuldne" ingl="golden" liik="A" vorm="sg.nom.">kuldi</sone><sone id="l38_s13" lk="120" meta="vahemärk">(</sone><sone id="l38_s14" lk="120" meta="kommentaar">pro</sone><sone id="l38_s15" lk="120" meta="kommentaar">kuldist</sone><sone id="l38_s16" lk="120" meta="kommentaar">~</sone><sone id="l38_s17" lk="120" meta="kommentaar">kūlda</sone><sone id="l38_s18" lk="120" meta="vahemärk">)</sone><sone id="l38_s19" lk="120" lemma="dukāt" tahendus="tukat" ingl="ducat" liik="S" vorm="pl.nom.">dukātəd</sone><sone id="l38_s20" lk="120" lemma="võidõ" tahendus="võida" ingl="can" liik="V" vorm="pers.ind.pr.sg.3.">vi̮ib</sone><sone id="l38_s21" lk="120" lemma="pānda" tahendus="panna" ingl="put" liik="V" vorm="inf.">pānda</sone><sone id="l38_s22" lk="120" lemma="sillõ" tahendus="sisse" ingl="inside" liik="Adv">sil’lə</sone><sone id="l38_s23" lk="120" meta="vahemärk">.</sone></lause><lause id="l39"><sone id="l39_s1" lk="120" lemma="si’z" tahendus="siis" ingl="then" liik="ProAdv">siz</sone><sone id="l39_s2" lk="120" lemma="tämā" tahendus="tema" ingl="he, she" liik="ProS" vorm="sg.nom.">ta</sone><sone id="l39_s3" lk="120" lemma="vȱlda" tahendus="olla" ingl="be" liik="Va" vorm="pers.ind.pr.sg.3.">um’</sone><sone id="l39_s4" lk="120" lemma="vȱlda" tahendus="olla" ingl="be" liik="V" vorm="nud.sg.">ve̮nd</sone><sone id="l39_s5" lk="120" lemma="ikš" tahendus="üks" ingl="one" liik="ProS" vorm="sg.gen.">ī’d</sone><sone id="l39_s6" lk="120">puol</sone><sone id="l39_s7" lk="120" lemma="āigast" tahendus="aasta" ingl="year" liik="S" vorm="sg.part.">āigast</sone><sone id="l39_s8" lk="120" lemma="sǟ’l" tahendus="seal" ingl="there" liik="ProAdv">sǟ’l</sone><sone id="l39_s9" lk="120" meta="vahemärk">,</sone><sone id="l39_s10" lk="120" lemma="si’z" tahendus="siis" ingl="then" liik="ProAdv">siz</sone><sone id="l39_s11" lk="120" lemma="tämā" tahendus="tema" ingl="he, she" liik="ProS" vorm="sg.nom.">ta</sone><sone lk="120" keel="eesti" id="l39_s12" meta="vahemärk">=</sone><sone lk="120" keel="eesti" id="l39_s13" lemma="vȱlda" tahendus="olla" ingl="be" liik="Va" vorm="pers.ind.pr.sg.3.">m’</sone><sone id="l39_s14" lk="120" lemma="tǭ’dõ" tahendus="tahta" ingl="want" liik="V" vorm="nud.sg.">tå̄’nd</sone><sone id="l39_s15" lk="120">ī’d</sone><sone id="l39_s16" lk="120">me̮izəd</sone><sone id="l39_s17" lk="120" meta="vahemärk">[</sone><sone id="l39_s18" lk="120" lemma="vȯstõ" tahendus="osta" ingl="buy" liik="V" vorm="inf.">ve̮stə</sone><sone id="l39_s19" lk="120" meta="vahemärk"> &gt;</sone><sone id="l39_s20" lk="120" meta="vahemärk">]</sone><sone id="l39_s21" lk="120" lemma="vȯstõ" tahendus="osta" ingl="buy" liik="V" vorm="sup.">ve̮stām</sone><sone id="l39_s22" lk="120" meta="vahemärk">.</sone></lause><lause id="l40"><sone id="l40_s1" lk="120" lemma="se" tahendus="see" ingl="this" liik="ProS" vorm="sg.nom.">se</sone><sone id="l40_s2" lk="120" lemma="sūr+izānd" tahendus="mõisahärra" liik="S" vorm="sg.nom.">sūr+izānd</sone><sone id="l40_s3" lk="120" lemma="vȱlda" tahendus="olla" ingl="be" liik="Va" vorm="pers.ind.pr.sg.3.">um’</sone><sone id="l40_s4" lk="120" lemma="na’grõ" tahendus="naerda" ingl="laugh" liik="V" vorm="nud.sg.">na’grən</sone><sone id="l40_s5" lk="120" meta="vahemärk">,</sone><sone id="l40_s6" lk="120" lemma="ku" tahendus="et" ingl="that" liik="Konj">ku</sone><sone id="l40_s7" lk="120" lemma="tämā" tahendus="tema" ingl="he, she" liik="ProS" vorm="sg.dat.">täm’mən</sone><sone id="l40_s8" lk="120" lemma="ä’b" tahendus="ei" ingl="not" liik="Mn" vorm="pr.sg.3.">äb</sone><sone id="l40_s9" lk="120" lemma="vȱlda" tahendus="olla" ingl="be" liik="V" vorm="pers.ind.sg.3.neg.">uo</sone><sone id="l40_s10" lk="120" lemma="rǭ’" tahendus="raha" ingl="money" liik="S" vorm="sg.part.">rå̄’də</sone><sone id="l40_s11" lk="120" lemma="ne’i" tahendus="nii" ingl="so" liik="ProAdv">nei’</sone><sone id="l40_s12" lk="120" lemma="je’nnõ" tahendus="palju" ingl="much" liik="Adv">je̮n’n</sone><sone id="l40_s13" lk="120" meta="vahemärk">.</sone></lause><lause id="l41"><sone id="l41_s1" lk="120" lemma="tämā" tahendus="tema" ingl="he, she" liik="ProS" vorm="sg.nom.">ta</sone><sone id="l41_s2" lk="120" lemma="vȱlda" tahendus="olla" ingl="be" liik="Va" vorm="pers.ind.pr.sg.3.">um’</sone><sone id="l41_s3" lk="120" lemma="kītõ" tahendus="öelda" ingl="say" liik="V" vorm="nud.sg.">kītən</sone><sone id="l41_s4" lk="120" meta="vahemärk">,</sone><sone id="l41_s5" lk="120" lemma="ku" tahendus="et" ingl="that" liik="Konj">ku</sone><sone id="l41_s6" lk="120" lemma="tämā" tahendus="tema" ingl="he, she" liik="ProS" vorm="sg.dat.">täm’mən</sone><sone id="l41_s7" lk="120" lemma="vȱlda" tahendus="olla" ingl="be" liik="V" vorm="pers.ind.pr.sg.3.">um’</sone><sone id="l41_s8" lk="120" meta="vahemärk">.</sone></lause><lause id="l42"><sone id="l42_s1" lk="120" lemma="un" tahendus="ja" ingl="and" liik="Konj">un</sone><sone id="l42_s2" lk="120" lemma="se" tahendus="see" ingl="this" liik="ProS" vorm="sg.nom.">se</sone><sone id="l42_s3" lk="120" lemma="izānd" tahendus="härra" ingl="mister" liik="S" vorm="sg.nom.">izānd</sone><sone id="l42_s4" lk="120" lemma="tämā" tahendus="tema" ingl="he, she" liik="ProS" vorm="sg.dat.">täm’mən</sone><sone id="l42_s5" lk="120" lemma="vȱlda" tahendus="olla" ingl="be" liik="Va" vorm="pers.ind.pr.sg.3.">um’</sone><sone id="l42_s6" lk="120" lemma="mīdõ" tahendus="müüa" ingl="sell" liik="V" vorm="nud.sg.">mīnd</sone><sone id="l42_s7" lk="120" lemma="ne" tahendus="need" ingl="these" liik="ProS" vorm="pl.nom.">ne</sone><sone id="l42_s8" lk="120" lemma="mȯizõ" tahendus="mõis" ingl="manor" liik="S" vorm="pl.nom.">me̮izəd</sone><sone id="l42_s9" lk="120" meta="vahemärk">.</sone></lause><lause id="l43"><sone id="l43_s1" lk="120" lemma="un" tahendus="ja" ingl="and" liik="Konj">un</sone><sone id="l43_s2" lk="120" lemma="si’z" tahendus="siis" ingl="then" liik="ProAdv">siz</sone><sone id="l43_s3" lk="120" lemma="tämā" tahendus="tema" ingl="he, she" liik="ProS" vorm="sg.nom.">tämā</sone><sone id="l43_s4" lk="120" lemma="andõ" tahendus="anda" ingl="give" liik="V" vorm="pers.ind.ipf.sg.3.">āndiz</sone><sone id="l43_s5" lk="120" lemma="kūlda+dukāt" tahendus="kuldtukat" ingl="gold ducat" liik="S" vorm="pl.nom.">kūlda+dukātəd</sone><sone id="l43_s6" lk="120" lemma="se" tahendus="see" ingl="this" liik="ProS" vorm="sg.gen.">sie</sone><sone id="l43_s7" lk="120" lemma="izānd" tahendus="isand" ingl="master" liik="S" vorm="sg.dat.">izāndən</sone><sone id="l43_s8" lk="120" meta="vahemärk">.</sone></lause><lause id="l44"><sone id="l44_s1" lk="120" lemma="si’z" tahendus="siis" ingl="then" liik="ProAdv">siz</sone><sone id="l44_s2" lk="120" lemma="tämā" tahendus="tema" ingl="he, she" liik="ProS" vorm="sg.nom.">ta</sone><sone lk="120" keel="eesti" id="l44_s3" meta="vahemärk">=</sone><sone lk="120" keel="eesti" id="l44_s4" lemma="vȱlda" tahendus="olla" ingl="be" liik="Va" vorm="pers.ind.pr.sg.3.">m’</sone><sone id="l44_s5" lk="120" lemma="je’llõ" tahendus="elada" ingl="live" liik="V" vorm="nud.sg.">je̮l’lən</sone><sone id="l44_s6" lk="120" lemma="se" tahendus="see" ingl="this" liik="ProS" vorm="sg.in.">sies</sone><sone id="l44_s7" lk="120" lemma="mȯizõ" tahendus="mõis" ingl="manor" liik="S" vorm="sg.in.">me̮izəs</sone><sone id="l44_s8" lk="120" meta="vahemärk">.</sone></lause><lause id="l45"><sone id="l45_s1" lk="120" lemma="sǟ’l" tahendus="seal" ingl="there" liik="ProAdv">sǟ’l</sone><sone id="l45_s2" lk="120" lemma="vȱlda" tahendus="olla" ingl="be" liik="Va" vorm="pers.ind.pr.sg.3.">um’</sone><sone id="l45_s3" lk="120" lemma="vȱlda" tahendus="olla" ingl="be" liik="V" vorm="nud.sg.">ve̮nd</sone><sone id="l45_s4" lk="120" lemma="ikš" tahendus="üks" ingl="one" liik="ProS" vorm="sg.nom.">ikš</sone><sone id="l45_s5" lk="120" lemma="vanā" tahendus="vana" ingl="old" liik="A" vorm="sg.nom.">vanā</sone><sone id="l45_s6" lk="120" lemma="freilen" tahendus="preili" ingl="miss" liik="S" vorm="sg.nom." kommentaar="?">freilen</sone><sone id="l45_s7" lk="120" meta="vahemärk">.</sone></lause><lause id="l46"><sone id="l46_s1" lk="120" lemma="se" tahendus="see" ingl="this" liik="ProS" vorm="sg.nom.">se</sone><sone id="l46_s2" lk="120" lemma="vȱlda" tahendus="olla" ingl="be" liik="Va" vorm="pers.ind.pr.sg.3.">um’</sone><sone id="l46_s3" lk="120" lemma="tī’edõ" tahendus="teha" ingl="do" liik="V" vorm="nud.sg.">ti’end</sone><sone id="l46_s4" lk="120" lemma="bal" tahendus="ball" ingl="ball" liik="S" vorm="sg.gen." kommentaar="?">ball</sone><sone id="l46_s5" lk="120" lemma="un" tahendus="ja" ingl="and" liik="Konj">un</sone><sone id="l46_s6" lk="120" lemma="si’z" tahendus="siis" ingl="then" liik="ProAdv">siz</sone><sone id="l46_s7" lk="120" lemma="tämā" tahendus="tema" ingl="he, she" liik="ProS" vorm="sg.nom.">ta</sone><sone lk="120" keel="eesti" id="l46_s8" meta="vahemärk">=</sone><sone lk="120" keel="eesti" id="l46_s9" lemma="vȱlda" tahendus="olla" ingl="be" liik="Va" vorm="pers.ind.pr.sg.3.">m’</sone><sone id="l46_s10" lk="120" lemma="tämā" tahendus="tema" ingl="he, she" liik="ProS" vorm="sg.dat.">täm’mən</sone><sone id="l46_s11" lk="120" lemma="andõ" tahendus="anda" ingl="give" liik="V" vorm="nud.sg.">andən</sone><sone id="l46_s12" lk="120" lemma="ikš" tahendus="üks" ingl="one" liik="ProS" vorm="sg.gen.">ī’d</sone><sone id="l46_s13" lk="120" lemma="glǭz" tahendus="klaas" ingl="glass" liik="S" vorm="sg.gen.">glå̄z</sone><sone id="l46_s14" lk="120" lemma="tē" tahendus="tee" ingl="tea" liik="S" vorm="sg.gen." kommentaar="?">tē</sone><sone id="l46_s15" lk="120" meta="vahemärk">,</sone><sone id="l46_s16" lk="120" lemma="tämā" tahendus="tema" ingl="he, she" liik="ProS" vorm="sg.nom.">ta</sone><sone id="l46_s17" lk="120" lemma="pānda" tahendus="panna" ingl="put" liik="V" vorm="nud.sg.">pand</sone><sone id="l46_s18" lk="120" lemma="seļļi" tahendus="selline" ingl="this kind of" liik="ProA" vorm="pl.part." kommentaar="?">seĺĺiz</sone><sone id="l46_s19" lk="120" lemma="ain" tahendus="aine" ingl="substance" liik="S" vorm="pl.part.">aińd́i</sone><sone id="l46_s20" lk="120" meta="vahemärk">,</sone><sone id="l46_s21" lk="120" lemma="ku" tahendus="et" ingl="that" liik="Konj">ku</sone><sone id="l46_s22" lk="120" lemma="vȱlda" tahendus="olla" ingl="be" liik="Va" vorm="pers.ind.pr.sg.3.">um’</sone><sone id="l46_s23" lk="120" lemma="vȱlda" tahendus="olla" ingl="be" liik="Va" vorm="nud.sg.">ve̮nd</sone><sone id="l46_s24" lk="120" lemma="oksnõ" tahendus="oksendada" ingl="vomit" liik="V" vorm="deb.">oksnəməst</sone><sone id="l46_s25" lk="120" meta="vahemärk">.</sone></lause><lause id="l47"><sone id="l47_s1" lk="120" lemma="si’z" tahendus="siis" ingl="then" liik="ProAdv">siz</sone><sone id="l47_s2" lk="120" lemma="tämā" tahendus="tema" ingl="he, she" liik="ProS" vorm="sg.nom.">ta</sone><sone lk="120" keel="eesti" id="l47_s3" meta="vahemärk">=</sone><sone lk="120" keel="eesti" id="l47_s4" lemma="vȱlda" tahendus="olla" ingl="be" liik="Va" vorm="pers.ind.pr.sg.3.">m’</sone><sone id="l47_s5" lk="120" lemma="oksnõ" tahendus="oksendada" ingl="vomit" liik="V" vorm="nud.sg.">oksnən</sone><sone id="l47_s6" lk="120" lemma="se" tahendus="see" ingl="this" liik="ProS" vorm="sg.gen.">sie</sone><sone id="l47_s7" lk="120" lemma="kanā" tahendus="kana" ingl="hen" liik="S" vorm="sg.gen.">kanā</sone><sone id="l47_s8" lk="120" lemma="sidām" tahendus="süda" ingl="heart" liik="S" vorm="sg.gen.">sidām</sone><sone id="l47_s9" lk="120" lemma="ulzõ" tahendus="välja" ingl="out" liik="Adv">uldz</sone><sone id="l47_s10" lk="120" meta="vahemärk">.</sone></lause><lause id="l48"><sone id="l48_s1" lk="120" lemma="se" tahendus="see" ingl="this" liik="ProS" vorm="sg.nom.">se</sone><sone id="l48_s2" lk="120" lemma="neitst" tahendus="preili" ingl="maiden" liik="S" vorm="sg.nom.">neitst</sone><sone id="l48_s3" lk="120" lemma="vȱlda" tahendus="olla" ingl="be" liik="Va" vorm="pers.ind.pr.sg.3.">um’</sone><sone id="l48_s4" lk="120" lemma="sǭdõ" tahendus="saada" ingl="get" liik="V" vorm="nud.sg.">så̄nd</sone><sone id="l48_s5" lk="120" lemma="ī’ž" tahendus="ise" ingl="self" liik="ProS" vorm="sg.dat.">eńt́šən</sone><sone id="l48_s6" lk="120" meta="vahemärk">.</sone></lause><lause id="l49"><sone id="l49_s1" lk="120" lemma="ni" tahendus="nüüd" ingl="now" liik="Adv">ni</sone><sone id="l49_s2" lk="120" lemma="tämā" tahendus="tema" ingl="he, she" liik="ProS" vorm="sg.dat.">täm’mən</sone><sone id="l49_s3" lk="120" lemma="vȱlda" tahendus="olla" ingl="be" liik="Va" vorm="pers.ind.pr.pl.3.">umāt</sone><sone id="l49_s4" lk="120" lemma="vȱlda" tahendus="olla" ingl="be" liik="V" vorm="nud.pl.">ve̮nnəd</sone><sone id="l49_s5" lk="120" lemma="jegā" tahendus="iga" ingl="every" liik="ProS" vorm="sg.nom." kommentaar="?">je̮gā</sone><sone id="l49_s6" lk="120" lemma="īe" tahendus="öö" ingl="night" liik="S" vorm="sg.nom." kommentaar="?">ie</sone><sone id="l49_s7" lk="120" lemma="kūlda+dukāt" tahendus="kuldtukat" ingl="gold ducat" liik="S" vorm="pl.nom.">kūlda+dukātəd</sone><sone id="l49_s8" lk="120">pǟn-allə</sone><sone id="l49_s9" lk="120" meta="vahemärk">.</sone></lause><lause id="l50"><sone id="l50_s1" lk="120" lemma="si’z" tahendus="siis" ingl="then" liik="ProAdv">siz</sone><sone id="l50_s2" lk="120" lemma="tämā" tahendus="tema" ingl="he, she" liik="ProS" vorm="sg.nom.">tä</sone><sone lk="120" keel="eesti" id="l50_s3" meta="vahemärk">=</sone><sone lk="120" keel="eesti" id="l50_s4" lemma="vȱlda" tahendus="olla" ingl="be" liik="Va" vorm="pers.ind.pr.sg.3.">m’</sone><sone id="l50_s5" lk="120" lemma="mīdõ" tahendus="müüa" ingl="sell" liik="V" vorm="nud.sg.">mīnd</sone><sone id="l50_s6" lk="120" lemma="ne" tahendus="need" ingl="these" liik="ProS" vorm="pl.nom." kommentaar="?">ne</sone><sone id="l50_s7" lk="120" lemma="mȯizõ" tahendus="mõis" ingl="manor" liik="S" vorm="pl.nom." kommentaar="?">me̮izəd</sone><sone id="l50_s8" lk="120" lemma="jarā" tahendus="ära" ingl="away" liik="Adva">jarā</sone><sone id="l50_s9" lk="120" lemma="un" tahendus="ja" ingl="and" liik="Konj">un</sone><sone id="l50_s10" lk="120" lemma="vȯstõ" tahendus="osta" ingl="buy" liik="V" vorm="nud.sg.">ve̮stən</sone><sone id="l50_s11" lk="120" lemma="kuo’ig" tahendus="laev" ingl="ship" liik="S" vorm="sg.gen." kommentaar="?">kᵘoi’g</sone><sone id="l50_s12" lk="120" meta="vahemärk">.</sone></lause><lause id="l51"><sone id="l51_s1" lk="120" lemma="si’z" tahendus="siis" ingl="then" liik="ProAdv">siz</sone><sone id="l51_s2" lk="120" lemma="tämā" tahendus="tema" ingl="he, she" liik="ProS" vorm="sg.nom.">ta</sone><sone lk="120" keel="eesti" id="l51_s3" meta="vahemärk">=</sone><sone lk="120" keel="eesti" id="l51_s4" lemma="vȱlda" tahendus="olla" ingl="be" liik="Va" vorm="pers.ind.pr.sg.3.">m’</sone><sone id="l51_s5" lk="120" lemma="lǟ’dõ" tahendus="minna" ingl="go" liik="V" vorm="nud.sg.">lǟ’nd</sone><sone id="l51_s6" lk="120" lemma="reizõ" tahendus="reisida" ingl="travel" liik="V" vorm="sup.">reizəm</sone><sone id="l51_s7" lk="120" meta="vahemärk">.</sone></lause><lause id="l52"><sone id="l52_s1" lk="120" lemma="si’z" tahendus="siis" ingl="then" liik="ProAdv">siz</sone><sone id="l52_s2" lk="120" lemma="tämā" tahendus="tema" ingl="he, she" liik="ProS" vorm="sg.nom.">ta</sone><sone lk="120" keel="eesti" id="l52_s3" meta="vahemärk">=</sone><sone lk="120" keel="eesti" id="l52_s4" lemma="vȱlda" tahendus="olla" ingl="be" liik="Va" vorm="pers.ind.pr.sg.3.">m’</sone><sone id="l52_s5" lk="120" lemma="lǟ’dõ" tahendus="minna" ingl="go" liik="V" vorm="nud.sg.">lǟ’nd</sone><sone id="l52_s6" lk="120" lemma="ikš" tahendus="üks" ingl="one" liik="ProS" vorm="sg.gen.">ī’d</sone><sone id="l52_s7" lk="120" lemma="salā" tahendus="saar" ingl="island" liik="S" vorm="sg.gen.">salā</sone><sone id="l52_s8" lk="120" lemma="pǟl" tahendus="peale" ingl="on" liik="Post">pǟl</sone><sone id="l52_s9" lk="120" meta="vahemärk">.</sone></lause><lause id="l53"><sone id="l53_s1" lk="120" lemma="si’z" tahendus="siis" ingl="then" liik="ProAdv">siz</sone><sone id="l53_s2" lk="120" lemma="tämā" tahendus="tema" ingl="he, she" liik="ProS" vorm="sg.nom.">ta</sone><sone lk="120" keel="eesti" id="l53_s3" meta="vahemärk">=</sone><sone lk="120" keel="eesti" id="l53_s4" lemma="vȱlda" tahendus="olla" ingl="be" liik="Va" vorm="pers.ind.pr.sg.3.">m’</sone><sone id="l53_s5" lk="120" lemma="lieudõ" tahendus="leida" ingl="find" liik="V" vorm="nud.sg.">lⁱewdən</sone><sone id="l53_s6" lk="120" lemma="ikš" tahendus="üks" ingl="one" liik="ProS" vorm="sg.gen.">ī’d</sone><sone id="l53_s7" lk="120" lemma="umārz+pū" tahendus="õunapuu" ingl="apple tree" liik="S" vorm="sg.gen.">umārz+pū</sone><sone id="l53_s8" lk="120" lemma="un" tahendus="ja" ingl="and" liik="Konj">un</sone><sone id="l53_s9" lk="120" lemma="sǟ’l" tahendus="seal" ingl="there" liik="ProAdv">sǟ’l</sone><sone id="l53_s10" lk="120" lemma="vȱlda" tahendus="olla" ingl="be" liik="Va" vorm="pers.ind.pr.pl.3.">a’dt</sone><sone id="l53_s11" lk="120" lemma="vȱlda" tahendus="olla" ingl="be" liik="V" vorm="nud.pl.">ve̮nnəd</sone><sone id="l53_s12" lk="120" lemma="õ’bdi" tahendus="hõbedane" ingl="silver" liik="A" vorm="pl.nom.">i̮’bdist</sone><sone id="l53_s13" lk="120" lemma="umārz" tahendus="õun" ingl="apple" liik="S" vorm="pl.nom.">umārd</sone><sone id="l53_s14" lk="120" lemma="jūsõ" tahendus="küljes" ingl="at" liik="Adv">jūs</sone><sone id="l53_s15" lk="120" meta="vahemärk">.</sone></lause><lause id="l54"><sone id="l54_s1" lk="120" lemma="tämā" tahendus="tema" ingl="he, she" liik="ProS" vorm="sg.nom.">ta</sone><sone lk="120" keel="eesti" id="l54_s2" meta="vahemärk">=</sone><sone lk="120" keel="eesti" id="l54_s3" lemma="vȱlda" tahendus="olla" ingl="be" liik="Va" vorm="pers.ind.pr.sg.3.">m’</sone><sone id="l54_s4" lk="120" lemma="sīedõ" tahendus="süüa" ingl="eat" liik="V" vorm="nud.sg.">siend</sone><sone id="l54_s5" lk="120" lemma="ikš" tahendus="üks" ingl="one" liik="ProS" vorm="sg.gen.">ī’d</sone><sone id="l54_s6" lk="120" lemma="umārz" tahendus="õun" ingl="apple" liik="S" vorm="sg.gen.">umār</sone><sone id="l54_s7" lk="120" lemma="jarā" tahendus="ära" ingl="away" liik="Adva">jarā</sone><sone id="l54_s8" lk="120" lemma="un" tahendus="ja" ingl="and" liik="Konj">un</sone><sone id="l54_s9" lk="120" lemma="tämā" tahendus="tema" ingl="he, she" liik="ProS" vorm="sg.nom.">ta</sone><sone lk="120" keel="eesti" id="l54_s10" meta="vahemärk">=</sone><sone lk="120" keel="eesti" id="l54_s11" lemma="vȱlda" tahendus="olla" ingl="be" liik="Va" vorm="pers.ind.pr.sg.3.">m’</sone><sone id="l54_s12" lk="120" lemma="īedõ" tahendus="saada" ingl="become" liik="V" vorm="nud.sg.">iend</sone><sone id="l54_s13" lk="120" lemma="pa" tahendus="millekski, kellekski" ingl="as" liik="Pre">pa</sone><sone id="l54_s14" lk="121" lemma="i’bbi" tahendus="hobune" ingl="horse" liik="S" vorm="sg.tr.">i̮bīzəks</sone><sone id="l54_s15" lk="121" meta="vahemärk">.</sone></lause><lause id="l55"><sone id="l55_s1" lk="121" lemma="si’z" tahendus="siis" ingl="then" liik="ProAdv">siz</sone><sone id="l55_s2" lk="121" lemma="tämā" tahendus="tema" ingl="he, she" liik="ProS" vorm="sg.nom.">ta</sone><sone lk="121" keel="eesti" id="l55_s3" meta="vahemärk">=</sone><sone lk="121" keel="eesti" id="l55_s4" lemma="vȱlda" tahendus="olla" ingl="be" liik="Va" vorm="pers.ind.pr.sg.3.">m’</sone><sone id="l55_s5" lk="121" lemma="lǟ’dõ" tahendus="minna" ingl="go" liik="V" vorm="nud.sg.">lǟ’nd</sone><sone id="l55_s6" lk="121" lemma="ve’l" tahendus="veel" ingl="more" liik="ModAdv">vel</sone><sone id="l55_s7" lk="121">ju’o</sone><sone id="l55_s8" lk="121" lemma="kōgaz" tahendus="kaugele" ingl="far" liik="Adv">kōgaz</sone><sone id="l55_s9" lk="121" lemma="pi’ds" tahendus="mööda" ingl="along" liik="Pre">pits</sone><sone id="l55_s10" lk="121" lemma="se" tahendus="see" ingl="this" liik="ProS" vorm="sg.part.">sⁱedā</sone><sone id="l55_s11" lk="121" lemma="mǭ" tahendus="maa" ingl="land" liik="S" vorm="sg.part.">må̄də</sone><sone id="l55_s12" lk="121" meta="vahemärk">.</sone></lause><lause id="l56"><sone id="l56_s1" lk="121" lemma="si’z" tahendus="siis" ingl="then" liik="ProAdv">siz</sone><sone id="l56_s2" lk="121" lemma="tämā" tahendus="tema" ingl="he, she" liik="ProS" vorm="sg.nom.">ta</sone><sone lk="121" keel="eesti" id="l56_s3" meta="vahemärk">=</sone><sone lk="121" keel="eesti" id="l56_s4" lemma="vȱlda" tahendus="olla" ingl="be" liik="Va" vorm="pers.ind.pr.sg.3.">m’</sone><sone id="l56_s5" lk="121" lemma="lieudõ" tahendus="leida" ingl="find" liik="V" vorm="nud.sg.">lⁱewdən</sone><sone id="l56_s6" lk="121" lemma="ve’l" tahendus="veel" ingl="more" liik="ModAdv">vel</sone><sone id="l56_s7" lk="121" lemma="ikš" tahendus="üks" ingl="one" liik="ProS" vorm="sg.gen.">ī’d</sone><sone id="l56_s8" lk="121" lemma="umārz+pū" tahendus="õunapuu" ingl="apple tree" liik="S" vorm="sg.gen.">umārz+pū</sone><sone id="l56_s9" lk="121" meta="vahemärk">,</sone><sone id="l56_s10" lk="121" lemma="kus" tahendus="kus" ingl="where" liik="Intr">kus</sone><sone id="l56_s11" lk="121" lemma="vȱlda" tahendus="olla" ingl="be" liik="Va" vorm="pers.ind.pr.pl.3.">a’dt</sone><sone id="l56_s12" lk="121" lemma="vȱlda" tahendus="olla" ingl="be" liik="V" vorm="nud.pl.">ve̮nnəd</sone><sone id="l56_s13" lk="121" lemma="kuldi" tahendus="kuldne" ingl="golden" liik="A" vorm="pl.nom.">kuldist</sone><sone id="l56_s14" lk="121" lemma="umārz" tahendus="õun" ingl="apple" liik="S" vorm="pl.nom.">umārd</sone><sone id="l56_s15" lk="121" meta="vahemärk">.</sone></lause><lause id="l57"><sone id="l57_s1" lk="121" lemma="si’z" tahendus="siis" ingl="then" liik="ProAdv">siz</sone><sone id="l57_s2" lk="121" lemma="tämā" tahendus="tema" ingl="he, she" liik="ProS" vorm="sg.nom.">ta</sone><sone lk="121" keel="eesti" id="l57_s3" meta="vahemärk">=</sone><sone lk="121" keel="eesti" id="l57_s4" lemma="vȱlda" tahendus="olla" ingl="be" liik="Va" vorm="pers.ind.pr.sg.3.">m’</sone><sone id="l57_s5" lk="121" lemma="sīedõ" tahendus="süüa" ingl="eat" liik="V" vorm="nud.sg.">siend</sone><sone id="l57_s6" lk="121" lemma="se" tahendus="see" ingl="this" liik="ProS" vorm="sg.gen.">sie</sone><sone id="l57_s7" lk="121" lemma="kuldi" tahendus="kuldne" ingl="golden" liik="A" vorm="sg.gen.">kuldiz</sone><sone id="l57_s8" lk="121" lemma="umārz" tahendus="õun" ingl="apple" liik="S" vorm="sg.gen.">umār</sone><sone id="l57_s9" lk="121" lemma="jarā" tahendus="ära" ingl="away" liik="Adva">jarā</sone><sone id="l57_s10" lk="121" meta="vahemärk">,</sone><sone id="l57_s11" lk="121" lemma="si’z" tahendus="siis" ingl="then" liik="ProAdv">siz</sone><sone id="l57_s12" lk="121" lemma="tämā" tahendus="tema" ingl="he, she" liik="ProS" vorm="sg.nom.">ta</sone><sone lk="121" keel="eesti" id="l57_s13" meta="vahemärk">=</sone><sone lk="121" keel="eesti" id="l57_s14" lemma="vȱlda" tahendus="olla" ingl="be" liik="Va" vorm="pers.ind.pr.sg.3.">m’</sone><sone id="l57_s15" lk="121" lemma="īedõ" tahendus="saada" ingl="become" liik="V" vorm="nud.sg.">iend</sone><sone id="l57_s16" lk="121" lemma="pa" tahendus="millekski, kellekski" ingl="as" liik="Pre">pa</sone><sone id="l57_s17" lk="121" lemma="rištīng" tahendus="inimene" ingl="human" liik="S" vorm="sg.tr.">rištīŋgəks</sone><sone id="l57_s18" lk="121" meta="vahemärk">.</sone></lause><lause id="l58"><sone id="l58_s1" lk="121" lemma="si’z" tahendus="siis" ingl="then" liik="ProAdv">siz</sone><sone id="l58_s2" lk="121" lemma="tämā" tahendus="tema" ingl="he, she" liik="ProS" vorm="sg.nom.">ta</sone><sone lk="121" keel="eesti" id="l58_s3" meta="vahemärk">=</sone><sone lk="121" keel="eesti" id="l58_s4" lemma="vȱlda" tahendus="olla" ingl="be" liik="Va" vorm="pers.ind.pr.sg.3.">m’</sone><sone id="l58_s5" lk="121" lemma="lǟ’dõ" tahendus="minna" ingl="go" liik="V" vorm="nud.sg.">lǟ’nd</sone><sone id="l58_s6" lk="121" lemma="kuo’ig" tahendus="laev" ingl="ship" liik="S" vorm="sg.gen.">kᵘoi’g</sone><sone id="l58_s7" lk="121" lemma="pǟl" tahendus="peale" ingl="on" liik="Post">pǟl</sone><sone id="l58_s8" lk="121" lemma="tā’giž" tahendus="tagasi" ingl="back" liik="Adv">tā’giž</sone><sone id="l58_s9" lk="121" lemma="un" tahendus="ja" ingl="and" liik="Konj">un</sone><sone id="l58_s10" lk="121" lemma="si’z" tahendus="siis" ingl="then" liik="ProAdv">siz</sone><sone id="l58_s11" lk="121" lemma="tämā" tahendus="tema" ingl="he, she" liik="ProS" vorm="sg.nom.">ta</sone><sone lk="121" keel="eesti" id="l58_s12" meta="vahemärk">=</sone><sone lk="121" keel="eesti" id="l58_s13" lemma="vȱlda" tahendus="olla" ingl="be" liik="Va" vorm="pers.ind.pr.sg.3.">m’</sone><sone id="l58_s14" lk="121" lemma="se" tahendus="see" ingl="this" liik="ProS" vorm="sg.gen.">sie</sone><sone id="l58_s15" lk="121" meta="vahemärk">[</sone><sone id="l58_s16" lk="121" lemma="kuo’ig" tahendus="laev" ingl="ship" liik="S" vorm="sg.instl.">kᵘoi’gəks</sone><sone id="l58_s17" lk="121" meta="vahemärk"> &gt;</sone><sone id="l58_s18" lk="121" meta="vahemärk">]</sone><sone id="l58_s19" lk="121" lemma="kuo’ig" tahendus="laev" ingl="ship" liik="S" vorm="sg.instl.">kᵘoi’gkəks</sone><sone id="l58_s20" lk="121" lemma="bro’utšõ" tahendus="sõita" ingl="drive" liik="V" vorm="nud.sg.">brou’tšən</sone><sone id="l58_s21" lk="121" lemma="kuodāj" tahendus="koju" ingl="home" liik="Adv">kᵘodāi</sone><sone id="l58_s22" lk="121" meta="vahemärk">.</sone></lause><lause id="l59"><sone id="l59_s1" lk="121" lemma="si’z" tahendus="siis" ingl="then" liik="ProAdv">siz</sone><sone id="l59_s2" lk="121" lemma="lǟ’dõ" tahendus="minna" ingl="go" liik="V" vorm="nud.sg.">lǟ’nd</sone><sone id="l59_s3" lk="121" lemma="eņtš" tahendus="oma" ingl="own" liik="ProS" vorm="sg.gen.">eńt́š</sone><sone id="l59_s4" lk="121" lemma="mȯizõ" tahendus="mõis" ingl="manor" liik="S" vorm="pl.ill.">me̮iziz</sone><sone id="l59_s5" lk="121" lemma="un" tahendus="ja" ingl="and" liik="Konj">un</sone><sone id="l59_s6" lk="121" lemma="si’z" tahendus="siis" ingl="then" liik="ProAdv">siz</sone><sone id="l59_s7" lk="121" lemma="tämā" tahendus="tema" ingl="he, she" liik="ProS" vorm="sg.nom.">ta</sone><sone lk="121" keel="eesti" id="l59_s8" meta="vahemärk">=</sone><sone lk="121" keel="eesti" id="l59_s9" lemma="vȱlda" tahendus="olla" ingl="be" liik="Va" vorm="pers.ind.pr.sg.3.">m’</sone><sone id="l59_s10" lk="121" lemma="mīdõ" tahendus="müüa" ingl="sell" liik="V" vorm="nud.sg.">mīnd</sone><sone id="l59_s11" lk="121" lemma="se" tahendus="see" ingl="this" liik="ProS" vorm="sg.gen.">sie</sone><sone id="l59_s12" lk="121" lemma="freilen" tahendus="preili" ingl="miss" liik="S" vorm="sg.dat.">freilenən</sone><sone id="l59_s13" lk="121" lemma="se" tahendus="see" ingl="this" liik="ProS" vorm="sg.gen.">sie</sone><sone id="l59_s14" lk="121" lemma="umārz" tahendus="õun" ingl="apple" liik="S" vorm="sg.gen.">umār</sone><sone id="l59_s15" lk="121" meta="vahemärk">.</sone></lause><lause id="l60"><sone id="l60_s1" lk="121" lemma="se" tahendus="see" ingl="this" liik="ProS" vorm="sg.nom.">se</sone><sone id="l60_s2" lk="121" lemma="freilen" tahendus="preili" ingl="miss" liik="S" vorm="sg.nom.">freilen</sone><sone id="l60_s3" lk="121" lemma="vȱlda" tahendus="olla" ingl="be" liik="Va" vorm="pers.ind.pr.sg.3.">um’</sone><sone id="l60_s4" lk="121" lemma="vȯstõ" tahendus="osta" ingl="buy" liik="V" vorm="nud.sg.">ve̮stən</sone><sone id="l60_s5" lk="121" lemma="un" tahendus="ja" ingl="and" liik="Konj">un</sone><sone id="l60_s6" lk="121" lemma="sīedõ" tahendus="süüa" ingl="eat" liik="V" vorm="nud.sg.">siend</sone><sone id="l60_s7" lk="121" lemma="jarā" tahendus="ära" ingl="away" liik="Adva">jarā</sone><sone id="l60_s8" lk="121" meta="vahemärk">.</sone></lause><lause id="l61"><sone id="l61_s1" lk="121" lemma="ni" tahendus="nüüd" ingl="now" liik="Adv">ni</sone><sone id="l61_s2" lk="121" lemma="tämā" tahendus="tema" ingl="he, she" liik="ProS" vorm="sg.nom.">ta</sone><sone id="l61_s3" lk="121" lemma="vȱlda" tahendus="olla" ingl="be" liik="Va" vorm="pers.ind.pr.sg.3.">um’</sone><sone id="l61_s4" lk="121" lemma="vȱlda" tahendus="olla" ingl="be" liik="V" vorm="nud.sg.">ve̮nd</sone><sone id="l61_s5" lk="121" lemma="i’bbi" tahendus="hobune" ingl="horse" liik="S" vorm="sg.nom.">i̮’bbi</sone><sone id="l61_s6" lk="121" meta="vahemärk">.</sone></lause><lause id="l62"><sone id="l62_s1" lk="121" lemma="si’z" tahendus="siis" ingl="then" liik="ProAdv">siz</sone><sone id="l62_s2" lk="121" lemma="tämā" tahendus="tema" ingl="he, she" liik="ProS" vorm="sg.nom.">ta</sone><sone lk="121" keel="eesti" id="l62_s3" meta="vahemärk">=</sone><sone lk="121" keel="eesti" id="l62_s4" lemma="vȱlda" tahendus="olla" ingl="be" liik="Va" vorm="pers.ind.pr.sg.3.">m’</sone><sone id="l62_s5" lk="121" lemma="astõ" tahendus="astuda, ronida" ingl="step" liik="V" vorm="nud.sg.">astən</sone><sone id="l62_s6" lk="121" lemma="sǟlga" tahendus="selg" ingl="back" liik="S" vorm="sg.ill.">sälgə</sone><sone id="l62_s7" lk="121" lemma="un" tahendus="ja" ingl="and" liik="Konj">un</sone><sone id="l62_s8" lk="121" lemma="ratstõ" tahendus="ratsutada" ingl="ride" liik="V" vorm="nud.sg.">ratstən</sone><sone id="l62_s9" lk="121" lemma="kǭrand" tahendus="õu" ingl="yard" liik="S" vorm="sg.gen.">kå̄rand</sone><sone id="l62_s10" lk="121" lemma="kouți" tahendus="pidi" ingl="along" liik="Post">kout́ə</sone><sone id="l62_s11" lk="121" meta="vahemärk">.</sone></lause><lause id="l63"><sone id="l63_s1" lk="121" lemma="si’z" tahendus="siis" ingl="then" liik="ProAdv">siz</sone><sone id="l63_s2" lk="121" lemma="ne" tahendus="need" ingl="these" liik="ProS" vorm="pl.nom.">ne</sone><sone id="l63_s3" lk="121" lemma="neitst" tahendus="neitsi" ingl="maid" liik="S" vorm="pl.nom.">neitsəd</sone><sone id="l63_s4" lk="121" lemma="vȱlda" tahendus="olla" ingl="be" liik="Va" vorm="pers.ind.pr.pl.3.">a’dt</sone><sone id="l63_s5" lk="121" lemma="rīdļõ" tahendus="riielda" ingl="scold" liik="V" vorm="nud.pl.">rīdĺənd</sone><sone id="l63_s6" lk="121" meta="vahemärk">,</sone><sone id="l63_s7" lk="121" lemma="ku" tahendus="et" ingl="that" liik="Konj">ku</sone><sone id="l63_s8" lk="121" lemma="ne" tahendus="nemad" ingl="they" liik="ProS" vorm="pl.nom.">ne</sone><sone id="l63_s9" lk="121" lemma="a’ilõ" tahendus="joosta" ingl="run" liik="V" vorm="pers.ind.pr.pl.3.">ai’ləbəd</sone><sone id="l63_s10" lk="121" lemma="ne" tahendus="nemad" ingl="they" liik="ProS" vorm="pl.gen.">nänt</sone><sone id="l63_s11" lk="121" lemma="kǭrand" tahendus="õu" ingl="yard" liik="S" vorm="sg.gen.">kå̄rand</sone><sone id="l63_s12" lk="121" lemma="kouți" tahendus="pidi" ingl="along" liik="Post">kout́ə</sone><sone id="l63_s13" lk="121" meta="vahemärk">.</sone></lause><lause id="l64"><sone id="l64_s1" lk="121" lemma="si’z" tahendus="siis" ingl="then" liik="ProAdv">siz</sone><sone id="l64_s2" lk="121" lemma="tämā" tahendus="tema" ingl="he, she" liik="ProS" vorm="sg.nom.">ta</sone><sone lk="121" keel="eesti" id="l64_s3" meta="vahemärk">=</sone><sone lk="121" keel="eesti" id="l64_s4" lemma="vȱlda" tahendus="olla" ingl="be" liik="Va" vorm="pers.ind.pr.sg.3.">m’</sone><sone id="l64_s5" lk="121" lemma="lǟ’dõ" tahendus="minna" ingl="go" liik="V" vorm="nud.sg.">lǟ’nd</sone><sone id="l64_s6" lk="121" lemma="je’ds+pēḑõn" tahendus="edasi" ingl="along" liik="Adv">je̮’dspēd́ən</sone><sone id="l64_s7" lk="121" meta="vahemärk">,</sone><sone id="l64_s8" lk="121" lemma="ratstõ" tahendus="ratsutada" ingl="ride" liik="V" vorm="nud.sg.">ratstən</sone><sone id="l64_s9" lk="121" lemma="ikš" tahendus="üks" ingl="one" liik="ProS" vorm="sg.ill.">ī’də</sone><sone id="l64_s10" lk="121">pilsǟtə</sone><sone id="l64_s11" lk="121" meta="vahemärk">.</sone></lause><lause id="l65"><sone id="l65_s1" lk="121" lemma="si’z" tahendus="siis" ingl="then" liik="ProAdv">siz</sone><sone id="l65_s2" lk="121" lemma="tämā" tahendus="tema" ingl="he, she" liik="ProS" vorm="sg.nom.">ta</sone><sone lk="121" keel="eesti" id="l65_s3" meta="vahemärk">=</sone><sone lk="121" keel="eesti" id="l65_s4" lemma="vȱlda" tahendus="olla" ingl="be" liik="Va" vorm="pers.ind.pr.sg.3.">m’</sone><sone id="l65_s5" lk="121" lemma="pānda" tahendus="panna" ingl="put" liik="V" vorm="nud.sg.">pand</sone><sone id="l65_s6" lk="121" lemma="se" tahendus="see" ingl="this" liik="ProS" vorm="sg.gen.">sie</sone><sone id="l65_s7" lk="121" lemma="i’bbi" tahendus="hobune" ingl="horse" liik="S" vorm="sg.gen.">i̮bīz</sone><sone id="l65_s8" lk="121" lemma="ikš" tahendus="üks" ingl="one" liik="ProS" vorm="sg.ill.">ī’də</sone><sone id="l65_s9" lk="121" lemma="taļ" tahendus="tall" ingl="stable" liik="S" vorm="sg.ill.">taĺĺə</sone><sone id="l65_s10" lk="121" lemma="un" tahendus="ja" ingl="and" liik="Konj">un</sone><sone id="l65_s11" lk="121" lemma="si’z" tahendus="siis" ingl="then" liik="ProAdv">siz</sone><sone id="l65_s12" lk="121" lemma="tämā" tahendus="tema" ingl="he, she" liik="ProS" vorm="sg.nom.">ta</sone><sone id="l65_s13" lk="121" lemma="ī’ž" tahendus="ise" ingl="self" liik="ProS" vorm="sg.nom.">ī’ž</sone><sone id="l65_s14" lk="121" lemma="vȱlda" tahendus="olla" ingl="be" liik="Va" vorm="pers.ind.pr.sg.3.">um’</sone><sone id="l65_s15" lk="121" lemma="lǟ’dõ" tahendus="minna" ingl="go" liik="V" vorm="nud.sg.">lǟ’nd</sone><sone id="l65_s16" lk="121" lemma="je’ds+pēḑõn" tahendus="edasi" ingl="along" liik="Adv">je̮’dspēd́ən</sone><sone id="l65_s17" lk="121" meta="vahemärk">.</sone></lause><lause id="l66"><sone id="l66_s1" lk="121" lemma="un" tahendus="ja" ingl="and" liik="Konj">un</sone><sone id="l66_s2" lk="121" lemma="si’z" tahendus="siis" ingl="then" liik="ProAdv">siz</sone><sone id="l66_s3" lk="121" lemma="tämā" tahendus="tema" ingl="he, she" liik="ProS" vorm="sg.nom.">ta</sone><sone lk="121" keel="eesti" id="l66_s4" meta="vahemärk">=</sone><sone lk="121" keel="eesti" id="l66_s5" lemma="vȱlda" tahendus="olla" ingl="be" liik="Va" vorm="pers.ind.pr.sg.3.">m’</sone><sone id="l66_s6" lk="121">sati’ekən</sone><sone id="l66_s7" lk="121" lemma="eņtš" tahendus="oma" ingl="own" liik="ProS" vorm="sg.gen.">eńt́š</sone><sone id="l66_s8" lk="121" lemma="tuoi" tahendus="teine" ingl="other" liik="ProS" vorm="sg.gen.">tᵘoiz</sone><sone id="l66_s9" lk="121" lemma="ve’ļ" tahendus="vend" ingl="brother" liik="S" vorm="sg.gen.">veĺ’</sone><sone id="l66_s10" lk="121" lemma="un" tahendus="ja" ingl="and" liik="Konj">un</sone><sone id="l66_s11" lk="121" lemma="se" tahendus="see" ingl="this" liik="ProS" vorm="sg.nom.">se</sone><sone id="l66_s12" lk="121" lemma="ve’ļ" tahendus="vend" ingl="brother" liik="S" vorm="sg.nom.">veĺ’</sone><sone id="l66_s13" lk="121" lemma="vȱlda" tahendus="olla" ingl="be" liik="Va" vorm="pers.ind.pr.sg.3.">um’</sone><sone id="l66_s14" lk="121" lemma="vȱlda" tahendus="olla" ingl="be" liik="V" vorm="nud.sg.">ve̮nd</sone><sone id="l66_s15" lk="121" lemma="pa" tahendus="millekski, kellekski" ingl="as" liik="Pre">pa</sone><sone id="l66_s16" lk="121" lemma="kēņig" tahendus="kuningas" ingl="king" liik="S" vorm="sg.tr." kommentaar="?">kēńigəks</sone><sone id="l66_s17" lk="121" meta="vahemärk">.</sone></lause><lause id="l67"><sone id="l67_s1" lk="121" lemma="un" tahendus="ja" ingl="and" liik="Konj">un</sone><sone id="l67_s2" lk="121" lemma="si’z" tahendus="siis" ingl="then" liik="ProAdv">siz</sone><sone id="l67_s3" lk="121" lemma="vȱlda" tahendus="olla" ingl="be" liik="Va" vorm="pers.ind.pr.sg.3.">um’</sone><sone id="l67_s4" lk="121" lemma="vīdõ" tahendus="viia" ingl="take" liik="V" vorm="nud.sg.">vīnd</sone><sone id="l67_s5" lk="121" lemma="se" tahendus="see" ingl="this" liik="ProS" vorm="sg.gen.">sie</sone><sone id="l67_s6" lk="121" lemma="i’bbi" tahendus="hobune" ingl="horse" liik="S" vorm="sg.gen.">i̮bīz</sone><sone id="l67_s7" lk="121" lemma="kēņig" tahendus="kuningas" ingl="king" liik="S" vorm="sg.gen.">kēńig</sone><sone id="l67_s8" lk="121" lemma="jū’rõ" tahendus="juurde" ingl="to" liik="Post">jū’r</sone><sone id="l67_s9" lk="121" lemma="un" tahendus="ja" ingl="and" liik="Konj">un</sone><sone id="l67_s10" lk="121" lemma="si’z" tahendus="siis" ingl="then" liik="ProAdv">siz</sone><sone id="l67_s11" lk="121" lemma="ne" tahendus="nemad" ingl="they" liik="ProS" vorm="pl.nom.">ne</sone><sone id="l67_s12" lk="121" lemma="vȱlda" tahendus="olla" ingl="be" liik="Va" vorm="pers.ind.pr.pl.3.">a’dt</sone><sone id="l67_s13" lk="121" lemma="andõ" tahendus="anda" ingl="give" liik="V" vorm="nud.pl.">andənd</sone><sone id="l67_s14" lk="121" lemma="seļļi" tahendus="selline" ingl="this kind of" liik="ProA" vorm="pl.part." kommentaar="?">seĺĺiz</sone><sone id="l67_s15" lk="121" lemma="ain" tahendus="aine" ingl="substance" liik="S" vorm="pl.part.">ańd́i</sone><sone id="l67_s16" lk="121" lemma="sillõ" tahendus="sisse" ingl="inside" liik="Adv">sil’lə</sone><sone id="l67_s17" lk="121" lemma="ku" tahendus="et" ingl="that" liik="Konj">ku</sone><sone id="l67_s18" lk="121" lemma="tämā" tahendus="tema" ingl="he, she" liik="ProS" vorm="sg.nom.">ta</sone><sone lk="121" keel="eesti" id="l67_s19" meta="vahemärk">=</sone><sone lk="121" keel="eesti" id="l67_s20" lemma="vȱlda" tahendus="olla" ingl="be" liik="Va" vorm="pers.ind.pr.sg.3.">m’</sone><sone id="l67_s21" lk="121" lemma="oksnõ" tahendus="oksendada" ingl="vomit" liik="V" vorm="nud.sg.">oksnən</sone><sone id="l67_s22" lk="121" lemma="se" tahendus="see" ingl="this" liik="ProS" vorm="sg.gen.">sie</sone><sone id="l67_s23" lk="121" lemma="sidām" tahendus="süda" ingl="heart" liik="S" vorm="sg.gen.">sidām</sone><sone id="l67_s24" lk="121" lemma="ulzõ" tahendus="välja" ingl="out" liik="Adv">uldz</sone><sone id="l67_s25" lk="121" meta="vahemärk">.</sone></lause><lause id="l68"><sone id="l68_s1" lk="121" lemma="un" tahendus="ja" ingl="and" liik="Konj">un</sone><sone id="l68_s2" lk="121" lemma="si’z" tahendus="siis" ingl="then" liik="ProAdv">siz</sone><sone id="l68_s3" lk="121" lemma="tämā" tahendus="tema" ingl="he, she" liik="ProS" vorm="sg.nom.">ta</sone><sone lk="121" keel="eesti" id="l68_s4" meta="vahemärk">=</sone><sone lk="121" keel="eesti" id="l68_s5" lemma="vȱlda" tahendus="olla" ingl="be" liik="Va" vorm="pers.ind.pr.sg.3.">m’</sone><sone id="l68_s6" lk="121" lemma="sǭdõ" tahendus="saada" ingl="get" liik="V" vorm="nud.sg.">så̄nd</sone><sone id="l68_s7" lk="121" lemma="eņtš" tahendus="oma" ingl="own" liik="ProS" vorm="sg.gen.">eńt́š</sone><sone id="l68_s8" lk="121" lemma="sidām" tahendus="süda" ingl="heart" liik="S" vorm="sg.gen.">sidām</sone><sone id="l68_s9" lk="121" lemma="tā’giž" tahendus="tagasi" ingl="back" liik="Adv">tā’giž</sone><sone id="l68_s10" lk="121" lemma="un" tahendus="ja" ingl="and" liik="Konj">un</sone><sone id="l68_s11" lk="121" lemma="si’z" tahendus="siis" ingl="then" liik="ProAdv">siz</sone><sone id="l68_s12" lk="121" lemma="tämā" tahendus="tema" ingl="he, she" liik="ProS" vorm="sg.dat.">täm’mən</sone><sone id="l68_s13" lk="121" lemma="vȱlda" tahendus="olla" ingl="be" liik="Va" vorm="pers.ind.pr.pl.3.">a’dt</sone><sone id="l68_s14" lk="121" lemma="vȱlda" tahendus="olla" ingl="be" liik="V" vorm="nud.pl.">ve̮nnəd</sone><sone id="l68_s15" lk="121" lemma="ne" tahendus="need" ingl="these" liik="ProS" vorm="pl.nom.">ne</sone><sone id="l68_s16" lk="121" lemma="kūlda+dukāt" tahendus="kuldtukat" ingl="gold ducat" liik="S" vorm="pl.nom.">kūlda+dukātəd</sone><sone id="l68_s17" lk="121">pǟn-allə</sone><sone id="l68_s18" lk="121" meta="vahemärk">.</sone></lause><lause id="l69"><sone id="l69_s1" lk="121" lemma="si’z" tahendus="siis" ingl="then" liik="ProAdv">siz</sone><sone id="l69_s2" lk="121" lemma="tämā" tahendus="tema" ingl="he, she" liik="ProS" vorm="sg.nom.">ta</sone><sone lk="121" keel="eesti" id="l69_s3" meta="vahemärk">=</sone><sone lk="121" keel="eesti" id="l69_s4" lemma="vȱlda" tahendus="olla" ingl="be" liik="Va" vorm="pers.ind.pr.sg.3.">m’</sone><sone id="l69_s5" lk="121" lemma="īedõ" tahendus="saada" ingl="become" liik="V" vorm="nud.sg.">iend</sone><sone id="l69_s6" lk="121" lemma="pa" tahendus="millekski, kellekski" ingl="as" liik="Pre">pa</sone><sone id="l69_s7" lk="121" lemma="rištīng" tahendus="inimene" ingl="human" liik="S" vorm="sg.tr.">rištīngəks</sone><sone id="l69_s8" lk="121" meta="vahemärk">.</sone></lause></sisu>
</liivike>
