<?xml version="1.0" encoding="UTF-8"?>
<?xml-stylesheet type="text/xsl" href="liivike_tekst.xsl"?>
<liivike>
	<info><tyyp>kirjalik</tyyp><teema>Satuja 16</teema><keel>liivi</keel><murre>idaliivi</murre><kirjaviis>foneetiline transkriptsioon</kirjaviis><kyla longituud="22.588" latituud="57.744">Kuolka</kyla><teos pealkiri="Näytteitä liivin kielestä" aasta="1953" koht="Helsinki">E. N. Setälä</teos><keelejuht id="PP" haridus="" synniaasta="" synnikoht="" vanus="" sugu="M">Peter Pietug</keelejuht></info><sisu id="Set_Sat_16">
		<lause id="l1">
			<sone id="l1_s1" lk="114" meta="vahemärk">[</sone>
			<sone id="l1_s2" lk="114" lemma="ikš" tahendus="üks" ingl="one" liik="ProS" vorm="sg.gen.">ī’d</sone><sone id="l1_s3" lk="114" meta="vahemärk"> &gt;</sone><sone id="l1_s4" lk="114" meta="vahemärk">]</sone><sone id="l1_s5" lk="114" lemma="ikš" tahendus="üks" ingl="one" liik="ProS" vorm="sg.nom.">ikš</sone><sone id="l1_s6" lk="114" lemma="kõrd" tahendus="kord" ingl="time" liik="Adv">ki̮rd</sone><sone id="l1_s7" lk="114" lemma="ikš" tahendus="üks" ingl="one" liik="ProS" vorm="sg.gen.">ī’d</sone><sone id="l1_s8" lk="114" lemma="izā" tahendus="isa" ingl="father" liik="S" vorm="sg.dat.">izān</sone><sone id="l1_s9" lk="114" lemma="vȱlda" tahendus="olla" ingl="be" liik="Va" vorm="pers.ind.pr.sg.3.">um’</sone><sone id="l1_s10" lk="114" lemma="vȱlda" tahendus="olla" ingl="be" liik="V" vorm="nud.sg.">ve̮nd</sone><sone id="l1_s11" lk="114" lemma="ikš" tahendus="üks" ingl="one" liik="ProS" vorm="sg.nom.">ikš</sone><sone id="l1_s12" lk="114" lemma="pūoga" tahendus="poeg" ingl="son" liik="S" vorm="sg.nom.">puoga</sone><sone id="l1_s13" lk="114" lemma="un" tahendus="ja" ingl="and" liik="Konj">un</sone><sone id="l1_s14" lk="114" lemma="tämā" tahendus="tema" ingl="he, she" liik="ProS" vorm="sg.dat.">täm’mən</sone><sone id="l1_s15" lk="114" lemma="vȱlda" tahendus="olla" ingl="be" liik="Va" vorm="pers.ind.pr.sg.3.">um’</sone><sone id="l1_s16" lk="114" lemma="vȱlda" tahendus="olla" ingl="be" liik="V" vorm="nud.sg.">ve̮nd</sone><sone id="l1_s17" lk="114" lemma="pǟgiņ" tahendus="palju" ingl="many" liik="Adv">pǟgiń</sone><sone id="l1_s18" lk="114" lemma="nai" tahendus="naine" ingl="woman" liik="S" vorm="sg.gen.">naiz</sone><sone id="l1_s19" lk="114" lemma="bīlda" tahendus="pilt" ingl="picture" liik="S" vorm="pl.part.">bīldidi</sone><sone id="l1_s20" lk="114" lemma="un" tahendus="ja" ingl="and" liik="Konj">un</sone><sone id="l1_s21" lk="114" lemma="ku" tahendus="kui" ingl="when" liik="Konj">ku</sone><sone id="l1_s22" lk="114" lemma="tǭ’dõ" tahendus="tahta" ingl="want" liik="V" vorm="pers.ind.pr.sg.3.">tå̄’b</sone><sone id="l1_s23" lk="114" lemma="pretsõ" tahendus="abielluda" ingl="marry" liik="V" vorm="inf.">pretsə</sone><sone id="l1_s24" lk="114" meta="vahemärk">,</sone><sone id="l1_s25" lk="114" lemma="si’z" tahendus="siis" ingl="then" liik="ProAdv">siz</sone><sone id="l1_s26" lk="114" lemma="la’z" tahendus="las" ingl="let" liik="ModAdv">laz</sone><sone id="l1_s27" lk="114" lemma="tämā" tahendus="tema" ingl="he, she" liik="ProS" vorm="sg.nom.">ta</sone><sone id="l1_s28" lk="114" lemma="vaņțlõ" tahendus="vaadata" ingl="look" liik="V" vorm="pers.jus.pr.sg.3.">vańḱĺəg</sone><sone id="l1_s29" lk="114" meta="vahemärk">,</sone><sone id="l1_s30" lk="114" lemma="mis" tahendus="mis" ingl="what" liik="Intr" vorm="sg.nom.">mis</sone><sone id="l1_s31" lk="114" lemma="vȱlda" tahendus="olla" ingl="be" liik="Va" vorm="pers.ind.pr.sg.3." kommentaar="?">um’</sone><sone id="l1_s32" lk="114" lemma="se" tahendus="see" ingl="this" liik="ProS" vorm="sg.nom.">se</sone><sone id="l1_s33" lk="115" lemma="kū’oḑõn" tahendus="otse" ingl="straight" liik="Adv">ku’od́iń</sone><sone id="l1_s34" lk="115" lemma="kīerõ" tahendus="keerata" ingl="turn" liik="V" vorm="tud.">kierdəd</sone><sone id="l1_s35" lk="115" meta="vahemärk">,</sone><sone id="l1_s36" lk="115" lemma="bet" tahendus="aga" ingl="but" liik="Konj">bet</sone><sone id="l1_s37" lk="115" lemma="ne" tahendus="need" ingl="these" liik="ProS" vorm="pl.part.">nēd́i</sone><sone id="l1_s38" lk="115" lemma="tämā" tahendus="tema" ingl="he, she" liik="ProS" vorm="sg.nom.">ta</sone><sone id="l1_s39" lk="115" lemma="alā" tahendus="ära" ingl="not" liik="Mn" vorm="pers.jus.pr.sg.3." kommentaar="?">algə</sone><sone id="l1_s40" lk="115" lemma="vaņțlõ" tahendus="vaadata" ingl="look" liik="V" vorm="pers.jus.sg.3.neg.">vańḱĺəg</sone><sone id="l1_s41" lk="115" lemma="mis" tahendus="mis" ingl="what" liik="Intr" vorm="sg.nom.">mis</sone><sone id="l1_s42" lk="115" lemma="vȱlda" tahendus="olla" ingl="be" liik="V" vorm="pers.ind.pr.pl.3.">umāt</sone><sone id="l1_s43" lk="115" lemma="kumāliz" tahendus="kummuli" ingl="upside down" liik="Adv">kumāliz</sone><sone id="l1_s44" lk="115" meta="vahemärk">.</sone></lause>
		<lause id="l2"><sone id="l2_s1" lk="115" lemma="un" tahendus="ja" ingl="and" liik="Konj">un</sone><sone id="l2_s2" lk="115" lemma="ni" tahendus="nüüd" ingl="now" liik="Adv">ni</sone><sone id="l2_s3" lk="115" lemma="tämā" tahendus="tema" ingl="he, she" liik="ProS" vorm="sg.nom.">ta</sone><sone id="l2_s4" lk="115" lemma="lǟ’dõ" tahendus="minna" ingl="go" liik="V" vorm="pers.ind.ipf.sg.3.">lekš</sone><sone id="l2_s5" lk="115" lemma="vaņțlõ" tahendus="vaadata" ingl="look" liik="V" vorm="sup.">vańḱĺəm</sone><sone id="l2_s6" lk="115" lemma="se" tahendus="see" ingl="this" liik="ProS" vorm="sg.part.">sⁱedā</sone><sone id="l2_s7" lk="115" lemma="nai" tahendus="naine" ingl="woman" liik="S" vorm="sg.part.">nāista</sone><sone id="l2_s8" lk="115" lemma="un" tahendus="ja" ingl="and" liik="Konj">un</sone><sone id="l2_s9" lk="115" lemma="ni" tahendus="nüüd" ingl="now" liik="Adv">ni</sone><sone id="l2_s10" lk="115" lemma="tämā" tahendus="tema" ingl="he, she" liik="ProS" vorm="sg.nom.">ta</sone><sone id="l2_s11" lk="115" lemma="nǟ’dõ" tahendus="näha" ingl="see" liik="V" vorm="pers.ind.ipf.sg.3.">neiz</sone><sone id="l2_s12" lk="115" lemma="ku" tahendus="et" ingl="that" liik="Konj">ku</sone><sone id="l2_s13" lk="115" lemma="ikš" tahendus="üks" ingl="one" liik="ProS" vorm="sg.in.">ī’ds</sone><sone id="l2_s14" lk="115">iĺīz</sone><sone id="l2_s15" lk="115" lemma="tǭž" tahendus="korrus" ingl="storey" liik="S" vorm="sg.in.">tå̄žəs</sone><sone id="l2_s16" lk="115" lemma="vȱlda" tahendus="olla" ingl="be" liik="V" vorm="pers.ind.pr.sg.3.">um’</sone><sone id="l2_s17" lk="115" lemma="ikš" tahendus="üks" ingl="one" liik="ProS" vorm="sg.nom.">ikš</sone><sone id="l2_s18" lk="115" lemma="neitst" tahendus="neiu" ingl="maiden" liik="S" vorm="sg.nom.">neitst</sone><sone id="l2_s19" lk="115" lemma="un" tahendus="ja" ingl="and" liik="Konj">un</sone><sone id="l2_s20" lk="115" lemma="tämā" tahendus="tema" ingl="he, she" liik="ProS" vorm="sg.nom.">ta</sone><sone id="l2_s21" lk="115" lemma="võttõ" tahendus="võtta" ingl="take" liik="V" vorm="pers.ind.ipf.sg.3.">vi̮tīz</sone><sone id="l2_s22" lk="115" lemma="se" tahendus="see" ingl="this" liik="ProS" vorm="sg.gen.">sie</sone><sone id="l2_s23" lk="115" meta="vahemärk">.</sone></lause><lause id="l3"><sone id="l3_s1" lk="115" lemma="un" tahendus="ja" ingl="and" liik="Konj">un</sone><sone id="l3_s2" lk="115" lemma="ku" tahendus="kui" ingl="when" liik="Konj">ku</sone><sone id="l3_s3" lk="115" lemma="tämā" tahendus="tema" ingl="he, she" liik="ProS" vorm="sg.nom.">ta</sone><sone id="l3_s4" lk="115" lemma="ni" tahendus="nüüd" ingl="now" liik="Adv">ni</sone><sone id="l3_s5" lk="115" lemma="vȱlda" tahendus="olla" ingl="be" liik="V" vorm="pers.ind.ipf.sg.3.">ve̮ĺ’</sone><sone id="l3_s6" lk="115" lemma="kǭzgõnd" tahendus="pulmad" ingl="wedding" liik="S" vorm="pl.part.">kå̄zgińi</sone><sone id="l3_s7" lk="115">no+juond</sone><sone id="l3_s8" lk="115" meta="vahemärk">,</sone><sone id="l3_s9" lk="115" lemma="si’z" tahendus="siis" ingl="then" liik="ProAdv">siz</sone><sone id="l3_s10" lk="115" lemma="tämā" tahendus="tema" ingl="he, she" liik="ProS" vorm="sg.nom.">ta</sone><sone id="l3_s11" lk="115" lemma="i’z" tahendus="ei" ingl="not" liik="Mn" vorm="ipf.sg.3.">iz</sone><sone id="l3_s12" lk="115" lemma="mittõ" tahendus="mitte" ingl="not" liik="Mn">mittə</sone><sone id="l3_s13" lk="115" lemma="kunāgõst" tahendus="kunagi" ingl="ever" liik="Adv">kunāgist</sone><sone id="l3_s14" lk="115" lemma="i’z" tahendus="ei" ingl="not" liik="Mn" vorm="ipf.sg.3.">iz</sone><sone id="l3_s15" lk="115" lemma="sīedõ" tahendus="süüa" ingl="eat" liik="V" vorm="pers.ind.sg.3.neg.">sie</sone><sone id="l3_s16" lk="115" lemma="tämā" tahendus="tema" ingl="he, she" liik="ProS" vorm="sg.gen.">täm’</sone><sone id="l3_s17" lk="115" lemma="īņõ" tahendus="koos" ingl="with" liik="Post" kommentaar="?">īń</sone><sone id="l3_s18" lk="115" meta="vahemärk">.</sone></lause><lause id="l4"><sone id="l4_s1" lk="115" lemma="un" tahendus="ja" ingl="and" liik="Konj">un</sone><sone id="l4_s2" lk="115" lemma="ni" tahendus="nüüd" ingl="now" liik="Adv">ni</sone><sone id="l4_s3" lk="115" lemma="se" tahendus="see" ingl="this" liik="ProS" vorm="sg.nom.">se</sone><sone id="l4_s4" lk="115" lemma="ikš" tahendus="üks" ingl="one" liik="ProS" vorm="sg.nom.">ikš</sone><sone id="l4_s5" lk="115" lemma="kõrd" tahendus="kord" ingl="time" liik="Adv">ki̮rd</sone><sone id="l4_s6" lk="115" lemma="kītõ" tahendus="öelda" ingl="say" liik="V" vorm="pers.ind.ipf.sg.3.">kītiz</sone><sone id="l4_s7" lk="115" lemma="se" tahendus="see" ingl="this" liik="ProS" vorm="sg.gen.">sie</sone><sone id="l4_s8" lk="115" lemma="nai" tahendus="naine" ingl="wife" liik="S" vorm="sg.dat.">naizən</sone><sone id="l4_s9" lk="115" meta="vahemärk">,</sone><sone id="l4_s10" lk="115" lemma="mikš" tahendus="miks" ingl="why" liik="Intr">mikš</sone><sone id="l4_s11" lk="115" lemma="tämā" tahendus="tema" ingl="he, she" liik="ProS" vorm="sg.nom.">ta</sone><sone id="l4_s12" lk="115" lemma="ä’b" tahendus="ei" ingl="not" liik="Mn" vorm="pr.sg.3.">äb</sone><sone id="l4_s13" lk="115" lemma="sīedõ" tahendus="süüa" ingl="eat" liik="V" vorm="pers.ind.sg.3.neg.">sie</sone><sone id="l4_s14" lk="115" lemma="tämā" tahendus="tema" ingl="he, she" liik="ProS" vorm="sg.dat.">täm’mn̥</sone><sone id="l4_s15" lk="115" lemma="īņõ" tahendus="koos" ingl="with" liik="Post" kommentaar="=">īń</sone><sone id="l4_s16" lk="115" meta="vahemärk">.</sone></lause><lause id="l5"><sone id="l5_s1" lk="115" lemma="tämā" tahendus="tema" ingl="he, she" liik="ProS" vorm="sg.nom.">ta</sone><sone id="l5_s2" lk="115" lemma="kītõ" tahendus="öelda" ingl="say" liik="V" vorm="pers.ind.ipf.sg.3.">kītiz</sone><sone id="l5_s3" lk="115" lemma="ku" tahendus="et" ingl="that" liik="Konj">ku</sone><sone id="l5_s4" lk="115" lemma="tämā" tahendus="tema" ingl="he, she" liik="ProS" vorm="sg.nom.">ta</sone><sone id="l5_s5" lk="115">ve̮ĺĺī</sone><sone id="l5_s6" lk="115" lemma="rok" tahendus="puder; kört, supp" ingl="porridge, soup" liik="S" vorm="sg.gen." kommentaar="?">rok</sone><sone id="l5_s7" lk="115" lemma="kīetõ" tahendus="keeta" ingl="cook" liik="V" vorm="ger.">kietəs</sone><sone id="l5_s8" lk="115">no+siend</sone><sone id="l5_s9" lk="115" meta="vahemärk">.</sone></lause><lause id="l6"><sone id="l6_s1" lk="115" lemma="bet" tahendus="aga" ingl="but" liik="Konj">bet</sone><sone id="l6_s2" lk="115" lemma="ni" tahendus="nüüd" ingl="now" liik="Adv">ni</sone><sone id="l6_s3" lk="115" lemma="ikš" tahendus="üks" ingl="one" liik="ProS" vorm="sg.nom.">ikš</sone><sone id="l6_s4" lk="115" lemma="kõrd" tahendus="kord" ingl="time" liik="Adv">ki̮rd</sone><sone id="l6_s5" lk="115" lemma="tämā" tahendus="tema" ingl="he, she" liik="ProS" vorm="sg.nom.">ta</sone><sone id="l6_s6" lk="115" lemma="teļļõ" liik="V" vorm="pers.ind.ipf.sg.3." tahendus="teeselda" ingl="pretend">tēĺiž</sone><sone id="l6_s7" lk="115" meta="vahemärk">=</sone><sone id="l6_s8" lk="115" meta="vahemärk">[</sone><sone id="l6_s9" lk="115" lemma="jarā" tahendus="ära" ingl="away" liik="Adva" kommentaar="?">je̮rā</sone><sone id="l6_s10" lk="115" meta="number"> &gt;</sone><sone id="l6_s11" lk="115" meta="vahemärk">]</sone><sone id="l6_s12" lk="115" lemma="jarā" tahendus="ära" ingl="away" liik="Adva" kommentaar="?">jerā</sone><sone id="l6_s13" lk="115" lemma="jūobõn" tahendus="purjus" ingl="drunk" liik="A" vorm="sg.nom.">juobən</sone><sone id="l6_s14" lk="115" lemma="un" tahendus="ja" ingl="and" liik="Konj">un</sone><sone id="l6_s15" lk="115" lemma="tämā" tahendus="tema" ingl="he, she" liik="ProS" vorm="sg.nom.">ta</sone><sone id="l6_s16" lk="115" lemma="tūlda" tahendus="tulla" ingl="come" liik="V" vorm="pers.ind.ipf.sg.3.">tuĺ’</sone><sone id="l6_s17" lk="115" lemma="pi’ds" tahendus="mööda" ingl="along" liik="Pre">pits</sone><sone id="l6_s18" lk="115" lemma="strepīd" tahendus="trepp" ingl="stairs" liik="S" vorm="pl.part.">trepīdi</sone><sone id="l6_s19" lk="115" lemma="i’lzõ" tahendus="üles" ingl="up" liik="Adv">il’dz</sone><sone id="l6_s20" lk="115" lemma="un" tahendus="ja" ingl="and" liik="Konj">un</sone><sone id="l6_s21" lk="115" lemma="tämā" tahendus="tema" ingl="he, she" liik="ProS" vorm="sg.nom.">ta</sone><sone id="l6_s22" lk="115" lemma="sa’ddõ" tahendus="kukkuda" ingl="fall" liik="V" vorm="pers.ind.ipf.sg.3.">sadīz</sone><sone id="l6_s23" lk="115" lemma="tā’giž" tahendus="tagasi" ingl="back" liik="Adv">tā’giž</sone><sone id="l6_s24" lk="115" lemma="mǭ’zõ" tahendus="maha" ingl="down" liik="Adva" kommentaar="?">må̄’z</sone><sone id="l6_s25" lk="115" lemma="un" tahendus="ja" ingl="and" liik="Konj">un</sone><sone id="l6_s26" lk="115" lemma="ne’i" tahendus="nii" ingl="so" liik="ProAdv">nei’</sone><sone id="l6_s27" lk="115" lemma="se" tahendus="see" ingl="this" liik="ProS" vorm="sg.nom.">se</sone><sone id="l6_s28" lk="115" lemma="nai" tahendus="naine" ingl="wife" liik="S" vorm="sg.nom.">nai</sone><sone id="l6_s29" lk="115" lemma="tūlda" tahendus="tulla" ingl="come" liik="V" vorm="pers.ind.ipf.sg.3.">tuĺ’</sone><sone id="l6_s30" lk="115" lemma="un" tahendus="ja" ingl="and" liik="Konj">un</sone><sone id="l6_s31" lk="115" lemma="vie’ddõ" tahendus="tõmmata" ingl="pull" liik="V" vorm="pers.ind.ipf.sg.3.">vⁱedīz</sone><sone id="l6_s32" lk="115" lemma="tämā" tahendus="tema" ingl="he, she" liik="ProS" vorm="sg.gen.">täm’</sone><sone id="l6_s33" lk="115" lemma="i’lzõ" tahendus="üles" ingl="up" liik="Adv" kommentaar="?">il’dzə</sone><sone id="l6_s34" lk="115" lemma="un" tahendus="ja" ingl="and" liik="Konj">un</sone><sone id="l6_s35" lk="115" lemma="ni" tahendus="nüüd" ingl="now" liik="Adv">ni</sone><sone id="l6_s36" lk="115" lemma="tämā" tahendus="tema" ingl="he, she" liik="ProS" vorm="sg.nom.">ta</sone><sone id="l6_s37" lk="115" lemma="laskõ" tahendus="heita" ingl="lie down" liik="V" vorm="pers.ind.ipf.sg.3.">laškīz</sone><sone id="l6_s38" lk="115" lemma="ma’ggõ" tahendus="magada" ingl="sleep" liik="V" vorm="sup.">ma’ggəm</sone><sone id="l6_s39" lk="115" meta="vahemärk">,</sone><sone id="l6_s40" lk="115" lemma="bet" tahendus="aga" ingl="but" liik="Konj">bet</sone><sone id="l6_s41" lk="115" lemma="tämā" tahendus="tema" ingl="he, she" liik="ProS" vorm="sg.nom.">ta</sone><sone id="l6_s42" lk="115" lemma="vakțõ" tahendus="valvata" ingl="watch over" liik="V" vorm="pers.ind.ipf.sg.3.">vakt́īz</sone><sone id="l6_s43" lk="115" lemma="mis" tahendus="mis" ingl="what" liik="Intr" vorm="sg.nom.">mis</sone><sone id="l6_s44" lk="115" lemma="se" tahendus="see" ingl="this" liik="ProS" vorm="sg.nom.">se</sone><sone id="l6_s45" lk="115" lemma="nai" tahendus="naine" ingl="wife" liik="S" vorm="sg.nom.">nai</sone><sone id="l6_s46" lk="115" lemma="tī’edõ" tahendus="teha" ingl="do" liik="V" vorm="pers.ind.pr.sg.3.">ti’eb</sone><sone id="l6_s47" lk="115" meta="vahemärk">.</sone></lause><lause id="l7"><sone id="l7_s1" lk="115" lemma="seļļi" tahendus="selline" ingl="this kind of" liik="ProA" vorm="sg.gen.">seĺĺiz</sone><sone id="l7_s2" lk="115" lemma="āiga" tahendus="aeg" ingl="time" liik="S" vorm="sg.gen.">āiga</sone><sone id="l7_s3" lk="115" lemma="pie’rrõ" tahendus="järel" ingl="after" liik="Post">pⁱer’rə</sone><sone id="l7_s4" lk="115" lemma="ni" tahendus="nüüd" ingl="now" liik="Adv">ni</sone><sone id="l7_s5" lk="115" lemma="se" tahendus="see" ingl="this" liik="ProS" vorm="sg.nom.">se</sone><sone id="l7_s6" lk="115" lemma="nai" tahendus="naine" ingl="wife" liik="S" vorm="sg.nom.">nai</sone><sone id="l7_s7" lk="115" lemma="lǟ’dõ" tahendus="minna" ingl="go" liik="V" vorm="pers.ind.ipf.sg.3.">lekš</sone><sone id="l7_s8" lk="115" lemma="ulzõ" tahendus="välja" ingl="out" liik="Adv">uldz</sone><sone id="l7_s9" lk="115" lemma="un" tahendus="ja" ingl="and" liik="Konj">un</sone><sone id="l7_s10" lk="115" lemma="ni" tahendus="nüüd" ingl="now" liik="Adv">ni</sone><sone id="l7_s11" lk="115" lemma="tämā" tahendus="tema" ingl="he, she" liik="ProS" vorm="sg.nom.">ta</sone><sone id="l7_s12" lk="115" lemma="lǟ’dõ" tahendus="minna" ingl="go" liik="V" vorm="pers.ind.ipf.sg.3.">lekš</sone><sone id="l7_s13" lk="115" lemma="se" tahendus="see" ingl="this" liik="ProS" vorm="sg.dat.">sien</sone><sone id="l7_s14" lk="115" lemma="nai" tahendus="naine" ingl="wife" liik="S" vorm="sg.dat.">naizən</sone><sone id="l7_s15" lk="115" lemma="tagān" tahendus="järel" ingl="after" liik="Post">tagān</sone><sone id="l7_s16" lk="115" lemma="un" tahendus="ja" ingl="and" liik="Konj">un</sone><sone id="l7_s17" lk="115" lemma="ni" tahendus="nüüd" ingl="now" liik="Adv">ni</sone><sone id="l7_s18" lk="115" lemma="se" tahendus="see" ingl="this" liik="ProS" vorm="sg.nom.">se</sone><sone id="l7_s19" lk="115" lemma="nai" tahendus="naine" ingl="wife" liik="S" vorm="sg.nom.">nai</sone><sone id="l7_s20" lk="115" lemma="lǟ’dõ" tahendus="minna" ingl="go" liik="V" vorm="pers.ind.ipf.sg.3.">lekš</sone><sone id="l7_s21" lk="115" lemma="ikš" tahendus="üks" ingl="one" liik="ProS" vorm="sg.ill.">ī’dəz</sone><sone id="l7_s22" lk="115" lemma="mirīņõz" tahendus="surnu" ingl="the dead" liik="S" vorm="pl.gen." kommentaar="?">miŕīńd́</sone><sone id="l7_s23" lk="115" lemma="kǭmaŗ" tahendus="kamber" ingl="chamber" liik="S" vorm="sg.ill.">kå̄marəz</sone><sone id="l7_s24" lk="115" lemma="un" tahendus="ja" ingl="and" liik="Konj">un</sone><sone id="l7_s25" lk="115" lemma="sǟ’l" tahendus="seal" ingl="there" liik="ProAdv">sǟ’l</sone><sone id="l7_s26" lk="115" lemma="vȱlda" tahendus="olla" ingl="be" liik="V" vorm="pers.ind.ipf.sg.3.">ve̮ĺ’</sone><sone id="l7_s27" lk="115" lemma="tegīž" tahendus="jälle" ingl="again" liik="ModAdv" vorm="sg.nom." kommentaar="?">tei’ž</sone><sone id="l7_s28" lk="115" lemma="ikš" tahendus="üks" ingl="one" liik="ProS" vorm="sg.nom.">ikš</sone><sone id="l7_s29" lk="115" lemma="priš" tahendus="värske" ingl="fresh" liik="A" vorm="sg.nom.">priš</sone><sone id="l7_s30" lk="115" lemma="mirīņõz" tahendus="surnu" ingl="dead" liik="S" vorm="sg.nom.">miŕīńəz</sone><sone id="l7_s31" lk="115" lemma="un" tahendus="ja" ingl="and" liik="Konj">un</sone><sone id="l7_s32" lk="115" lemma="se" tahendus="see" ingl="this" liik="ProS" vorm="sg.nom.">se</sone><sone id="l7_s33" lk="115" lemma="nai" tahendus="naine" ingl="wife" liik="S" vorm="sg.nom.">nai</sone><sone id="l7_s34" lk="115" lemma="lǟ’dõ" tahendus="minna" ingl="go" liik="V" vorm="pers.ind.ipf.sg.3.">lekš</sone><sone id="l7_s35" lk="115" lemma="un" tahendus="ja" ingl="and" liik="Konj">un</sone><sone id="l7_s36" lk="115" lemma="se" tahendus="see" ingl="this" liik="ProS" vorm="sg.part.">sⁱedā</sone><sone id="l7_s37" lk="115" lemma="sīedõ" tahendus="süüa" ingl="eat" liik="V" vorm="pers.ind.ipf.sg.3.">sei</sone><sone id="l7_s38" lk="115" meta="vahemärk">.</sone></lause><lause id="l8"><sone id="l8_s1" lk="115" lemma="bet" tahendus="aga" ingl="but" liik="Konj">bet</sone><sone id="l8_s2" lk="115">ne</sone><sone id="l8_s3" lk="115">ku</sone><sone id="l8_s4" lk="115" lemma="ni" tahendus="nüüd" ingl="now" liik="Adv">ni</sone><sone id="l8_s5" lk="115" lemma="se" tahendus="see" ingl="this" liik="ProS" vorm="sg.nom.">se</sone><sone id="l8_s6" lk="115" lemma="mīez" tahendus="mees" ingl="man" liik="S" vorm="sg.nom.">miez</sone><sone id="l8_s7" lk="115" lemma="se" tahendus="see" ingl="this" liik="ProS" vorm="sg.part.">sⁱedā</sone><sone id="l8_s8" lk="115" lemma="nǟ’dõ" tahendus="näha" ingl="see" liik="V" vorm="pers.ind.ipf.sg.3.">neiz</sone><sone id="l8_s9" lk="115" lemma="un" tahendus="ja" ingl="and" liik="Konj">un</sone><sone id="l8_s10" lk="115" lemma="ne’i" tahendus="nii" ingl="so" liik="ProAdv">nei’</sone><sone id="l8_s11" lk="115" lemma="se" tahendus="see" ingl="this" liik="ProS" vorm="sg.nom.">se</sone><sone id="l8_s12" lk="115" lemma="nai" tahendus="naine" ingl="wife" liik="S" vorm="sg.nom.">nai</sone><sone id="l8_s13" lk="115" lemma="a’ilõ" tahendus="joosta" ingl="run" liik="V" vorm="pers.ind.ipf.sg.3.">ai’liz</sone><sone id="l8_s14" lk="115" lemma="ulzõ" tahendus="välja" ingl="out" liik="Adv">uldz</sone><sone id="l8_s15" lk="115" lemma="un" tahendus="ja" ingl="and" liik="Konj">un</sone><sone id="l8_s16" lk="115" lemma="ni" tahendus="nüüd" ingl="now" liik="Adv">ni</sone><sone id="l8_s17" lk="115" lemma="tämā" tahendus="tema" ingl="he, she" liik="ProS" vorm="sg.nom.">ta</sone><sone id="l8_s18" lk="115" lemma="ki’zzõ" tahendus="küsida" ingl="ask" liik="V" vorm="pers.ind.ipf.sg.3.">kizīz</sone><sone id="l8_s19" lk="115" meta="vahemärk">:</sone><sone id="l8_s20" lk="115" meta="vahemärk">”</sone><sone lk="115" keel="eesti" id="l8_s21" lemma="või" tahendus="kas" ingl="whether" liik="Intr">ve̮i</sone><sone id="l8_s22" lk="115" lemma="sinā" tahendus="sina" ingl="you" liik="ProS" vorm="sg.nom.">sa</sone><sone id="l8_s23" lk="115" lemma="nǟ’dõ" tahendus="näha" ingl="see" liik="V" vorm="pers.ind.ipf.sg.2.">neist</sone><sone id="l8_s24" lk="115" meta="vahemärk">,</sone><sone id="l8_s25" lk="115" lemma="mis" tahendus="mis" ingl="what" liik="Intr" vorm="sg.nom.">mis</sone><sone id="l8_s26" lk="115" lemma="minā" tahendus="mina" ingl="I" liik="ProS" vorm="sg.nom.">ma</sone><sone id="l8_s27" lk="115" lemma="ni" tahendus="nüüd" ingl="now" liik="Adv">ni</sone><sone id="l8_s28" lk="115" lemma="tī’edõ" tahendus="teha" ingl="do" liik="V" vorm="pers.ind.ipf.sg.3.">tei</sone><sone lk="115" keel="eesti" id="l8_s29" meta="vahemärk">?</sone><sone id="l8_s30" lk="115" meta="vahemärk">”</sone></lause><lause id="l9"><sone id="l9_s1" lk="115" lemma="se" tahendus="see" ingl="this" liik="ProS" vorm="sg.nom.">se</sone><sone id="l9_s2" lk="115" lemma="mīez" tahendus="mees" ingl="man" liik="S" vorm="sg.nom.">miez</sone><sone id="l9_s3" lk="115" lemma="kītõ" tahendus="öelda" ingl="say" liik="V" vorm="pers.ind.ipf.sg.3.">kītiz</sone><sone id="l9_s4" lk="115" meta="vahemärk">:</sone><sone id="l9_s5" lk="115" meta="vahemärk">”</sone><sone lk="115" keel="eesti" id="l9_s6" lemma="minā" tahendus="mina" ingl="I" liik="ProS" vorm="sg.nom.">ma</sone><sone id="l9_s7" lk="115" lemma="nǟ’dõ" tahendus="näha" ingl="see" liik="V" vorm="pers.ind.ipf.sg.1.">neiz</sone><sone id="l9_s8" lk="115" lemma="ki’l" tahendus="küll" liik="ModAdv">kil</sone><sone lk="115" keel="eesti" id="l9_s9" meta="vahemärk">.</sone><sone id="l9_s10" lk="115" meta="vahemärk">”</sone></lause><lause id="l10"><sone id="l10_s1" lk="115" lemma="un" tahendus="ja" ingl="and" liik="Konj">un</sone><sone id="l10_s2" lk="115" lemma="ne’i" tahendus="nii" ingl="so" liik="ProAdv">nei’</sone><sone id="l10_s3" lk="115" lemma="tämā" tahendus="tema" ingl="he, she" liik="ProS" vorm="sg.nom.">ta</sone><sone id="l10_s4" lk="115" lemma="a’ilõ" tahendus="joosta" ingl="run" liik="V" vorm="pers.ind.ipf.sg.3.">ai’liz</sone><sone id="l10_s5" lk="115" lemma="se" tahendus="see" ingl="this" liik="ProS" vorm="sg.gen.">sie</sone><sone id="l10_s6" lk="115" lemma="mīez" tahendus="mees" ingl="man" liik="S" vorm="sg.dat.">mi’en</sone><sone id="l10_s7" lk="115" lemma="tagān" tahendus="järele" ingl="after" liik="Post">tagān</sone><sone id="l10_s8" lk="115" lemma="un" tahendus="ja" ingl="and" liik="Konj">un</sone><sone id="l10_s9" lk="115" lemma="ne’i" tahendus="nii" ingl="so" liik="ProAdv">nei’</sone><sone id="l10_s10" lk="115" lemma="ra’bbõ" tahendus="lüüa" ingl="hit" liik="V" vorm="pers.ind.ipf.sg.3.">rabīz</sone><sone id="l10_s11" lk="115" lemma="se" tahendus="see" ingl="this" liik="ProS" vorm="sg.gen.">sie</sone><sone id="l10_s12" lk="115" lemma="mīez" tahendus="mees" ingl="man" liik="S" vorm="sg.dat.">mi’en</sone><sone id="l10_s13" lk="115" lemma="i’ļ" tahendus="vastu" ingl="against" liik="Pre">iĺ’</sone><sone id="l10_s14" lk="115" lemma="kūora" tahendus="kõrv" ingl="ear" liik="S" vorm="sg.gen.">kuora</sone><sone id="l10_s15" lk="115" lemma="un" tahendus="ja" ingl="and" liik="Konj">un</sone><sone id="l10_s16" lk="115" lemma="ne’i" tahendus="nii" ingl="so" liik="ProAdv">nei’</sone><sone id="l10_s17" lk="115" lemma="se" tahendus="see" ingl="this" liik="ProS" vorm="sg.nom.">se</sone><sone id="l10_s18" lk="115" lemma="mīez" tahendus="mees" ingl="man" liik="S" vorm="sg.nom.">miez</sone><sone id="l10_s19" lk="115" lemma="īedõ" tahendus="saada" ingl="become" liik="V" vorm="pers.ind.ipf.sg.3.">ei</sone><sone id="l10_s20" lk="115" lemma="pa" tahendus="millekski, kellekski" ingl="as" liik="Pre">pa</sone><sone id="l10_s21" lk="115" lemma="lind" tahendus="lind" ingl="bird" liik="S" vorm="sg.tr.">lindkəks</sone><sone id="l10_s22" lk="115" meta="vahemärk">.</sone></lause><lause id="l11"><sone id="l11_s1" lk="115" lemma="un" tahendus="ja" ingl="and" liik="Konj">un</sone><sone id="l11_s2" lk="115" lemma="ne’i" tahendus="nii" ingl="so" liik="ProAdv">nei’</sone><sone id="l11_s3" lk="115" lemma="akkõ" tahendus="püüda" ingl="catch" liik="V" vorm="pers.ind.ipf.pl.3.">akīst</sone><sone id="l11_s4" lk="115" meta="vahemärk">[</sone><sone id="l11_s5" lk="115">kōfmannəd</sone><sone id="l11_s6" lk="115" meta="vahemärk"> &gt;</sone><sone id="l11_s7" lk="115" meta="vahemärk">]</sone><sone id="l11_s8" lk="115">andl̥mańəd</sone><sone id="l11_s9" lk="115" lemma="se" tahendus="see" ingl="this" liik="ProS" vorm="sg.gen.">sie</sone><sone id="l11_s10" lk="115" lemma="lind" tahendus="lind" ingl="bird" liik="S" vorm="sg.gen.">lind</sone><sone id="l11_s11" lk="115" lemma="vi’zzõ" tahendus="kinni" liik="Adva">vi’zzə</sone><sone id="l11_s12" lk="115" lemma="un" tahendus="ja" ingl="and" liik="Konj">un</sone><sone id="l11_s13" lk="115" lemma="mit+ikš" tahendus="mitte ükski" ingl="nobody" liik="ProS" vorm="sg.dat.">mit+ī’dən</sone><sone id="l11_s14" lk="115" lemma="seļļi" tahendus="selline" ingl="this kind of" liik="ProA" vorm="sg.part.">seĺĺist</sone><sone id="l11_s15" lk="115" lemma="lind" tahendus="lind" ingl="bird" liik="S" vorm="sg.part.">lində</sone><sone id="l11_s16" lk="115" lemma="i’z" tahendus="ei" ingl="not" liik="Mn" vorm="ipf.sg.3.">iz</sone><sone id="l11_s17" lk="115" lemma="vȱlda" tahendus="olla" ingl="be" liik="V" vorm="pers.ind.sg.3.neg.">uo</sone><sone id="l11_s18" lk="115" meta="vahemärk">,</sone><sone id="l11_s19" lk="115" lemma="ne’i" tahendus="nii" ingl="so" liik="ProAdv">nei’</sone><sone id="l11_s20" lk="115" lemma="knaš" tahendus="ilus" ingl="beautiful" liik="A" vorm="sg.part.">knaššə</sone><sone id="l11_s21" lk="115" meta="vahemärk">.</sone></lause><lause id="l12"><sone id="l12_s1" lk="115" lemma="un" tahendus="ja" ingl="and" liik="Konj">un</sone><sone id="l12_s2" lk="115" lemma="ne’i" tahendus="nii" ingl="so" liik="ProAdv">nei</sone><sone id="l12_s3" lk="115" lemma="se" tahendus="see" ingl="this" liik="ProS" vorm="sg.nom.">se</sone><sone id="l12_s4" lk="116" lemma="nai" tahendus="naine" ingl="wife" liik="S" vorm="sg.nom.">nai</sone><sone id="l12_s5" lk="116" lemma="lǟ’dõ" tahendus="minna" ingl="go" liik="V" vorm="pers.ind.ipf.sg.3.">lekš</sone><sone id="l12_s6" lk="116" lemma="un" tahendus="ja" ingl="and" liik="Konj">un</sone><sone id="l12_s7" lk="116" lemma="võttõ" tahendus="võtta" ingl="take" liik="V" vorm="pers.ind.ipf.sg.3.">vi̮tīz</sone><sone id="l12_s8" lk="116" lemma="se" tahendus="see" ingl="this" liik="ProS" vorm="sg.gen.">sie</sone><sone id="l12_s9" lk="116" lemma="lind" tahendus="lind" ingl="bird" liik="S" vorm="sg.gen.">lind</sone><sone id="l12_s10" lk="116" lemma="jarā" tahendus="ära" ingl="away" liik="Adva">jerā</sone><sone id="l12_s11" lk="116" lemma="un" tahendus="ja" ingl="and" liik="Konj">un</sone><sone id="l12_s12" lk="116" lemma="tī’edõ" tahendus="teha" ingl="do" liik="V" vorm="pers.ind.ipf.sg.3.">tei</sone><sone id="l12_s13" lk="116" lemma="pa" tahendus="millekski, kellekski" ingl="as" liik="Pre">pa</sone><sone id="l12_s14" lk="116" lemma="pi’ņ" tahendus="koer" ingl="dog" liik="S" vorm="sg.tr.">piń’ńəks</sone><sone id="l12_s15" lk="116" lemma="se" tahendus="see" ingl="this" liik="ProS" vorm="sg.gen.">sie</sone><sone id="l12_s16" lk="116" lemma="mīez" tahendus="mees" ingl="man" liik="S" vorm="sg.gen.">mi’e</sone><sone id="l12_s17" lk="116" lemma="tegīž" tahendus="jälle" ingl="again" liik="ModAdv">tegīž</sone><sone id="l12_s18" lk="116" meta="vahemärk">.</sone></lause><lause id="l13"><sone id="l13_s1" lk="116" lemma="un" tahendus="ja" ingl="and" liik="Konj">un</sone><sone id="l13_s2" lk="116" lemma="ne’i" tahendus="nii" ingl="so" liik="ProAdv">nei’</sone><sone id="l13_s3" lk="116" lemma="se" tahendus="see" ingl="this" liik="ProS" vorm="sg.nom.">se</sone><sone id="l13_s4" lk="116" lemma="pi’ņ" tahendus="koer" ingl="dog" liik="S" vorm="sg.nom.">piń’</sone><sone id="l13_s5" lk="116" lemma="sǟ’l" tahendus="seal" ingl="there" liik="ProAdv">sǟ’l</sone><sone id="l13_s6" lk="116" lemma="a’ilõ" tahendus="joosta" ingl="run" liik="V" vorm="pers.ind.ipf.sg.3.">ai’liz</sone><sone id="l13_s7" lk="116" lemma="un" tahendus="ja" ingl="and" liik="Konj">un</sone><sone id="l13_s8" lk="116" lemma="ne’i" tahendus="nii" ingl="so" liik="ProAdv">nei’</sone><sone id="l13_s9" lk="116" lemma="tegīž" tahendus="taas" ingl="again" liik="Adv">tegīž</sone><sone id="l13_s10" lk="116" lemma="ikš" tahendus="üks" ingl="one" liik="ProS" vorm="sg.nom.">ikš</sone><sone id="l13_s11" lk="116" meta="vahemärk">[</sone><sone id="l13_s12" lk="116">kōfman</sone><sone id="l13_s13" lk="116" meta="vahemärk"> &gt;</sone><sone id="l13_s14" lk="116" meta="vahemärk">]</sone><sone id="l13_s15" lk="116">andl̥mań</sone><sone id="l13_s16" lk="116" lemma="akkõ" tahendus="püüda" ingl="catch" liik="V" vorm="pers.ind.ipf.sg.3.">akīz</sone><sone id="l13_s17" lk="116" lemma="se" tahendus="see" ingl="this" liik="ProS" vorm="sg.gen.">sie</sone><sone id="l13_s18" lk="116" lemma="pi’ņ" tahendus="koer" ingl="dog" liik="S" vorm="sg.gen.">piń’</sone><sone id="l13_s19" lk="116" lemma="vi’zzõ" tahendus="kinni" liik="Adva">vi’zzə</sone><sone id="l13_s20" lk="116" meta="vahemärk">.</sone></lause><lause id="l14"><sone id="l14_s1" lk="116" lemma="un" tahendus="ja" ingl="and" liik="Konj">un</sone><sone id="l14_s2" lk="116" lemma="ni" tahendus="nüüd" ingl="now" liik="Adv">ni</sone><sone id="l14_s3" lk="116" lemma="ikš" tahendus="üks" ingl="one" liik="ProS" vorm="sg.nom.">ikš</sone><sone id="l14_s4" lk="116" lemma="kõrd" tahendus="kord" ingl="time" liik="Adv">ki̮rd</sone><sone id="l14_s5" lk="116" lemma="salāj" tahendus="varas" ingl="thief" liik="S" vorm="pl.nom.">salāid</sone><sone id="l14_s6" lk="116" lemma="salāndõ" tahendus="varastada" ingl="steal" liik="V" vorm="pers.ind.ipf.pl.3.">salāndist</sone><sone id="l14_s7" lk="116" lemma="se" tahendus="see" ingl="this" liik="ProS" vorm="sg.gen.">sie</sone><sone id="l14_s8" lk="116">andl̥mań</sone><sone id="l14_s9" lk="116" lemma="spīkrõb" tahendus="kaubaait" ingl="warehouse" liik="S" vorm="sg.gen.">spīkrəb</sone><sone id="l14_s10" lk="116" lemma="vīļa" tahendus="vara" liik="S" vorm="sg.el." ingl="grain">vīĺast</sone><sone id="l14_s11" lk="116" lemma="tijā" tahendus="tühi" ingl="empty" liik="A" vorm="sg.tr.">tijāks</sone><sone id="l14_s12" lk="116" lemma="un" tahendus="ja" ingl="and" liik="Konj">un</sone><sone id="l14_s13" lk="116" lemma="ni" tahendus="nüüd" ingl="now" liik="Adv">ni</sone><sone id="l14_s14" lk="116" lemma="se" tahendus="see" ingl="this" liik="ProS" vorm="sg.nom.">se</sone><sone id="l14_s15" lk="116">andl̥mań</sone><sone id="l14_s16" lk="116" lemma="vȱlda" tahendus="olla" ingl="be" liik="V" vorm="pers.ind.ipf.sg.3.">ve̮ĺ’</sone><sone id="l14_s17" lk="116">dikt́i</sone><sone id="l14_s18" lk="116" lemma="murāgõl" tahendus="mures" ingl="worried" liik="Adv">murāgəl</sone><sone id="l14_s19" lk="116" meta="vahemärk">.</sone></lause><lause id="l15"><sone id="l15_s1" lk="116" lemma="un" tahendus="ja" ingl="and" liik="Konj">un</sone><sone id="l15_s2" lk="116" lemma="ni" tahendus="nüüd" ingl="now" liik="Adv">ni</sone><sone id="l15_s3" lk="116" lemma="se" tahendus="see" ingl="this" liik="ProS" vorm="sg.nom.">se</sone><sone id="l15_s4" lk="116" lemma="pi’ņ" tahendus="koer" ingl="dog" liik="S" vorm="sg.nom.">piń’</sone><sone id="l15_s5" lk="116" lemma="tūlda" tahendus="tulla" ingl="come" liik="V" vorm="pers.ind.ipf.sg.3.">tuĺ’</sone><sone id="l15_s6" lk="116">andl̥mańńən</sone><sone id="l15_s7" lk="116">jū’rə</sone><sone id="l15_s8" lk="116" lemma="un" tahendus="ja" ingl="and" liik="Konj">un</sone><sone id="l15_s9" lk="116" meta="vahemärk">[</sone><sone id="l15_s10" lk="116">ī’dst</sone><sone id="l15_s11" lk="116">ī’d</sone><sone id="l15_s12" lk="116" meta="vahemärk"> &gt;</sone><sone id="l15_s13" lk="116" meta="vahemärk">]</sone><sone id="l15_s14" lk="116">ī’tist</sone><sone id="l15_s15" lk="116">ī’d</sone><sone id="l15_s16" lk="116" lemma="akkõ" tahendus="hakata" liik="V" vorm="pers.ind.ipf.sg.3.">akīz</sone><sone id="l15_s17" lk="116">am’məz</sone><sone id="l15_s18" lk="116" lemma="vi’zzõ" tahendus="kinni" liik="Adva">vi’zzə</sone><sone id="l15_s19" lk="116" lemma="un" tahendus="ja" ingl="and" liik="Konj">un</sone><sone id="l15_s20" lk="116" lemma="tǭ’dõ" tahendus="tahta" ingl="want" liik="V" vorm="pers.ind.ipf.sg.3.">tå̄’ž</sone><sone id="l15_s21" lk="116" lemma="vie’ddõ" tahendus="vedada" ingl="pull" liik="V" vorm="inf.">vⁱe’ddə</sone><sone id="l15_s22" lk="116" lemma="se" tahendus="see" ingl="this" liik="ProS" vorm="sg.part.">sⁱedā</sone><sone id="l15_s23" lk="116">andl̥mańəst</sone><sone id="l15_s24" lk="116" meta="vahemärk">[</sone><sone id="l15_s25" lk="116" lemma="je’ddõ+pē’ḑõn" tahendus="edasi" ingl="forward" liik="Adv">je̮’ddəpēd́ən</sone><sone id="l15_s26" lk="116" meta="vahemärk"> &gt;</sone><sone id="l15_s27" lk="116" meta="vahemärk">]</sone><sone id="l15_s28" lk="116" lemma="je’ddõ+pē’ḑõn" tahendus="edasi" ingl="forward" liik="Adv">je’ddəpēd́ən</sone><sone id="l15_s29" lk="116" lemma="spīkrõb" tahendus="kaubaait" ingl="warehouse" liik="S" vorm="sg.gen.">spīkrəb</sone><sone id="l15_s30" lk="116" lemma="pūol" tahendus="poole" ingl="towards" liik="Post">puol</sone><sone id="l15_s31" lk="116" meta="vahemärk">.</sone></lause><lause id="l16"><sone id="l16_s1" lk="116" lemma="un" tahendus="ja" ingl="and" liik="Konj">un</sone><sone id="l16_s2" lk="116" lemma="se" tahendus="see" ingl="this" liik="ProS" vorm="sg.nom.">se</sone><sone id="l16_s3" lk="116" lemma="āndõļmaņ" tahendus="hangeldaja" ingl="trader" liik="S" vorm="sg.nom.">andl̥mań</sone><sone id="l16_s4" lk="116" lemma="mõtlõ" tahendus="mõelda" ingl="think" liik="V" vorm="pers.ind.ipf.sg.3.">mi̮tliz</sone><sone id="l16_s5" lk="116" lemma="ku" tahendus="et" ingl="that" liik="Konj">ku</sone><sone id="l16_s6" lk="116" lemma="se" tahendus="see" ingl="this" liik="ProS" vorm="sg.nom.">se</sone><sone id="l16_s7" lk="116" lemma="pi’ņ" tahendus="koer" ingl="dog" liik="S" vorm="sg.nom.">piń’</sone><sone id="l16_s8" lk="116" lemma="ma’rrõ" tahendus="marru" ingl="hulluks" liik="Adv" kommentaar="?">mar’r</sone><sone id="l16_s9" lk="116" lemma="īedõ" tahendus="saada" ingl="become" liik="V" vorm="nud.sg.">iend</sone><sone id="l16_s10" lk="116" meta="vahemärk">,</sone><sone id="l16_s11" lk="116" lemma="un" tahendus="ja" ingl="and" liik="Konj">un</sone><sone id="l16_s12" lk="116" lemma="ni" tahendus="nüüd" ingl="now" liik="Adv">ni</sone><sone id="l16_s13" lk="116" lemma="nǟ’dõ" tahendus="näha" ingl="see" liik="V" vorm="pers.ind.ipf.sg.3.">neiz</sone><sone id="l16_s14" lk="116" lemma="se" tahendus="see" ingl="this" liik="ProS" vorm="sg.part.">sⁱedā</sone><sone id="l16_s15" lk="116" lemma="ikš" tahendus="üks" ingl="one" liik="ProS" vorm="sg.nom.">ikš</sone><sone id="l16_s16" lk="116" lemma="izānd" tahendus="härra" ingl="master" liik="S" vorm="sg.nom.">izānd</sone><sone id="l16_s17" lk="116" lemma="un" tahendus="ja" ingl="and" liik="Konj">un</sone><sone id="l16_s18" lk="116" lemma="kītõ" tahendus="öelda" ingl="say" liik="V" vorm="pers.ind.ipf.sg.3.">kītiz</sone><sone id="l16_s19" lk="116" meta="vahemärk">,</sone><sone id="l16_s20" lk="116" lemma="la’z" tahendus="las" ingl="let" liik="ModAdv">laz</sone><sone id="l16_s21" lk="116" lemma="tämā" tahendus="tema" ingl="he, she" liik="ProS" vorm="sg.nom.">ta</sone><sone id="l16_s22" lk="116" lemma="lǟ’dõ" tahendus="minna" ingl="go" liik="V" vorm="pers.jus.pr.sg.3.">läk</sone><sone id="l16_s23" lk="116" lemma="se" tahendus="see" ingl="this" liik="ProS" vorm="sg.gen.">sie</sone><sone id="l16_s24" lk="116" lemma="pi’ņ" tahendus="koer" ingl="dog" liik="S" vorm="sg.dat.">piń’ńən</sone><sone id="l16_s25" lk="116" lemma="īņõ" tahendus="kaasa" ingl="with" liik="Adv">īńə</sone><sone id="l16_s26" lk="116" meta="vahemärk">.</sone></lause><lause id="l17"><sone id="l17_s1" lk="116" lemma="un" tahendus="ja" ingl="and" liik="Konj">un</sone><sone id="l17_s2" lk="116" lemma="ni" tahendus="nüüd" ingl="now" liik="Adv">ni</sone><sone id="l17_s3" lk="116" lemma="tämā" tahendus="tema" ingl="he, she" liik="ProS" vorm="sg.nom.">ta</sone><sone id="l17_s4" lk="116" lemma="lǟ’dõ" tahendus="minna" ingl="go" liik="V" vorm="pers.ind.ipf.sg.3.">lekš</sone><sone id="l17_s5" lk="116" lemma="se" tahendus="see" ingl="this" liik="ProS" vorm="sg.gen.">sie</sone><sone id="l17_s6" lk="116" lemma="pi’ņ" tahendus="koer" ingl="dog" liik="S" vorm="sg.dat.">piń’ńən</sone><sone id="l17_s7" lk="116" lemma="īņõ" tahendus="kaasa" ingl="with" liik="Adv">īńə</sone><sone id="l17_s8" lk="116" lemma="un" tahendus="ja" ingl="and" liik="Konj">un</sone><sone id="l17_s9" lk="116" lemma="ni" tahendus="nüüd" ingl="now" liik="Adv">ni</sone><sone id="l17_s10" lk="116" lemma="tämā" tahendus="tema" ingl="he, she" liik="ProS" vorm="sg.nom.">ta</sone><sone id="l17_s11" lk="116" lemma="vīdõ" tahendus="viia" ingl="take" liik="V" vorm="pers.ind.ipf.sg.3.">vīž</sone><sone id="l17_s12" lk="116" lemma="ikš" tahendus="üks" ingl="one" liik="ProS" vorm="sg.gen.">ī’d</sone><sone id="l17_s13" lk="116" lemma="be’ḑḑõr" tahendus="koobas" ingl="cave" liik="S" vorm="sg.gen.">be’d́d́r̥</sone><sone id="l17_s14" lk="116" lemma="jū’rõ" tahendus="juurde" ingl="to" liik="Post">jū’r</sone><sone id="l17_s15" lk="116" lemma="un" tahendus="ja" ingl="and" liik="Konj">un</sone><sone id="l17_s16" lk="116" lemma="sǟ’l" tahendus="seal" ingl="there" liik="ProAdv">sǟ’l</sone><sone id="l17_s17" lk="116" lemma="vȱlda" tahendus="olla" ingl="be" liik="V" vorm="pers.ind.ipf.sg.3.">ve̮ĺ’</sone><sone id="l17_s18" lk="116" lemma="tämā" tahendus="tema" ingl="he, she" liik="ProS" vorm="sg.gen.">täm’</sone><sone id="l17_s19" lk="116" lemma="vīļa" tahendus="vara" ingl="possession" liik="S" vorm="sg.nom.">vīĺa</sone><sone id="l17_s20" lk="116" lemma="tikkiž" tahendus="kõik" ingl="all" liik="Adv">tikkiž</sone><sone id="l17_s21" lk="116" lemma="sizāl" tahendus="sees" ingl="inside" liik="Adv">sizāl</sone><sone id="l17_s22" lk="116" meta="vahemärk">.</sone></lause><lause id="l18"><sone id="l18_s1" lk="116" lemma="ni" tahendus="nüüd" ingl="now" liik="Adv">ni</sone><sone id="l18_s2" lk="116" lemma="tämā" tahendus="tema" ingl="he, she" liik="ProS" vorm="sg.nom.">ta</sone><sone id="l18_s3" lk="116" lemma="võttõ" tahendus="võtta" ingl="take" liik="V" vorm="pers.ind.ipf.sg.3.">vi̮tīz</sone><sone id="l18_s4" lk="116" lemma="se" tahendus="see" ingl="this" liik="ProS" vorm="sg.gen.">sie</sone><sone id="l18_s5" lk="116" lemma="vīļa" tahendus="vara" ingl="possession" liik="S" vorm="sg.gen.">vīĺa</sone><sone id="l18_s6" lk="116" lemma="sǟ’ld" tahendus="sealt" ingl="from there" liik="Adv">sǟ’ld</sone><sone id="l18_s7" lk="116" lemma="ulzõ" tahendus="välja" ingl="out" liik="Adv">uldzə</sone><sone id="l18_s8" lk="116" lemma="un" tahendus="ja" ingl="and" liik="Konj">un</sone><sone id="l18_s9" lk="116" lemma="vīdõ" tahendus="viia" ingl="take" liik="V" vorm="pers.ind.ipf.sg.3.">vīž</sone><sone id="l18_s10" lk="116" lemma="eņtš" tahendus="oma" ingl="own" liik="ProS" vorm="sg.gen.">eńt́š</sone><sone id="l18_s11" lk="116" lemma="spīkrõb" tahendus="kaubaait" ingl="warehouse" liik="S" vorm="sg.ill.">spīkrəb</sone><sone id="l18_s12" lk="116" lemma="tā’giž" tahendus="tagasi" ingl="back" liik="Adv">tā’giž</sone><sone id="l18_s13" lk="116" meta="vahemärk">.</sone></lause><lause id="l19"><sone id="l19_s1" lk="116" lemma="un" tahendus="ja" ingl="and" liik="Konj">un</sone><sone id="l19_s2" lk="116" lemma="ni" tahendus="nüüd" ingl="now" liik="Adv">ni</sone><sone id="l19_s3" lk="116" lemma="tegīž" tahendus="taas" ingl="again" liik="Adv">tegīž</sone><sone id="l19_s4" lk="116" lemma="se" tahendus="see" ingl="this" liik="ProS" vorm="sg.nom.">se</sone><sone id="l19_s5" lk="116" lemma="izānd" tahendus="härra" ingl="master" liik="S" vorm="sg.nom.">izānd</sone><sone id="l19_s6" lk="116" lemma="tǭ’dõ" tahendus="tahta" ingl="want" liik="V" vorm="pers.ind.ipf.sg.3.">tå̄’ž</sone><sone id="l19_s7" lk="116" lemma="la’z" tahendus="las" ingl="let" liik="ModAdv">laz</sone><sone id="l19_s8" lk="116" lemma="se" tahendus="see" ingl="this" liik="ProS" vorm="sg.nom.">se</sone><sone id="l19_s9" lk="116" lemma="āndõļmaņ" tahendus="hangeldaja" ingl="trader" liik="S" vorm="sg.nom.">andl̥mań</sone><sone id="l19_s10" lk="116" lemma="andõ" tahendus="anda" ingl="give" liik="V" vorm="pers.jus.pr.sg.3.">āndag</sone><sone id="l19_s11" lk="116" lemma="tämā" tahendus="tema" ingl="he, she" liik="ProS" vorm="sg.dat.">täm’mən</sone><sone id="l19_s12" lk="116" lemma="se" tahendus="see" ingl="this" liik="ProS" vorm="sg.gen.">sie</sone><sone id="l19_s13" lk="116" lemma="pi’ņ" tahendus="koer" ingl="dog" liik="S" vorm="sg.gen.">piń’</sone><sone id="l19_s14" lk="116" meta="vahemärk">.</sone></lause><lause id="l20"><sone id="l20_s1" lk="116" lemma="un" tahendus="ja" ingl="and" liik="Konj">un</sone><sone id="l20_s2" lk="116" lemma="ni" tahendus="nüüd" ingl="now" liik="Adv">ni</sone><sone id="l20_s3" lk="116" lemma="se" tahendus="see" ingl="this" liik="ProS" vorm="sg.nom.">se</sone><sone id="l20_s4" lk="116" lemma="āndõļmaņ" tahendus="hangeldaja" ingl="trader" liik="S" vorm="sg.nom.">andl̥mań</sone><sone id="l20_s5" lk="116" lemma="pānda" tahendus="panna" ingl="put" liik="V" vorm="pers.ind.ipf.sg.3.">pań’</sone><sone id="l20_s6" lk="116" lemma="eņtš" tahendus="oma" ingl="own" liik="ProS" vorm="sg.gen.">eńt́š</sone><sone id="l20_s7" lk="116" lemma="tē’ḑ" tahendus="märk" ingl="mark" liik="S" vorm="pl.nom." kommentaar="?">tǟ’dəd</sone><sone id="l20_s8" lk="116" lemma="jū’rõ" tahendus="külge" ingl="to" liik="Adv">jū’rə</sone><sone id="l20_s9" lk="116" lemma="se" tahendus="see" ingl="this" liik="ProS" vorm="sg.gen.">sie</sone><sone id="l20_s10" lk="116" lemma="pi’ņ" tahendus="koer" ingl="dog" liik="S" vorm="sg.dat.">piń’ńən</sone><sone id="l20_s11" lk="116" meta="vahemärk">.</sone></lause><lause id="l21"><sone id="l21_s1" lk="116" lemma="un" tahendus="ja" ingl="and" liik="Konj">un</sone><sone id="l21_s2" lk="116" lemma="ku" tahendus="kui" ingl="when" liik="Konj">ku</sone><sone id="l21_s3" lk="116" lemma="ni" tahendus="nüüd" ingl="now" liik="Adv">ni</sone><sone id="l21_s4" lk="116" lemma="se" tahendus="see" ingl="this" liik="ProS" vorm="sg.gen.">sie</sone><sone id="l21_s5" lk="116" lemma="izānd" tahendus="härra" ingl="master" liik="S" vorm="sg.dat.">izāndən</sone><sone id="l21_s6" lk="116" lemma="sindõ" tahendus="sündida" ingl="be born" liik="V" vorm="pers.ind.ipf.sg.3.">sīndiz</sone><sone id="l21_s7" lk="116" lemma="läpš" tahendus="laps" ingl="child" liik="S" vorm="sg.nom.">läpš</sone><sone id="l21_s8" lk="116" lemma="un" tahendus="ja" ingl="and" liik="Konj">un</sone><sone id="l21_s9" lk="116" lemma="si’z" tahendus="siis" ingl="then" liik="ProAdv">siz</sone><sone id="l21_s10" lk="116" lemma="tūlda" tahendus="tulla" ingl="come" liik="V" vorm="pers.ind.ipf.sg.3.">tuĺ’</sone><sone id="l21_s11" lk="116" lemma="seļļi" tahendus="selline" ingl="this kind of" liik="ProA" vorm="sg.nom.">seĺĺi</sone><sone id="l21_s12" lk="116" lemma="tūļ" tahendus="tuul" ingl="wind" liik="S" vorm="sg.nom.">tūĺ</sone><sone id="l21_s13" lk="116" lemma="sillõ" tahendus="sisse" ingl="inside" liik="Adv">sil’lə</sone><sone id="l21_s14" lk="116" lemma="un" tahendus="ja" ingl="and" liik="Konj">un</sone><sone id="l21_s15" lk="116" lemma="võttõ" tahendus="võtta" ingl="take" liik="V" vorm="pers.ind.ipf.sg.3.">vi̮tīz</sone><sone id="l21_s16" lk="116" lemma="se" tahendus="see" ingl="this" liik="ProS" vorm="sg.gen.">sie</sone><sone id="l21_s17" lk="116" lemma="läpš" tahendus="laps" ingl="child" liik="S" vorm="sg.gen.">lapš</sone><sone id="l21_s18" lk="116" meta="vahemärk">‿</sone><sone id="l21_s19" lk="116" lemma="jarā" tahendus="ära" ingl="away" liik="Adva">jerā</sone><sone id="l21_s20" lk="116" meta="vahemärk">.</sone></lause><lause id="l22"><sone id="l22_s1" lk="116" lemma="un" tahendus="ja" ingl="and" liik="Konj">un</sone><sone id="l22_s2" lk="116" lemma="ni" tahendus="nüüd" ingl="now" liik="Adv">ni</sone><sone id="l22_s3" lk="116" lemma="tuoi" tahendus="teine" ingl="second" liik="Numj" vorm="sg.part.">tuoista</sone><sone id="l22_s4" lk="116" lemma="kõrd" tahendus="kord" ingl="time" liik="Adv">ki̮rd</sone><sone id="l22_s5" lk="116" meta="vahemärk">,</sone><sone id="l22_s6" lk="116" lemma="ku" tahendus="kui" ingl="when" liik="Konj">ku</sone><sone id="l22_s7" lk="116" lemma="se" tahendus="see" ingl="this" liik="ProS" vorm="sg.dat.">sien</sone><sone id="l22_s8" lk="116" meta="vahemärk">[</sone><sone id="l22_s9" lk="116" meta="poolik sõna">je̮-</sone><sone id="l22_s10" lk="116" meta="vahemärk"> &gt;</sone><sone id="l22_s11" lk="116" meta="vahemärk">]</sone><sone id="l22_s12" lk="116" lemma="jemānd" tahendus="proua" ingl="lady" liik="S" vorm="sg.dat.">jemāndən</sone><sone id="l22_s13" lk="116" lemma="vȱlda" tahendus="olla" ingl="be" liik="V" vorm="pers.ind.ipf.sg.3.">ve̮ĺ’</sone><sone id="l22_s14" lk="116" lemma="läpš" tahendus="laps" ingl="child" liik="S" vorm="sg.nom.">läpš</sone><sone id="l22_s15" lk="116" lemma="un" tahendus="ja" ingl="and" liik="Konj">un</sone><sone id="l22_s16" lk="116" lemma="ni" tahendus="nüüd" ingl="now" liik="Adv">ni</sone><sone id="l22_s17" lk="116" lemma="se" tahendus="see" ingl="this" liik="ProS" vorm="sg.nom.">se</sone><sone id="l22_s18" lk="116" lemma="pi’ņ" tahendus="koer" ingl="dog" liik="S" vorm="sg.nom.">piń’</sone><sone id="l22_s19" lk="116" lemma="kūlõ" tahendus="kuulda" ingl="hear" liik="V" vorm="pers.ind.ipf.sg.3.">kūliz</sone><sone id="l22_s20" lk="116" meta="vahemärk">,</sone><sone id="l22_s21" lk="116" lemma="ku" tahendus="et" ingl="that" liik="Konj">ku</sone><sone id="l22_s22" lk="116" lemma="ne" tahendus="nemad" ingl="they" liik="ProS" vorm="pl.nom.">ne</sone><sone id="l22_s23" lk="116" lemma="rõkāndõ" tahendus="rääkida" ingl="talk" liik="V" vorm="pers.ind.pr.pl.3.">ri̮kāndəbəd</sone><sone id="l22_s24" lk="116" lemma="un" tahendus="ja" ingl="and" liik="Konj">un</sone><sone id="l22_s25" lk="116" lemma="ne’i" tahendus="nii" ingl="so" liik="ProAdv">nei’</sone><sone id="l22_s26" lk="116" lemma="tūlda" tahendus="tulla" ingl="come" liik="V" vorm="pers.ind.ipf.sg.3.">tuĺ’</sone><sone id="l22_s27" lk="116" lemma="tūļ" tahendus="tuul" ingl="wind" liik="S" vorm="sg.nom.">tūĺ</sone><sone id="l22_s28" lk="116" lemma="sillõ" tahendus="sisse" ingl="inside" liik="Adv">sil’lə</sone><sone id="l22_s29" lk="116" lemma="un" tahendus="ja" ingl="and" liik="Konj">un</sone><sone id="l22_s30" lk="116" lemma="võttõ" tahendus="võtta" ingl="take" liik="V" vorm="pers.ind.ipf.sg.3.">vi̮tīz</sone><sone id="l22_s31" lk="116" lemma="se" tahendus="see" ingl="this" liik="ProS" vorm="sg.gen.">sie</sone><sone id="l22_s32" lk="116" lemma="läpš" tahendus="laps" ingl="child" liik="S" vorm="sg.gen.">lapš</sone><sone id="l22_s33" lk="116" meta="vahemärk">‿</sone><sone id="l22_s34" lk="116" lemma="jarā" tahendus="ära" ingl="away" liik="Adva">jerā</sone><sone id="l22_s35" lk="116" lemma="un" tahendus="ja" ingl="and" liik="Konj">un</sone><sone id="l22_s36" lk="116" lemma="vīdõ" tahendus="viia" ingl="take" liik="V" vorm="pers.ind.ipf.sg.3.">vīž</sone><sone id="l22_s37" lk="117" lemma="se" tahendus="see" ingl="this" liik="ProS" vorm="sg.gen.">sie</sone><sone id="l22_s38" lk="117" lemma="läpš" tahendus="laps" ingl="child" liik="S" vorm="sg.gen.">lapš</sone><sone id="l22_s39" lk="117" meta="vahemärk">‿</sone><sone id="l22_s40" lk="117" meta="vahemärk">[</sone><sone id="l22_s41" lk="117" lemma="je’ds+pēḑõn" tahendus="ära" ingl="away" liik="Adva">je’dspēd́ən</sone><sone id="l22_s42" lk="117" meta="vahemärk"> &gt;</sone><sone id="l22_s43" lk="117" meta="vahemärk">]</sone><sone id="l22_s44" lk="117" lemma="je’ddõ+pē’ḑõn" tahendus="edasi" ingl="forward" liik="Adv">je’ddəpēd́ən</sone><sone id="l22_s45" lk="117" lemma="un" tahendus="ja" ingl="and" liik="Konj">un</sone><sone id="l22_s46" lk="117" lemma="pi’ņ" tahendus="koer" ingl="dog" liik="S" vorm="sg.nom.">piń’</sone><sone id="l22_s47" lk="117" lemma="a’ilõ" tahendus="joosta" ingl="run" liik="V" vorm="pers.ind.ipf.sg.3.">ai’liz</sone><sone id="l22_s48" lk="117" lemma="īņõ" tahendus="kaasa" ingl="with" liik="Adv">īńə</sone><sone id="l22_s49" lk="117" lemma="se" tahendus="see" ingl="this" liik="ProS" vorm="sg.gen.">sie</sone><sone id="l22_s50" lk="117" lemma="tūļ" tahendus="tuul" ingl="wind" liik="S" vorm="sg.dat.">tūlən</sone><sone id="l22_s51" lk="117" lemma="un" tahendus="ja" ingl="and" liik="Konj">un</sone><sone id="l22_s52" lk="117">neka</sone><sone id="l22_s53" lk="117" lemma="se" tahendus="see" ingl="this" liik="ProS" vorm="sg.nom.">se</sone><sone id="l22_s54" lk="117" lemma="tūļ" tahendus="tuul" ingl="wind" liik="S" vorm="sg.nom.">tūĺ</sone><sone id="l22_s55" lk="117" lemma="vȱlda" tahendus="olla" ingl="be" liik="Va" vorm="pers.ind.pr.sg.3.">um’</sone><sone id="l22_s56" lk="117" lemma="loppõ" tahendus="lakata" ingl="cease" liik="V" vorm="nud.sg.">loppən</sone><sone id="l22_s57" lk="117" lemma="un" tahendus="ja" ingl="and" liik="Konj">un</sone><sone id="l22_s58" lk="117" lemma="ne’i" tahendus="nii" ingl="so" liik="ProAdv">nei’</sone><sone id="l22_s59" lk="117" lemma="se" tahendus="see" ingl="this" liik="ProS" vorm="sg.nom.">se</sone><sone id="l22_s60" lk="117" lemma="läpš" tahendus="laps" ingl="child" liik="S" vorm="sg.nom.">läpš</sone><sone id="l22_s61" lk="117" lemma="vȱlda" tahendus="olla" ingl="be" liik="Va" vorm="pers.ind.pr.sg.3.">um’</sone><sone id="l22_s62" lk="117" lemma="sa’ddõ" tahendus="kukkuda" ingl="fall" liik="V" vorm="nud.sg.">sa’ddən</sone><sone id="l22_s63" lk="117" lemma="mǭ’zõ" tahendus="maha" ingl="down" liik="Adva">må̄’zə</sone><sone id="l22_s64" lk="117" lemma="un" tahendus="ja" ingl="and" liik="Konj">un</sone><sone id="l22_s65" lk="117" lemma="ne’i" tahendus="nii" ingl="so" liik="ProAdv">nei’</sone><sone id="l22_s66" lk="117" lemma="se" tahendus="see" ingl="this" liik="ProS" vorm="sg.nom.">se</sone><sone id="l22_s67" lk="117" lemma="pi’ņ" tahendus="koer" ingl="dog" liik="S" vorm="sg.nom.">piń’</sone><sone id="l22_s68" lk="117" lemma="vȱlda" tahendus="olla" ingl="be" liik="Va" vorm="pers.ind.pr.sg.3.">um’</sone><sone id="l22_s69" lk="117" lemma="tūodõ" tahendus="tuua" ingl="bring" liik="V" vorm="nud.sg.">tuond</sone><sone id="l22_s70" lk="117" lemma="se" tahendus="see" ingl="this" liik="ProS" vorm="sg.gen.">sie</sone><sone id="l22_s71" lk="117" lemma="läpš" tahendus="laps" ingl="child" liik="S" vorm="sg.gen.">laps</sone><sone id="l22_s72" lk="117" lemma="tā’giž" tahendus="tagasi" ingl="back" liik="Adv">tā’giž</sone><sone id="l22_s73" lk="117" meta="vahemärk">.</sone></lause><lause id="l23"><sone id="l23_s1" lk="117" lemma="ne’i" tahendus="nii" ingl="so" liik="ProAdv">nei’</sone><sone id="l23_s2" lk="117" lemma="se" tahendus="see" ingl="this" liik="ProS" vorm="sg.nom.">se</sone><sone id="l23_s3" lk="117" lemma="izānd" tahendus="härra" ingl="master" liik="S" vorm="sg.nom.">izānd</sone><sone id="l23_s4" lk="117" lemma="vȱlda" tahendus="olla" ingl="be" liik="Va" vorm="pers.ind.pr.sg.3.">um’</sone><sone id="l23_s5" lk="117">gu’odińt́ən</sone><sone id="l23_s6" lk="117" lemma="se" tahendus="see" ingl="this" liik="ProS" vorm="sg.part.">sⁱedā</sone><sone id="l23_s7" lk="117" lemma="pi’ņ" tahendus="koer" ingl="dog" liik="S" vorm="sg.part.">piń’ńə</sone><sone id="l23_s8" lk="117">nei’</sone><sone id="l23_s9" lk="117">ī’ž</sone><sone id="l23_s10" lk="117" lemma="neka" tahendus="nagu" ingl="like" liik="Konj">neka</sone><sone id="l23_s11" lk="117" lemma="ī’ž" tahendus="ise" ingl="self" liik="ProS" vorm="sg.gen.">ī’ž</sone><sone id="l23_s12" lk="117" lemma="ī’ž" tahendus="ise" ingl="self" liik="ProS" vorm="sg.part.">ēńt́šta</sone><sone id="l23_s13" lk="117" meta="vahemärk">.</sone></lause><lause id="l24"><sone id="l24_s1" lk="117" lemma="un" tahendus="ja" ingl="and" liik="Konj">un</sone><sone id="l24_s2" lk="117" lemma="ne’i" tahendus="nii" ingl="so" liik="ProAdv">nei’</sone><sone id="l24_s3" lk="117" lemma="ikš" tahendus="üks" ingl="one" liik="ProS" vorm="sg.nom.">ikš</sone><sone id="l24_s4" lk="117" lemma="kõrd" tahendus="kord" ingl="time" liik="Adv">ki̮rd</sone><sone id="l24_s5" lk="117" lemma="vȱlda" tahendus="olla" ingl="be" liik="Va" vorm="pers.ind.pr.sg.3.">um’</sone><sone id="l24_s6" lk="117" lemma="vȱlda" tahendus="olla" ingl="be" liik="V" vorm="nud.sg.">ve̮nd</sone><sone id="l24_s7" lk="117" lemma="ikš" tahendus="üks" ingl="one" liik="ProS" vorm="sg.nom.">ikš</sone><sone id="l24_s8" lk="117" lemma="bal" tahendus="ball" ingl="ball" liik="S" vorm="sg.nom.">ball</sone><sone id="l24_s9" lk="117" lemma="un" tahendus="ja" ingl="and" liik="Konj">un</sone><sone id="l24_s10" lk="117" lemma="ne’i" tahendus="nii" ingl="so" liik="ProAdv">nei’</sone><sone id="l24_s11" lk="117" lemma="se" tahendus="see" ingl="this" liik="ProS" vorm="sg.nom.">se</sone><sone id="l24_s12" lk="117" lemma="izānd" tahendus="härra" ingl="mister" liik="S" vorm="sg.nom.">izānd</sone><sone id="l24_s13" lk="117" lemma="vȱlda" tahendus="olla" ingl="be" liik="Va" vorm="pers.ind.pr.sg.3.">um’</sone><sone id="l24_s14" lk="117" lemma="kutsõ" tahendus="kutsuda" ingl="invite" liik="V" vorm="tud.">kutstəd</sone><sone id="l24_s15" lk="117" lemma="se" tahendus="see" ingl="this" liik="ProS" vorm="sg.gen.">sie</sone><sone id="l24_s16" lk="117" lemma="bal" tahendus="ball" ingl="ball" liik="S" vorm="sg.gen.">ball</sone><sone id="l24_s17" lk="117" lemma="pǟl" tahendus="peale" ingl="on" liik="Post">pǟl</sone><sone id="l24_s18" lk="117" meta="vahemärk">,</sone><sone id="l24_s19" lk="117" lemma="bet" tahendus="aga" ingl="but" liik="Konj">bet</sone><sone id="l24_s20" lk="117" lemma="se" tahendus="see" ingl="this" liik="ProS" vorm="sg.nom.">se</sone><sone id="l24_s21" lk="117" lemma="izānd" tahendus="härra" ingl="mister" liik="S" vorm="sg.nom.">izānd</sone><sone id="l24_s22" lk="117" lemma="ī’ž" tahendus="ise" ingl="self" liik="ProS" vorm="sg.nom.">ī’ž</sone><sone id="l24_s23" lk="117" lemma="ä’b" tahendus="ei" ingl="not" liik="Mn" vorm="pr.sg.3.">äb</sone><sone id="l24_s24" lk="117" lemma="vȱlda" tahendus="olla" ingl="be" liik="Va" vorm="pers.ind.sg.3.neg.">uo</sone><sone id="l24_s25" lk="117" lemma="lǟ’dõ" tahendus="minna" ingl="go" liik="V" vorm="nud.sg.">lǟ’nd</sone><sone id="l24_s26" lk="117" lemma="un" tahendus="ja" ingl="and" liik="Konj">un</sone><sone id="l24_s27" lk="117" lemma="sǭtõ" tahendus="saata" ingl="send" liik="V" vorm="nud.sg.">så̄tən</sone><sone id="l24_s28" lk="117" lemma="se" tahendus="see" ingl="this" liik="ProS" vorm="sg.gen.">sie</sone><sone id="l24_s29" lk="117" lemma="pi’ņ" tahendus="koer" ingl="dog" liik="S" vorm="sg.nom.">piń’</sone><sone id="l24_s30" lk="117" lemma="un" tahendus="ja" ingl="and" liik="Konj">un</sone><sone id="l24_s31" lk="117" lemma="pānda" tahendus="panna" ingl="put" liik="V" vorm="nud.sg.">pand</sone><sone id="l24_s32" lk="117" lemma="eņtš" tahendus="oma" ingl="own" liik="ProS" vorm="sg.gen.">eńt́š</sone><sone id="l24_s33" lk="117" lemma="tē’ḑ" tahendus="märk" ingl="mark" liik="S" vorm="pl.nom.">tǟ’dəd</sone><sone id="l24_s34" lk="117" lemma="tikkiž" tahendus="kõik" ingl="all" liik="Adv">tikkiž</sone><sone id="l24_s35" lk="117" lemma="jū’rõ" tahendus="külge" ingl="to" liik="Adv">jū’rə</sone><sone id="l24_s36" lk="117" meta="vahemärk">.</sone></lause><lause id="l25"><sone id="l25_s1" lk="117" lemma="un" tahendus="ja" ingl="and" liik="Konj">un</sone><sone id="l25_s2" lk="117" lemma="ne" tahendus="nemad" ingl="they" liik="ProS" vorm="pl.gen.">nänt</sone><sone id="l25_s3" lk="117" lemma="izānd" tahendus="härra" ingl="mister" liik="S" vorm="pl.dat.">izāndədən</sone><sone id="l25_s4" lk="117" lemma="vȱlda" tahendus="olla" ingl="be" liik="Va" vorm="pers.ind.pr.sg.3.">um’</sone><sone id="l25_s5" lk="117" lemma="vȱlda" tahendus="olla" ingl="be" liik="V" vorm="nud.sg.">ve̮nd</sone><sone id="l25_s6" lk="117" lemma="uid" tahendus="häbi" ingl="shame" liik="S" vorm="pl.nom.">uid</sone><sone id="l25_s7" lk="117" meta="vahemärk">,</sone><sone id="l25_s8" lk="117" lemma="ku" tahendus="et" ingl="that" liik="Konj">ku</sone><sone id="l25_s9" lk="117" lemma="se" tahendus="see" ingl="this" liik="ProS" vorm="sg.part.">sⁱedā</sone><sone id="l25_s10" lk="117" lemma="pi’ņ" tahendus="koer" ingl="dog" liik="S" vorm="sg.part.">piń’ńə</sone><sone id="l25_s11" lk="117" lemma="ne" tahendus="nemad" ingl="they" liik="ProS" vorm="pl.dat.">näntən</sone><sone id="l25_s12" lk="117" lemma="vȱlda" tahendus="olla" ingl="be" liik="Va" vorm="pers.ind.pr.sg.3.">um’</sone><sone id="l25_s13" lk="117">gu’odińt́əməst</sone><sone id="l25_s14" lk="117" lemma="un" tahendus="ja" ingl="and" liik="Konj">un</sone><sone id="l25_s15" lk="117" lemma="ne’i" tahendus="nii" ingl="so" liik="ProAdv">nei’</sone><sone id="l25_s16" lk="117" lemma="ne" tahendus="nemad" ingl="they" liik="ProS" vorm="pl.nom.">n</sone><sone lk="117" keel="eesti" id="l25_s17" meta="vahemärk">=</sone><sone lk="117" keel="eesti" id="l25_s18" lemma="vȱlda" tahendus="olla" ingl="be" liik="Va" vorm="pers.ind.pr.pl.3.">attə</sone><sone id="l25_s19" lk="117" lemma="rõkāndõ" tahendus="rääkida" ingl="talk" liik="V" vorm="pers.ind.pr.pl.3.">ri̮kāndənəd</sone><sone id="l25_s20" lk="117" meta="vahemärk">,</sone><sone id="l25_s21" lk="117" lemma="ku" tahendus="et" ingl="that" liik="Konj">ku</sone><sone id="l25_s22" lk="117" lemma="se" tahendus="see" ingl="this" liik="ProS" vorm="sg.nom." kommentaar="?">se</sone><sone id="l25_s23" lk="117" lemma="pi’ņ" tahendus="koer" ingl="dog" liik="S" vorm="sg.nom." kommentaar="?">piń’</sone><sone id="l25_s24" lk="117" lemma="vȱlda" tahendus="olla" ingl="be" liik="Va" vorm="pers.ind.pr.sg.3.">um’</sone><sone id="l25_s25" lk="117" lemma="mǭ’zõ" tahendus="maha" ingl="down" liik="Adva">må̄’zə</sone><sone id="l25_s26" lk="117" lemma="laskõ" tahendus="lasta" ingl="shoot" liik="V" vorm="deb.">laskəməst</sone><sone id="l25_s27" lk="117" meta="vahemärk">.</sone></lause><lause id="l26"><sone id="l26_s1" lk="117" lemma="un" tahendus="ja" ingl="and" liik="Konj">un</sone><sone id="l26_s2" lk="117">nei’</sone><sone id="l26_s3" lk="117">ka</sone><sone id="l26_s4" lk="117" lemma="se" tahendus="see" ingl="this" liik="ProS" vorm="sg.nom.">se</sone><sone id="l26_s5" lk="117" lemma="pi’ņ" tahendus="koer" ingl="dog" liik="S" vorm="sg.nom.">piń’</sone><sone id="l26_s6" lk="117" lemma="vȱlda" tahendus="olla" ingl="be" liik="Va" vorm="pers.ind.pr.sg.3.">um’</sone><sone id="l26_s7" lk="117" lemma="se" tahendus="see" ingl="this" liik="ProS" vorm="sg.part.">sⁱedā</sone><sone id="l26_s8" lk="117" lemma="kūlõ" tahendus="kuulda" ingl="hear" liik="V" vorm="nud.sg.">kūlən</sone><sone id="l26_s9" lk="117" lemma="un" tahendus="ja" ingl="and" liik="Konj">un</sone><sone id="l26_s10" lk="117" lemma="ne’i" tahendus="nii" ingl="so" liik="ProAdv">nei’</sone><sone id="l26_s11" lk="117" lemma="se" tahendus="see" ingl="this" liik="ProS" vorm="sg.nom.">se</sone><sone id="l26_s12" lk="117" lemma="pi’ņ" tahendus="koer" ingl="dog" liik="S" vorm="sg.nom.">piń’</sone><sone id="l26_s13" lk="117" lemma="vȱlda" tahendus="olla" ingl="be" liik="Va" vorm="pers.ind.pr.sg.3.">um’</sone><sone id="l26_s14" lk="117" lemma="a’ilõ" tahendus="joosta" ingl="run" liik="V" vorm="nud.sg.">ai’lən</sone><sone id="l26_s15" lk="117" lemma="lä’b" tahendus="aken" ingl="window" liik="S" vorm="sg.el.">lä’bst</sone><sone id="l26_s16" lk="117" lemma="ulzõ" tahendus="välja" ingl="out" liik="Adv">uldzə</sone><sone id="l26_s17" lk="117" lemma="un" tahendus="ja" ingl="and" liik="Konj">un</sone><sone id="l26_s18" lk="117" lemma="ni" tahendus="nüüd" ingl="now" liik="Adv">ni</sone><sone id="l26_s19" lk="117" lemma="a’ilõ" tahendus="joosta" ingl="run" liik="V" vorm="nud.sg.">ai’lən</sone><sone id="l26_s20" lk="117" lemma="pi’ds" tahendus="piki" ingl="along" liik="Pre">pits</sone><sone id="l26_s21" lk="117" lemma="riek" tahendus="tee" ingl="road" liik="S" vorm="sg.part.">rⁱekkə</sone><sone id="l26_s22" lk="117" lemma="kālmad+tarā" tahendus="kalmistu" ingl="cemetery" liik="S" vorm="sg.gen.">kālmad+tarā</sone><sone id="l26_s23" lk="117" lemma="jūstõ" tahendus="juurest" ingl="from" liik="Post">jūst</sone><sone id="l26_s24" lk="117" lemma="pi’ddõz" tahendus="mööda" ingl="past" liik="Adv">pi’ddiz</sone><sone id="l26_s25" lk="117" meta="vahemärk">.</sone></lause><lause id="l27"><sone id="l27_s1" lk="117" lemma="un" tahendus="ja" ingl="and" liik="Konj">un</sone><sone id="l27_s2" lk="117" lemma="ne’i" tahendus="nii" ingl="so" liik="ProAdv">nei’</sone><sone id="l27_s3" lk="117" lemma="tämā" tahendus="tema" ingl="he, she" liik="ProS" vorm="sg.gen.">täm’</sone><sone id="l27_s4" lk="117" lemma="izā" tahendus="isa" ingl="father" liik="S" vorm="sg.nom.">izā</sone><sone id="l27_s5" lk="117" lemma="tūlda" tahendus="tulla" ingl="come" liik="V" vorm="nud.sg.">tund</sone><sone id="l27_s6" lk="117" lemma="tämā" tahendus="tema" ingl="he, she" liik="ProS" vorm="sg.dat.">täm’mən</sone><sone id="l27_s7" lk="117">vastə</sone><sone id="l27_s8" lk="117" lemma="un" tahendus="ja" ingl="and" liik="Konj">un</sone><sone id="l27_s9" lk="117" lemma="se" tahendus="see" ingl="this" liik="ProS" vorm="sg.nom.">se</sone><sone id="l27_s10" lk="117" lemma="izā" tahendus="isa" ingl="father" liik="S" vorm="sg.nom.">izā</sone><sone id="l27_s11" lk="117" lemma="vȱlda" tahendus="olla" ingl="be" liik="Va" vorm="pers.ind.pr.sg.3.">um’</sone><sone id="l27_s12" lk="117" lemma="kītõ" tahendus="öelda" ingl="say" liik="V" vorm="nud.sg.">kītən</sone><sone id="l27_s13" lk="117" meta="vahemärk">:</sone><sone id="l27_s14" lk="117" meta="vahemärk">”</sone><sone lk="117" keel="eesti" id="l27_s15" lemma="ne’i" tahendus="nii" ingl="so" liik="ProAdv">nei’</sone><sone id="l27_s16" lk="117" meta="vahemärk">,</sone><sone id="l27_s17" lk="117" lemma="se" tahendus="see" ingl="this" liik="ProS" vorm="sg.nom.">se</sone><sone id="l27_s18" lk="117" lemma="vȱlda" tahendus="olla" ingl="be" liik="V" vorm="pers.ind.pr.sg.3.">um’</sone><sone id="l27_s19" lk="117" lemma="minā" tahendus="mina" ingl="I" liik="ProS" vorm="sg.gen.">min’</sone><sone id="l27_s20" lk="117" lemma="pūoga" tahendus="poeg" ingl="son" liik="S" vorm="sg.nom.">puoga</sone><sone lk="117" keel="eesti" id="l27_s21" meta="vahemärk">.</sone><sone id="l27_s22" lk="117" meta="vahemärk">”</sone></lause><lause id="l28"><sone id="l28_s1" lk="117" lemma="un" tahendus="ja" ingl="and" liik="Konj">un</sone><sone id="l28_s2" lk="117" lemma="se" tahendus="see" ingl="this" liik="ProS" vorm="sg.nom.">se</sone><sone id="l28_s3" lk="117" lemma="izā" tahendus="isa" ingl="father" liik="S" vorm="sg.nom.">izā</sone><sone id="l28_s4" lk="117" lemma="vȱlda" tahendus="olla" ingl="be" liik="Va" vorm="pers.ind.pr.sg.3.">um’</sone><sone id="l28_s5" lk="117" lemma="andõ" tahendus="anda" ingl="give" liik="V" vorm="nud.sg.">andən</sone><sone id="l28_s6" lk="117" lemma="tämā" tahendus="tema" ingl="he, she" liik="ProS" vorm="sg.dat.">täm’mən</sone><sone id="l28_s7" lk="117" lemma="rangõd" tahendus="valjad" ingl="bridle" liik="S" vorm="pl.nom.">raŋgəd</sone><sone id="l28_s8" lk="117" lemma="un" tahendus="ja" ingl="and" liik="Konj">un</sone><sone id="l28_s9" lk="117" lemma="se" tahendus="see" ingl="this" liik="ProS" vorm="sg.nom.">se</sone><sone id="l28_s10" lk="117" lemma="izā" tahendus="isa" ingl="father" liik="S" vorm="sg.nom.">izā</sone><sone id="l28_s11" lk="117" lemma="vȱlda" tahendus="olla" ingl="be" liik="Va" vorm="pers.ind.pr.sg.3.">um’</sone><sone id="l28_s12" lk="117" lemma="tī’edõ" tahendus="teha" ingl="do" liik="V" vorm="nud.sg.">ti’end</sone><sone id="l28_s13" lk="117" lemma="tämā" tahendus="tema" ingl="he, she" liik="ProS" vorm="sg.part.">tǟnda</sone><sone id="l28_s14" lk="117" lemma="pa" tahendus="millekski, kellekski" ingl="as" liik="Pre">pa</sone><sone id="l28_s15" lk="117" lemma="rištīng" tahendus="inimene" ingl="human" liik="S" vorm="sg.tr.">rištīŋgəks</sone><sone id="l28_s16" lk="117" lemma="tegīž" tahendus="taas" ingl="again" liik="Adv">tegīž</sone><sone id="l28_s17" lk="117" meta="vahemärk">.</sone></lause><lause id="l29"><sone id="l29_s1" lk="117" lemma="ku" tahendus="kui" ingl="when" liik="Konj">ku</sone><sone id="l29_s2" lk="117" lemma="tämā" tahendus="tema" ingl="he, she" liik="ProS" vorm="sg.nom.">ta</sone><sone id="l29_s3" lk="117" lemma="pānda" tahendus="panna" ingl="put" liik="V" vorm="pers.ind.pr.sg.3.">panāb</sone><sone id="l29_s4" lk="117" lemma="ne" tahendus="need" ingl="these" liik="ProS" vorm="pl.nom.">ne</sone><sone id="l29_s5" lk="117" lemma="rangõd" tahendus="valjad" ingl="bridle" liik="S" vorm="pl.nom.">raŋgəd</sone><sone id="l29_s6" lk="117" lemma="eņtš" tahendus="oma" ingl="own" liik="ProS" vorm="sg.gen.">eńt́š</sone><sone id="l29_s7" lk="117" lemma="nai" tahendus="naine" ingl="wife" liik="S" vorm="sg.dat.">naizən</sone><sone id="l29_s8" lk="117" lemma="pǟ’zõ" tahendus="pähe" liik="Adv">pǟ’zə</sone><sone id="l29_s9" lk="117" lemma="un" tahendus="ja" ingl="and" liik="Konj">un</sone><sone id="l29_s10" lk="117" lemma="ni" tahendus="nüüd" ingl="now" liik="Adv">ni</sone><sone id="l29_s11" lk="117" lemma="se" tahendus="see" ingl="this" liik="ProS" vorm="sg.nom.">se</sone><sone id="l29_s12" lk="117" lemma="nai" tahendus="naine" ingl="wife" liik="S" vorm="sg.nom.">nai</sone><sone id="l29_s13" lk="117" lemma="īedõ" tahendus="saada" ingl="become" liik="V" vorm="pers.ind.pr.sg.3.">ieb</sone><sone id="l29_s14" lk="117" lemma="pa" tahendus="millekski, kellekski" ingl="as" liik="Pre">pa</sone><sone id="l29_s15" lk="117" lemma="kēv" tahendus="mära" ingl="mare" liik="S" vorm="sg.tr.">kēvəks</sone><sone id="l29_s16" lk="117" lemma="un" tahendus="ja" ingl="and" liik="Konj">un</sone><sone id="l29_s17" lk="117" lemma="tämā" tahendus="tema" ingl="he, she" liik="ProS" vorm="sg.dat.">täm’mən</sone><sone id="l29_s18" lk="117" lemma="vȱlda" tahendus="olla" ingl="be" liik="Va" vorm="pers.ind.pr.sg.3.">um’</sone><sone id="l29_s19" lk="117" lemma="ne’i" tahendus="nii" ingl="so" liik="ProAdv">nei’</sone><sone id="l29_s20" lk="117" lemma="kōgiņ" tahendus="kaua" liik="Adv">kōgiń</sone><sone id="l29_s21" lk="117" lemma="pieksõ" tahendus="peksta" ingl="beat" liik="V" vorm="deb.">pⁱeksāməst</sone><sone id="l29_s22" lk="117" meta="vahemärk">,</sone><sone id="l29_s23" lk="117" lemma="ku" tahendus="et" ingl="that" liik="Konj">ku</sone><sone id="l29_s24" lk="117" lemma="tämā" tahendus="tema" ingl="he, she" liik="ProS" vorm="sg.nom.">ta</sone><sone id="l29_s25" lk="117" meta="vahemärk">[</sone><sone id="l29_s26" lk="117" lemma="līdõ" tahendus="olema saada" ingl="will be" liik="V" vorm="pers.ind.pr.sg.3.">līb</sone><sone id="l29_s27" lk="117" meta="vahemärk"> &gt;</sone><sone id="l29_s28" lk="117" meta="vahemärk">]</sone><sone id="l29_s29" lk="117" lemma="īedõ" tahendus="saada" ingl="become" liik="V" vorm="pers.ind.pr.sg.3.">ieb</sone><sone id="l29_s30" lk="117" lemma="pa" tahendus="millekski, kellekski" ingl="as" liik="Pre">pa</sone><sone id="l29_s31" lk="117" lemma="rištīng" tahendus="inimene" ingl="human" liik="S" vorm="sg.tr.">rištīŋgəks</sone><sone id="l29_s32" lk="117" lemma="tegīž" tahendus="taas" ingl="again" liik="Adv">tegīž</sone><sone id="l29_s33" lk="117" meta="vahemärk">.</sone></lause><lause id="l30"><sone id="l30_s1" lk="117" lemma="un" tahendus="ja" ingl="and" liik="Konj">un</sone><sone id="l30_s2" lk="117" lemma="ne’i" tahendus="nii" ingl="so" liik="ProAdv">nei’</sone><sone id="l30_s3" lk="117" lemma="tī’edõ" tahendus="teha" ingl="do" liik="V" vorm="pers.ind.ipf.pl.3.">teitə</sone><sone id="l30_s4" lk="117" lemma="un" tahendus="ja" ingl="and" liik="Konj">un</sone><sone id="l30_s5" lk="117" lemma="īedõ" tahendus="saada" ingl="become" liik="V" vorm="pers.ind.ipf.pl.3.">eitə</sone><sone id="l30_s6" lk="117" lemma="amād" tahendus="kõik" ingl="everybody" liik="ProS" vorm="pl.nom.">amād</sone><sone id="l30_s7" lk="117" lemma="pa" tahendus="millekski, kellekski" ingl="as" liik="Pre">pa</sone><sone id="l30_s8" lk="117" lemma="rištīng" tahendus="inimene" ingl="human" liik="S" vorm="sg.tr.">rištīŋgəks</sone><sone id="l30_s9" lk="117" meta="vahemärk">.</sone></lause></sisu>
</liivike>
