<?xml version="1.0" encoding="UTF-8"?>
<?xml-stylesheet type="text/xsl" href="liivike_tekst.xsl"?>
<liivike>
	<info><tyyp>kirjalik</tyyp><teema>Satuja 13</teema><keel>liivi</keel><murre>idaliivi</murre><kirjaviis>foneetiline transkriptsioon</kirjaviis><kyla longituud="22.588" latituud="57.744">Kuolka</kyla><teos pealkiri="Näytteitä liivin kielestä" aasta="1953" koht="Helsinki">E. N. Setälä</teos><keelejuht id="ÄO" haridus="" synniaasta="" synnikoht="" vanus="" sugu="">Äŕsl Ousman</keelejuht></info><sisu id="Set_Sat_13">
		<lause id="l1">
			<sone id="l1_s1" lk="96" lemma="ikš" tahendus="üks" ingl="one" liik="ProS" vorm="sg.gen.">ī’d</sone>
			<sone id="l1_s2" lk="96" lemma="jemā" tahendus="ema" ingl="mother" liik="S" vorm="sg.dat.">je̮mān</sone><sone id="l1_s3" lk="96" lemma="vȱlda" tahendus="olla" ingl="be" liik="Va" vorm="pers.ind.pr.sg.3.">um’</sone><sone id="l1_s4" lk="96" lemma="vȱlda" tahendus="olla" ingl="be" liik="V" vorm="nud.sg.">ve̮nd</sone><sone id="l1_s5" lk="96" lemma="ikš" tahendus="üks" ingl="one" liik="ProS" vorm="sg.nom.">ikš</sone><sone id="l1_s6" lk="96" lemma="pūoga" tahendus="poeg" ingl="son" liik="S" vorm="sg.nom.">puoga</sone><sone id="l1_s7" lk="96" meta="vahemärk">,</sone><sone id="l1_s8" lk="96" lemma="Ans" tahendus="Ans" ingl="Ans" liik="H" vorm="sg.nom.">ans</sone><sone id="l1_s9" lk="96" lemma="se" tahendus="see" ingl="this" liik="ProS" vorm="sg.dat.">sien</sone><sone id="l1_s10" lk="96" lemma="vȱlda" tahendus="olla" ingl="be" liik="Va" vorm="pers.ind.pr.sg.3.">um’</sone><sone id="l1_s11" lk="96" lemma="vȱlda" tahendus="olla" ingl="be" liik="V" vorm="nud.sg.">ve̮nd</sone><sone id="l1_s12" lk="96" lemma="ni’m" tahendus="nimi" ingl="name" liik="S" vorm="sg.gen.">nim’</sone><sone id="l1_s13" lk="96" meta="vahemärk">.</sone></lause>
		<lause id="l2"><sone id="l2_s1" lk="96" lemma="si’z" tahendus="siis" ingl="then" liik="ProAdv">siz</sone><sone id="l2_s2" lk="96" lemma="se" tahendus="see" ingl="this" liik="ProS" vorm="sg.nom.">se</sone><sone id="l2_s3" lk="96" lemma="vȱlda" tahendus="olla" ingl="be" liik="Va" vorm="pers.ind.pr.sg.3.">um’</sone><sone id="l2_s4" lk="96" lemma="kaitsõ" tahendus="karjatada" ingl="herd" liik="V" vorm="nud.sg.">kaitsən</sone><sone id="l2_s5" lk="96" lemma="lāmbaz" tahendus="lammas" ingl="sheep" liik="S" vorm="pl.part.">lambidi</sone><sone id="l2_s6" lk="96" meta="vahemärk">,</sone><sone id="l2_s7" lk="96" lemma="tämā" tahendus="tema" ingl="he, she" liik="ProS" vorm="sg.dat.">täm’mən</sone><sone id="l2_s8" lk="96" lemma="vȱlda" tahendus="olla" ingl="be" liik="Va" vorm="pers.ind.pr.pl.3.">umāt</sone><sone id="l2_s9" lk="96" lemma="vȱlda" tahendus="olla" ingl="be" liik="V" vorm="nud.pl.">ve̮nnəd</sone><sone id="l2_s10" lk="96" lemma="kuolm" tahendus="kolm" ingl="three" liik="Nump" vorm="sg.nom.">kᵘolm</sone><sone id="l2_s11" lk="96" lemma="lāmbaz" tahendus="lammas" ingl="sheep" liik="S" vorm="sg.part.">lāmbast</sone><sone id="l2_s12" lk="96" meta="vahemärk">,</sone><sone id="l2_s13" lk="96" lemma="un" tahendus="ja" ingl="and" liik="Konj">un</sone><sone id="l2_s14" lk="96" lemma="ku" tahendus="kui" ingl="when" liik="Konj">ku</sone><sone id="l2_s15" lk="96" lemma="tämā" tahendus="tema" ingl="he, she" liik="ProS" vorm="sg.nom.">ta</sone><sone lk="96" keel="eesti" id="l2_s16" meta="vahemärk">=</sone><sone lk="96" keel="eesti" id="l2_s17" lemma="vȱlda" tahendus="olla" ingl="be" liik="Va" vorm="pers.ind.pr.sg.3.">m’</sone><sone id="l2_s18" lk="96" lemma="kaitsõ" tahendus="karjatada" ingl="herd" liik="V" vorm="nud.sg.">kaitsən</sone><sone id="l2_s19" lk="96" lemma="mõtsā" tahendus="mets" ingl="forest" liik="S" vorm="sg.in.">mi̮tsās</sone><sone id="l2_s20" lk="96" lemma="e’žmi" tahendus="esimene" ingl="first" liik="Numj" vorm="sg.gen.">ei’žmiz</sone><sone id="l2_s21" lk="96" lemma="pǟva" tahendus="päev" ingl="day" liik="S" vorm="sg.gen.">pǟva</sone><sone id="l2_s22" lk="96" lemma="vȱlda" tahendus="olla" ingl="be" liik="Va" vorm="pers.ind.pr.sg.3.">um’</sone><sone id="l2_s23" lk="96" lemma="tūlda" tahendus="tulla" ingl="come" liik="V" vorm="nud.sg.">tund</sone><sone id="l2_s24" lk="96" lemma="su’ž" tahendus="hunt" ingl="wolf" liik="S" vorm="sg.nom.">sui’ž</sone><sone id="l2_s25" lk="96" lemma="un" tahendus="ja" ingl="and" liik="Konj">un</sone><sone id="l2_s26" lk="96" lemma="sīedõ" tahendus="süüa" ingl="eat" liik="V" vorm="nud.sg.">siend</sone><sone id="l2_s27" lk="96" lemma="ikš" tahendus="üks" ingl="one" liik="ProS" vorm="sg.gen.">ī’d</sone><sone id="l2_s28" lk="96" lemma="lāmbaz" tahendus="lammas" ingl="sheep" liik="S" vorm="sg.gen.">lāmbaz</sone><sone id="l2_s29" lk="96" meta="vahemärk">(</sone><sone id="l2_s30" lk="96" meta="kommentaar">pro</sone><sone id="l2_s31" lk="96" meta="kommentaar">lambə</sone><sone id="l2_s32" lk="96" meta="vahemärk">)</sone><sone id="l2_s33" lk="96" meta="vahemärk">[</sone><sone id="l2_s34" lk="96" lemma="jarā" tahendus="ära" ingl="away" liik="Adva">je̮rā</sone><sone id="l2_s35" lk="96" meta="vahemärk"> &gt;</sone><sone id="l2_s36" lk="96" meta="vahemärk">]</sone><sone id="l2_s37" lk="96" lemma="jarā" tahendus="ära" ingl="away" liik="Adva">jarā</sone><sone id="l2_s38" lk="96" lemma="tämā" tahendus="tema" ingl="he, she" liik="ProS" vorm="sg.dat.">täm’mən</sone><sone id="l2_s39" lk="96" meta="vahemärk">.</sone></lause><lause id="l3"><sone id="l3_s1" lk="96" lemma="ni" tahendus="nüüd" ingl="now" liik="Adv">ni</sone><sone id="l3_s2" lk="96" lemma="tämā" tahendus="tema" ingl="he, she" liik="ProS" vorm="sg.nom.">ta</sone><sone lk="96" keel="eesti" id="l3_s3" meta="vahemärk">=</sone><sone lk="96" keel="eesti" id="l3_s4" lemma="vȱlda" tahendus="olla" ingl="be" liik="Va" vorm="pers.ind.pr.sg.3.">m’</sone><sone id="l3_s5" lk="96" lemma="lǟ’dõ" tahendus="minna" ingl="go" liik="V" vorm="nud.sg.">lǟ’nd</sone><sone id="l3_s6" lk="96" lemma="tuoi" tahendus="teine" ingl="second" liik="ProS" vorm="sg.gen.">tᵘoiz</sone><sone id="l3_s7" lk="96" lemma="pǟva" tahendus="päev" ingl="day" liik="S" vorm="sg.gen.">pǟva</sone><sone id="l3_s8" lk="96" meta="vahemärk">,</sone><sone id="l3_s9" lk="96" lemma="ni" tahendus="nüüd" ingl="now" liik="Adv">ni</sone><sone id="l3_s10" lk="96" lemma="sīedõ" tahendus="süüa" ingl="eat" liik="V" vorm="nud.sg.">siend</sone><sone id="l3_s11" lk="96" lemma="tuoi" tahendus="teine" ingl="second" liik="ProS" vorm="sg.gen.">tᵘoiz</sone><sone id="l3_s12" lk="96" lemma="lāmbaz" tahendus="lammas" ingl="sheep" liik="S" vorm="sg.gen.">lāmbaz</sone><sone id="l3_s13" lk="96" meta="vahemärk">[</sone><sone id="l3_s14" lk="96" meta="kommentaar">lambə</sone><sone id="l3_s15" lk="96" meta="vahemärk">]</sone><sone id="l3_s16" lk="96" lemma="jarā" tahendus="ära" ingl="away" liik="Adva">jarā</sone><sone id="l3_s17" lk="96" meta="vahemärk">.</sone></lause><lause id="l4"><sone id="l4_s1" lk="96" lemma="un" tahendus="ja" ingl="and" liik="Konj">un</sone><sone id="l4_s2" lk="96" lemma="ni" tahendus="nüüd" ingl="now" liik="Adv">ni</sone><sone id="l4_s3" lk="96" lemma="kuolmõz" tahendus="kolmas" ingl="third" liik="Numj" vorm="sg.gen.">kᵘolməz</sone><sone id="l4_s4" lk="96" lemma="pǟva" tahendus="päev" ingl="day" liik="S" vorm="sg.gen.">pǟva</sone><sone id="l4_s5" lk="96" lemma="tämā" tahendus="tema" ingl="he, she" liik="ProS" vorm="sg.nom.">tämā</sone><sone id="l4_s6" lk="96" lemma="vȱlda" tahendus="olla" ingl="be" liik="Va" vorm="pers.ind.pr.sg.3.">um’</sone><sone id="l4_s7" lk="96" lemma="lǟ’dõ" tahendus="minna" ingl="go" liik="V" vorm="nud.sg.">lǟ’nd</sone><sone id="l4_s8" lk="96" meta="vahemärk">,</sone><sone id="l4_s9" lk="96" lemma="ni" tahendus="nüüd" ingl="now" liik="Adv">ni</sone><sone id="l4_s10" lk="96" lemma="tämā" tahendus="tema" ingl="he, she" liik="ProS" vorm="sg.nom.">ta</sone><sone lk="96" keel="eesti" id="l4_s11" meta="vahemärk">=</sone><sone lk="96" keel="eesti" id="l4_s12" lemma="vȱlda" tahendus="olla" ingl="be" liik="Va" vorm="pers.ind.pr.sg.3.">m’</sone><sone id="l4_s13" lk="96" lemma="pī’lõ" tahendus="püsida" ingl="remain" liik="V" vorm="nud.sg.">pī’lən</sone><sone id="l4_s14" lk="96" lemma="se" tahendus="see" ingl="this" liik="ProS" vorm="sg.gen.">sie</sone><sone id="l4_s15" lk="96" lemma="lāmbaz" tahendus="lammas" ingl="sheep" liik="S" vorm="sg.dat.">lambən</sone><sone id="l4_s16" lk="96" lemma="jūsõ" tahendus="juures" ingl="at" liik="Adv" kommentaar="?">jūs</sone><sone id="l4_s17" lk="96" meta="vahemärk">.</sone></lause><lause id="l5"><sone id="l5_s1" lk="96" lemma="ne’i" tahendus="nii" ingl="so" liik="ProAdv" kommentaar="?">ne</sone><sone id="l5_s2" lk="96" lemma="ka" tahendus="nagu" ingl="when" liik="Konj" kommentaar="?">ka</sone><sone id="l5_s3" lk="96" lemma="vȱlda" tahendus="olla" ingl="be" liik="Va" vorm="pers.ind.pr.sg.3.">um’</sone><sone id="l5_s4" lk="96" lemma="tūlda" tahendus="tulla" ingl="come" liik="V" vorm="nud.sg.">tund</sone><sone id="l5_s5" lk="96" lemma="su’ž" tahendus="hunt" ingl="wolf" liik="S" vorm="sg.nom.">sui’ž</sone><sone id="l5_s6" lk="96" meta="vahemärk">,</sone><sone id="l5_s7" lk="96" lemma="ne’i" tahendus="nii" ingl="so" liik="ProAdv">nei’</sone><sone id="l5_s8" lk="96" lemma="tämā" tahendus="tema" ingl="he, she" liik="ProS" vorm="sg.nom.">ta</sone><sone lk="96" keel="eesti" id="l5_s9" meta="vahemärk">=</sone><sone lk="96" keel="eesti" id="l5_s10" lemma="vȱlda" tahendus="olla" ingl="be" liik="Va" vorm="pers.ind.pr.sg.3.">m’</sone><sone id="l5_s11" lk="96" lemma="akkõ" tahendus="püüda" ingl="catch" liik="V" vorm="nud.sg.">akkən</sone><sone id="l5_s12" lk="96" lemma="vi’zzõ" tahendus="kinni" liik="Adva">vi’zzə</sone><sone id="l5_s13" lk="96" lemma="un" tahendus="ja" ingl="and" liik="Konj">un</sone><sone id="l5_s14" lk="96" lemma="tämā" tahendus="tema" ingl="he, she" liik="ProS" vorm="sg.nom.">ta</sone><sone lk="96" keel="eesti" id="l5_s15" meta="vahemärk">=</sone><sone lk="96" keel="eesti" id="l5_s16" lemma="vȱlda" tahendus="olla" ingl="be" liik="Va" vorm="pers.ind.pr.sg.3.">m’</sone><sone id="l5_s17" lk="96" lemma="vīdõ" tahendus="viia" ingl="take" liik="V" vorm="nud.sg.">vīnd</sone><sone id="l5_s18" lk="96" lemma="kuodāj" tahendus="koju" ingl="home" liik="Adv">kᵘodāi</sone><sone id="l5_s19" lk="96" meta="vahemärk">.</sone></lause><lause id="l6"><sone id="l6_s1" lk="96" lemma="un" tahendus="ja" ingl="and" liik="Konj">un</sone><sone id="l6_s2" lk="96" lemma="ni" tahendus="nüüd" ingl="now" liik="Adv">ni</sone><sone id="l6_s3" lk="96" lemma="tämā" tahendus="tema" ingl="he, she" liik="ProS" vorm="sg.nom.">ta</sone><sone lk="96" keel="eesti" id="l6_s4" meta="vahemärk">=</sone><sone lk="96" keel="eesti" id="l6_s5" lemma="vȱlda" tahendus="olla" ingl="be" liik="Va" vorm="pers.ind.pr.sg.3.">m’</sone><sone id="l6_s6" lk="96" lemma="lǟ’dõ" tahendus="minna" ingl="go" liik="V" vorm="nud.sg.">lǟ’nd</sone><sone id="l6_s7" lk="96" lemma="mīdõ" tahendus="müüa" ingl="sell" liik="V" vorm="sup.">mīmə</sone><sone id="l6_s8" lk="96" lemma="se" tahendus="see" ingl="this" liik="ProS" vorm="sg.gen.">sie</sone><sone id="l6_s9" lk="96" lemma="su’ž" tahendus="hunt" ingl="wolf" liik="S" vorm="sg.gen.">su’d</sone><sone id="l6_s10" lk="96" lemma="jarā" tahendus="ära" ingl="away" liik="Adva">jarā</sone><sone id="l6_s11" lk="96" lemma="un" tahendus="ja" ingl="and" liik="Konj">un</sone><sone id="l6_s12" lk="96" lemma="ne’i" tahendus="nii" ingl="so" liik="ProAdv">nei’</sone><sone id="l6_s13" lk="96" lemma="ne" tahendus="need" ingl="these" liik="ProS" vorm="pl.nom.">ne</sone><sone id="l6_s14" lk="96" meta="vahemärk">[</sone><sone id="l6_s15" lk="96" lemma="zīḑ" tahendus="juut" ingl="jew" liik="S" vorm="pl.nom.">žīd́əd</sone><sone id="l6_s16" lk="96" meta="vahemärk"> &gt;</sone><sone id="l6_s17" lk="96" meta="vahemärk">]</sone><sone id="l6_s18" lk="96" lemma="zīḑ" tahendus="juut" ingl="jew" liik="S" vorm="pl.nom.">zīd́əd</sone><sone id="l6_s19" lk="96" lemma="vȱlda" tahendus="olla" ingl="be" liik="Va" vorm="pers.ind.pr.pl.3.">a’dtə</sone><sone id="l6_s20" lk="96" lemma="tǭ’dõ" tahendus="tahta" ingl="want" liik="V" vorm="nud.pl.">tå̄’nəd</sone><sone id="l6_s21" lk="96" lemma="vȯstõ" tahendus="osta" ingl="buy" liik="V" vorm="inf.">ve̮stə</sone><sone id="l6_s22" lk="96" lemma="jarā" tahendus="ära" ingl="away" liik="Adva">jarā</sone><sone id="l6_s23" lk="96" meta="vahemärk">,</sone><sone id="l6_s24" lk="96" lemma="ne" tahendus="nemad" ingl="they" liik="ProS" vorm="pl.nom.">ne</sone><sone id="l6_s25" lk="96" lemma="vȱlda" tahendus="olla" ingl="be" liik="Va" vorm="pers.ind.pr.pl.3.">umāt</sone><sone id="l6_s26" lk="96" lemma="ki’zzõ" tahendus="küsida" ingl="ask" liik="V" vorm="nud.pl.">ki’zzənd</sone><sone id="l6_s27" lk="96" meta="vahemärk">,</sone><sone id="l6_s28" lk="96" lemma="kui" tahendus="kui" ingl="how" liik="Intr">kui’</sone><sone id="l6_s29" lk="96" lemma="je’nnõ" tahendus="palju" ingl="much" liik="Adv">je̮n’nə</sone><sone id="l6_s30" lk="96" lemma="tämā" tahendus="tema" ingl="he, she" liik="ProS" vorm="sg.nom.">ta</sone><sone id="l6_s31" lk="96" lemma="tǭ’dõ" tahendus="tahta" ingl="want" liik="V" vorm="pers.ind.pr.sg.3.">tå̄’b</sone><sone id="l6_s32" lk="96" lemma="se" tahendus="see" ingl="this" liik="ProS" vorm="sg.gen.">sie</sone><sone id="l6_s33" lk="96" lemma="je’dstõ" tahendus="eest" ingl="for" liik="Post">je̮’dst</sone><sone id="l6_s34" lk="96" meta="vahemärk">.</sone></lause><lause id="l7"><sone id="l7_s1" lk="96" lemma="tämā" tahendus="tema" ingl="he, she" liik="ProS" vorm="sg.nom.">ta</sone><sone lk="96" keel="eesti" id="l7_s2" meta="vahemärk">=</sone><sone lk="96" keel="eesti" id="l7_s3" lemma="vȱlda" tahendus="olla" ingl="be" liik="Va" vorm="pers.ind.pr.sg.3.">m’</sone><sone id="l7_s4" lk="96" lemma="kītõ" tahendus="öelda" ingl="say" liik="V" vorm="nud.sg.">kītən</sone><sone id="l7_s5" lk="96" meta="vahemärk">:</sone><sone id="l7_s6" lk="96" meta="vahemärk">”</sone><sone lk="96" keel="eesti" id="l7_s7" lemma="kuolm" tahendus="kolm" ingl="three" liik="Nump" vorm="sg.nom.">kᵘolm</sone><sone id="l7_s8" lk="96" lemma="sadā" tahendus="sada" ingl="hundred" liik="Nump" vorm="sg.part.">sa’ddə</sone><sone lk="96" keel="eesti" id="l7_s9" meta="vahemärk">.</sone><sone id="l7_s10" lk="96" meta="vahemärk">”</sone></lause><lause id="l8"><sone id="l8_s1" lk="96" lemma="Ans" tahendus="Ans" ingl="Ans" liik="H" vorm="sg.nom.">ans</sone><sone id="l8_s2" lk="96" lemma="vȱlda" tahendus="olla" ingl="be" liik="Va" vorm="pers.ind.pr.sg.3.">um’</sone><sone id="l8_s3" lk="96" lemma="kītõ" tahendus="öelda" ingl="say" liik="V" vorm="nud.sg.">kītən</sone><sone id="l8_s4" lk="96" lemma="ne" tahendus="need" ingl="these" liik="ProS" vorm="pl.nom.">ne</sone><sone id="l8_s5" lk="96" lemma="zīḑ" tahendus="juut" ingl="jew" liik="S" vorm="pl.dat.">zīd́ədən</sone><sone id="l8_s6" lk="96" meta="vahemärk">,</sone><sone id="l8_s7" lk="96" lemma="ku" tahendus="et" ingl="that" liik="Konj">ku</sone><sone id="l8_s8" lk="96" lemma="se" tahendus="see" ingl="this" liik="ProS" vorm="sg.nom.">se</sone><sone id="l8_s9" lk="96" lemma="vȱlda" tahendus="olla" ingl="be" liik="V" vorm="pers.kvt.pr.sg.3.">ve̮ĺĺi</sone><sone id="l8_s10" lk="96" lemma="seļļi" tahendus="selline" ingl="this kind of" liik="ProA" vorm="sg.nom.">seĺĺi</sone><sone id="l8_s11" lk="96" lemma="lāmbaz" tahendus="lammas" ingl="sheep" liik="S" vorm="sg.nom.">lāmbaz</sone><sone id="l8_s12" lk="96" meta="vahemärk">,</sone><sone id="l8_s13" lk="96" lemma="ku" tahendus="kui" ingl="when" liik="Konj">ku</sone><sone id="l8_s14" lk="96" lemma="pānda" tahendus="panna" ingl="put" liik="V" vorm="pers.kvt.pr.sg.3.">pańńi</sone><sone id="l8_s15" lk="96" lemma="munt" tahendus="teised" ingl="other" liik="ProS" vorm="pl.gen.">munt</sone><sone id="l8_s16" lk="96" lemma="sie’ggõ" tahendus="sekka" ingl="among" liik="Post">sⁱe’ggə</sone><sone id="l8_s17" lk="96" meta="vahemärk">,</sone><sone id="l8_s18" lk="96" lemma="si’z" tahendus="siis" ingl="then" liik="ProAdv">siz</sone><sone id="l8_s19" lk="96" lemma="vȱlda" tahendus="olla" ingl="be" liik="V" vorm="pers.kvt.pr.sg.3.">ve̮ĺĺi</sone><sone id="l8_s20" lk="96" lemma="kakš" tahendus="kaks" ingl="two" liik="Nump" vorm="sg.gen.">kå̄’d</sone><sone id="l8_s21" lk="96" lemma="ne’i" tahendus="nii" ingl="so" liik="ProAdv">nei’</sone><sone id="l8_s22" lk="96">je̮n’nit</sone><sone id="l8_s23" lk="96" lemma="jūsõ" tahendus="juures" liik="Adv">jūs</sone><sone id="l8_s24" lk="96" meta="vahemärk">.</sone></lause><lause id="l9"><sone id="l9_s1" lk="96" lemma="ne" tahendus="need" ingl="these" liik="ProS" vorm="pl.nom.">ne</sone><sone id="l9_s2" lk="96" lemma="zīḑ" tahendus="juut" ingl="jew" liik="S" vorm="pl.nom.">zīd́əd</sone><sone id="l9_s3" lk="96" lemma="vȱlda" tahendus="olla" ingl="be" liik="Va" vorm="pers.ind.pr.pl.3.">a’dtə</sone><sone id="l9_s4" lk="96" lemma="vȯstõ" tahendus="osta" ingl="buy" liik="V" vorm="nud.pl.">ve̮stənd</sone><sone id="l9_s5" lk="96" lemma="jarā" tahendus="ära" ingl="away" liik="Adva">jarā</sone><sone id="l9_s6" lk="96" lemma="un" tahendus="ja" ingl="and" liik="Konj">un</sone><sone id="l9_s7" lk="96" lemma="ne" tahendus="nemad" ingl="they" liik="ProS" vorm="pl.nom.">ne</sone><sone id="l9_s8" lk="96" lemma="vȱlda" tahendus="olla" ingl="be" liik="Va" vorm="pers.ind.pr.pl.3.">umāt</sone><sone id="l9_s9" lk="96" lemma="pānda" tahendus="panna" ingl="put" liik="V" vorm="nud.pl.">pannəd</sone><sone id="l9_s10" lk="96" lemma="eņtš" tahendus="oma" ingl="own" liik="ProS" vorm="sg.gen.">eńt́š</sone><sone id="l9_s11" lk="96" lemma="spīkrõb" tahendus="kaubaait" ingl="warehouse" liik="S" vorm="sg.ill." kommentaar="?">spīkrəb</sone><sone id="l9_s12" lk="96" lemma="un" tahendus="ja" ingl="and" liik="Konj">un</sone><sone id="l9_s13" lk="96" lemma="sǟ’l" tahendus="seal" ingl="there" liik="ProAdv">sǟ’l</sone><sone id="l9_s14" lk="96" lemma="ne" tahendus="need" ingl="these" liik="ProS" vorm="pl.nom.">ne</sone><sone id="l9_s15" lk="96" lemma="zīḑ" tahendus="juut" ingl="jew" liik="S" vorm="pl.dat.">zīd́ədən</sone><sone id="l9_s16" lk="96" lemma="vȱlda" tahendus="olla" ingl="be" liik="Va" vorm="pers.ind.pr.sg.3.">um’</sone><sone id="l9_s17" lk="96" lemma="vȱlda" tahendus="olla" ingl="be" liik="V" vorm="nud.sg.">ve̮nd</sone><sone id="l9_s18" lk="96" meta="vahemärk">[</sone><sone id="l9_s19" lk="96" lemma="vīž+kimdõ" tahendus="viiskümmend" ingl="fifty" liik="Nump" vorm="sg.nom.">vīš+kimt</sone><sone id="l9_s20" lk="96" meta="vahemärk"> &gt;</sone><sone id="l9_s21" lk="96" meta="vahemärk">]</sone><sone id="l9_s22" lk="96" lemma="vīž+kimdõ" tahendus="viiskümmend" ingl="fifty" liik="Nump" vorm="sg.nom.">vīž+kimdə</sone><sone id="l9_s23" lk="96" lemma="lāmbaz" tahendus="lammas" ingl="sheep" liik="S" vorm="sg.part.">lāmbast</sone><sone id="l9_s24" lk="96" lemma="je’ds" tahendus="ees" liik="Adv">je̮’ds</sone><sone id="l9_s25" lk="96" meta="vahemärk">.</sone></lause><lause id="l10"><sone id="l10_s1" lk="97" lemma="ne" tahendus="need" ingl="these" liik="ProS" vorm="pl.nom.">ne</sone><sone id="l10_s2" lk="97" lemma="zīḑ" tahendus="juut" ingl="jew" liik="S" vorm="pl.nom.">zīd́əd</sone><sone id="l10_s3" lk="97" lemma="vȱlda" tahendus="olla" ingl="be" liik="Va" vorm="pers.ind.pr.pl.3.">a’dtə</sone><sone id="l10_s4" lk="97" lemma="laskõ" tahendus="lasta" ingl="let" liik="V" vorm="nud.sg.">laskənd</sone><sone id="l10_s5" lk="97" lemma="se" tahendus="see" ingl="this" liik="ProS" vorm="sg.gen.">sie</sone><sone id="l10_s6" lk="97" lemma="su’ž" tahendus="hunt" ingl="wolf" liik="S" vorm="sg.gen.">su’d</sone><sone id="l10_s7" lk="97" lemma="ne" tahendus="need" ingl="these" liik="ProS" vorm="pl.gen.">nänt</sone><sone id="l10_s8" lk="97" lemma="sie’ggõ" tahendus="sekka" ingl="among" liik="Post">sⁱe’gg</sone><sone id="l10_s9" lk="97" meta="vahemärk">.</sone></lause><lause id="l11"><sone id="l11_s1" lk="97" lemma="un" tahendus="ja" ingl="and" liik="Konj">un</sone><sone id="l11_s2" lk="97" lemma="si’z" tahendus="siis" ingl="then" liik="ProAdv">siz</sone><sone id="l11_s3" lk="97" lemma="ikš" tahendus="üks" ingl="one" liik="ProS" vorm="sg.nom.">ikš</sone><sone id="l11_s4" lk="97" lemma="zīḑ" tahendus="juut" ingl="jew" liik="S" vorm="sg.nom.">žīd́</sone><sone id="l11_s5" lk="97" lemma="vȱlda" tahendus="olla" ingl="be" liik="Va" vorm="pers.ind.pr.sg.3.">um’</sone><sone id="l11_s6" lk="97" lemma="lǟ’dõ" tahendus="minna" ingl="go" liik="V" vorm="nud.sg.">lǟ’nd</sone><sone id="l11_s7" lk="97" lemma="īezõ" tahendus="öösel" ingl="at night" liik="Adv">iezə</sone><sone id="l11_s8" lk="97" lemma="ulzõ" tahendus="välja" ingl="out" liik="Adv">uldz</sone><sone id="l11_s9" lk="97" meta="vahemärk">,</sone><sone id="l11_s10" lk="97" lemma="se" tahendus="see" ingl="this" liik="ProS" vorm="sg.nom.">se</sone><sone lk="97" keel="eesti" id="l11_s11" meta="vahemärk">=</sone><sone lk="97" keel="eesti" id="l11_s12" lemma="vȱlda" tahendus="olla" ingl="be" liik="Va" vorm="pers.ind.pr.sg.3.">m’</sone><sone id="l11_s13" lk="97" lemma="kūlõ" tahendus="kuulda" ingl="hear" liik="V" vorm="nud.sg.">kūlən</sone><sone id="l11_s14" lk="97" meta="vahemärk">,</sone><sone id="l11_s15" lk="97" lemma="ku" tahendus="et" ingl="that" liik="Konj">ku</sone><sone id="l11_s16" lk="97" lemma="seļļi" tahendus="selline" ingl="this kind of" liik="ProA" vorm="sg.nom.">seĺĺi</sone><sone id="l11_s17" lk="97" lemma="märā" tahendus="lärm" ingl="noise" liik="S" vorm="sg.nom.">märā</sone><sone id="l11_s18" lk="97" lemma="vȱlda" tahendus="olla" ingl="be" liik="Va" vorm="pers.ind.pr.sg.3.">um’</sone><sone id="l11_s19" lk="97" lemma="vȱlda" tahendus="olla" ingl="be" liik="V" vorm="nud.sg.">ve̮nd</sone><sone id="l11_s20" lk="97" lemma="sǟ’l" tahendus="seal" ingl="there" liik="ProAdv">sǟ’l</sone><sone id="l11_s21" lk="97" lemma="spīkrõb" tahendus="kaubaait" ingl="warehouse" liik="S" vorm="sg.in.">spīkrəbəs</sone><sone id="l11_s22" lk="97" lemma="un" tahendus="ja" ingl="and" liik="Konj">un</sone><sone id="l11_s23" lk="97" lemma="lǟ’dõ" tahendus="minna" ingl="go" liik="V" vorm="nud.sg.">lǟ’nd</sone><sone id="l11_s24" lk="97" lemma="tubā" tahendus="tuba" ingl="room" liik="S" vorm="sg.ill.">tu’bbə</sone><sone id="l11_s25" lk="97" meta="vahemärk">,</sone><sone id="l11_s26" lk="97" lemma="kītõ" tahendus="öelda" ingl="say" liik="V" vorm="nud.sg.">kītən</sone><sone id="l11_s27" lk="97" lemma="ne" tahendus="need" ingl="these" liik="ProS" vorm="pl.gen.">nänt</sone><sone id="l11_s28" lk="97" lemma="munt" tahendus="teised" ingl="other" liik="ProS" vorm="pl.gen.">munt</sone><sone id="l11_s29" lk="97" lemma="zīḑ" tahendus="juut" ingl="jew" liik="S" vorm="pl.dat.">zīd́ədən</sone><sone id="l11_s30" lk="97" meta="vahemärk">,</sone><sone id="l11_s31" lk="97" lemma="ku" tahendus="et" ingl="that" liik="Konj">ku</sone><sone id="l11_s32" lk="97" lemma="ni" tahendus="nüüd" ingl="now" liik="Adv">ni</sone><sone id="l11_s33" lk="97" lemma="tī’edõ" tahendus="teha" ingl="do" liik="V" vorm="ips.kvt.pr.sg.3.">tēji</sone><sone id="l11_s34" lk="97" lemma="lāmbaz" tahendus="lammas" ingl="sheep" liik="S" vorm="pl.part.">lambidi</sone><sone id="l11_s35" lk="97" lemma="jū’rõ" tahendus="juurde" liik="Adva">jū’rə</sone><sone id="l11_s36" lk="97" meta="vahemärk">.</sone></lause><lause id="l12"><sone id="l12_s1" lk="97" lemma="ūoņdžõl" tahendus="hommikul" ingl="morning" liik="Adv">uońdžəl</sone><sone id="l12_s2" lk="97" lemma="lǟ’dõ" tahendus="minna" ingl="go" liik="V" vorm="nud.pl.">lǟ’nəd</sone><sone id="l12_s3" lk="97" lemma="vaņțlõ" tahendus="vaadata" ingl="look" liik="V" vorm="sup.">vańḱĺəm</sone><sone id="l12_s4" lk="97" meta="vahemärk">.</sone></lause><lause id="l13"><sone id="l13_s1" lk="97" lemma="ne’i" tahendus="nii" ingl="so" liik="ProAdv">nei’</sone><sone id="l13_s2" lk="97" lemma="neku" tahendus="nagu" ingl="as" liik="Konj" kommentaar="?">neku</sone><sone id="l13_s3" lk="97" lemma="tī’edõ" tahendus="teha" ingl="make" liik="V" vorm="nud.pl.">ti’enəd</sone><sone id="l13_s4" lk="97" lemma="ukš" tahendus="uks" ingl="door" liik="S" vorm="sg.gen.">uks</sone><sone id="l13_s5" lk="97" lemma="vāldiž" tahendus="lahti" ingl="open" liik="Adva">vāldiž</sone><sone id="l13_s6" lk="97" meta="vahemärk">,</sone><sone id="l13_s7" lk="97" lemma="ne’i" tahendus="nii" ingl="so" liik="ProAdv">nei’</sone><sone id="l13_s8" lk="97" lemma="se" tahendus="see" ingl="this" liik="ProS" vorm="sg.nom.">se</sone><sone id="l13_s9" lk="97" lemma="su’ž" tahendus="hunt" ingl="wolf" liik="S" vorm="sg.nom.">sui’ž</sone><sone id="l13_s10" lk="97" lemma="a’ilõ" tahendus="joosta" ingl="run" liik="V" vorm="nud.sg.">ai’lən</sone><sone id="l13_s11" lk="97" lemma="ulzõ" tahendus="välja" ingl="out" liik="Adv">uldz</sone><sone id="l13_s12" lk="97" lemma="un" tahendus="ja" ingl="and" liik="Konj">un</sone><sone id="l13_s13" lk="97" lemma="ne" tahendus="need" ingl="these" liik="ProS" vorm="pl.nom.">ne</sone><sone id="l13_s14" lk="97" lemma="zīḑ" tahendus="juut" ingl="jew" liik="S" vorm="pl.nom.">zīd́əd</sone><sone id="l13_s15" lk="97" lemma="vȱlda" tahendus="olla" ingl="be" liik="Va" vorm="pers.ind.pr.pl.3.">a’dtə</sone><sone id="l13_s16" lk="97" lemma="nǟ’dõ" tahendus="näha" ingl="see" liik="V" vorm="nud.pl.">nǟnəd</sone><sone id="l13_s17" lk="97" meta="vahemärk">,</sone><sone id="l13_s18" lk="97" lemma="ku" tahendus="et" ingl="that" liik="Konj">ku</sone><sone id="l13_s19" lk="97" lemma="ne" tahendus="nemad" ingl="they" liik="ProS" vorm="pl.gen.">nänt</sone><sone id="l13_s20" lk="97" lemma="lāmbaz" tahendus="lammas" ingl="sheep" liik="S" vorm="pl.nom.">lambəd</sone><sone id="l13_s21" lk="97" lemma="vȱlda" tahendus="olla" ingl="be" liik="Va" vorm="pers.ind.pr.pl.3.">a’dtə</sone><sone id="l13_s22" lk="97" lemma="vȱlda" tahendus="olla" ingl="be" liik="V" vorm="nud.pl.">ve̮nnəd</sone><sone id="l13_s23" lk="97" lemma="tikkiž" tahendus="kõik" ingl="all" liik="Adv">tikkiž</sone><sone id="l13_s24" lk="97" lemma="pa" kommentaar="?">pa</sone><sone id="l13_s25" lk="97">galām</sone><sone id="l13_s26" lk="97" meta="vahemärk">.</sone></lause><lause id="l14"><sone id="l14_s1" lk="97" lemma="ni" tahendus="nüüd" ingl="now" liik="Adv">ni</sone><sone id="l14_s2" lk="97" lemma="ne" tahendus="nemad" ingl="they" liik="ProS" vorm="pl.nom.">ne</sone><sone id="l14_s3" lk="97" lemma="vȱlda" tahendus="olla" ingl="be" liik="Va" vorm="pers.ind.pr.pl.3.">a’dt</sone><sone id="l14_s4" lk="97" lemma="tǭ’dõ" tahendus="tahta" ingl="want" liik="V" vorm="nud.pl.">tå̄’nəd</sone><sone id="l14_s5" lk="97" lemma="se" tahendus="see" ingl="this" liik="ProS" vorm="sg.gen.">sie</sone><sone id="l14_s6" lk="97" lemma="Ans" tahendus="Ans" ingl="Ans" liik="H" vorm="sg.gen.">ans</sone><sone id="l14_s7" lk="97">no+pⁱeksə</sone><sone id="l14_s8" lk="97" meta="vahemärk">.</sone></lause><lause id="l15"><sone id="l15_s1" lk="97" lemma="ne" tahendus="nemad" ingl="they" liik="ProS" vorm="pl.nom.">ne</sone><sone id="l15_s2" lk="97" lemma="lǟ’dõ" tahendus="minna" ingl="go" liik="V" vorm="nud.pl.">lǟ’nəd</sone><sone id="l15_s3" lk="97" lemma="se" tahendus="see" ingl="this" liik="ProS" vorm="sg.part.">sⁱedā</sone><sone id="l15_s4" lk="97" lemma="Ans" tahendus="Ans" ingl="Ans" liik="H" vorm="sg.part.">anssə</sone><sone id="l15_s5" lk="97" lemma="vȯtšõ" tahendus="otsida" ingl="search" liik="V" vorm="sup.">ve̮tšəm</sone><sone id="l15_s6" lk="97" meta="vahemärk">.</sone></lause><lause id="l16"><sone id="l16_s1" lk="97" lemma="ni" tahendus="nüüd" ingl="now" liik="Adv">ni</sone><sone id="l16_s2" lk="97" lemma="Ans" tahendus="Ans" ingl="Ans" liik="H" vorm="sg.nom.">ans</sone><sone id="l16_s3" lk="97" lemma="võttõ" tahendus="võtta" ingl="take" liik="V" vorm="nud.sg.">vi̮ttən</sone><sone id="l16_s4" lk="97" lemma="tegīž" tahendus="jälle" ingl="again" liik="ModAdv">tegīž</sone><sone id="l16_s5" lk="97" lemma="ikš" tahendus="üks" ingl="one" liik="ProS" vorm="sg.gen.">ī’d</sone><sone id="l16_s6" lk="97" lemma="kibār" tahendus="kübar" ingl="hat" liik="S" vorm="sg.gen.">kibār</sone><sone id="l16_s7" lk="97" lemma="un" tahendus="ja" ingl="and" liik="Konj">un</sone><sone id="l16_s8" lk="97" lemma="kītõ" tahendus="öelda" ingl="say" liik="V" vorm="nud.sg.">kītən</sone><sone id="l16_s9" lk="97" lemma="ne" tahendus="need" ingl="these" liik="ProS" vorm="pl.nom.">ne</sone><sone id="l16_s10" lk="97" lemma="zīḑ" tahendus="juut" ingl="jew" liik="S" vorm="pl.dat.">zīd́ədən</sone><sone id="l16_s11" lk="97" meta="vahemärk">,</sone><sone id="l16_s12" lk="97" lemma="ku" tahendus="et" ingl="that" liik="Konj">ku</sone><sone id="l16_s13" lk="97" lemma="se" tahendus="see" ingl="this" liik="ProS" vorm="sg.nom.">se</sone><sone id="l16_s14" lk="97" lemma="vȱlda" tahendus="olla" ingl="be" liik="V" vorm="pers.kvt.pr.sg.3.">ve̮ĺĺi</sone><sone id="l16_s15" lk="97" lemma="seļļi" tahendus="selline" ingl="this kind of" liik="ProA" vorm="sg.nom.">seĺĺi</sone><sone id="l16_s16" lk="97" lemma="kibār" tahendus="kübar" ingl="hat" liik="S" vorm="sg.nom.">kibār</sone><sone id="l16_s17" lk="97" meta="vahemärk">,</sone><sone id="l16_s18" lk="97" lemma="ku" tahendus="et" ingl="that" liik="Konj">ku</sone><sone id="l16_s19" lk="97" lemma="võidõ" tahendus="võima" ingl="can" liik="V" vorm="pers.kvt.pr.sg.3.">vi̮iji</sone><sone id="l16_s20" lk="97" lemma="lǟ’dõ" tahendus="minna" ingl="go" liik="V" vorm="inf.">lǟ’də</sone><sone id="l16_s21" lk="97" lemma="amād" tahendus="kõik" ingl="everything" liik="ProS" vorm="pl.ill.">am’ži</sone><sone id="l16_s22" lk="97" lemma="sillõ" tahendus="sisse" ingl="inside" liik="Adv">sil’lə</sone><sone id="l16_s23" lk="97" lemma="un" tahendus="ja" ingl="and" liik="Konj">un</sone><sone id="l16_s24" lk="97" lemma="jūodõ" tahendus="juua" ingl="drink" liik="V" vorm="inf.">juodə</sone><sone id="l16_s25" lk="97" lemma="kui" tahendus="kui" ingl="how" liik="Intr">kui’</sone><sone id="l16_s26" lk="97" lemma="je’nnõ" tahendus="palju" ingl="much" liik="Adv">je̮n’n</sone><sone id="l16_s27" lk="97" lemma="tǭ’dõ" tahendus="tahta" ingl="want" liik="V" vorm="pers.ind.pr.sg.3.">tå̄’b</sone><sone id="l16_s28" lk="97" meta="vahemärk">.</sone></lause><lause id="l17"><sone id="l17_s1" lk="97" lemma="ne" tahendus="need" ingl="these" liik="ProS" vorm="pl.nom.">ne</sone><sone id="l17_s2" lk="97" lemma="zīḑ" tahendus="juut" ingl="jew" liik="S" vorm="pl.nom.">zīd́əd</sone><sone id="l17_s3" lk="97" lemma="tǭ’dõ" tahendus="tahta" ingl="want" liik="V" vorm="nud.pl.">tå̄’nəd</sone><sone id="l17_s4" lk="97" lemma="jarā" tahendus="ära" ingl="away" liik="Adva">jarā</sone><sone id="l17_s5" lk="97" lemma="vȯstõ" tahendus="osta" ingl="buy" liik="V" vorm="inf.">ve̮stə</sone><sone id="l17_s6" lk="97" meta="vahemärk">,</sone><sone id="l17_s7" lk="97" lemma="ki’zzõ" tahendus="küsida" ingl="ask" liik="V" vorm="nud.pl.">ki’zzənd</sone><sone id="l17_s8" lk="97" meta="vahemärk">,</sone><sone id="l17_s9" lk="97" lemma="kui" tahendus="kui" ingl="how" liik="Intr">kui’</sone><sone id="l17_s10" lk="97" lemma="je’nnõ" tahendus="palju" ingl="much" liik="Adv">je̮n’n</sone><sone id="l17_s11" lk="97" lemma="tämā" tahendus="tema" ingl="he, she" liik="ProS" vorm="sg.nom.">ta</sone><sone id="l17_s12" lk="97" lemma="tǭ’dõ" tahendus="tahta" ingl="want" liik="V" vorm="pers.ind.pr.sg.3.">tå̄’b</sone><sone id="l17_s13" lk="97" meta="vahemärk">.</sone></lause><lause id="l18"><sone id="l18_s1" lk="97" lemma="Ans" tahendus="Ans" ingl="Ans" liik="H" vorm="sg.nom.">ans</sone><sone id="l18_s2" lk="97" lemma="kītõ" tahendus="öelda" ingl="say" liik="V" vorm="nud.sg.">kītən</sone><sone id="l18_s3" lk="97" meta="vahemärk">:</sone><sone id="l18_s4" lk="97" meta="vahemärk">”</sone><sone lk="97" keel="eesti" id="l18_s5" lemma="ikš" tahendus="üks" ingl="one" liik="ProS" vorm="sg.gen.">ī’d</sone><sone id="l18_s6" lk="97" lemma="kuolm" tahendus="kolms" ingl="three" liik="Nump" vorm="sg.nom.">kᵘolm</sone><sone lk="97" keel="eesti" id="l18_s7" meta="vahemärk">[</sone><sone lk="97" keel="eesti" id="l18_s8" lemma="sadā" tahendus="sada" ingl="hundred" liik="Nump" vorm="sg.part.">sa’ddə</sone><sone id="l18_s9" lk="97" meta="vahemärk"> &gt;</sone><sone id="l18_s10" lk="97" meta="vahemärk">]</sone><sone id="l18_s11" lk="97" lemma="sadā" tahendus="sada" ingl="hundred" liik="Nump" vorm="sg.nom.">sadā</sone><sone id="l18_s12" lk="97" lemma="rubīļ" tahendus="rubla" ingl="ruble" liik="S" vorm="sg.part.">rubīĺt́</sone><sone lk="97" keel="eesti" id="l18_s13" meta="vahemärk">.</sone><sone id="l18_s14" lk="97" meta="vahemärk">”</sone></lause><lause id="l19"><sone id="l19_s1" lk="97" lemma="Ans" tahendus="Ans" ingl="Ans" liik="H" vorm="sg.nom.">ans</sone><sone id="l19_s2" lk="97" lemma="kītõ" tahendus="öelda" ingl="say" liik="V" vorm="nud.sg.">kītən</sone><sone id="l19_s3" lk="97" meta="vahemärk">,</sone><sone id="l19_s4" lk="97" lemma="ku" tahendus="et" ingl="that" liik="Konj">ku</sone><sone id="l19_s5" lk="97" lemma="kīerõ" tahendus="keerata" ingl="turn" liik="V" vorm="pers.kvt.pr.sg.3.">kieriji</sone><sone id="l19_s6" lk="97" lemma="se" tahendus="see" ingl="this" liik="ProS" vorm="sg.part.">sⁱedā</sone><sone id="l19_s7" lk="97" lemma="kibār" tahendus="kübar" ingl="hat" liik="S" vorm="sg.part.">kibārt</sone><sone id="l19_s8" lk="97" lemma="un" tahendus="ja" ingl="and" liik="Konj">un</sone><sone id="l19_s9" lk="97" lemma="kītõ" tahendus="öelda" ingl="say" liik="V" vorm="pers.kvt.pr.sg.3.">kītiji</sone><sone id="l19_s10" lk="97" meta="vahemärk">,</sone><sone id="l19_s11" lk="97" lemma="ku" tahendus="et" ingl="that" liik="Konj">ku</sone><sone id="l19_s12" lk="97" lemma="vȱlda" tahendus="olla" ingl="be" liik="Va" vorm="pers.kvt.pr.sg.3.">ve̮ĺĺi</sone><sone id="l19_s13" lk="97">ai’z+makstəd</sone><sone id="l19_s14" lk="97" meta="vahemärk">,</sone><sone id="l19_s15" lk="97" lemma="si’z" tahendus="siis" ingl="then" liik="ProAdv">siz</sone><sone id="l19_s16" lk="97" lemma="ä’b" tahendus="ei" ingl="not" liik="Mn" vorm="pr.sg.3.">äb</sone><sone id="l19_s17" lk="97" lemma="vȱlda" tahendus="olla" ingl="be" liik="Va" vorm="pers.kvt.pr.sg.3.">ve̮ĺĺi</sone><sone id="l19_s18" lk="97" lemma="maksõ" tahendus="maksta" ingl="pay" liik="V" vorm="deb.">maksāməst</sone><sone id="l19_s19" lk="97" meta="vahemärk">.</sone></lause><lause id="l20"><sone id="l20_s1" lk="97" lemma="un" tahendus="ja" ingl="and" liik="Konj">un</sone><sone id="l20_s2" lk="97" lemma="ne" tahendus="need" ingl="these" liik="ProS" vorm="pl.nom.">ne</sone><sone id="l20_s3" lk="97" lemma="zīḑ" tahendus="juut" ingl="jew" liik="S" vorm="pl.nom.">zīd́əd</sone><sone id="l20_s4" lk="97" lemma="vȱlda" tahendus="olla" ingl="be" liik="Va" vorm="pers.ind.pr.pl.3.">a’dt</sone><sone id="l20_s5" lk="97" lemma="lǟ’dõ" tahendus="minna" ingl="go" liik="V" vorm="nud.pl.">lǟ’nəd</sone><sone id="l20_s6" lk="97" lemma="ikš" tahendus="üks" ingl="one" liik="ProS" vorm="sg.ill.">ī’də</sone><sone id="l20_s7" lk="97" lemma="krūogõ" tahendus="kõrts" ingl="tavern" liik="S" vorm="sg.ill.">kruogə</sone><sone id="l20_s8" lk="97" lemma="sillõ" tahendus="sisse" ingl="inside" liik="Adv">sil’lə</sone><sone id="l20_s9" lk="97" lemma="un" tahendus="ja" ingl="and" liik="Konj">un</sone><sone id="l20_s10" lk="97" lemma="jūodõ" tahendus="juua" ingl="drink" liik="V" vorm="nud.pl.">juonəd</sone><sone id="l20_s11" lk="97" lemma="sǟ’l" tahendus="seal" ingl="there" liik="ProAdv">sǟ’l</sone><sone id="l20_s12" lk="97" meta="vahemärk">.</sone></lause><lause id="l21"><sone id="l21_s1" lk="97" lemma="un" tahendus="ja" ingl="and" liik="Konj">un</sone><sone id="l21_s2" lk="97" lemma="si’z" tahendus="siis" ingl="then" liik="ProAdv">siz</sone><sone id="l21_s3" lk="97" lemma="ne" tahendus="nemad" ingl="they" liik="ProS" vorm="pl.nom.">ne</sone><sone id="l21_s4" lk="97" lemma="vȱlda" tahendus="olla" ingl="be" liik="Va" vorm="pers.ind.pr.pl.3.">a’dtə</sone><sone id="l21_s5" lk="97" lemma="kīerõ" tahendus="keerata" ingl="turn" liik="V" vorm="nud.pl.">kierənd</sone><sone id="l21_s6" lk="97" lemma="se" tahendus="see" ingl="this" liik="ProS" vorm="sg.part.">sⁱedā</sone><sone id="l21_s7" lk="97" lemma="kibār" tahendus="kübar" ingl="hat" liik="S" vorm="sg.part.">kibārt</sone><sone id="l21_s8" lk="97" lemma="un" tahendus="ja" ingl="and" liik="Konj">un</sone><sone id="l21_s9" lk="97" lemma="kītõ" tahendus="öelda" ingl="say" liik="V" vorm="nud.pl.">kītənd</sone><sone id="l21_s10" lk="97" lemma="se" tahendus="see" ingl="this" liik="ProS" vorm="sg.gen.">sie</sone><sone id="l21_s11" lk="97">kruodznikān</sone><sone id="l21_s12" lk="97" meta="vahemärk">,</sone><sone id="l21_s13" lk="97" lemma="ku" tahendus="et" ingl="that" liik="Konj">ku</sone><sone id="l21_s14" lk="97" lemma="vȱlda" tahendus="olla" ingl="be" liik="Va" vorm="pers.ind.pr.sg.3.">um’</sone><sone id="l21_s15" lk="97">ai’z+makstəd</sone><sone id="l21_s16" lk="97" meta="vahemärk">[</sone><sone id="l21_s17" lk="97">ai’z+makstət</sone><sone lk="97" keel="eesti" id="l21_s18" meta="vahemärk">]</sone><sone id="l21_s19" lk="97" meta="vahemärk">.</sone></lause><lause id="l22"><sone id="l22_s1" lk="97">kruodznikā</sone><sone id="l22_s2" lk="97" lemma="kītõ" tahendus="öelda" ingl="say" liik="V" vorm="nud.sg.">kītən</sone><sone id="l22_s3" lk="97" meta="vahemärk">:</sone><sone id="l22_s4" lk="97" meta="vahemärk">”</sone><sone lk="97" keel="eesti" id="l22_s5" lemma="kui" tahendus="kuidas" ingl="how" liik="Intr">kui’</sone><sone id="l22_s6" lk="97" lemma="vȱlda" tahendus="olla" ingl="be" liik="Va" vorm="pers.ind.pr.sg.3.">um’</sone><sone id="l22_s7" lk="97">ai’z+makstəd</sone><sone id="l22_s8" lk="97" meta="vahemärk">,</sone><sone id="l22_s9" lk="97" lemma="ku" tahendus="kui" ingl="when" liik="Konj">ku</sone><sone id="l22_s10" lk="97" lemma="tēg" tahendus="teie" ingl="you" liik="ProS" vorm="pl.nom.">tēg</sone><sone id="l22_s11" lk="97" lemma="minā" tahendus="mina" ingl="I" liik="ProS" vorm="sg.dat.">min’nən</sone><sone id="l22_s12" lk="97" lemma="ä’b" tahendus="ei" ingl="not" liik="Mn" vorm="pr.pl.2.">äd</sone><sone id="l22_s13" lk="97" meta="vahemärk">(</sone><sone id="l22_s14" lk="97" meta="kommentaar">pro</sone><sone id="l22_s15" lk="97" meta="kommentaar">ät</sone><sone lk="97" keel="eesti" id="l22_s16" meta="vahemärk">?</sone><sone id="l22_s17" lk="97" meta="vahemärk">)</sone><sone id="l22_s18" lk="97" meta="vahemärk">[</sone><sone id="l22_s19" lk="97" lemma="vȱlda" tahendus="olla" ingl="be" liik="Va" vorm="pers.ind.pr.pl.2.">uod</sone><sone id="l22_s20" lk="97" meta="vahemärk"> &gt;</sone><sone id="l22_s21" lk="97" meta="vahemärk">]</sone><sone id="l22_s22" lk="97" lemma="vȱlda" tahendus="olla" ingl="be" liik="Va" vorm="pers.ind.pl.2.neg.">uot</sone><sone id="l22_s23" lk="97" lemma="maksõ" tahendus="maksta" ingl="pay" liik="V" vorm="nud.pl.">maksənd</sone><sone lk="97" keel="eesti" id="l22_s24" meta="vahemärk">!</sone><sone id="l22_s25" lk="97" meta="vahemärk">”</sone><sone id="l22_s26" lk="97" lemma="un" tahendus="ja" ingl="and" liik="Konj">un</sone><sone id="l22_s27" lk="97" lemma="ne" tahendus="need" ingl="these" liik="ProS" vorm="pl.nom.">ne</sone><sone id="l22_s28" lk="97" lemma="zīḑ" tahendus="juut" ingl="jew" liik="S" vorm="pl.nom.">zīd́əd</sone><sone id="l22_s29" lk="97" lemma="kīerõ" tahendus="keerata" ingl="turn" liik="V" vorm="nud.pl.">kierənd</sone><sone id="l22_s30" lk="97" lemma="se" tahendus="see" ingl="this" liik="ProS" vorm="sg.part.">sⁱedā</sone><sone id="l22_s31" lk="97" lemma="kibār" tahendus="kübar" ingl="hat" liik="S" vorm="sg.part.">kibārt</sone><sone id="l22_s32" lk="97" meta="vahemärk">,</sone><sone id="l22_s33" lk="98" lemma="kis" tahendus="kes" ingl="who" liik="Intr" vorm="sg.gen.">kien</sone><sone id="l22_s34" lk="98" lemma="pǟ" tahendus="pea" ingl="head" liik="S" vorm="sg.in.">pǟs</sone><sone id="l22_s35" lk="98" lemma="se" tahendus="see" ingl="this" liik="ProS" vorm="sg.nom.">se</sone><sone id="l22_s36" lk="98" lemma="vȱlda" tahendus="olla" ingl="be" liik="Va" vorm="pers.ind.pr.sg.3.">um’</sone><sone id="l22_s37" lk="98" lemma="vȱlda" tahendus="olla" ingl="be" liik="V" vorm="nud.sg.">ve̮nd</sone><sone id="l22_s38" lk="98" lemma="se" tahendus="see" ingl="this" liik="ProS" vorm="sg.nom.">se</sone><sone id="l22_s39" lk="98" lemma="kibār" tahendus="kübar" ingl="hat" liik="S" vorm="sg.nom.">kibār</sone><sone id="l22_s40" lk="98" meta="vahemärk">,</sone><sone id="l22_s41" lk="98" lemma="ku" tahendus="et" ingl="that" liik="Konj">ku</sone><sone id="l22_s42" lk="98" lemma="se" tahendus="see" ingl="this" liik="ProS" vorm="sg.nom.">se</sone><sone id="l22_s43" lk="98" lemma="ä’b" tahendus="ei" ingl="not" liik="Mn" vorm="pr.sg.3.">äb</sone><sone id="l22_s44" lk="98" lemma="vȱlda" tahendus="olla" ingl="be" liik="Va" vorm="pers.ind.sg.3.neg.">uo</sone><sone id="l22_s45" lk="98" lemma="võidõ" tahendus="võida" ingl="can" liik="V" vorm="nud.sg.">vi̮ind</sone><sone id="l22_s46" lk="98">is+pi’ddə</sone><sone id="l22_s47" lk="98" lemma="un" tahendus="ja" ingl="and" liik="Konj">un</sone><sone id="l22_s48" lk="98" lemma="kītõ" tahendus="öelda" ingl="say" liik="V" vorm="nud.sg.">kītənd</sone><sone id="l22_s49" lk="98" meta="vahemärk">,</sone><sone id="l22_s50" lk="98" lemma="ku" tahendus="et" ingl="that" liik="Konj">ku</sone><sone id="l22_s51" lk="98" lemma="vȱlda" tahendus="olla" ingl="be" liik="Va" vorm="pers.ind.pr.sg.3.">um’</sone><sone id="l22_s52" lk="98" meta="vahemärk">[</sone><sone id="l22_s53" lk="98">ai’z+makstəd</sone><sone id="l22_s54" lk="98" meta="vahemärk"> &gt;</sone><sone id="l22_s55" lk="98" meta="vahemärk">]</sone><sone id="l22_s56" lk="98">ai’z+makstət</sone><sone id="l22_s57" lk="98" meta="vahemärk">.</sone></lause><lause id="l23"><sone id="l23_s1" lk="98">kruodznikā</sone><sone id="l23_s2" lk="98" lemma="kītõ" tahendus="öelda" ingl="say" liik="V" vorm="nud.sg.">kītən</sone><sone id="l23_s3" lk="98" meta="vahemärk">:</sone><sone id="l23_s4" lk="98" meta="vahemärk">”</sone><sone lk="98" keel="eesti" id="l23_s5" lemma="kui" tahendus="kuidas" ingl="how" liik="Intr">kui’</sone><sone id="l23_s6" lk="98" lemma="vȱlda" tahendus="olla" ingl="be" liik="Va" vorm="pers.ind.pr.sg.3.">um’</sone><sone id="l23_s7" lk="98">ai’z+makstət</sone><sone id="l23_s8" lk="98" meta="vahemärk">,</sone><sone id="l23_s9" lk="98" lemma="ku" tahendus="kui" ingl="when" liik="Konj">ku</sone><sone id="l23_s10" lk="98" lemma="tēg" tahendus="teie" ingl="you" liik="ProS" vorm="pl.nom.">teg</sone><sone id="l23_s11" lk="98" lemma="ä’b" tahendus="ei" ingl="not" liik="Mn" vorm="pr.pl.2.">äd</sone><sone id="l23_s12" lk="98" meta="vahemärk">(</sone><sone id="l23_s13" lk="98" meta="kommentaar">pro</sone><sone id="l23_s14" lk="98" meta="kommentaar">ät</sone><sone lk="98" keel="eesti" id="l23_s15" meta="vahemärk">?</sone><sone id="l23_s16" lk="98" meta="vahemärk">)</sone><sone id="l23_s17" lk="98" lemma="vȱlda" tahendus="olla" ingl="be" liik="Va" vorm="pers.ind.pl.2.neg.">uot</sone><sone id="l23_s18" lk="98" lemma="maksõ" tahendus="maksta" ingl="pay" liik="V" vorm="nud.pl.">maksənd</sone><sone lk="98" keel="eesti" id="l23_s19" meta="vahemärk">?</sone><sone id="l23_s20" lk="98" meta="vahemärk">”</sone><sone id="l23_s21" lk="98" lemma="un" tahendus="ja" ingl="and" liik="Konj">un</sone><sone id="l23_s22" lk="98" lemma="ni" tahendus="nüüd" ingl="now" liik="Adv">ni</sone><sone id="l23_s23" lk="98" lemma="ne" tahendus="nemad" ingl="they" liik="ProS" vorm="pl.nom.">ne</sone><sone id="l23_s24" lk="98" lemma="tǭ’dõ" tahendus="tahta" ingl="want" liik="V" vorm="pers.ind.pr.pl.3.">tå̄’bəd</sone><sone id="l23_s25" lk="98" lemma="lǟ’dõ" tahendus="minna" ingl="go" liik="V" vorm="inf.">lǟ’də</sone><sone id="l23_s26" lk="98" lemma="se" tahendus="see" ingl="this" liik="ProS" vorm="sg.part.">sⁱedā</sone><sone id="l23_s27" lk="98" lemma="Ans" tahendus="Ans" ingl="Ans" liik="H" vorm="sg.part.">anssə</sone><sone id="l23_s28" lk="98" lemma="pieksõ" tahendus="peksta" ingl="beat" liik="V" vorm="sup.">pⁱeksām</sone><sone id="l23_s29" lk="98" meta="vahemärk">.</sone></lause><lause id="l24"><sone id="l24_s1" lk="98" lemma="ni" tahendus="nüüd" ingl="now" liik="Adv">ni</sone><sone id="l24_s2" lk="98" lemma="Ans" tahendus="Ans" ingl="Ans" liik="H" vorm="sg.nom.">ans</sone><sone id="l24_s3" lk="98" lemma="tegīž" tahendus="jälle" ingl="again" liik="ModAdv">tegīž</sone><sone id="l24_s4" lk="98" lemma="võttõ" tahendus="võtta" ingl="take" liik="V" vorm="nud.sg.">vi̮ttən</sone><sone id="l24_s5" lk="98" lemma="ikš" tahendus="üks" ingl="one" liik="ProS" vorm="sg.gen.">ī’d</sone><sone id="l24_s6" lk="98" lemma="piški" tahendus="väike" ingl="small" liik="A" vorm="sg.gen.">piškīz</sone><sone id="l24_s7" lk="98" lemma="kațļā" tahendus="katel" ingl="kettle" liik="S" vorm="sg.gen.">kat́ĺā</sone><sone id="l24_s8" lk="98" lemma="un" tahendus="ja" ingl="and" liik="Konj">un</sone><sone id="l24_s9" lk="98" lemma="kītõ" tahendus="öelda" ingl="say" liik="V" vorm="nud.sg.">kītən</sone><sone id="l24_s10" lk="98" lemma="ne" tahendus="need" ingl="these" liik="ProS" vorm="pl.gen.">nänt</sone><sone id="l24_s11" lk="98" lemma="zīḑ" tahendus="juut" ingl="jew" liik="S" vorm="pl.dat.">zīd́ədən</sone><sone id="l24_s12" lk="98" meta="vahemärk">,</sone><sone id="l24_s13" lk="98" lemma="ku" tahendus="et" ingl="that" liik="Konj">ku</sone><sone id="l24_s14" lk="98" lemma="se" tahendus="see" ingl="this" liik="ProS" vorm="sg.nom.">se</sone><sone id="l24_s15" lk="98" lemma="vȱlda" tahendus="olla" ingl="be" liik="V" vorm="pers.kvt.pr.sg.3.">ve̮ĺĺi</sone><sone id="l24_s16" lk="98" lemma="seļļi" tahendus="selline" ingl="this kind of" liik="ProA" vorm="sg.nom.">seĺĺi</sone><sone id="l24_s17" lk="98" lemma="kațļā" tahendus="katel" ingl="kettle" liik="S" vorm="sg.nom.">kat́ĺā</sone><sone id="l24_s18" lk="98" meta="vahemärk">,</sone><sone id="l24_s19" lk="98" lemma="ku" tahendus="et" ingl="that" liik="Konj">ku</sone><sone id="l24_s20" lk="98" lemma="pānda" tahendus="panna" ingl="put" liik="V" vorm="pers.kvt.pr.sg.3." kommentaar="?">pańńi</sone><sone id="l24_s21" lk="98" lemma="la’ggõd" tahendus="lagi" ingl="ceiling" liik="S" vorm="pl.gen.">la’ggəd</sone><sone id="l24_s22" lk="98" lemma="jū’rõ" tahendus="külge" ingl="to" liik="Post">jū’r</sone><sone id="l24_s23" lk="98" lemma="un" tahendus="ja" ingl="and" liik="Konj">un</sone><sone id="l24_s24" lk="98" lemma="kītõ" tahendus="öelda" ingl="say" liik="V" vorm="pers.kvt.pr.sg.3." kommentaar="?">kītiji</sone><sone id="l24_s25" lk="98" meta="vahemärk">:</sone><sone id="l24_s26" lk="98" meta="vahemärk">”</sone><sone lk="98" keel="eesti" id="l24_s27" lemma="kațļā" tahendus="katel" ingl="kettle" liik="S" vorm="sg.nom.">kat́ĺā</sone><sone id="l24_s28" lk="98" lemma="kīedõ" tahendus="keeda" ingl="boil" liik="V" vorm="pers.ind.pr.sg.3.">kieb</sone><sone id="l24_s29" lk="98" meta="vahemärk">,</sone><sone id="l24_s30" lk="98" lemma="kațļā" tahendus="katel" ingl="kettle" liik="S" vorm="sg.nom.">kat́ĺā</sone><sone id="l24_s31" lk="98" lemma="kīedõ" tahendus="keeda" ingl="boil" liik="V" vorm="pers.ind.pr.sg.3.">kieb</sone><sone lk="98" keel="eesti" id="l24_s32" meta="vahemärk">!</sone><sone id="l24_s33" lk="98" meta="vahemärk">”</sone></lause><lause id="l25"><sone id="l25_s1" lk="98" lemma="si’z" tahendus="siis" ingl="then" liik="ProAdv">siz</sone><sone id="l25_s2" lk="98" lemma="ne" tahendus="nemad" ingl="they" liik="ProS" vorm="pl.dat.">näntən</sone><sone id="l25_s3" lk="98" lemma="ä’b" tahendus="ei" ingl="not" liik="Mn" vorm="pr.sg.3.">äb</sone><sone id="l25_s4" lk="98" lemma="vȱlda" tahendus="olla" ingl="be" liik="Va" vorm="pers.kvt.pr.sg.3.">ve̮ĺĺi</sone><sone id="l25_s5" lk="98" lemma="mittõ" tahendus="mitte" ingl="not" liik="Mn">mittə</sone><sone id="l25_s6" lk="98" lemma="kunāgõst" tahendus="kunagi" ingl="ever" liik="Adv">kunāgist</sone><sone id="l25_s7" lk="98" meta="vahemärk">[</sone><sone id="l25_s8" lk="98">šābəd</sone><sone id="l25_s9" lk="98" meta="vahemärk"> &gt;</sone><sone id="l25_s10" lk="98" meta="vahemärk">]</sone><sone id="l25_s11" lk="98">šabəd</sone><sone id="l25_s12" lk="98" lemma="pǟl" tahendus="ajaks" ingl="for" liik="Post">pǟl</sone><sone id="l25_s13" lk="98">kūgiĺi</sone><sone id="l25_s14" lk="98" lemma="ūdõ" tahendus="küpsetada" ingl="bake" liik="V" vorm="deb.">ūdəməst</sone><sone id="l25_s15" lk="98" meta="vahemärk">.</sone></lause><lause id="l26"><sone id="l26_s1" lk="98" lemma="ne" tahendus="need" ingl="these" liik="ProS" vorm="pl.nom.">ne</sone><sone id="l26_s2" lk="98" lemma="zīḑ" tahendus="juut" ingl="jew" liik="S" vorm="pl.nom.">zīd́əd</sone><sone id="l26_s3" lk="98" lemma="vȱlda" tahendus="olla" ingl="be" liik="Va" vorm="pers.ind.pr.pl.3.">a’dt</sone><sone id="l26_s4" lk="98" lemma="tǭ’dõ" tahendus="tahta" ingl="want" liik="V" vorm="nud.pl.">tå̄’nəd</sone><sone id="l26_s5" lk="98" lemma="jarā" tahendus="ära" ingl="away" liik="Adva">jarā</sone><sone id="l26_s6" lk="98" lemma="vȯstõ" tahendus="osta" ingl="buy" liik="V" vorm="inf.">ve̮stə</sone><sone id="l26_s7" lk="98" lemma="un" tahendus="ja" ingl="and" liik="Konj">un</sone><sone id="l26_s8" lk="98" lemma="ki’zzõ" tahendus="küsida" ingl="ask" liik="V" vorm="nud.pl.">ki’zzənəd</sone><sone id="l26_s9" lk="98" meta="vahemärk">,</sone><sone id="l26_s10" lk="98" lemma="kui" tahendus="kui" ingl="how" liik="Intr">kui’</sone><sone id="l26_s11" lk="98" lemma="je’nnõ" tahendus="palju" ingl="much" liik="Adv">je̮n’n</sone><sone id="l26_s12" lk="98" lemma="tämā" tahendus="tema" ingl="he, she" liik="ProS" vorm="sg.nom.">ta</sone><sone id="l26_s13" lk="98" lemma="tǭ’dõ" tahendus="tahta" ingl="want" liik="V" vorm="pers.ind.pr.sg.3.">tå̄’b</sone><sone id="l26_s14" lk="98" meta="vahemärk">.</sone></lause><lause id="l27"><sone id="l27_s1" lk="98" lemma="Ans" tahendus="Ans" ingl="Ans" liik="H" vorm="sg.nom.">ans</sone><sone id="l27_s2" lk="98" lemma="kītõ" tahendus="öelda" ingl="say" liik="V" vorm="nud.sg.">kītən</sone><sone id="l27_s3" lk="98" meta="vahemärk">:</sone><sone id="l27_s4" lk="98" meta="vahemärk">”</sone><sone lk="98" keel="eesti" id="l27_s5" lemma="kuolm+sadā" tahendus="komsada" ingl="three hundred" liik="Nump" vorm="sg.nom.">kᵘolm+sada</sone><sone id="l27_s6" lk="98" lemma="rubīļ" tahendus="rubla" ingl="ruble" liik="S" vorm="sg.part.">rubīĺt́</sone><sone lk="98" keel="eesti" id="l27_s7" meta="vahemärk">.</sone><sone id="l27_s8" lk="98" meta="vahemärk">”</sone></lause><lause id="l28"><sone id="l28_s1" lk="98" lemma="ne" tahendus="need" ingl="these" liik="ProS" vorm="pl.nom.">ne</sone><sone id="l28_s2" lk="98" lemma="zīḑ" tahendus="juut" ingl="jew" liik="S" vorm="pl.nom.">zīd́əd</sone><sone id="l28_s3" lk="98" lemma="vȱlda" tahendus="olla" ingl="be" liik="Va" vorm="pers.ind.pr.pl.3.">a’dtə</sone><sone id="l28_s4" lk="98" lemma="vȯstõ" tahendus="osta" ingl="buy" liik="V" vorm="nud.pl.">ve̮stənd</sone><sone id="l28_s5" lk="98" lemma="jarā" tahendus="ära" ingl="away" liik="Adva">jarā</sone><sone id="l28_s6" lk="98" lemma="un" tahendus="ja" ingl="and" liik="Konj">un</sone><sone id="l28_s7" lk="98" lemma="si’z" tahendus="siis" ingl="then" liik="ProAdv">siz</sone><sone id="l28_s8" lk="98" lemma="ne" tahendus="need" ingl="these" liik="ProS" vorm="pl.nom.">ne</sone><sone id="l28_s9" lk="98" lemma="zīḑ" tahendus="juut" ingl="jew" liik="S" vorm="pl.nom.">zīd́əd</sone><sone id="l28_s10" lk="98" lemma="vȱlda" tahendus="olla" ingl="be" liik="Va" vorm="pers.ind.pr.pl.3.">a’dtə</sone><sone id="l28_s11" lk="98">sa+kutsənd</sone><sone id="l28_s12" lk="98" lemma="pǟgiņ" tahendus="palju" ingl="much" liik="Adv">pǟgiń</sone><sone id="l28_s13" lk="98" lemma="ī’dõ+ku’bbõ" tahendus="ühtekokku" ingl="together" liik="Adv">ī’də+ku’bbə</sone><sone id="l28_s14" lk="98" lemma="un" tahendus="ja" ingl="and" liik="Konj">un</sone><sone id="l28_s15" lk="98" lemma="pānda" tahendus="panna" ingl="put" liik="V" vorm="nud.sg.">pand</sone><sone id="l28_s16" lk="98" lemma="se" tahendus="see" ingl="this" liik="ProS" vorm="sg.gen.">sie</sone><sone id="l28_s17" lk="98" lemma="kațļā" tahendus="katel" ingl="kettle" liik="S" vorm="sg.gen.">kat́ĺā</sone><sone id="l28_s18" lk="98" lemma="la’ggõd" tahendus="lagi" ingl="ceiling" liik="S" vorm="pl.gen.">la’ggəd</sone><sone id="l28_s19" lk="98" lemma="jū’rõ" tahendus="külge" ingl="to" liik="Post">jū’r</sone><sone id="l28_s20" lk="98" lemma="un" tahendus="ja" ingl="and" liik="Konj">un</sone><sone id="l28_s21" lk="98" lemma="kītõ" tahendus="öelda" ingl="say" liik="V" vorm="nud.pl.">kītənd</sone><sone id="l28_s22" lk="98" meta="vahemärk">:</sone><sone id="l28_s23" lk="98" meta="vahemärk">”</sone><sone lk="98" keel="eesti" id="l28_s24" lemma="kațļā" tahendus="katel" ingl="kettle" liik="S" vorm="sg.nom.">kat́ĺā</sone><sone id="l28_s25" lk="98" lemma="kīedõ" tahendus="keeda" ingl="boil" liik="V" vorm="pers.ind.pr.sg.3.">kieb</sone><sone lk="98" keel="eesti" id="l28_s26" meta="vahemärk">!</sone><sone id="l28_s27" lk="98" meta="vahemärk">”</sone><sone id="l28_s28" lk="98" lemma="un" tahendus="ja" ingl="and" liik="Konj">un</sone><sone id="l28_s29" lk="98" lemma="vaņțlõ" tahendus="vaadata" ingl="look" liik="V" vorm="nud.pl.">vańḱĺənd</sone><sone id="l28_s30" lk="98" meta="vahemärk">,</sone><sone id="l28_s31" lk="98" lemma="se" tahendus="see" ingl="this" liik="ProS" vorm="sg.in.">sies</sone><sone id="l28_s32" lk="98" lemma="kațļā" tahendus="katel" ingl="kettle" liik="S" vorm="sg.in.">kat́ĺās</sone><sone id="l28_s33" lk="98" lemma="ä’b" tahendus="ei" ingl="not" liik="Mn" vorm="pr.sg.3.">äb</sone><sone id="l28_s34" lk="98" lemma="vȱlda" tahendus="olla" ingl="be" liik="Va" vorm="pers.ind.sg.3.neg.">uo</sone><sone id="l28_s35" lk="98" lemma="vȱlda" tahendus="olla" ingl="be" liik="V" vorm="nud.sg.">ve̮nd</sone><sone id="l28_s36" lk="98" lemma="mittõ" tahendus="mitte" ingl="not" liik="Mn">mittə</sone><sone id="l28_s37" lk="98" lemma="midāgõd" tahendus="miski" ingl="something" liik="ProS" vorm="sg.part.">mid́āgəst</sone><sone id="l28_s38" lk="98" lemma="un" tahendus="ja" ingl="and" liik="Konj">un</sone><sone id="l28_s39" lk="98" lemma="ne" tahendus="need" ingl="these" liik="ProS" vorm="pl.nom.">ne</sone><sone id="l28_s40" lk="98" lemma="zīḑ" tahendus="juut" ingl="jew" liik="S" vorm="pl.dat.">zīd́ədən</sone><sone id="l28_s41" lk="98" lemma="vȱlda" tahendus="olla" ingl="be" liik="Va" vorm="pers.ind.pr.sg.3.">um’</sone><sone id="l28_s42" lk="98" lemma="vȱlda" tahendus="olla" ingl="be" liik="V" vorm="nud.sg.">ve̮nd</sone><sone id="l28_s43" lk="98" lemma="seļļi" tahendus="selline" ingl="such" liik="ProA" vorm="sg.nom.">seĺĺi</sone><sone id="l28_s44" lk="98" lemma="kõzā" tahendus="viha" ingl="anger" liik="S" vorm="sg.nom.">ki̮zā</sone><sone id="l28_s45" lk="98" meta="vahemärk">,</sone><sone id="l28_s46" lk="98" lemma="ku" tahendus="et" ingl="that" liik="Konj">ku</sone><sone id="l28_s47" lk="98" lemma="Ans" tahendus="Ans" ingl="Ans" liik="H" vorm="sg.nom.">ans</sone><sone id="l28_s48" lk="98" lemma="ne" tahendus="nemad" ingl="they" liik="ProS" vorm="pl.part.">nēd́i</sone><sone id="l28_s49" lk="98" lemma="kuolm" tahendus="kolm" ingl="three" liik="Nump" vorm="sg.nom.">kᵘolm</sone><sone id="l28_s50" lk="98" lemma="kõrd" tahendus="kord" ingl="time" liik="Adv">ki̮rd</sone><sone id="l28_s51" lk="98" lemma="vȱlda" tahendus="olla" ingl="be" liik="Va" vorm="pers.ind.pr.sg.3.">um’</sone><sone id="l28_s52" lk="98">no+pⁱettən</sone><sone id="l28_s53" lk="98" meta="vahemärk">.</sone></lause><lause id="l29"><sone id="l29_s1" lk="98" lemma="un" tahendus="ja" ingl="and" liik="Konj">un</sone><sone id="l29_s2" lk="98" lemma="ni" tahendus="nüüd" ingl="now" liik="Adv">ni</sone><sone id="l29_s3" lk="98" lemma="vȱlda" tahendus="olla" ingl="be" liik="Va" vorm="pers.ind.pr.pl.3.">umāt</sone><sone id="l29_s4" lk="98" lemma="lǟ’dõ" tahendus="minna" ingl="go" liik="V" vorm="nud.pl.">lǟ’nəd</sone><sone id="l29_s5" lk="98" lemma="se" tahendus="see" ingl="this" liik="ProS" vorm="sg.part.">sⁱedā</sone><sone id="l29_s6" lk="98" lemma="Ans" tahendus="Ans" ingl="Ans" liik="H" vorm="sg.part.">anssə</sone><sone id="l29_s7" lk="98" lemma="vȯtšõ" tahendus="otsida" ingl="search" liik="V" vorm="sup.">ve̮tšəm</sone><sone id="l29_s8" lk="98" lemma="un" tahendus="ja" ingl="and" liik="Konj">un</sone><sone id="l29_s9" lk="98" lemma="tǭ’dõ" tahendus="tahta" ingl="want" liik="V" vorm="nud.pl.">tå̄’nəd</sone><sone id="l29_s10" lk="98" lemma="mǭ’zõ" tahendus="maha" ingl="down" liik="Adva">må̄’zə</sone><sone id="l29_s11" lk="98" lemma="tappõ" tahendus="tappa" ingl="kill" liik="V" vorm="inf.">tappə</sone><sone id="l29_s12" lk="98" lemma="tämā" tahendus="tema" ingl="he, she" liik="ProS" vorm="sg.gen.">täm’</sone><sone id="l29_s13" lk="98" meta="vahemärk">.</sone></lause><lause id="l30"><sone id="l30_s1" lk="98" lemma="un" tahendus="ja" ingl="and" liik="Konj">un</sone><sone id="l30_s2" lk="98" lemma="Ans" tahendus="Ans" ingl="Ans" liik="H" vorm="sg.nom.">ans</sone><sone id="l30_s3" lk="98" lemma="vȱlda" tahendus="olla" ingl="be" liik="Va" vorm="pers.ind.pr.sg.3.">um’</sone><sone id="l30_s4" lk="98" lemma="tappõ" tahendus="tappa" ingl="kill" liik="V" vorm="nud.sg.">tappən</sone><sone id="l30_s5" lk="98" lemma="tikā+pūoga" tahendus="kitsetall" ingl="kid" liik="S" vorm="sg.gen.">tikā+puoga</sone><sone id="l30_s6" lk="98" lemma="mǭ’" tahendus="maha" ingl="down" liik="Adva">må̄’</sone><sone id="l30_s7" lk="98" lemma="un" tahendus="ja" ingl="and" liik="Konj">un</sone><sone id="l30_s8" lk="98" lemma="võttõ" tahendus="võtta" ingl="take" liik="V" vorm="nud.sg.">vi̮ttən</sone><sone id="l30_s9" lk="98" lemma="se" tahendus="see" ingl="this" liik="ProS" vorm="sg.gen.">sie</sone><sone id="l30_s10" lk="98" lemma="pūšõl" tahendus="põis" ingl="bladder" liik="S" vorm="sg.gen.">pū’šəl</sone><sone id="l30_s11" lk="98" lemma="un" tahendus="ja" ingl="and" liik="Konj">un</sone><sone id="l30_s12" lk="98" lemma="laskõ" tahendus="lasta" ingl="let" liik="V" vorm="nud.sg.">laskən</sone><sone id="l30_s13" lk="98" lemma="ve’r" tahendus="veri" ingl="blood" liik="S" vorm="sg.part.">vierda</sone><sone id="l30_s14" lk="98" lemma="tǟ’dõks" tahendus="täis" ingl="full" liik="Adva">tǟdəks</sone><sone id="l30_s15" lk="98" lemma="se" tahendus="see" ingl="this" liik="ProS" vorm="sg.gen.">sie</sone><sone id="l30_s16" lk="98" lemma="pūšõl" tahendus="põis" ingl="bladder" liik="S" vorm="sg.gen.">pū’šəl</sone><sone id="l30_s17" lk="98" lemma="un" tahendus="ja" ingl="and" liik="Konj">un</sone><sone id="l30_s18" lk="98" lemma="si’ddõ" tahendus="siduda" ingl="tie" liik="V" vorm="nud.sg.">si’ddən</sone><sone id="l30_s19" lk="98" lemma="eņtš" tahendus="oma" ingl="own" liik="ProS" vorm="sg.gen.">eńt́š</sone><sone id="l30_s20" lk="98" lemma="jemā" tahendus="ema" ingl="mother" liik="S" vorm="sg.dat.">je̮mān</sone><sone id="l30_s21" lk="98" lemma="kāinal+ouk" tahendus="kaenlaalune" ingl="armpit" liik="S" vorm="sg.gen.">kāinal+ouk</sone><sone id="l30_s22" lk="98" lemma="alā" tahendus="alla" ingl="under" liik="Post">alā</sone><sone id="l30_s23" lk="98" lemma="un" tahendus="ja" ingl="and" liik="Konj">un</sone><sone id="l30_s24" lk="98" lemma="ne’i" tahendus="nii" ingl="so" liik="ProAdv" vorm="pl.nom.">ne</sone><sone id="l30_s25" lk="98" lemma="ka" tahendus="nagu" ingl="when" liik="Konj">ka</sone><sone id="l30_s26" lk="98" lemma="ne" tahendus="need" ingl="these" liik="ProS" vorm="pl.nom.">ne</sone><sone id="l30_s27" lk="99" lemma="zīḑ" tahendus="juut" ingl="jew" liik="S" vorm="pl.nom.">zīd́əd</sone><sone id="l30_s28" lk="99" lemma="vȱlda" tahendus="olla" ingl="be" liik="Va" vorm="pers.ind.pr.pl.3.">a’dt</sone><sone id="l30_s29" lk="99" lemma="tūlda" tahendus="tulla" ingl="come" liik="V" vorm="nud.pl.">tunnəd</sone><sone id="l30_s30" lk="99" meta="vahemärk">,</sone><sone id="l30_s31" lk="99" lemma="ne’i" tahendus="nii" ingl="so" liik="ProAdv">nei’</sone><sone id="l30_s32" lk="99" lemma="tämā" tahendus="tema" ingl="he, she" liik="ProS" vorm="sg.nom.">ta</sone><sone lk="99" keel="eesti" id="l30_s33" lemma="vȱlda" tahendus="olla" ingl="be" liik="Va" vorm="pers.ind.pr.sg.3.">m’</sone><sone id="l30_s34" lk="99" lemma="siskõ" tahendus="torgata" ingl="poke" liik="V" vorm="nud.sg.">siskən</sone><sone id="l30_s35" lk="99" lemma="duņtš" tahendus="puss" ingl="sheath knife" liik="S" vorm="sg.instl.">duntšəks</sone><sone id="l30_s36" lk="99" lemma="se" tahendus="see" ingl="this" liik="ProS" vorm="sg.gen.">sie</sone><sone id="l30_s37" lk="99" lemma="pūšõl" tahendus="põis" ingl="bladder" liik="S" vorm="sg.gen.">pū’šəl</sone><sone id="l30_s38" lk="99" lemma="kațki" tahendus="katki" liik="Adv">kat́ḱi</sone><sone id="l30_s39" lk="99" lemma="un" tahendus="ja" ingl="and" liik="Konj">un</sone><sone id="l30_s40" lk="99" lemma="se" tahendus="see" ingl="this" liik="ProS" vorm="sg.nom.">se</sone><sone id="l30_s41" lk="99" lemma="jemā" tahendus="ema" ingl="mother" liik="S" vorm="sg.nom.">je̮mā</sone><sone id="l30_s42" lk="99" lemma="teļļõ" tahendus="teeselda" ingl="pretend" liik="V" vorm="nud.sg.">teĺĺən</sone><sone id="l30_s43" lk="99" meta="vahemärk">,</sone><sone id="l30_s44" lk="99" lemma="ku" tahendus="et" ingl="that" liik="Konj">ku</sone><sone id="l30_s45" lk="99" lemma="tämā" tahendus="tema" ingl="he, she" liik="ProS" vorm="sg.nom.">ta</sone><sone lk="99" keel="eesti" id="l30_s46" meta="vahemärk">=</sone><sone lk="99" keel="eesti" id="l30_s47" lemma="vȱlda" tahendus="olla" ingl="be" liik="V" vorm="pers.ind.pr.sg.3.">m’</sone><sone id="l30_s48" lk="99">pa</sone><sone id="l30_s49" lk="99">galām</sone><sone id="l30_s50" lk="99" meta="vahemärk">.</sone></lause><lause id="l31"><sone id="l31_s1" lk="99" lemma="ne" tahendus="need" ingl="these" liik="ProS" vorm="pl.nom.">ne</sone><sone id="l31_s2" lk="99" lemma="zīḑ" tahendus="juut" ingl="jew" liik="S" vorm="pl.nom.">zīd́əd</sone><sone id="l31_s3" lk="99" lemma="brīnõ" tahendus="imestada" ingl="wonder" liik="V" vorm="nud.pl.">brīnənd</sone><sone id="l31_s4" lk="99" meta="vahemärk">,</sone><sone id="l31_s5" lk="99" lemma="ku" tahendus="et" ingl="that" liik="Konj">ku</sone><sone id="l31_s6" lk="99" lemma="tämā" tahendus="tema" ingl="he, she" liik="ProS" vorm="sg.nom.">ta</sone><sone id="l31_s7" lk="99" lemma="tappõ" tahendus="tappa" ingl="kill" liik="V" vorm="pers.ind.pr.sg.3.">tapāb</sone><sone id="l31_s8" lk="99" lemma="eņtš" tahendus="oma" ingl="own" liik="ProS" vorm="sg.gen.">eńt́š</sone><sone id="l31_s9" lk="99" lemma="jemā" tahendus="ema" ingl="mother" liik="S" vorm="sg.gen.">je̮mā</sone><sone id="l31_s10" lk="99" lemma="mǭ’" tahendus="maha" ingl="down" liik="Adva">må̄’</sone><sone id="l31_s11" lk="99" lemma="un" tahendus="ja" ingl="and" liik="Konj">un</sone><sone id="l31_s12" lk="99" lemma="ni" tahendus="nüüd" ingl="now" liik="Adv">ni</sone><sone id="l31_s13" lk="99" lemma="Ans" tahendus="Ans" ingl="Ans" liik="H" vorm="sg.nom.">ans</sone><sone id="l31_s14" lk="99" lemma="vȱlda" tahendus="olla" ingl="be" liik="Va" vorm="pers.ind.pr.sg.3.">um’</sone><sone id="l31_s15" lk="99" lemma="kītõ" tahendus="öelda" ingl="say" liik="V" vorm="nud.sg.">kītən</sone><sone id="l31_s16" lk="99" meta="vahemärk">,</sone><sone id="l31_s17" lk="99" lemma="ku" tahendus="et" ingl="that" liik="Konj">ku</sone><sone id="l31_s18" lk="99" lemma="tämā" tahendus="tema" ingl="he, she" liik="ProS" vorm="sg.dat.">täm’mən</sone><sone id="l31_s19" lk="99" lemma="vȱlda" tahendus="olla" ingl="be" liik="V" vorm="pers.kvt.pr.sg.3.">ve̮ĺĺi</sone><sone id="l31_s20" lk="99" lemma="seļļi" tahendus="selline" ingl="such" liik="ProA" vorm="sg.nom.">seĺĺi</sone><sone id="l31_s21" lk="99" lemma="sviļp" tahendus="vile" ingl="whistle" liik="S" vorm="sg.nom.">sviĺp</sone><sone id="l31_s22" lk="99" meta="vahemärk">,</sone><sone id="l31_s23" lk="99" lemma="ne’i" tahendus="nii" ingl="so" liik="ProAdv" vorm="pl.nom." kommentaar="?">ne</sone><sone id="l31_s24" lk="99" lemma="ka" tahendus="nagu" ingl="when" liik="Konj">ka</sone><sone id="l31_s25" lk="99" lemma="pū’gõ" tahendus="puhuda" ingl="blow" liik="V" vorm="pers.kvt.pr.sg.3.">pū’giji</sone><sone id="l31_s26" lk="99" lemma="pierz" tahendus="perse" ingl="ass" liik="S" vorm="sg.gen.">pⁱerz</sone><sone id="l31_s27" lk="99" lemma="jūsõ" tahendus="juures" ingl="at" liik="Post">jūs</sone><sone id="l31_s28" lk="99" lemma="ne’i" tahendus="nii" ingl="so" liik="ProAdv">nei’</sone><sone id="l31_s29" lk="99" lemma="se" tahendus="see" ingl="this" liik="ProS" vorm="sg.nom.">se</sone><sone id="l31_s30" lk="99" lemma="jemā" tahendus="ema" ingl="mother" liik="S" vorm="sg.nom.">je̮mā</sone><sone id="l31_s31" lk="99" lemma="i’lzõ" tahendus="üles" ingl="up" liik="Adv">il’z</sone><sone id="l31_s32" lk="99" meta="vahemärk">.</sone></lause><lause id="l32"><sone id="l32_s1" lk="99" lemma="un" tahendus="ja" ingl="and" liik="Konj">un</sone><sone id="l32_s2" lk="99" lemma="ne" tahendus="need" ingl="these" liik="ProS" vorm="pl.nom.">ne</sone><sone id="l32_s3" lk="99" lemma="zīḑ" tahendus="juut" ingl="jew" liik="S" vorm="pl.nom.">zīd́əd</sone><sone id="l32_s4" lk="99" lemma="vȱlda" tahendus="olla" ingl="be" liik="Va" vorm="pers.ind.pr.pl.3.">a’dt</sone><sone id="l32_s5" lk="99" lemma="vȯstõ" tahendus="osta" ingl="buy" liik="V" vorm="nud.pl.">ve̮stənd</sone><sone id="l32_s6" lk="99" lemma="jarā" tahendus="ära" ingl="away" liik="Adva">jarā</sone><sone id="l32_s7" lk="99" lemma="un" tahendus="ja" ingl="and" liik="Konj">un</sone><sone id="l32_s8" lk="99" lemma="lǟ’dõ" tahendus="minna" ingl="go" liik="V" vorm="nud.pl.">lǟ’nəd</sone><sone id="l32_s9" lk="99" lemma="kuodāj" tahendus="koju" ingl="home" liik="Adv">kᵘodāi</sone><sone id="l32_s10" lk="99" lemma="un" tahendus="ja" ingl="and" liik="Konj">un</sone><sone id="l32_s11" lk="99" lemma="tappõ" tahendus="tappa" ingl="kill" liik="V" vorm="nud.pl.">tappənd</sone><sone id="l32_s12" lk="99" lemma="tikkiž" tahendus="kõik" ingl="all" liik="Adv">tikkiž</sone><sone id="l32_s13" lk="99" lemma="eņtš" tahendus="oma" ingl="own" liik="ProS" vorm="sg.gen.">eńt́š</sone><sone id="l32_s14" lk="99" lemma="nai" tahendus="naine" ingl="wife" liik="S" vorm="pl.gen." kommentaar="?">naist</sone><sone id="l32_s15" lk="99" meta="vahemärk">,</sone><sone id="l32_s16" lk="99" lemma="läpš" tahendus="laps" ingl="child" liik="S" vorm="pl.gen.">lapst</sone><sone id="l32_s17" lk="99" lemma="mǭ’" tahendus="maha" ingl="down" liik="Adva">må̄’</sone><sone id="l32_s18" lk="99" lemma="un" tahendus="ja" ingl="and" liik="Konj">un</sone><sone id="l32_s19" lk="99" lemma="ni" tahendus="nüüd" ingl="now" liik="Adv">ni</sone><sone id="l32_s20" lk="99" lemma="ne" tahendus="need" ingl="these" liik="ProS" vorm="pl.nom.">ne</sone><sone id="l32_s21" lk="99" lemma="zīḑ" tahendus="juut" ingl="jew" liik="S" vorm="pl.nom.">zīd́əd</sone><sone id="l32_s22" lk="99" lemma="pū’gõ" tahendus="puhuda" ingl="blow" liik="V" vorm="nud.pl.">pū’gənd</sone><sone id="l32_s23" lk="99" meta="vahemärk">[</sone><sone id="l32_s24" lk="99" lemma="i’ļ" tahendus="üle" ingl="over" liik="Pre">i’l</sone><sone id="l32_s25" lk="99" lemma="amād" tahendus="kõik" ingl="everybody" liik="ProS" vorm="pl.part." kommentaar="?">amštə</sone><sone id="l32_s26" lk="99" meta="vahemärk"> &gt;</sone><sone id="l32_s27" lk="99" meta="vahemärk">]</sone><sone id="l32_s28" lk="99">itt</sone><sone id="l32_s29" lk="99">am’št</sone><sone id="l32_s30" lk="99" meta="vahemärk">:</sone><sone id="l32_s31" lk="99" lemma="ku" tahendus="kui" ingl="when" liik="Konj">ku</sone><sone id="l32_s32" lk="99" lemma="ä’b" tahendus="ei" ingl="not" liik="Mn" vorm="pr.sg.3.">äb</sone><sone id="l32_s33" lk="99" lemma="likkõ" tahendus="liikuda" ingl="move" liik="V" vorm="pers.ind.sg.3.neg.">lik</sone><sone id="l32_s34" lk="99" meta="vahemärk">,</sone><sone id="l32_s35" lk="99" lemma="si’z" tahendus="siis" ingl="then" liik="ProAdv">siz</sone><sone id="l32_s36" lk="99" lemma="ä’b" tahendus="ei" ingl="not" liik="Mn" vorm="pr.sg.3.">äb</sone><sone id="l32_s37" lk="99" lemma="likkõ" tahendus="liikuda" ingl="move" liik="V" vorm="pers.ind.sg.3.neg.">lik</sone><sone id="l32_s38" lk="99" meta="vahemärk">,</sone><sone id="l32_s39" lk="99" lemma="un" tahendus="ja" ingl="and" liik="Konj">un</sone><sone id="l32_s40" lk="99" lemma="mit+ikš" tahendus="mitte ükski" ingl="noone" liik="ProS" vorm="sg.nom.">mit+ikš</sone><sone id="l32_s41" lk="99" lemma="ä’b" tahendus="ei" ingl="not" liik="Mn" vorm="pr.sg.3.">äb</sone><sone id="l32_s42" lk="99" lemma="vȱlda" tahendus="olla" ingl="be" liik="Va" vorm="pers.ind.sg.3.neg.">uo</sone><sone id="l32_s43" lk="99" lemma="sǭdõ" tahendus="saada" ingl="get" liik="V" vorm="nud.sg.">så̄nd</sone><sone id="l32_s44" lk="99" lemma="je’llõ" tahendus="ellu" ingl="alive" liik="Adva">je̮l’lə</sone><sone id="l32_s45" lk="99" meta="vahemärk">.</sone></lause><lause id="l33"><sone id="l33_s1" lk="99" lemma="ni" tahendus="nüüd" ingl="now" liik="Adv">ni</sone><sone id="l33_s2" lk="99" lemma="ne" tahendus="nemad" ingl="they" liik="ProS" vorm="pl.nom.">ne</sone><sone id="l33_s3" lk="99" lemma="lǟ’dõ" tahendus="minna" ingl="go" liik="V" vorm="pers.ind.pr.pl.3.">lǟ’bəd</sone><sone id="l33_s4" lk="99" lemma="Ans" tahendus="Ans" ingl="Ans" liik="H" vorm="sg.part.">anssə</sone><sone id="l33_s5" lk="99" lemma="upāntõ" tahendus="uputada" ingl="drown" liik="V" vorm="sup.">upātəm</sone><sone id="l33_s6" lk="99" lemma="un" tahendus="ja" ingl="and" liik="Konj">un</sone><sone id="l33_s7" lk="99" lemma="ni" tahendus="nüüd" ingl="now" liik="Adv">ni</sone><sone id="l33_s8" lk="99" lemma="võttõ" tahendus="võtta" ingl="take" liik="V" vorm="nud.pl.">vi̮ttənd</sone><sone id="l33_s9" lk="99" lemma="Ans" tahendus="Ans" ingl="Ans" liik="H" vorm="sg.gen.">ans</sone><sone id="l33_s10" lk="99" meta="vahemärk">,</sone><sone id="l33_s11" lk="99" lemma="pānda" tahendus="panna" ingl="put" liik="V" vorm="nud.pl.">pannəd</sone><sone id="l33_s12" lk="99" lemma="kuoț" tahendus="kott" ingl="sack" liik="S" vorm="sg.ill.">kᵘot́t́ə</sone><sone id="l33_s13" lk="99" lemma="un" tahendus="ja" ingl="and" liik="Konj">un</sone><sone id="l33_s14" lk="99" lemma="vīdõ" tahendus="viia" ingl="take" liik="V" vorm="nud.pl.">vīnəd</sone><sone id="l33_s15" lk="99" lemma="jǭra" tahendus="järv" ingl="lake" liik="S" vorm="sg.gen.">jå̄ra</sone><sone id="l33_s16" lk="99" lemma="pǟl" tahendus="peale" ingl="on" liik="Post">pǟl</sone><sone id="l33_s17" lk="99" lemma="un" tahendus="ja" ingl="and" liik="Konj">un</sone><sone id="l33_s18" lk="99" lemma="tǭ’dõ" tahendus="tahta" ingl="want" liik="V" vorm="nud.pl.">tå̄’nəd</sone><sone id="l33_s19" lk="99" lemma="ra’dļõ" tahendus="raiuda" ingl="chop" liik="V" vorm="inf.">ra’d́d́əl</sone><sone id="l33_s20" lk="99" lemma="ouk" tahendus="auk" ingl="hole" liik="S" vorm="sg.gen.">ouk</sone><sone id="l33_s21" lk="99" lemma="un" tahendus="ja" ingl="and" liik="Konj">un</sone><sone id="l33_s22" lk="99" lemma="ä’b" tahendus="ei" ingl="not" liik="Mn" vorm="pr.sg.3.">äb</sone><sone id="l33_s23" lk="99" lemma="vȱlda" tahendus="olla" ingl="be" liik="Va" vorm="pers.ind.sg.3.neg.">uo</sone><sone id="l33_s24" lk="99" lemma="vȱlda" tahendus="olla" ingl="be" liik="V" vorm="nud.sg.">ve̮nd</sone><sone id="l33_s25" lk="99" lemma="kīraz" tahendus="kirves" ingl="axe" liik="S" vorm="sg.part.">kīrast</sone><sone id="l33_s26" lk="99" lemma="ne" tahendus="nemad" ingl="they" liik="ProS" vorm="pl.dat.">näntən</sone><sone id="l33_s27" lk="99" lemma="īņõ" tahendus="kaasas" ingl="with" liik="Adva" kommentaar="?">īńə</sone><sone id="l33_s28" lk="99" meta="vahemärk">.</sone></lause><lause id="l34"><sone id="l34_s1" lk="99" lemma="ne" tahendus="nemad" ingl="they" liik="ProS" vorm="pl.nom.">ne</sone><sone id="l34_s2" lk="99" lemma="sǭtõ" tahendus="saata" ingl="send" liik="V" vorm="nud.pl.">så̄tənd</sone><sone id="l34_s3" lk="99" lemma="ī’d+tuoiz" tahendus="üksteise" ingl="one another" liik="ProS" vorm="sg.part.">ī’d+tuoista</sone><sone id="l34_s4" lk="99" meta="vahemärk">,</sone><sone id="l34_s5" lk="99" lemma="mit+ikš" tahendus="mitte ükski" ingl="noone" liik="ProS" vorm="sg.nom.">mit+ikš</sone><sone id="l34_s6" lk="99" lemma="ä’b" tahendus="ei" ingl="not" liik="Mn" vorm="pr.sg.3.">äb</sone><sone id="l34_s7" lk="99" lemma="vȱlda" tahendus="olla" ingl="be" liik="Va" vorm="pers.ind.sg.3.neg.">uo</sone><sone id="l34_s8" lk="99" lemma="lǟ’dõ" tahendus="minna" ingl="go" liik="V" vorm="nud.sg.">lǟ’nd</sone><sone id="l34_s9" lk="99" lemma="un" tahendus="ja" ingl="and" liik="Konj">un</sone><sone id="l34_s10" lk="99" lemma="ni" tahendus="nüüd" ingl="now" liik="Adv">ni</sone><sone id="l34_s11" lk="99" lemma="vȱlda" tahendus="olla" ingl="be" liik="Va" vorm="pers.ind.pr.pl.3.">umāt</sone><sone id="l34_s12" lk="99" lemma="lǟ’dõ" tahendus="minna" ingl="go" liik="V" vorm="nud.pl.">lǟ’nəd</sone><sone id="l34_s13" lk="99" lemma="amād" tahendus="kõik" ingl="everybody" liik="ProS" vorm="pl.nom.">amād</sone><sone id="l34_s14" lk="99" meta="vahemärk">.</sone></lause><lause id="l35"><sone id="l35_s1" lk="99" lemma="Ans" tahendus="Ans" ingl="Ans" liik="H" vorm="sg.nom.">ans</sone><sone id="l35_s2" lk="99" lemma="kūlõ" tahendus="kuulda" ingl="hear" liik="V" vorm="nud.sg.">kūlən</sone><sone id="l35_s3" lk="99" lemma="sǟ’l" tahendus="seal" ingl="there" liik="ProAdv">sǟ’l</sone><sone id="l35_s4" lk="99" lemma="kuoț" tahendus="kott" ingl="sack" liik="S" vorm="sg.in.">kᵘot́t́š</sone><sone id="l35_s5" lk="99" meta="vahemärk">,</sone><sone id="l35_s6" lk="99" lemma="ku" tahendus="et" ingl="that" liik="Konj">ku</sone><sone id="l35_s7" lk="99" lemma="ikš" tahendus="üks" ingl="one" liik="ProS" vorm="sg.nom.">ikš</sone><sone id="l35_s8" lk="99" meta="vahemärk">[</sone><sone id="l35_s9" lk="99" lemma="kǭŗa" tahendus="kari" ingl="cattle" liik="S" vorm="sg.gen.">kå̄ŕa</sone><sone id="l35_s10" lk="99" meta="vahemärk"> &gt;</sone><sone id="l35_s11" lk="99" meta="vahemärk">]</sone><sone id="l35_s12" lk="99" lemma="kǭŗa" tahendus="kari" ingl="cattle" liik="S" vorm="sg.gen.">kå̄ra</sone><sone id="l35_s13" lk="99" meta="vahemärk">[</sone><sone id="l35_s14" lk="99" lemma="paint" tahendus="karjane" liik="S" vorm="sg.nom." ingl="herder">paint</sone><sone id="l35_s15" lk="99" meta="vahemärk"> &gt;</sone><sone id="l35_s16" lk="99" meta="vahemärk">]</sone><sone id="l35_s17" lk="99" lemma="paint" tahendus="karjane" ingl="herder" liik="S" vorm="sg.nom.">pańt́</sone><sone id="l35_s18" lk="99" lemma="tūlda" tahendus="tulla" ingl="come" liik="V" vorm="pers.ind.pr.sg.3.">tulāb</sone><sone id="l35_s19" lk="99" lemma="ǟrga" tahendus="härg" ingl="ox" liik="S" vorm="pl.instl.">ǟrgadəks</sone><sone id="l35_s20" lk="99" lemma="un" tahendus="ja" ingl="and" liik="Konj">un</sone><sone id="l35_s21" lk="99" lemma="ki’zzõ" tahendus="küsida" ingl="ask" liik="V" vorm="nud.sg.">ki’zzən</sone><sone id="l35_s22" lk="99" meta="vahemärk">,</sone><sone id="l35_s23" lk="99" lemma="mis" tahendus="mis" ingl="what" liik="Intr" vorm="sg.nom.">mis</sone><sone id="l35_s24" lk="99" lemma="tämā" tahendus="tema" ingl="he, she" liik="ProS" vorm="sg.nom.">ta</sone><sone id="l35_s25" lk="99" lemma="sǟ’l" tahendus="seal" ingl="there" liik="ProAdv">sǟ’l</sone><sone id="l35_s26" lk="99" lemma="kuoț" tahendus="kott" ingl="sack" liik="S" vorm="sg.in.">kᵘot́t́š</sone><sone id="l35_s27" lk="99" lemma="tī’edõ" tahendus="teha" ingl="do" liik="V" vorm="pers.ind.pr.sg.3.">ti’eb</sone><sone id="l35_s28" lk="99" meta="vahemärk">.</sone></lause><lause id="l36"><sone id="l36_s1" lk="99" lemma="Ans" tahendus="Ans" ingl="Ans" liik="H" vorm="sg.nom.">ans</sone><sone id="l36_s2" lk="99" lemma="kītõ" tahendus="öelda" ingl="say" liik="V" vorm="nud.sg.">kītən</sone><sone id="l36_s3" lk="99" meta="vahemärk">:</sone><sone id="l36_s4" lk="99" meta="vahemärk">”</sone><sone lk="99" keel="eesti" id="l36_s5" lemma="kis" tahendus="kes" ingl="who" liik="Intr" vorm="sg.nom.">kis</sone><sone id="l36_s6" lk="99" lemma="sīnõ" tahendus="sinna" ingl="there" liik="ProAdv">sīn</sone><sone id="l36_s7" lk="99" lemma="se" tahendus="see" ingl="this" liik="ProS" vorm="sg.ill.">si’ezə</sone><sone id="l36_s8" lk="99" lemma="kuoț" tahendus="kott" ingl="sack" liik="S" vorm="sg.ill.">kᵘot́t́ə</sone><sone id="l36_s9" lk="99" lemma="pu’ggõ" tahendus="pugeda" ingl="crawl" liik="V" vorm="pers.ind.pr.sg.3.">pugūb</sone><sone id="l36_s10" lk="99" meta="vahemärk">,</sone><sone id="l36_s11" lk="99" lemma="se" tahendus="see" ingl="this" liik="ProS" vorm="sg.nom.">se</sone><sone id="l36_s12" lk="99" lemma="mūoštõ" tahendus="mõista" ingl="understand" liik="V" vorm="pers.ind.pr.sg.3.">muoštab</sone><sone id="l36_s13" lk="99" lemma="amād" tahendus="kõik" ingl="every" liik="ProS" vorm="pl.part.">am’d́i</sone><sone id="l36_s14" lk="99" lemma="kēļ" tahendus="keel" ingl="language" liik="S" vorm="pl.part.">kēĺi</sone><sone lk="99" keel="eesti" id="l36_s15" meta="vahemärk">.</sone><sone id="l36_s16" lk="99" meta="vahemärk">”</sone><sone id="l36_s17" lk="99" lemma="un" tahendus="ja" ingl="and" liik="Konj">un</sone><sone id="l36_s18" lk="99" lemma="se" tahendus="see" ingl="this" liik="ProS" vorm="sg.nom.">se</sone><sone id="l36_s19" lk="99" lemma="sǭrli" tahendus="saarlane" liik="S" vorm="sg.nom.">så̄rli</sone><sone id="l36_s20" lk="99" lemma="vȱlda" tahendus="olla" ingl="be" liik="Va" vorm="pers.ind.pr.sg.3.">um’</sone><sone id="l36_s21" lk="99" lemma="tī’edõ" tahendus="teha" ingl="do" liik="V" vorm="nud.sg.">ti’end</sone><sone id="l36_s22" lk="99" lemma="se" tahendus="see" ingl="this" liik="ProS" vorm="sg.gen.">sie</sone><sone id="l36_s23" lk="99" lemma="kuoț" tahendus="kott" ingl="sack" liik="S" vorm="sg.gen.">kᵘot́t́</sone><sone id="l36_s24" lk="99" lemma="vāldiž" tahendus="lahti" ingl="open" liik="Adva">vāldiž</sone><sone id="l36_s25" lk="99" lemma="un" tahendus="ja" ingl="and" liik="Konj">un</sone><sone id="l36_s26" lk="99" lemma="pu’ggõ" tahendus="pugeda" ingl="crawl" liik="V" vorm="nud.sg.">pu’ggən</sone><sone id="l36_s27" lk="99" lemma="se" tahendus="see" ingl="this" liik="ProS" vorm="sg.ill.">si’ezə</sone><sone id="l36_s28" lk="99" lemma="kuoț" tahendus="kott" ingl="sack" liik="S" vorm="sg.ill.">kᵘot́t́ə</sone><sone id="l36_s29" lk="99" lemma="sillõ" tahendus="sisse" ingl="inside" liik="Adv">sil’l</sone><sone id="l36_s30" lk="99" meta="vahemärk">.</sone></lause><lause id="l37"><sone id="l37_s1" lk="99" lemma="Ans" tahendus="Ans" ingl="Ans" liik="H" vorm="sg.nom.">ans</sone><sone id="l37_s2" lk="99" lemma="lǟ’dõ" tahendus="minna" ingl="go" liik="V" vorm="nud.sg.">lǟ’nd</sone><sone id="l37_s3" lk="99" meta="vahemärk">,</sone><sone id="l37_s4" lk="99" lemma="a’jjõ" tahendus="ajada" ingl="drive" liik="V" vorm="nud.sg.">ai’jən</sone><sone id="l37_s5" lk="99" lemma="ne" tahendus="need" ingl="these" liik="ProS" vorm="pl.nom.">ne</sone><sone id="l37_s6" lk="99" lemma="ǟrga" tahendus="härg" ingl="ox" liik="S" vorm="pl.nom.">ǟrgad</sone><sone id="l37_s7" lk="99" lemma="kuodāj" tahendus="koju" ingl="home" liik="Adv">kᵘodāi</sone><sone id="l37_s8" lk="99" meta="vahemärk">.</sone></lause><lause id="l38"><sone id="l38_s1" lk="99" lemma="ni" tahendus="nüüd" ingl="now" liik="Adv">ni</sone><sone id="l38_s2" lk="99" lemma="tūlda" tahendus="tulla" ingl="come" liik="V" vorm="nud.pl.">tunnəd</sone><sone id="l38_s3" lk="99" lemma="ne" tahendus="need" ingl="these" liik="ProS" vorm="pl.nom.">ne</sone><sone id="l38_s4" lk="99" lemma="zīḑ" tahendus="juut" ingl="jew" liik="S" vorm="pl.nom.">zīd́əd</sone><sone id="l38_s5" lk="99" meta="vahemärk">,</sone><sone id="l38_s6" lk="99" lemma="ra’dļõ" tahendus="raiuda" ingl="chop" liik="V" vorm="nud.pl.">ra’d́ĺənd</sone><sone id="l38_s7" lk="99" lemma="ouk" tahendus="auk" ingl="hole" liik="S" vorm="sg.gen.">ouk</sone><sone id="l38_s8" lk="99" lemma="un" tahendus="ja" ingl="and" liik="Konj">un</sone><sone id="l38_s9" lk="99" lemma="laskõ" tahendus="lasta" ingl="drop" liik="V" vorm="nud.pl.">laskənd</sone><sone id="l38_s10" lk="99" lemma="se" tahendus="see" ingl="this" liik="ProS" vorm="sg.gen.">sie</sone><sone id="l38_s11" lk="99" lemma="sǭrli" tahendus="saarlane" liik="S" vorm="sg.gen.">så̄rliz</sone><sone id="l38_s12" lk="99" lemma="se" tahendus="see" ingl="this" liik="ProS" vorm="sg.ill.">si’ezə</sone><sone id="l38_s13" lk="99" lemma="sillõ" tahendus="sisse" ingl="inside" liik="Adv">sil’l</sone><sone id="l38_s14" lk="99" meta="vahemärk">.</sone></lause><lause id="l39"><sone id="l39_s1" lk="99" lemma="se" tahendus="see" ingl="this" liik="ProS" vorm="sg.nom.">se</sone><sone id="l39_s2" lk="99" lemma="sǭrli" tahendus="saarlane" liik="S" vorm="sg.nom.">så̄rli</sone><sone id="l39_s3" lk="99" lemma="ouŗõ" tahendus="karjuda" ingl="shout" liik="V" vorm="nud.sg.">ourən</sone><sone id="l39_s4" lk="99" meta="vahemärk">:</sone><sone id="l39_s5" lk="99" meta="vahemärk">”</sone><sone lk="99" keel="eesti" id="l39_s6" lemma="se" tahendus="see" ingl="this" liik="ProS" vorm="sg.nom.">se</sone><sone id="l39_s7" lk="99" lemma="ä’b" tahendus="ei" ingl="not" liik="Mn" vorm="pr.sg.1.">äb</sone><sone id="l39_s8" lk="99" lemma="vȱlda" tahendus="olla" ingl="be" liik="V" vorm="pers.ind.sg.1.neg.">uo</sone><sone id="l39_s9" lk="99" lemma="minā" tahendus="mina" ingl="I" liik="ProS" vorm="sg.nom.">minā</sone><sone id="l39_s10" lk="99" meta="vahemärk">,</sone><sone id="l39_s11" lk="99" lemma="se" tahendus="see" ingl="this" liik="ProS" vorm="sg.nom.">se</sone><sone id="l39_s12" lk="99" lemma="ä’b" tahendus="ei" ingl="not" liik="Mn" vorm="pr.sg.1.">äb</sone><sone id="l39_s13" lk="99" lemma="vȱlda" tahendus="olla" ingl="be" liik="V" vorm="pers.ind.sg.1.neg.">uo</sone><sone id="l39_s14" lk="99" lemma="minā" tahendus="mina" ingl="I" liik="ProS" vorm="sg.nom.">minā</sone><sone lk="99" keel="eesti" id="l39_s15" meta="vahemärk">”</sone><sone id="l39_s16" lk="99" meta="vahemärk">,</sone><sone id="l39_s17" lk="99" lemma="bet" tahendus="aga" ingl="but" liik="Konj">bet</sone><sone id="l39_s18" lk="99" lemma="ne" tahendus="need" ingl="these" liik="ProS" vorm="pl.nom.">ne</sone><sone id="l39_s19" lk="99" lemma="zīḑ" tahendus="juut" ingl="jew" liik="S" vorm="pl.nom.">zīd́əd</sone><sone id="l39_s20" lk="99" lemma="vȱlda" tahendus="olla" ingl="be" liik="Va" vorm="pers.ind.pr.pl.3.">a’dt</sone><sone lk="99" keel="eesti" id="l39_s21" lemma="laskõ" tahendus="lasta" ingl="drop" liik="V" vorm="nud.pl.">laskənd</sone><sone id="l39_s22" lk="100" lemma="sillõ" tahendus="sisse" ingl="inside" liik="Adv">sil’lə</sone><sone id="l39_s23" lk="100" meta="vahemärk">.</sone></lause><lause id="l40"><sone id="l40_s1" lk="100" lemma="ni" tahendus="nüüd" ingl="now" liik="Adv">ni</sone><sone id="l40_s2" lk="100" lemma="ne" tahendus="need" ingl="these" liik="ProS" vorm="pl.nom.">ne</sone><sone id="l40_s3" lk="100" lemma="zīḑ" tahendus="juut" ingl="jew" liik="S" vorm="pl.nom.">zīd́əd</sone><sone id="l40_s4" lk="100" lemma="lǟ’dõ" tahendus="minna" ingl="go" liik="V" vorm="nud.pl.">lǟ’nəd</sone><sone id="l40_s5" lk="100" lemma="kuodāj" tahendus="koju" ingl="home" liik="Adv">kᵘodāi</sone><sone id="l40_s6" lk="100" meta="vahemärk">,</sone><sone id="l40_s7" lk="100" lemma="vȱlda" tahendus="olla" ingl="be" liik="Va" vorm="pers.ind.pr.pl.3.">a’dt</sone><sone id="l40_s8" lk="100" lemma="nǟ’dõ" tahendus="näha" ingl="see" liik="V" vorm="nud.pl.">nǟnəd</sone><sone id="l40_s9" lk="100" meta="vahemärk">,</sone><sone id="l40_s10" lk="100" lemma="ku" tahendus="et" ingl="that" liik="Konj">ku</sone><sone id="l40_s11" lk="100" lemma="Ans" tahendus="Ans" ingl="Ans" liik="H" vorm="sg.nom.">ans</sone><sone id="l40_s12" lk="100" lemma="vȱlda" tahendus="olla" ingl="be" liik="Va" vorm="pers.ind.pr.sg.3.">um’</sone><sone id="l40_s13" lk="100" lemma="vȱlda" tahendus="olla" ingl="be" liik="V" vorm="nud.sg.">ve̮nd</sone><sone id="l40_s14" lk="100" lemma="ǟrga" tahendus="härg" ingl="ox" liik="S" vorm="pl.instl.">ǟrgadəks</sone><sone id="l40_s15" lk="100" lemma="kuo’nnõ" tahendus="kodus" ingl="at home" liik="Adv">kᵘon’nə</sone><sone id="l40_s16" lk="100" meta="vahemärk">.</sone></lause><lause id="l41"><sone id="l41_s1" lk="100" lemma="ne" tahendus="need" ingl="these" liik="ProS" vorm="pl.nom.">ne</sone><sone id="l41_s2" lk="100" lemma="zīḑ" tahendus="juut" ingl="jew" liik="S" vorm="pl.nom.">zīd́əd</sone><sone id="l41_s3" lk="100" lemma="vȱlda" tahendus="olla" ingl="be" liik="Va" vorm="pers.ind.pr.pl.3.">a’dt</sone><sone id="l41_s4" lk="100" lemma="ki’zzõ" tahendus="küsida" ingl="ask" liik="V" vorm="nud.pl.">ki’zzənd</sone><sone id="l41_s5" lk="100" meta="vahemärk">,</sone><sone id="l41_s6" lk="100" lemma="kustõ" tahendus="kust" ingl="where from" liik="Intr">kust</sone><sone id="l41_s7" lk="100" lemma="tämā" tahendus="tema" ingl="he, she" liik="ProS" vorm="sg.nom.">ta</sone><sone lk="100" keel="eesti" id="l41_s8" meta="vahemärk">=</sone><sone lk="100" keel="eesti" id="l41_s9" lemma="vȱlda" tahendus="olla" ingl="be" liik="Va" vorm="pers.ind.pr.sg.3.">m’</sone><sone id="l41_s10" lk="100" lemma="sǭdõ" tahendus="saada" ingl="get" liik="V" vorm="nud.sg.">så̄nd</sone><sone id="l41_s11" lk="100" lemma="ne" tahendus="need" ingl="these" liik="ProS" vorm="pl.gen.">nänt</sone><sone id="l41_s12" lk="100" meta="vahemärk">.</sone></lause><lause id="l42"><sone id="l42_s1" lk="100" lemma="Ans" tahendus="Ans" ingl="Ans" liik="H" vorm="sg.nom.">ans</sone><sone id="l42_s2" lk="100" lemma="kītõ" tahendus="öelda" ingl="say" liik="V" vorm="nud.sg.">kītən</sone><sone id="l42_s3" lk="100" meta="vahemärk">,</sone><sone id="l42_s4" lk="100" lemma="ku" tahendus="et" ingl="that" liik="Konj">ku</sone><sone id="l42_s5" lk="100" lemma="tämā" tahendus="tema" ingl="he, she" liik="ProS" vorm="sg.nom.">ta</sone><sone lk="100" keel="eesti" id="l42_s6" meta="vahemärk">=</sone><sone lk="100" keel="eesti" id="l42_s7" lemma="vȱlda" tahendus="olla" ingl="be" liik="Va" vorm="pers.ind.pr.sg.3.">m’</sone><sone id="l42_s8" lk="100" lemma="sǭdõ" tahendus="saada" ingl="get" liik="V" vorm="nud.sg.">så̄nd</sone><sone id="l42_s9" lk="100" lemma="ne" tahendus="need" ingl="these" liik="ProS" vorm="pl.gen.">nänt</sone><sone id="l42_s10" lk="100" lemma="tōvaz" tahendus="taevas" ingl="heaven" liik="S" vorm="sg.el.">touvəst</sone><sone id="l42_s11" lk="100" meta="vahemärk">.</sone></lause><lause id="l43"><sone id="l43_s1" lk="100" lemma="zīḑ" tahendus="juut" ingl="jew" liik="S" vorm="pl.nom.">zīd́əd</sone><sone id="l43_s2" lk="100" lemma="vȱlda" tahendus="olla" ingl="be" liik="Va" vorm="pers.ind.pr.pl.3.">a’dtə</sone><sone id="l43_s3" lk="100" lemma="kītõ" tahendus="öelda" ingl="say" liik="V" vorm="nud.pl.">kītənd</sone><sone id="l43_s4" lk="100" meta="vahemärk">,</sone><sone id="l43_s5" lk="100" lemma="ku" tahendus="et" ingl="that" liik="Konj">ku</sone><sone id="l43_s6" lk="100" lemma="ne" tahendus="nemad" ingl="they" liik="ProS" vorm="pl.nom.">ne</sone><sone id="l43_s7" lk="100" lemma="ka" tahendus="ka" ingl="also" liik="ModAdv">ka</sone><sone id="l43_s8" lk="100" lemma="tǭ’dõ" tahendus="tahta" ingl="want" liik="V" vorm="pers.ind.pr.pl.3.">tå̄’bəd</sone><sone id="l43_s9" lk="100" meta="vahemärk">.</sone></lause><lause id="l44"><sone id="l44_s1" lk="100" lemma="zīḑ" tahendus="juut" ingl="jew" liik="S" vorm="pl.nom.">zīd́əd</sone><sone id="l44_s2" lk="100" lemma="vȱlda" tahendus="olla" ingl="be" liik="Va" vorm="pers.ind.pr.pl.3.">a’dt</sone><sone id="l44_s3" lk="100" lemma="pu’ggõ" tahendus="pugeda" ingl="crawl" liik="V" vorm="nud.pl.">pu’ggənd</sone><sone id="l44_s4" lk="100" lemma="kuoț" tahendus="kott" ingl="sack" liik="S" vorm="sg.ill.">kᵘot́t́ə</sone><sone id="l44_s5" lk="100" lemma="un" tahendus="ja" ingl="and" liik="Konj">un</sone><sone id="l44_s6" lk="100" lemma="Ans" tahendus="Ans" ingl="Ans" liik="H" vorm="sg.nom.">ans</sone><sone id="l44_s7" lk="100" lemma="vie’ddõ" tahendus="vedada" ingl="transport" liik="V" vorm="nud.sg.">vⁱe’ddən</sone><sone id="l44_s8" lk="100" lemma="jǭra" tahendus="järv" ingl="lake" liik="S" vorm="sg.gen.">jå̄ra</sone><sone id="l44_s9" lk="100" lemma="pǟl" tahendus="peale" ingl="on" liik="Post">pǟl</sone><sone id="l44_s10" lk="100" lemma="un" tahendus="ja" ingl="and" liik="Konj">un</sone><sone id="l44_s11" lk="100" lemma="eitõ" tahendus="heita" ingl="throw" liik="V" vorm="nud.sg.">eitən</sone><sone id="l44_s12" lk="100" lemma="ne" tahendus="nemad" ingl="they" liik="ProS" vorm="pl.gen.">nänt</sone><sone id="l44_s13" lk="100" lemma="se" tahendus="see" ingl="this" liik="ProS" vorm="sg.ill.">si’ezə</sone><sone id="l44_s14" lk="100" lemma="ouk" tahendus="auk" ingl="hole" liik="S" vorm="sg.ill.">oukə</sone><sone id="l44_s15" lk="100" lemma="sillõ" tahendus="sisse" ingl="inside" liik="Adv">sil’l</sone><sone id="l44_s16" lk="100" meta="vahemärk">.</sone></lause><lause id="l45"><sone id="l45_s1" lk="100" lemma="ne" tahendus="need" ingl="these" liik="ProS" vorm="pl.nom.">ne</sone><sone id="l45_s2" lk="100" lemma="zīḑ" tahendus="juut" ingl="jew" liik="S" vorm="pl.nom.">zīd́əd</sone><sone id="l45_s3" lk="100" lemma="vȱlda" tahendus="olla" ingl="be" liik="Va" vorm="pers.ind.pr.pl.3.">a’dt</sone><sone id="l45_s4" lk="100" lemma="ouŗõ" tahendus="karjuda" ingl="shout" liik="V" vorm="nud.pl.">ourənd</sone><sone id="l45_s5" lk="100" meta="vahemärk">:</sone><sone id="l45_s6" lk="100" meta="vahemärk">”</sone><sone lk="100" keel="eesti" id="l45_s7" lemma="Ans" tahendus="Ans" ingl="Ans" liik="H" vorm="sg.nom.">ans</sone><sone id="l45_s8" lk="100" lemma="või" tahendus="kas" ingl="whether" liik="Intr">ve̮i</sone><sone id="l45_s9" lk="100" lemma="ni" tahendus="nüüd" ingl="now" liik="Adv">ni</sone><sone id="l45_s10" lk="100" lemma="līdõ" tahendus="olema saada" ingl="will be" liik="V" vorm="pers.ind.pr.sg.3.">līb</sone><sone id="l45_s11" lk="100" lemma="jūsõ" tahendus="kohal" ingl="at" liik="Adv">jūs</sone><sone lk="100" keel="eesti" id="l45_s12" meta="vahemärk">?</sone><sone id="l45_s13" lk="100" meta="vahemärk">”</sone></lause><lause id="l46"><sone id="l46_s1" lk="100" lemma="Ans" tahendus="Ans" ingl="Ans" liik="H" vorm="sg.nom.">ans</sone><sone id="l46_s2" lk="100" lemma="kītõ" tahendus="öelda" ingl="say" liik="V" vorm="nud.sg.">kītən</sone><sone id="l46_s3" lk="100" meta="vahemärk">:</sone><sone id="l46_s4" lk="100" meta="vahemärk">”</sone><sone lk="100" keel="eesti" id="l46_s5" lemma="ve’l" tahendus="veel" ingl="still" liik="ModAdv">vel</sone><sone id="l46_s6" lk="100" lemma="ikš" tahendus="üks" ingl="one" liik="ProS" vorm="sg.gen.">ī’d</sone><sone id="l46_s7" lk="100" lemma="rǭz" tahendus="raas" ingl="a little bit" liik="S" vorm="sg.gen.">rå̄z</sone><sone id="l46_s8" lk="100" lemma="andõ" tahendus="anda" ingl="give" liik="V" vorm="pers.imp.pr.sg.2.">āndagəd</sone><sone id="l46_s9" lk="100" lemma="āiga" tahendus="aeg" ingl="time" liik="S" vorm="sg.part.">aigə</sone><sone lk="100" keel="eesti" id="l46_s10" meta="vahemärk">.</sone><sone id="l46_s11" lk="100" meta="vahemärk">”</sone><sone id="l46_s12" lk="100" lemma="un" tahendus="ja" ingl="and" liik="Konj">un</sone><sone id="l46_s13" lk="100" lemma="si’z" tahendus="siis" ingl="then" liik="ProAdv">siz</sone><sone id="l46_s14" lk="100" lemma="ne" tahendus="need" ingl="these" liik="ProS" vorm="pl.nom.">ne</sone><sone id="l46_s15" lk="100" lemma="zīḑ" tahendus="juut" ingl="jew" liik="S" vorm="pl.nom.">zīd́əd</sone><sone id="l46_s16" lk="100" lemma="vȱlda" tahendus="olla" ingl="be" liik="Va" vorm="pers.ind.pr.pl.3.">a’dt</sone><sone id="l46_s17" lk="100" lemma="upāndõ" tahendus="uppuda" ingl="drown" liik="V" vorm="nud.pl.">upāndənd</sone><sone id="l46_s18" lk="100" lemma="jarā" tahendus="ära" ingl="away" liik="Adva">jarā</sone><sone id="l46_s19" lk="100" meta="vahemärk">.</sone></lause></sisu>
</liivike>
