<?xml version="1.0" encoding="UTF-8"?>
<?xml-stylesheet type="text/xsl" href="liivike_tekst.xsl"?>
<liivike>
	<info><tyyp>kirjalik</tyyp><teema>Satuja 53</teema><keel>liivi</keel><kirjaviis>foneetiline transkriptsioon</kirjaviis><kyla longituud="22.107" latituud="57.62">Īra</kyla><teos pealkiri="Näytteitä liivin kielestä" aasta="1953" koht="Helsinki">E. N. Setälä</teos><murre>Īra</murre><kirjaviis>foneetiline transkriptsioon</kirjaviis><kyla longituud="22.116667" latituud="57.616667">Īra</kyla><teos pealkiri="Näytteitä liivin kielestä" aasta="1953" koht="Helsinki">E. N. Setälä</teos></info><sisu id="Set_Sat_53">
		<lause id="l1">
			<sone id="l1_s1" lk="284" lemma="Īra" tahendus="Īra" lati="Lielirbe" liik="H" vorm="sg.gen.">Īra</sone>
			<sone id="l1_s2" lk="284" meta="vahemärk">.</sone></lause>
		<lause id="l2"><sone id="l2_s1" lk="284" lemma="ikš+kõrd" tahendus="ükskord" ingl="once" liik="ProAdv">ikš+ki̮rd</sone><sone id="l2_s2" lk="284" lemma="vȱlda" tahendus="olla" ingl="be" liik="Va" vorm="pers.ind.pr.sg.3.">um’</sone><sone id="l2_s3" lk="284" lemma="vȱlda" tahendus="olla" ingl="be" liik="V" vorm="nud.sg.">ve̮nd</sone><sone id="l2_s4" lk="284" lemma="ikš" tahendus="üks" ingl="one" liik="ProS" vorm="sg.nom.">ikš</sone><sone id="l2_s5" lk="284" lemma="kēņig" tahendus="kuningas" ingl="king" liik="S" vorm="sg.nom.">kēńig</sone><sone id="l2_s6" lk="284" meta="vahemärk">.</sone></lause><lause id="l3"><sone id="l3_s1" lk="284" lemma="un" tahendus="ja" ingl="and" liik="Konj">un</sone><sone id="l3_s2" lk="284" lemma="se" tahendus="see" ingl="this" liik="ProS" vorm="sg.dat.">sie̮n</sone><sone id="l3_s3" lk="284" lemma="vȱlda" tahendus="olla" ingl="be" liik="Va" vorm="pers.ind.pr.sg.3.">um</sone><sone id="l3_s4" lk="284" lemma="vȱlda" tahendus="olla" ingl="be" liik="V" vorm="nud.sg.">ve̮nd</sone><sone id="l3_s5" lk="284" lemma="jemānd" ingl="lady" liik="S" vorm="sg.nom." tahendus="emand">je̮mānd</sone><sone id="l3_s6" lk="284" meta="vahemärk">.</sone></lause><lause id="l4"><sone id="l4_s1" lk="284" lemma="un" tahendus="ja" ingl="and" liik="Konj">un</sone><sone id="l4_s2" lk="284" lemma="se" tahendus="see" ingl="this" liik="ProS" vorm="sg.nom.">se</sone><sone id="l4_s3" lk="284" lemma="kēņig" tahendus="kuningas" ingl="king" liik="S" vorm="sg.nom.">kēńig</sone><sone id="l4_s4" lk="284" lemma="vȱlda" tahendus="olla" ingl="be" liik="Va" vorm="pers.ind.pr.sg.3.">um</sone><sone id="l4_s5" lk="284" lemma="kītõ" tahendus="öelda" ingl="say" liik="V" vorm="nud.sg.">kītən</sone><sone id="l4_s6" lk="284" meta="vahemärk">:</sone><sone id="l4_s7" lk="284" meta="vahemärk">”</sone><sone lk="284" keel="eesti" id="l4_s8" lemma="ku" tahendus="kui" ingl="if" liik="Konj">ku</sone><sone id="l4_s9" lk="284" lemma="sinā" tahendus="sina" ingl="you" liik="ProS" vorm="sg.nom.">sa</sone><sone id="l4_s10" lk="284" lemma="jarā" tahendus="ära" ingl="off" liik="Adva">je̮rā</sone><sone id="l4_s11" lk="284" lemma="kūolõ" tahendus="surra" ingl="die" liik="V" vorm="pers.ind.pr.sg.2.">kuoləd</sone><sone id="l4_s12" lk="284" meta="vahemärk">,</sone><sone id="l4_s13" lk="284" lemma="kustõ" tahendus="kust" ingl="where from" liik="Intr">kust</sone><sone id="l4_s14" lk="284" lemma="minā" tahendus="mina" ingl="I" liik="ProS" vorm="sg.nom.">ma</sone><sone id="l4_s15" lk="284" lemma="mū" tahendus="teine" ingl="other" liik="ProS" vorm="pl.part.">mūdə</sone><sone id="l4_s16" lk="284" lemma="sǭdõ" tahendus="saada" ingl="get" liik="V" vorm="pers.ind.pr.sg.1.">sāb</sone><sone lk="284" keel="eesti" id="l4_s17" meta="vahemärk">.</sone><sone id="l4_s18" lk="284" meta="vahemärk">”</sone></lause><lause id="l5"><sone id="l5_s1" lk="284" lemma="ne’i" tahendus="nii" ingl="so" liik="ProAdv">nei’</sone><sone id="l5_s2" lk="284" lemma="se" tahendus="see" ingl="this" liik="ProS" vorm="sg.nom.">se</sone><sone id="l5_s3" lk="284" lemma="jemānd" tahendus="emand" ingl="lady" liik="S" vorm="sg.nom.">je̮mānd</sone><sone id="l5_s4" lk="284" lemma="vȱlda" tahendus="olla" ingl="be" liik="Va" vorm="pers.ind.pr.sg.3.">um’</sone><sone id="l5_s5" lk="284" lemma="kūolõ" tahendus="surra" ingl="die" liik="V" vorm="nud.sg.">kue̮lən</sone><sone id="l5_s6" lk="284" lemma="jarā" tahendus="ära" ingl="off" liik="Adva">je̮rā</sone><sone id="l5_s7" lk="284" meta="vahemärk">.</sone></lause><lause id="l6"><sone id="l6_s1" lk="284" lemma="un" tahendus="ja" ingl="and" liik="Konj">un</sone><sone id="l6_s2" lk="284" lemma="ne’i" tahendus="nii" ingl="so" liik="ProAdv">nei</sone><sone id="l6_s3" lk="284" lemma="se" tahendus="see" ingl="this" liik="ProS" vorm="sg.nom.">se</sone><sone id="l6_s4" lk="284" lemma="vȱlda" tahendus="olla" ingl="be" liik="Va" vorm="pers.ind.pr.sg.3.">um’</sone><sone id="l6_s5" lk="284" lemma="kītõ" tahendus="öelda" ingl="say" liik="V" vorm="nud.sg.">kītən</sone><sone id="l6_s6" lk="284" meta="vahemärk">,</sone><sone id="l6_s7" lk="284" lemma="la’z" tahendus="las" ingl="let" liik="ModAdv">laz</sone><sone id="l6_s8" lk="284" lemma="võttõ" tahendus="võtta" ingl="take" liik="V" vorm="pers.jus.pr.sg.3.">vi̮tāg</sone><sone id="l6_s9" lk="284" lemma="tämā" tahendus="tema" ingl="she" liik="ProS" vorm="sg.gen.">täm’</sone><sone id="l6_s10" lk="284" lemma="eņtš" tahendus="oma" ingl="own" liik="ProS" vorm="sg.gen.">eńt́š</sone><sone id="l6_s11" lk="284" lemma="tidār" tahendus="tütar" ingl="daughter" liik="S" vorm="sg.nom.">tidār</sone><sone id="l6_s12" lk="284" meta="vahemärk">.</sone></lause><lause id="l7"><sone id="l7_s1" lk="284" lemma="un" tahendus="ja" ingl="and" liik="Konj">un</sone><sone id="l7_s2" lk="284" lemma="ne’i" tahendus="nii" ingl="so" liik="ProAdv">nei’</sone><sone id="l7_s3" lk="284" lemma="se" tahendus="see" ingl="this" liik="ProS" vorm="sg.nom.">se</sone><sone id="l7_s4" lk="284" lemma="tidār" tahendus="tütar" ingl="daughter" liik="S" vorm="sg.nom.">tidār</sone><sone id="l7_s5" lk="284" lemma="vȱlda" tahendus="olla" ingl="be" liik="Va" vorm="pers.ind.pr.sg.3.">um’</sone><sone id="l7_s6" lk="284" lemma="lǟʼdõ" tahendus="minna" ingl="go" liik="V" vorm="nud.sg.">lǟ’nd</sone><sone id="l7_s7" lk="284" lemma="kālma" tahendus="haud" ingl="grave" liik="S" vorm="sg.gen.">kālma</sone><sone id="l7_s8" lk="284" lemma="jūr" tahendus="juurde" ingl="by" liik="Post">jūr</sone><sone id="l7_s9" lk="284" lemma="un" tahendus="ja" ingl="and" liik="Konj">un</sone><sone id="l7_s10" lk="284" lemma="ki’zzõ" tahendus="küsida" ingl="ask" liik="V" vorm="nud.sg.">ki’zzən</sone><sone id="l7_s11" lk="284" meta="vahemärk">[</sone><sone id="l7_s12" lk="284" lemma="nõ’v" tahendus="nõu" ingl="advice" liik="S" vorm="sg.part.">ni̮v’və</sone><sone id="l7_s13" lk="284" meta="vahemärk">]</sone><sone id="l7_s14" lk="284" lemma="se" tahendus="see" ingl="this" liik="ProS" vorm="sg.gen.">sie̮</sone><sone id="l7_s15" lk="284" lemma="jemā" tahendus="ema" ingl="mother" liik="S" vorm="sg.gen.">je̮mā</sone><sone id="l7_s16" lk="284" lemma="kä’dst" tahendus="käest" ingl="from" liik="Post">kä’dst</sone><sone id="l7_s17" lk="284" meta="vahemärk">,</sone><sone id="l7_s18" lk="284" lemma="u" tahendus="kas" ingl="if" liik="Intr" kommentaar="?">u</sone><sone id="l7_s19" lk="284" lemma="tämā" tahendus="tema" ingl="she" liik="ProS" vorm="sg.nom.">ta</sone><sone id="l7_s20" lk="284" lemma="võidõ" tahendus="võida" ingl="may" liik="V" vorm="pers.ind.pr.sg.3.">vi̮ib</sone><sone id="l7_s21" lk="285" lemma="lǟ’dõ" tahendus="minna" ingl="go" liik="V" vorm="inf.">lǟ’də</sone><sone id="l7_s22" lk="285" meta="vahemärk">.</sone></lause><lause id="l8"><sone id="l8_s1" lk="285" lemma="un" tahendus="ja" ingl="and" liik="Konj">un</sone><sone id="l8_s2" lk="285" lemma="jemā" tahendus="ema" ingl="mother" liik="S" vorm="sg.nom.">je̮mā</sone><sone id="l8_s3" lk="285" lemma="vȱlda" tahendus="olla" ingl="be" liik="Va" vorm="pers.ind.pr.sg.3.">um</sone><sone id="l8_s4" lk="285" lemma="kītõ" tahendus="öelda" ingl="say" liik="V" vorm="nud.sg.">kītən</sone><sone id="l8_s5" lk="285" meta="vahemärk">:</sone><sone id="l8_s6" lk="285" meta="vahemärk">”</sone><sone lk="285" keel="eesti" id="l8_s7" lemma="a’ž" tahendus="kui" ingl="if" liik="Konj">aš</sone><sone id="l8_s8" lk="285" meta="vahemärk">[</sone><sone id="l8_s9" lk="285" lemma="se" tahendus="see" ingl="this" liik="ProS" vorm="sg.nom.">se</sone><sone id="l8_s10" lk="285" lemma="kēņig" tahendus="kuningas" ingl="king" liik="S" vorm="sg.nom.">kēńig</sone><sone id="l8_s11" lk="285" lemma="sinā" tahendus="sina" ingl="you" liik="ProS" vorm="sg.dat.">sin’nən</sone><sone id="l8_s12" lk="285" meta="vahemärk">]</sone><sone id="l8_s13" lk="285" lemma="õ’bdi" tahendus="hõbedane" ingl="silver" liik="A" vorm="sg.gen.">i̮’bdiz</sone><sone id="l8_s14" lk="285" lemma="gūnga+serk" tahendus="seelik" ingl="skirt" liik="S" vorm="sg.gen.">gūŋgaserk</sone><sone id="l8_s15" lk="285" lemma="andõ" tahendus="anda" ingl="give" liik="V" vorm="pers.ind.pr.sg.3.">āndab</sone><sone id="l8_s16" lk="285" meta="vahemärk">,</sone><sone id="l8_s17" lk="285" lemma="si’z" tahendus="siis" ingl="then" liik="ProAdv">siz</sone><sone id="l8_s18" lk="285" lemma="sinā" tahendus="sina" ingl="you" liik="ProS" vorm="sg.nom.">sa</sone><sone id="l8_s19" lk="285" lemma="lǟ’dõ" tahendus="minna" ingl="go" liik="V" vorm="pers.imp.pr.sg.2.">le’</sone><sone lk="285" keel="eesti" id="l8_s20" meta="vahemärk">!</sone><sone id="l8_s21" lk="285" meta="vahemärk">”</sone></lause><lause id="l9"><sone id="l9_s1" lk="285" lemma="tuoi" tahendus="teine" ingl="second" liik="Nump" vorm="sg.gen.">tᵘoiz</sone><sone id="l9_s2" lk="285" lemma="ȭ’dõg" tahendus="õhtu" ingl="evening" liik="S" vorm="sg.gen.">ī̮’dəg</sone><sone id="l9_s3" lk="285" lemma="tämā" tahendus="tema" ingl="she" liik="ProS" vorm="sg.nom.">ta</sone><sone id="l9_s4" lk="285" lemma="vȱlda" tahendus="olla" ingl="be" liik="Va" vorm="pers.ind.pr.sg.3.">um’</sone><sone id="l9_s5" lk="285" lemma="ki’zzõ" tahendus="küsida" ingl="ask" liik="V" vorm="nud.sg.">ki’zzən</sone><sone id="l9_s6" lk="285" lemma="te’iž" tahendus="jälle" ingl="again" liik="Adv">täi’z</sone><sone id="l9_s7" lk="285" meta="vahemärk">:</sone><sone id="l9_s8" lk="285" meta="vahemärk">[</sone><sone id="l9_s9" lk="285" meta="vahemärk">”</sone><sone lk="285" keel="eesti" id="l9_s10" lemma="u" tahendus="kas" ingl="if" liik="Intr">u</sone><sone id="l9_s11" lk="285" lemma="minā" tahendus="mina" ingl="I" liik="ProS" vorm="sg.nom.">ma</sone><sone id="l9_s12" lk="285" lemma="võidõ" tahendus="võida" ingl="may" liik="V" vorm="pers.ind.pr.sg.1.">vi̮ib</sone><sone id="l9_s13" lk="285" lemma="lǟ’dõ" tahendus="minna" ingl="go" liik="V" vorm="inf.">lǟ’də</sone><sone lk="285" keel="eesti" id="l9_s14" meta="vahemärk">?</sone><sone id="l9_s15" lk="285" meta="vahemärk">”</sone><sone id="l9_s16" lk="285" lemma="jemā" tahendus="ema" ingl="mother" liik="S" vorm="sg.nom.">je̮mā</sone><sone id="l9_s17" lk="285" lemma="vȱlda" tahendus="olla" ingl="be" liik="Va" vorm="pers.ind.pr.sg.3.">um’</sone><sone id="l9_s18" lk="285" lemma="kītõ" tahendus="öelda" ingl="say" liik="V" vorm="nud.sg.">kītən</sone><sone lk="285" keel="eesti" id="l9_s19" meta="vahemärk">,</sone><sone id="l9_s20" lk="285" meta="vahemärk">]</sone><sone id="l9_s21" lk="285" lemma="a’ž" tahendus="kui" ingl="if" liik="Konj">aš</sone><sone id="l9_s22" lk="285" lemma="tämā" tahendus="tema" ingl="he" liik="ProS" vorm="sg.nom.">ta</sone><sone id="l9_s23" lk="285" lemma="kuldi" tahendus="kuldne" ingl="golden" liik="A" vorm="sg.gen.">kuldiz</sone><sone id="l9_s24" lk="285" lemma="gūnga+serk" tahendus="seelik" ingl="skirt" liik="S" vorm="sg.gen.">gūŋga+serk</sone><sone id="l9_s25" lk="285" lemma="andõ" tahendus="anda" ingl="give" liik="V" vorm="pers.ind.pr.sg.3.">āndab</sone><sone id="l9_s26" lk="285" meta="vahemärk">,</sone><sone id="l9_s27" lk="285" lemma="si’z" tahendus="siis" ingl="then" liik="ProAdv">siz</sone><sone id="l9_s28" lk="285" lemma="tämā" tahendus="tema" ingl="she" liik="ProS" vorm="sg.nom.">ta</sone><sone id="l9_s29" lk="285" lemma="lǟʼdõ" tahendus="minna" ingl="go" liik="V" vorm="pers.ind.pr.sg.3.">lǟ’b</sone><sone id="l9_s30" lk="285" meta="vahemärk">.</sone></lause><lause id="l10"><sone id="l10_s1" lk="285" lemma="un" tahendus="ja" ingl="and" liik="Konj">un</sone><sone id="l10_s2" lk="285" lemma="ne’i" tahendus="nii" ingl="so" liik="ProAdv">nei</sone><sone id="l10_s3" lk="285" lemma="tämā" tahendus="tema" ingl="she" liik="ProS" vorm="sg.nom.">ta</sone><sone id="l10_s4" lk="285" lemma="vȱlda" tahendus="olla" ingl="be" liik="Va" vorm="pers.ind.pr.sg.3.">um’</sone><sone id="l10_s5" lk="285" lemma="lǟʼdõ" tahendus="minna" ingl="go" liik="V" vorm="nud.sg.">lǟ’nd</sone><sone id="l10_s6" lk="285" lemma="kuolmi" tahendus="kolmas" ingl="third" liik="Numj" vorm="sg.gen.">kᵘe̮lmiz</sone><sone id="l10_s7" lk="285" lemma="ȭ’dõg" tahendus="õhtu" ingl="evening" liik="S" vorm="sg.gen.">ī̮’dəg</sone><sone id="l10_s8" lk="285" lemma="kālma" tahendus="haud" ingl="grave" liik="S" vorm="sg.gen.">kālma</sone><sone id="l10_s9" lk="285" lemma="jūr" tahendus="juurde" ingl="by" liik="Post">jūr</sone><sone id="l10_s10" lk="285" lemma="te’iž" tahendus="jälle" ingl="again" liik="Adv">täi’z</sone><sone id="l10_s11" lk="285" meta="vahemärk">,</sone><sone id="l10_s12" lk="285" lemma="un" tahendus="ja" ingl="and" liik="Konj">un</sone><sone id="l10_s13" lk="285" lemma="ne’i" tahendus="nii" ingl="so" liik="ProAdv">nei’</sone><sone id="l10_s14" lk="285" lemma="se" tahendus="see" ingl="this" liik="ProS" vorm="sg.nom.">se</sone><sone id="l10_s15" lk="285" lemma="jemā" tahendus="ema" ingl="mother" liik="S" vorm="sg.nom.">je̮mā</sone><sone id="l10_s16" lk="285" lemma="vȱlda" tahendus="olla" ingl="be" liik="Va" vorm="pers.ind.pr.sg.3.">um</sone><sone id="l10_s17" lk="285" lemma="kītõ" tahendus="öelda" ingl="say" liik="V" vorm="nud.sg.">kītən</sone><sone id="l10_s18" lk="285" meta="vahemärk">,</sone><sone id="l10_s19" lk="285" lemma="a’ž" tahendus="kui" ingl="if" liik="Konj">aš</sone><sone id="l10_s20" lk="285" lemma="dimanti" tahendus="teemandine" ingl="diamond" liik="A" vorm="sg.gen.">dimāntiz</sone><sone id="l10_s21" lk="285" lemma="gūnga+serk" tahendus="seelik" ingl="skirt" liik="S" vorm="sg.gen.">gūŋga+serk</sone><sone id="l10_s22" lk="285" lemma="andõ" tahendus="anda" ingl="give" liik="V" vorm="pers.ind.pr.sg.3.">āndab</sone><sone id="l10_s23" lk="285" meta="vahemärk">,</sone><sone id="l10_s24" lk="285" lemma="si’z" tahendus="siis" ingl="then" liik="ProAdv">siz</sone><sone id="l10_s25" lk="285" lemma="tämā" tahendus="tema" ingl="she" liik="ProS" vorm="sg.nom.">ta</sone><sone id="l10_s26" lk="285" lemma="lǟʼdõ" tahendus="minna" ingl="go" liik="V" vorm="pers.ind.pr.sg.3.">lǟ’b</sone><sone id="l10_s27" lk="285" meta="vahemärk">.</sone></lause><lause id="l11"><sone id="l11_s1" lk="285" lemma="un" tahendus="ja" ingl="and" liik="Konj">un</sone><sone id="l11_s2" lk="285" lemma="ne’i" tahendus="nii" ingl="so" liik="ProAdv">nei’</sone><sone id="l11_s3" lk="285" lemma="tämā" tahendus="tema" ingl="she" liik="ProS" vorm="sg.nom.">ta</sone><sone id="l11_s4" lk="285" lemma="vȱlda" tahendus="olla" ingl="be" liik="Va" vorm="pers.ind.pr.sg.3.">um’</sone><sone id="l11_s5" lk="285" lemma="kītõ" tahendus="öelda" ingl="say" liik="V" vorm="nud.sg.">kītən</sone><sone id="l11_s6" lk="285" meta="vahemärk">,</sone><sone id="l11_s7" lk="285" lemma="a’ž" tahendus="kui" ingl="if" liik="Konj">aš</sone><sone id="l11_s8" lk="285" lemma="luft+kuo’ig" tahendus="õhulaev" ingl="airship" liik="S" vorm="sg.gen.">luft+kᵘoi’g</sone><sone id="l11_s9" lk="285" lemma="tämā" tahendus="tema" ingl="she" liik="ProS" vorm="sg.dat.">täm’mən</sone><sone id="l11_s10" lk="285" lemma="andõ" tahendus="anda" ingl="give" liik="V" vorm="pers.ind.pr.sg.3.">āndab</sone><sone id="l11_s11" lk="285" meta="vahemärk">,</sone><sone id="l11_s12" lk="285" lemma="si’z" tahendus="siis" ingl="then" liik="ProAdv">siz</sone><sone id="l11_s13" lk="285" lemma="tämā" tahendus="tema" ingl="she" liik="ProS" vorm="sg.nom.">ta</sone><sone id="l11_s14" lk="285" lemma="lǟʼdõ" tahendus="minna" ingl="go" liik="V" vorm="pers.ind.pr.sg.3.">lǟ’b</sone><sone id="l11_s15" lk="285" meta="vahemärk">.</sone></lause><lause id="l12"><sone id="l12_s1" lk="285" lemma="ne’i" tahendus="nii" ingl="so" liik="ProAdv">nei</sone><sone id="l12_s2" lk="285" lemma="tämā" tahendus="tema" ingl="she" liik="ProS" vorm="sg.nom.">ta</sone><sone id="l12_s3" lk="285" lemma="vȱlda" tahendus="olla" ingl="be" liik="Va" vorm="pers.ind.pr.sg.3.">um</sone><sone id="l12_s4" lk="285" lemma="kītõ" tahendus="öelda" ingl="say" liik="V" vorm="nud.sg.">kītən</sone><sone id="l12_s5" lk="285" meta="vahemärk">,</sone><sone id="l12_s6" lk="285" lemma="a’ž" tahendus="kui" ingl="if" liik="Konj">aš</sone><sone id="l12_s7" lk="285" lemma="tämā" tahendus="tema" ingl="she" liik="ProS" vorm="sg.dat.">täm’mən</sone><sone id="l12_s8" lk="285" lemma="sigā+nǭ’gi" tahendus="seanahkne" ingl="pigskin" liik="A" vorm="sg.gen.">sigā+nā’giz</sone><sone id="l12_s9" lk="285" lemma="kǭ’skõ" tahendus="kasukas" ingl="coat" liik="S" vorm="sg.gen.">kā’sk</sone><sone id="l12_s10" lk="285" lemma="ka" tahendus="ka" ingl="also" liik="ModAdv">ka</sone><sone id="l12_s11" lk="285" lemma="andõ" tahendus="anda" ingl="give" liik="V" vorm="pers.ind.pr.sg.3.">āndab</sone><sone id="l12_s12" lk="285" meta="vahemärk">,</sone><sone id="l12_s13" lk="285" lemma="si’z" tahendus="siis" ingl="then" liik="ProAdv">siz</sone><sone id="l12_s14" lk="285" lemma="tämā" tahendus="tema" ingl="she" liik="ProS" vorm="sg.nom.">ta</sone><sone id="l12_s15" lk="285" lemma="lǟʼdõ" tahendus="minna" ingl="go" liik="V" vorm="pers.ind.pr.sg.3.">lǟ’b</sone><sone id="l12_s16" lk="285" meta="vahemärk">.</sone></lause><lause id="l13"><sone id="l13_s1" lk="285" lemma="un" tahendus="ja" ingl="and" liik="Konj">u</sone><sone id="l13_s2" lk="285" lemma="ni" tahendus="nüüd" ingl="now" liik="Adv">ni</sone><sone id="l13_s3" lk="285" lemma="tämā" tahendus="tema" ingl="she" liik="ProS" vorm="sg.nom.">ta</sone><sone id="l13_s4" lk="285" lemma="vȱlda" tahendus="olla" ingl="be" liik="Va" vorm="pers.ind.pr.sg.3.">um</sone><sone id="l13_s5" lk="285" lemma="astõ" tahendus="astuda" ingl="step" liik="V" vorm="nud.sg.">astən</sone><sone id="l13_s6" lk="285" lemma="luft+kuo’ig" tahendus="õhulaev" ingl="airship" liik="S" vorm="sg.gen.">luft+kᵘoi’g</sone><sone id="l13_s7" lk="285" lemma="pǟl " tahendus="peale" ingl="onto" liik="Post">pǟl</sone><sone id="l13_s8" lk="285" lemma="un" tahendus="ja" ingl="and" liik="Konj">un</sone><sone id="l13_s9" lk="285" lemma="a’ilõ" tahendus="sõita" ingl="ride" liik="V" vorm="nud.sg.">ai’lən</sone><sone id="l13_s10" lk="285" lemma="jarā" tahendus="ära" ingl="away" liik="Adva">je̮rā</sone><sone id="l13_s11" lk="285" lemma="un" tahendus="ja" ingl="and" liik="Konj">un</sone><sone id="l13_s12" lk="285" lemma="laskõ " ingl="descend" liik="V" vorm="nud.sg.">lassən</sone><sone id="l13_s13" lk="285" lemma="kuolm" tahendus="kolm" ingl="three" liik="Nump" vorm="sg.gen.">kᵘe̮lm</sone><sone id="l13_s14" lk="285" lemma="kēņig" tahendus="kuningas" ingl="king" liik="S" vorm="sg.gen.">kēńig</sone><sone id="l13_s15" lk="285" lemma="mǭ" tahendus="maa" ingl="land" liik="S" vorm="sg.ill.">mā’zə</sone><sone id="l13_s16" lk="285" lemma="ikš" tahendus="üks" ingl="one" liik="ProS" vorm="sg.gen.">ī’d</sone><sone id="l13_s17" lk="285" lemma="sūr" tahendus="suur" ingl="big" liik="A" vorm="sg.gen.">sūr</sone><sone id="l13_s18" lk="285" lemma="täm" tahendus="tamm" ingl="oak" liik="S" vorm="sg.gen.">tamm</sone><sone id="l13_s19" lk="285" lemma="jū’rõ" tahendus="juurde" ingl="by" liik="Post">jūrə</sone><sone id="l13_s20" lk="285" meta="vahemärk">,</sone><sone id="l13_s21" lk="285" lemma="un" tahendus="ja" ingl="and" liik="Konj">u</sone><sone id="l13_s22" lk="285" lemma="ni" tahendus="nüüd" ingl="now" liik="Adv">ni</sone><sone id="l13_s23" lk="285" lemma="tämā" tahendus="tema" ingl="she" liik="ProS" vorm="sg.nom.">ta</sone><sone id="l13_s24" lk="285" lemma="vȱlda" tahendus="olla" ingl="be" liik="Va" vorm="pers.ind.pr.sg.3.">um</sone><sone id="l13_s25" lk="285" lemma="vie’ddõ" tahendus="tõmmata" ingl="pull" liik="V" vorm="nud.sg.">vⁱe’ddən</sone><sone id="l13_s26" lk="285" lemma="sigā+nǭ’gi" tahendus="seanahkne" ingl="pigskin" liik="A" vorm="sg.gen.">sigā+nā’giz</sone><sone id="l13_s27" lk="285" lemma="kǭ’skõ" tahendus="kasukas" ingl="coat" liik="S" vorm="sg.gen.">kāsk</sone><sone id="l13_s28" lk="285" lemma="i’lzõ" tahendus="ülle" ingl="on" liik="Adv">il’z</sone><sone id="l13_s29" lk="285" lemma="un" tahendus="ja" ingl="and" liik="Konj">un</sone><sone id="l13_s30" lk="285" lemma="ni" tahendus="nüüd" ingl="now" liik="Adv">ni</sone><sone id="l13_s31" lk="285" lemma="tämā" tahendus="tema" ingl="she" liik="ProS" vorm="sg.nom.">ta</sone><sone id="l13_s32" lk="285" lemma="vȱlda" tahendus="olla" ingl="be" liik="Va" vorm="pers.ind.pr.sg.3.">um</sone><sone id="l13_s33" lk="285" lemma="lǟʼdõ" tahendus="minna" ingl="go" liik="V" vorm="nud.sg.">lǟ’nd</sone><sone id="l13_s34" lk="285" lemma="ikš" tahendus="üks" ingl="one" liik="ProS" vorm="sg.ill.">ī’də</sone><sone id="l13_s35" lk="285" lemma="mȯizõ" tahendus="mõis" ingl="manor" liik="S" vorm="sg.ill.">me̮izə</sone><sone id="l13_s36" lk="285" meta="vahemärk">.</sone></lause><lause id="l14"><sone id="l14_s1" lk="285" lemma="un" tahendus="ja" ingl="and" liik="Konj">u</sone><sone id="l14_s2" lk="285" lemma="ne’i" tahendus="nii" ingl="so" liik="ProAdv">nei’</sone><sone id="l14_s3" lk="285" lemma="tämā" tahendus="tema" ingl="she" liik="ProS" vorm="sg.nom.">ta</sone><sone id="l14_s4" lk="285" lemma="vȱlda" tahendus="olla" ingl="be" liik="Va" vorm="pers.ind.pr.sg.3.">um</sone><sone id="l14_s5" lk="285" lemma="ki’zzõ" tahendus="küsida" ingl="ask" liik="V" vorm="nud.sg.">ki’zzən</sone><sone id="l14_s6" lk="285" meta="vahemärk">,</sone><sone id="l14_s7" lk="285" lemma="agā" tahendus="ehk" ingl="maybe" liik="Konj">agā</sone><sone id="l14_s8" lk="285" lemma="sǭdõ" tahendus="saada" ingl="get" liik="V" vorm="pers.jus.pr.sg.3.">sāg</sone><sone id="l14_s9" lk="285" meta="vahemärk">(</sone><sone id="l14_s10" lk="285" meta="kommentaar">pro</sone><sone id="l14_s11" lk="285" lemma="sǭdõ" tahendus="saada" ingl="get" liik="V" vorm="pers.ind.pr.sg.3.">sāb</sone><sone id="l14_s12" lk="285" meta="vahemärk">)</sone><sone id="l14_s13" lk="285" lemma="dēņõmi" tahendus="teenistus" ingl="service" liik="S" vorm="pl.part.">dēńimist</sone><sone id="l14_s14" lk="285" meta="vahemärk">[</sone><sone id="l14_s15" lk="285" meta="vahemärk">~</sone><sone lk="285" keel="eesti" id="l14_s16" lemma="pa" tahendus="millekski, kellekski" ingl="for" liik="Pre">pa</sone><sone id="l14_s17" lk="285" lemma="neitst" tahendus="teenijatüdruk" ingl="maiden" liik="S" vorm="sg.instl.">neitsəks</sone><sone lk="285" keel="eesti" id="l14_s18" meta="vahemärk">]</sone><sone id="l14_s19" lk="285" meta="vahemärk">.</sone></lause><lause id="l15"><sone id="l15_s1" lk="285" lemma="un" tahendus="ja" ingl="and" liik="Konj">u</sone><sone id="l15_s2" lk="285" lemma="ne’i" tahendus="nii" ingl="so" liik="ProAdv">nei</sone><sone id="l15_s3" lk="285" lemma="tämā" tahendus="tema" ingl="he" liik="ProS" vorm="sg.nom.">ta</sone><sone id="l15_s4" lk="285" lemma="vȱlda" tahendus="olla" ingl="be" liik="Va" vorm="pers.ind.pr.sg.3.">um</sone><sone id="l15_s5" lk="285" lemma="ki’zzõ" tahendus="küsida" ingl="ask" liik="V" vorm="nud.sg.">ki’zzən</sone><sone id="l15_s6" lk="285" meta="vahemärk">:</sone><sone id="l15_s7" lk="285" meta="vahemärk">”</sone><sone lk="285" keel="eesti" id="l15_s8" lemma="mis" tahendus="mis" ingl="what" liik="Intr" vorm="sg.nom.">mis</sone><sone id="l15_s9" lk="285" lemma="pa" tahendus="millekski, kellekski" liik="Pre" ingl="for">pa</sone><sone id="l15_s10" lk="285" lemma="dēņõmi" tahendus="teenistus" ingl="service" liik="S" vorm="sg.part.">dēńimist</sone><sone lk="285" keel="eesti" id="l15_s11" meta="vahemärk">?</sone><sone id="l15_s12" lk="285" meta="vahemärk">”</sone></lause><lause id="l16"><sone id="l16_s1" lk="285" lemma="ne’i" tahendus="nii" ingl="so" liik="ProAdv">nei</sone><sone id="l16_s2" lk="285" lemma="tämā" tahendus="tema" ingl="she" liik="ProS" vorm="sg.nom.">ta</sone><sone id="l16_s3" lk="285" lemma="vȱlda" tahendus="olla" ingl="be" liik="Va" vorm="pers.ind.pr.sg.3.">um</sone><sone id="l16_s4" lk="285" lemma="kītõ" tahendus="öelda" ingl="say" liik="V" vorm="nud.sg.">kītən</sone><sone id="l16_s5" lk="285" meta="vahemärk">:</sone><sone id="l16_s6" lk="285" meta="vahemärk">”</sone><sone lk="285" keel="eesti" id="l16_s7" lemma="pa" tahendus="millekski, kellekski" ingl="for" liik="Pre">pa</sone><sone id="l16_s8" lk="285" lemma="sigād+neitst" tahendus="seatalitaja" ingl="pig attendant" liik="S" vorm="sg.instl.">sigād+neitsəks</sone><sone lk="285" keel="eesti" id="l16_s9" meta="vahemärk">.</sone><sone id="l16_s10" lk="285" meta="vahemärk">”</sone></lause><lause id="l17"><sone id="l17_s1" lk="285" lemma="un" tahendus="ja" ingl="and" liik="Konj">u</sone><sone id="l17_s2" lk="285" lemma="ne’i" tahendus="nii" ingl="so" liik="ProAdv">nei</sone><sone id="l17_s3" lk="285" lemma="se" tahendus="see" ingl="this" liik="ProS" vorm="sg.nom.">se</sone><sone id="l17_s4" lk="285" lemma="su’lli" tahendus="teener" ingl="servant" liik="S" vorm="sg.nom.">sul’li</sone><sone id="l17_s5" lk="285" lemma="vȱlda" tahendus="olla" ingl="be" liik="Va" vorm="pers.ind.pr.sg.3.">um</sone><sone id="l17_s6" lk="285" lemma="kītõ" tahendus="öelda" ingl="say" liik="V" vorm="nud.sg.">kītən</sone><sone id="l17_s7" lk="285" meta="vahemärk">,</sone><sone id="l17_s8" lk="285" lemma="la’z" tahendus="las" ingl="let" liik="ModAdv">laz</sone><sone id="l17_s9" lk="285" lemma="lǟ’dõ" tahendus="minna" ingl="go" liik="V" vorm="pers.jus.pr.sg.3.">läk</sone><sone id="l17_s10" lk="285" lemma="sīnõ" tahendus="sinna" ingl="there" liik="ProAdv">sīnə</sone><sone id="l17_s11" lk="285" meta="vahemärk">.</sone></lause><lause id="l18"><sone id="l18_s1" lk="285" lemma="un" tahendus="ja" ingl="and" liik="Konj">u</sone><sone id="l18_s2" lk="285" lemma="ne’i" tahendus="nii" ingl="so" liik="ProAdv">nei</sone><sone id="l18_s3" lk="285" lemma="tämā" tahendus="tema" ingl="she" liik="ProS" vorm="sg.nom.">ta</sone><sone id="l18_s4" lk="285" lemma="vȱlda" tahendus="olla" ingl="be" liik="Va" vorm="pers.ind.pr.sg.3.">um</sone><sone id="l18_s5" lk="285" lemma="lǟʼdõ" tahendus="minna" ingl="go" liik="V" vorm="nud.sg.">lǟ’nd</sone><sone id="l18_s6" lk="285" meta="vahemärk">.</sone></lause><lause id="l19"><sone id="l19_s1" lk="285" lemma="ne’i" tahendus="nii" ingl="so" liik="ProAdv">nei</sone><sone id="l19_s2" lk="285" lemma="se" tahendus="see" ingl="this" liik="ProS" vorm="sg.nom.">se</sone><sone id="l19_s3" lk="285" lemma="kēzar" tahendus="keiser" ingl="emperor" liik="S" vorm="sg.nom.">kēzar</sone><sone id="l19_s4" lk="285" lemma="vȱlda" tahendus="olla" ingl="be" liik="Va" vorm="pers.ind.pr.sg.3.">um</sone><sone id="l19_s5" lk="285" lemma="kītõ" tahendus="öelda" ingl="say" liik="V" vorm="nud.sg.">kītən</sone><sone id="l19_s6" lk="285" meta="vahemärk">,</sone><sone id="l19_s7" lk="285" lemma="la’z" tahendus="las" ingl="let" liik="ModAdv">laz</sone><sone id="l19_s8" lk="285" lemma="lǟ’dõ" tahendus="minna" ingl="go" liik="V" vorm="pers.jus.pr.sg.3.">läk</sone><sone id="l19_s9" lk="285" lemma="sīnõ" tahendus="sinna" ingl="there" liik="ProAdv">sīn</sone><sone id="l19_s10" lk="285" meta="vahemärk">.</sone></lause><lause id="l20"><sone id="l20_s1" lk="285" lemma="un" tahendus="ja" ingl="and" liik="Konj">un</sone><sone id="l20_s2" lk="285" lemma="ne’i" tahendus="nii" ingl="so" liik="ProAdv">nei</sone><sone id="l20_s3" lk="285" lemma="tämā" tahendus="tema" ingl="she" liik="ProS" vorm="sg.nom.">ta</sone><sone id="l20_s4" lk="285" lemma="vȱlda" tahendus="olla" ingl="be" liik="Va" vorm="pers.ind.pr.sg.3.">um</sone><sone id="l20_s5" lk="285" lemma="lǟʼdõ" tahendus="minna" ingl="go" liik="V" vorm="nud.sg.">lǟ’nd</sone><sone id="l20_s6" lk="285" meta="vahemärk">.</sone></lause><lause id="l21"><sone id="l21_s1" lk="285" lemma="un" tahendus="ja" ingl="and" liik="Konj">u</sone><sone id="l21_s2" lk="285" lemma="ne’i" tahendus="nii" ingl="so" liik="ProAdv">nei</sone><sone id="l21_s3" lk="285" lemma="tämā" tahendus="tema" ingl="she" liik="ProS" vorm="sg.nom.">ta</sone><sone id="l21_s4" lk="285" lemma="vȱlda" tahendus="olla" ingl="be" liik="Va" vorm="pers.ind.pr.sg.3.">um</sone><sone id="l21_s5" lk="285" lemma="kū’opõ" tahendus="talitada" ingl="take care" liik="V" vorm="nud.sg.">ku’opən</sone><sone id="l21_s6" lk="285" lemma="ne" tahendus="need" ingl="these" liik="ProS" vorm="pl.part.">nēd́i</sone><sone id="l21_s7" lk="285" lemma="sigā" tahendus="siga" ingl="pig" liik="S" vorm="pl.part.">si’gd́i</sone><sone id="l21_s8" lk="285" meta="vahemärk">.</sone></lause><lause id="l22"><sone id="l22_s1" lk="285" lemma="un" tahendus="ja" ingl="and" liik="Konj">u</sone><sone id="l22_s2" lk="285" lemma="ne’i" tahendus="nii" ingl="so" liik="ProAdv">nei</sone><sone id="l22_s3" lk="285" lemma="se" tahendus="see" ingl="this" liik="ProS" vorm="sg.nom.">se</sone><sone id="l22_s4" lk="285" lemma="su’lli" tahendus="teener" ingl="servant" liik="S" vorm="sg.nom.">sul’li</sone><sone id="l22_s5" lk="285" lemma="vȱlda" tahendus="olla" ingl="be" liik="Va" vorm="pers.ind.pr.sg.3.">um</sone><sone id="l22_s6" lk="285" lemma="vīdõ" tahendus="viia" ingl="take" liik="V" vorm="nud.sg.">vīnd</sone><sone id="l22_s7" lk="285" lemma="sīlmad+ve’ž" tahendus="silmavesi" ingl="eye washing water" liik="S" vorm="sg.part.">sīlmad+vⁱe̮tā</sone><sone id="l22_s8" lk="285" lemma="kēņig" tahendus="kuningas" ingl="king" liik="S" vorm="sg.dat.">kēńigən</sone><sone id="l22_s9" lk="285" meta="vahemärk">.</sone></lause><lause id="l23"><sone id="l23_s1" lk="285" lemma="un" tahendus="ja" ingl="and" liik="Konj">u</sone><sone id="l23_s2" lk="285" lemma="ne’i" tahendus="nii" ingl="so" liik="ProAdv">nei</sone><sone id="l23_s3" lk="285" lemma="se" tahendus="see" ingl="this" liik="ProS" vorm="sg.nom.">se</sone><sone id="l23_s4" lk="285" lemma="sigād+neitst" tahendus="seatalitaja" ingl="pig attendant" liik="S" vorm="sg.nom.">sigād+neitst</sone><sone id="l23_s5" lk="286" lemma="vȱlda" tahendus="olla" ingl="be" liik="Va" vorm="pers.ind.pr.sg.3.">um</sone><sone id="l23_s6" lk="286" lemma="tūodõ" tahendus="tuua" ingl="bring" liik="V" vorm="nud.sg.">tuond</sone><sone id="l23_s7" lk="286" lemma="järā" tahendus="ära" ingl="over" liik="Adva">je̮ra</sone><sone id="l23_s8" lk="286" lemma="se" tahendus="see" ingl="this" liik="ProS" vorm="sg.gen.">sie̮</sone><sone id="l23_s9" lk="286" lemma="ve’ž" tahendus="vesi" ingl="water" liik="S" vorm="sg.gen.">vⁱe̮’d</sone><sone id="l23_s10" lk="286" meta="vahemärk">.</sone></lause><lause id="l24"><sone id="l24_s1" lk="286" lemma="un" tahendus="ja" ingl="and" liik="Konj">u</sone><sone id="l24_s2" lk="286" lemma="ne’i" tahendus="nii" ingl="so" liik="ProAdv">nei</sone><sone id="l24_s3" lk="286" lemma="vȱlda" tahendus="olla" ingl="be" liik="Va" vorm="pers.ind.pr.sg.3.">um</sone><sone id="l24_s4" lk="286" lemma="tūlda" tahendus="tulla" ingl="come" liik="V" vorm="nud.sg.">tund</sone><sone id="l24_s5" lk="286" lemma="se" tahendus="see" ingl="this" liik="ProS" vorm="sg.gen.">sie</sone><sone id="l24_s6" lk="286" lemma="kēņig" tahendus="kuningas" ingl="king" liik="S" vorm="sg.dat.">kēńigən</sone><sone id="l24_s7" lk="286" lemma="rǭntõz" tahendus="kiri" ingl="letter" liik="S" vorm="pl.nom.">rāntəd</sone><sone id="l24_s8" lk="286" meta="vahemärk">,</sone><sone id="l24_s9" lk="286" lemma="ku" tahendus="et" ingl="that" liik="Konj">ku</sone><sone id="l24_s10" lk="286" lemma="tämā" tahendus="tema" ingl="he" liik="ProS" vorm="sg.dat.">täm’mən</sone><sone id="l24_s11" lk="286" lemma="vȱlda" tahendus="olla" ingl="be" liik="Va" vorm="pers.ind.pr.sg.3.">um</sone><sone id="l24_s12" lk="286" lemma="lǟ’dõ" tahendus="minna" ingl="go" liik="V" vorm="deb.">lē’mist</sone><sone id="l24_s13" lk="286" lemma="bal" tahendus="ball" ingl="ball" liik="S" vorm="sg.ill.">ballə</sone><sone id="l24_s14" lk="286" meta="vahemärk">.</sone></lause><lause id="l25"><sone id="l25_s1" lk="286" lemma="un" tahendus="ja" ingl="and" liik="Konj">u</sone><sone id="l25_s2" lk="286" lemma="ne’i" tahendus="nii" ingl="so" liik="ProAdv">nei</sone><sone id="l25_s3" lk="286" lemma="tämā" tahendus="tema" ingl="he" liik="ProS" vorm="sg.nom.">ta</sone><sone id="l25_s4" lk="286" lemma="vȱlda" tahendus="olla" ingl="be" liik="Va" vorm="pers.ind.pr.sg.3.">um’</sone><sone id="l25_s5" lk="286" lemma="lǟʼdõ" tahendus="minna" ingl="go" liik="V" vorm="nud.sg.">lǟ’nd</sone><sone id="l25_s6" lk="286" meta="vahemärk">.</sone></lause><lause id="l26"><sone id="l26_s1" lk="286" lemma="un" tahendus="ja" ingl="and" liik="Konj">u</sone><sone id="l26_s2" lk="286" lemma="ne’i" tahendus="nii" ingl="so" liik="ProAdv">nei</sone><sone id="l26_s3" lk="286" lemma="se" tahendus="see" ingl="this" liik="ProS" vorm="sg.nom.">se</sone><sone id="l26_s4" lk="286" lemma="neitst" tahendus="teenijatüdruk" ingl="maiden" liik="S" vorm="sg.nom.">neits</sone><sone id="l26_s5" lk="286" lemma="no+kū’opõ" tahendus="talitada" ingl="take care of" liik="V" vorm="nud.sg.prf.">nu’o+ku’opən</sone><sone id="l26_s6" lk="286" lemma="ne" tahendus="need" ingl="these" liik="ProS" vorm="pl.gen.">nänt</sone><sone id="l26_s7" lk="286" lemma="sigā" tahendus="siga" ingl="pig" liik="S" vorm="pl.gen.">sigād</sone><sone id="l26_s8" lk="286" lemma="un" tahendus="ja" ingl="and" liik="Konj">un</sone><sone id="l26_s9" lk="286" lemma="lǟʼdõ" tahendus="minna" ingl="go" liik="V" vorm="nud.sg.">lǟ’nd</sone><sone id="l26_s10" lk="286" lemma="se" tahendus="see" ingl="this" liik="ProS" vorm="sg.gen.">sie̮</sone><sone id="l26_s11" lk="286" lemma="täm" tahendus="tamm" ingl="oak" liik="S" vorm="sg.gen.">tamm</sone><sone id="l26_s12" lk="286" lemma="jūr" tahendus="juurde" ingl="to" liik="Post">jūr</sone><sone id="l26_s13" lk="286" lemma="un" tahendus="ja" ingl="and" liik="Konj">un</sone><sone id="l26_s14" lk="286" lemma="vie’ddõ" tahendus="tõmmata" ingl="pull" liik="V" vorm="nud.sg.">vⁱe̮’ddən</sone><sone id="l26_s15" lk="286" lemma="se" tahendus="see" ingl="this" liik="ProS" vorm="sg.gen.">sie</sone><sone id="l26_s16" lk="286" lemma="sigā+nǭ’gi" tahendus="seanahkne" ingl="pigskin" liik="A" vorm="sg.gen.">sigā+nā’giz</sone><sone id="l26_s17" lk="286" lemma="kǭ’skõ" tahendus="kasukas" ingl="coat" liik="S" vorm="sg.gen.">kā’sk</sone><sone id="l26_s18" lk="286" lemma="mǭ’" tahendus="maha" ingl="off" liik="Adva">mā’</sone><sone id="l26_s19" lk="286" lemma="un" tahendus="ja" ingl="and" liik="Konj">un</sone><sone id="l26_s20" lk="286" lemma="vie’ddõ" tahendus="tõmmata" ingl="pull" liik="V" vorm="nud.sg.">vⁱe̮’ddən</sone><sone id="l26_s21" lk="286" lemma="se" tahendus="see" ingl="this" liik="ProS" vorm="sg.gen.">sie</sone><sone id="l26_s22" lk="286" lemma="õ’bdi" tahendus="hõbedane" ingl="silver" liik="A" vorm="sg.gen.">i̮’bdiz</sone><sone id="l26_s23" lk="286" lemma="alā" tahendus="alla" ingl="under" liik="Adv">alā</sone><sone id="l26_s24" lk="286" lemma="un" tahendus="ja" ingl="and" liik="Konj">un</sone><sone id="l26_s25" lk="286" lemma="se" tahendus="see" ingl="this" liik="ProS" vorm="sg.nom.">se</sone><sone id="l26_s26" lk="286" meta="vahemärk">(</sone><sone id="l26_s27" lk="286" meta="kommentaar">pro</sone><sone id="l26_s28" lk="286" meta="kommentaar">sie</sone><sone lk="286" keel="eesti" id="l26_s29" meta="vahemärk">?</sone><sone id="l26_s30" lk="286" meta="vahemärk">)</sone><sone id="l26_s31" lk="286" lemma="kuldi" tahendus="kuldne" ingl="golden" liik="A" vorm="sg.gen.">kuldiz</sone><sone id="l26_s32" lk="286" lemma="pǟlõ" tahendus="peale" ingl="onto" liik="Adv">pǟlə</sone><sone id="l26_s33" lk="286" lemma="un" tahendus="ja" ingl="and" liik="Konj">un</sone><sone id="l26_s34" lk="286" lemma="se" tahendus="see" ingl="this" liik="ProS" vorm="sg.nom.">se</sone><sone id="l26_s35" lk="286" meta="vahemärk">(</sone><sone id="l26_s36" lk="286" meta="kommentaar">pro</sone><sone id="l26_s37" lk="286" meta="kommentaar">sie?</sone><sone id="l26_s38" lk="286" meta="vahemärk">)</sone><sone id="l26_s39" lk="286" lemma="dimanti" tahendus="teemandine" ingl="diamond" liik="A" vorm="sg.gen.">dimāntiz</sone><sone id="l26_s40" lk="286" lemma="amā" tahendus="kõige" ingl="most" liik="Ms">ama</sone><sone id="l26_s41" lk="286" lemma="pǟlõ" tahendus="peale" ingl="onto" liik="Adv">pǟlə</sone><sone id="l26_s42" lk="286" meta="vahemärk">.</sone></lause><lause id="l27"><sone id="l27_s1" lk="286" lemma="un" tahendus="ja" ingl="and" liik="Konj">un</sone><sone id="l27_s2" lk="286" lemma="ne’i" tahendus="nii" ingl="so" liik="ProAdv">nei</sone><sone id="l27_s3" lk="286" lemma="tämā" tahendus="tema" ingl="she" liik="ProS" vorm="sg.nom.">ta</sone><sone id="l27_s4" lk="286" lemma="vȱlda" tahendus="olla" ingl="be" liik="Va" vorm="pers.ind.pr.sg.3.">um</sone><sone id="l27_s5" lk="286" lemma="astõ" tahendus="astuda" ingl="step" liik="V" vorm="nud.sg.">astən</sone><sone id="l27_s6" lk="286" lemma="luft+kuo’ig" tahendus="õhulaev" ingl="airship" liik="S" vorm="sg.gen.">luft+kᵘoi’g</sone><sone id="l27_s7" lk="286" lemma="pǟlõ" tahendus="peale" ingl="onto" liik="Post">pǟlə</sone><sone id="l27_s8" lk="286" meta="vahemärk">.</sone></lause><lause id="l28"><sone id="l28_s1" lk="286" lemma="un" tahendus="ja" ingl="and" liik="Konj">un</sone><sone id="l28_s2" lk="286" lemma="ne’i" tahendus="nii" ingl="so" liik="ProAdv">nei</sone><sone id="l28_s3" lk="286" lemma="tämā" tahendus="tema" ingl="she" liik="ProS" vorm="sg.nom.">ta</sone><sone id="l28_s4" lk="286" lemma="vȱlda" tahendus="olla" ingl="be" liik="Va" vorm="pers.ind.pr.sg.3.">um</sone><sone lk="286" keel="eesti" id="l28_s5" lemma="laskõ " tahendus="laskuda" ingl="descend" liik="V" vorm="nud.sg.">lassən</sone><sone id="l28_s6" lk="286" lemma="kuolm" tahendus="kolm" ingl="three" liik="Nump" vorm="sg.gen.">kᵘe̮lm</sone><sone id="l28_s7" lk="286" lemma="kēņig" tahendus="kuningas" ingl="king" liik="S" vorm="sg.gen.">kēńig</sone><sone id="l28_s8" lk="286" lemma="mǭ" tahendus="maa" ingl="ground" liik="S" vorm="sg.ill.">mā’zə</sone><sone id="l28_s9" lk="286" meta="vahemärk">.</sone></lause><lause id="l29"><sone id="l29_s1" lk="286" lemma="un" tahendus="ja" ingl="and" liik="Konj">u</sone><sone id="l29_s2" lk="286" lemma="ne’i" tahendus="nii" ingl="so" liik="ProAdv">nei</sone><sone id="l29_s3" lk="286" lemma="ne" tahendus="nemad" ingl="they" liik="ProS" vorm="pl.nom.">ne</sone><sone id="l29_s4" lk="286" lemma="vȱlda" tahendus="olla" ingl="be" liik="Va" vorm="pers.ind.pr.pl.3.">ā’t</sone><sone id="l29_s5" lk="286" lemma="lǟʼdõ" tahendus="minna" ingl="go" liik="V" vorm="nud.pl.">lǟ’nəd</sone><sone id="l29_s6" lk="286" lemma="tämā" tahendus="tema" ingl="she" liik="ProS" vorm="sg.part.">tǟnda</sone><sone id="l29_s7" lk="286" lemma="sīedõ" tahendus="süüa" ingl="eat" liik="V" vorm="sup.">siem</sone><sone id="l29_s8" lk="286" lemma="kutsõ" tahendus="kutsuda" ingl="invite" liik="V" vorm="sup.">kutsəm</sone><sone id="l29_s9" lk="286" meta="vahemärk">,</sone><sone id="l29_s10" lk="286" lemma="un" tahendus="ja" ingl="and" liik="Konj">un</sone><sone id="l29_s11" lk="286" lemma="mit+ikš" tahendus="mitte keegi" ingl="nonone" liik="ProS" vorm="sg.nom.">mit+ikš</sone><sone id="l29_s12" lk="286" lemma="ä’b" tahendus="ei" ingl="not" liik="Mn" vorm="pers.ind.pr.sg.3.">äb</sone><sone id="l29_s13" lk="286" lemma="vȱlda" tahendus="olla" ingl="be" liik="Va" vorm="pers.ind.sg.3.neg.">uo</sone><sone id="l29_s14" lk="286" lemma="tū’oḑõ" tahendus="tohtida" ingl="may" liik="V" vorm="nud.sg.">tu’od́ən</sone><sone id="l29_s15" lk="286" meta="vahemärk">.</sone></lause><lause id="l30"><sone id="l30_s1" lk="286" lemma="un" tahendus="ja" ingl="and" liik="Konj">u</sone><sone id="l30_s2" lk="286" lemma="ne’i" tahendus="nii" ingl="so" liik="ProAdv">nei</sone><sone id="l30_s3" lk="286" lemma="tämā" tahendus="tema" ingl="she" liik="ProS" vorm="sg.gen.">täm’</sone><sone id="l30_s4" lk="286" lemma="eņțš" tahendus="oma" ingl="own" liik="ProS" vorm="sg.gen.">eńtš</sone><sone id="l30_s5" lk="286" lemma="kēņig" tahendus="kuningas" ingl="king" liik="S" vorm="sg.nom.">kēńig</sone><sone id="l30_s6" lk="286" lemma="vȱlda" tahendus="olla" ingl="be" liik="Va" vorm="pers.ind.pr.sg.3.">um</sone><sone id="l30_s7" lk="286" lemma="lǟʼdõ" tahendus="minna" ingl="go" liik="V" vorm="nud.sg.">lǟ’nd</sone><sone id="l30_s8" lk="286" lemma="kutsõ" tahendus="kutsuda" ingl="invite" liik="V" vorm="sup.">kutsəm</sone><sone id="l30_s9" lk="286" lemma="sīedõ" tahendus="süüa" ingl="eat" liik="V" vorm="sup.">siem</sone><sone id="l30_s10" lk="286" meta="vahemärk">.</sone></lause><lause id="l31"><sone id="l31_s1" lk="286" lemma="ne’i" tahendus="nii" ingl="so" liik="ProAdv">nei</sone><sone id="l31_s2" lk="286" lemma="tämā" tahendus="tema" ingl="she" liik="ProS" vorm="sg.nom.">ta</sone><sone id="l31_s3" lk="286" lemma="vȱlda" tahendus="olla" ingl="be" liik="Va" vorm="pers.ind.pr.sg.3.">um</sone><sone id="l31_s4" lk="286" lemma="lǟʼdõ" tahendus="minna" ingl="go" liik="V" vorm="nud.sg.">lǟ’nd</sone><sone id="l31_s5" lk="286" meta="vahemärk">.</sone></lause><lause id="l32"><sone id="l32_s1" lk="286" lemma="ne’i" tahendus="nii" ingl="so" liik="ProAdv">nei</sone><sone id="l32_s2" lk="286" lemma="vȱlda" tahendus="olla" ingl="be" liik="Va" vorm="pers.ind.pr.pl.3.">ā’t</sone><sone id="l32_s3" lk="286" lemma="lǟʼdõ" tahendus="minna" ingl="go" liik="V" vorm="nud.pl.">lǟ’nəd</sone><sone id="l32_s4" lk="286" lemma="daņtšõ" tahendus="tantsida" ingl="dance" liik="V" vorm="sup.">dańt́šəm</sone><sone id="l32_s5" lk="286" lemma="kutsõ" tahendus="kutsuda" ingl="invite" liik="V" vorm="sup.">kutsəm</sone><sone id="l32_s6" lk="286" meta="vahemärk">.</sone></lause><lause id="l33"><sone id="l33_s1" lk="286" lemma="ne’i" tahendus="nii" ingl="so" liik="ProAdv">nei</sone><sone id="l33_s2" lk="286" lemma="tämā" tahendus="tema" ingl="she" liik="ProS" vorm="sg.nom.">ta</sone><sone id="l33_s3" lk="286" lemma="vȱlda" tahendus="olla" ingl="be" liik="Va" vorm="pers.ind.pr.sg.3.">um’</sone><sone id="l33_s4" lk="286" lemma="lǟʼdõ" tahendus="minna" ingl="go" liik="V" vorm="nud.sg.">lǟ’nd</sone><sone id="l33_s5" lk="286" lemma="järāndiz" tahendus="ära" ingl="away" liik="Adva">je̮rāndiz</sone><sone id="l33_s6" lk="286" lemma="un" tahendus="ja" ingl="and" liik="Konj">un</sone><sone id="l33_s7" lk="286" lemma="laskõ " tahendus="laskuda" ingl="descend" liik="V" vorm="nud.sg.">lassən</sone><sone id="l33_s8" lk="286" lemma="sīnõ" tahendus="sinna" ingl="there" liik="ProAdv">sīn</sone><sone id="l33_s9" lk="286" lemma="se" tahendus="see" ingl="this" liik="ProS" vorm="sg.gen.">sie</sone><sone id="l33_s10" lk="286" lemma="täm" tahendus="tamm" ingl="oak" liik="S" vorm="sg.gen.">tamm</sone><sone id="l33_s11" lk="286" lemma="jūr" tahendus="juures" ingl="by" liik="Post">jūr</sone><sone id="l33_s12" lk="286" lemma="mǭ’" tahendus="maha" ingl="down" liik="Adva">mā’</sone><sone id="l33_s13" lk="286" lemma="un" tahendus="ja" ingl="and" liik="Konj">un</sone><sone id="l33_s14" lk="286" lemma="vie’ddõ" tahendus="tõmmata" ingl="pull" liik="V" vorm="nud.sg.">vⁱe̮’ddən</sone><sone id="l33_s15" lk="286" lemma="ne" tahendus="need" ingl="these" liik="ProS" vorm="pl.gen.">nänt</sone><sone id="l33_s16" lk="286" lemma="õ’bdi" tahendus="hõbedane" ingl="silver" liik="A" vorm="pl.gen.">i̮’bdist</sone><sone id="l33_s17" lk="286" lemma="kle’it" tahendus="kleit" ingl="gown" liik="S" vorm="pl.gen.">klei’təd</sone><sone id="l33_s18" lk="286" lemma="mǭ’" tahendus="ära" ingl="off" liik="Adva">mā’</sone><sone id="l33_s19" lk="286" lemma="un" tahendus="ja" ingl="and" liik="Konj">un</sone><sone id="l33_s20" lk="286" lemma="pānda" tahendus="panna" ingl="put" liik="V" vorm="nud.sg.">pand</sone><sone id="l33_s21" lk="286" lemma="se" tahendus="see" ingl="this" liik="ProS" vorm="sg.ill.">si’ezə</sone><sone id="l33_s22" lk="286" lemma="täm" tahendus="tamm" ingl="oak" liik="S" vorm="sg.ill.">tammə</sone><sone id="l33_s23" lk="286" lemma="un" tahendus="ja" ingl="and" liik="Konj">un</sone><sone id="l33_s24" lk="286" lemma="vie’ddõ" tahendus="tõmmata" ingl="pull" liik="V" vorm="nud.sg.">vⁱe̮’ddən</sone><sone id="l33_s25" lk="286" lemma="se" tahendus="see" ingl="this" liik="ProS" vorm="sg.el.">siest</sone><sone id="l33_s26" lk="286" lemma="sigā+nǭ’gi" tahendus="seanahkne" ingl="pigskin" liik="A" vorm="sg.el.">sigā+nā’gist</sone><sone id="l33_s27" lk="286" lemma="kǭ’skõ" tahendus="kasukas" ingl="coat" liik="S" vorm="sg.gen.">kā’sk</sone><sone id="l33_s28" lk="286" lemma="i’lzõ" tahendus="ülle" ingl="on" liik="Adv">il’z</sone><sone id="l33_s29" lk="286" lemma="un" tahendus="ja" ingl="and" liik="Konj">un</sone><sone id="l33_s30" lk="286" lemma="lǟʼdõ" tahendus="minna" ingl="go" liik="V" vorm="nud.sg.">lǟ’nd</sone><sone id="l33_s31" lk="286" lemma="sigā" tahendus="siga" ingl="pig" liik="S" vorm="pl.part.">si’gd́i</sone><sone id="l33_s32" lk="286" lemma="kū’opõ" tahendus="talitada" ingl="take care" liik="V" vorm="sup.">ku’opəm</sone><sone id="l33_s33" lk="286" meta="vahemärk">.</sone></lause><lause id="l34"><sone id="l34_s1" lk="286" lemma="un" tahendus="ja" ingl="and" liik="Konj">un</sone><sone id="l34_s2" lk="286" lemma="ne’i" tahendus="nii" ingl="so" liik="ProAdv">nei</sone><sone id="l34_s3" lk="286" lemma="se" tahendus="see" ingl="this" liik="ProS" vorm="sg.nom.">se</sone><sone id="l34_s4" lk="286" lemma="su’lli" tahendus="teener" ingl="servant" liik="S" vorm="sg.nom.">sul’li</sone><sone id="l34_s5" lk="286" lemma="vȱlda" tahendus="olla" ingl="be" liik="Va" vorm="pers.ind.pr.sg.3.">um</sone><sone id="l34_s6" lk="286" lemma="vīdõ" tahendus="viia" ingl="take" liik="V" vorm="nud.sg.">vīnd</sone><sone id="l34_s7" lk="286" lemma="se" tahendus="see" ingl="this" liik="ProS" vorm="sg.gen.">sie̮</sone><sone id="l34_s8" lk="286" lemma="kēņig" tahendus="kuningas" ingl="king" liik="S" vorm="sg.dat.">kēńigən</sone><sone id="l34_s9" lk="286" lemma="sīlmad+ve’ž" tahendus="silmavesi" ingl="eye washing water" liik="S" vorm="sg.part.">sīlmad+vⁱe̮tā</sone><sone id="l34_s10" lk="286" meta="vahemärk">.</sone></lause><lause id="l35"><sone id="l35_s1" lk="286" lemma="un" tahendus="ja" ingl="and" liik="Konj">un</sone><sone id="l35_s2" lk="286" lemma="ne’i" tahendus="nii" ingl="so" liik="ProAdv">nei</sone><sone id="l35_s3" lk="286" lemma="se" tahendus="see" ingl="this" liik="ProS" vorm="sg.nom.">se</sone><sone id="l35_s4" lk="286" lemma="sigād+neitst" tahendus="seatalitaja" ingl="pig attendant" liik="S" vorm="sg.nom.">sigā+neitst</sone><sone id="l35_s5" lk="286" lemma="vȱlda" tahendus="olla" ingl="be" liik="Va" vorm="pers.ind.pr.sg.3.">um’</sone><sone id="l35_s6" lk="286" lemma="lǟʼdõ" tahendus="minna" ingl="go" liik="V" vorm="nud.sg.">lǟ’nd</sone><sone id="l35_s7" lk="286" lemma="un" tahendus="ja" ingl="and" liik="Konj">un</sone><sone id="l35_s8" lk="286" lemma="tūodõ" tahendus="tuua" ingl="bring" liik="V" vorm="nud.sg.">tuond</sone><sone id="l35_s9" lk="286" lemma="jarā" tahendus="ära" ingl="away" liik="Adva">je̮rā</sone><sone id="l35_s10" lk="286" meta="vahemärk">,</sone><sone id="l35_s11" lk="286" lemma="un" tahendus="ja" ingl="and" liik="Konj">un</sone><sone id="l35_s12" lk="286" lemma="ne’i" tahendus="nii" ingl="so" liik="ProAdv">nei</sone><sone id="l35_s13" lk="286" lemma="se" tahendus="see" ingl="this" liik="ProS" vorm="sg.nom.">se</sone><sone id="l35_s14" lk="286" lemma="kēņig" tahendus="kuningas" ingl="king" liik="S" vorm="sg.nom.">kēńig</sone><sone id="l35_s15" lk="286" lemma="vȱlda" tahendus="olla" ingl="be" liik="Va" vorm="pers.ind.pr.sg.3.">um</sone><sone id="l35_s16" lk="286" lemma="kītõ" tahendus="öelda" ingl="say" liik="V" vorm="nud.sg.">kītən</sone><sone id="l35_s17" lk="286" lemma="se" tahendus="see" ingl="this" liik="ProS" vorm="sg.dat.">sien</sone><sone id="l35_s18" lk="286" meta="vahemärk">,</sone><sone id="l35_s19" lk="286" lemma="lǟ’dõ" tahendus="minna" ingl="go" liik="V" vorm="pers.knd.pr.sg.3.">lǟ’ks</sone><sone id="l35_s20" lk="286" lemma="kem" tahendus="kamm" ingl="comb" liik="S" vorm="sg.instl.">kemkəks</sone><sone id="l35_s21" lk="286" lemma="sīlma" tahendus="silm" ingl="eye" liik="S" vorm="pl.gen.">sīlmad</sone><sone id="l35_s22" lk="286" lemma="jarā" tahendus="ära" liik="Adva">je̮rā</sone><sone id="l35_s23" lk="286" lemma="grämžõ" tahendus="kriimustada" ingl="scratch" liik="V" vorm="sup.">gräm’žəm</sone><sone id="l35_s24" lk="286" meta="vahemärk">(</sone><sone id="l35_s25" lk="286" meta="kommentaar">pro</sone><sone id="l35_s26" lk="286" meta="kommentaar">grämžə?)</sone><sone id="l35_s27" lk="286" meta="vahemärk">.</sone></lause><lause id="l36"><sone id="l36_s1" lk="286" lemma="un" tahendus="ja" ingl="and" liik="Konj">un</sone><sone id="l36_s2" lk="286" lemma="ne’i" tahendus="nii" ingl="so" liik="ProAdv">nei</sone><sone id="l36_s3" lk="286" lemma="se" tahendus="see" ingl="this" liik="ProS" vorm="sg.nom.">se</sone><sone id="l36_s4" lk="286" lemma="kēņig" tahendus="kuningas" ingl="king" liik="S" vorm="sg.nom.">kēńig</sone><sone id="l36_s5" lk="286" lemma="vȱlda" tahendus="olla" ingl="be" liik="Va" vorm="pers.ind.pr.sg.3.">um</sone><sone id="l36_s6" lk="286" lemma="lǟʼdõ" tahendus="minna" ingl="go" liik="V" vorm="nud.sg.">lǟ’nd</sone><sone id="l36_s7" lk="286" lemma="te’iž" tahendus="jälle" ingl="again" liik="Adv">täi’z</sone><sone id="l36_s8" lk="286" lemma="sīnõ" tahendus="sinna" ingl="there" liik="ProAdv">sīn</sone><sone id="l36_s9" lk="286" lemma="ī’ž" tahendus="sama" ingl="same" liik="Adv" vorm="sg.gen.">ī’ž</sone><sone id="l36_s10" lk="286" lemma="bal" tahendus="ball" ingl="ball" liik="S" vorm="pl.gen.">balləd</sone><sone id="l36_s11" lk="286" lemma="pǟl " tahendus="peale" ingl="on" liik="Post" vorm="sg.nom.">pǟl</sone><sone id="l36_s12" lk="286" meta="vahemärk">.</sone></lause><lause id="l37"><sone id="l37_s1" lk="286" lemma="un" tahendus="ja" ingl="and" liik="Konj">un</sone><sone id="l37_s2" lk="286" lemma="ne’i" tahendus="nii" ingl="so" liik="ProAdv">nei</sone><sone id="l37_s3" lk="286" lemma="se" tahendus="see" ingl="this" liik="ProS" vorm="sg.nom.">se</sone><sone id="l37_s4" lk="286" lemma="neitst" tahendus="neiu" ingl="maiden" liik="S" vorm="sg.nom.">neitst</sone><sone id="l37_s5" lk="286" lemma="vȱlda" tahendus="olla" ingl="be" liik="Va" vorm="pers.ind.pr.sg.3.">um</sone><sone id="l37_s6" lk="286" lemma="lǟʼdõ" tahendus="minna" ingl="go" liik="V" vorm="nud.sg.">lǟ’nd</sone><sone id="l37_s7" lk="286" lemma="se" tahendus="see" ingl="this" liik="ProS" vorm="sg.gen.">sie</sone><sone id="l37_s8" lk="286" lemma="täm" tahendus="tamm" ingl="oak" liik="S" vorm="sg.gen.">tamm</sone><sone id="l37_s9" lk="286" lemma="jūr" tahendus="juurde" ingl="to" liik="Post">jūr</sone><sone id="l37_s10" lk="286" lemma="un" tahendus="ja" ingl="and" liik="Konj">un</sone><sone id="l37_s11" lk="286" lemma="vie’ddõ" tahendus="tõmmata" ingl="pull" liik="V" vorm="nud.sg.">vⁱe̮’ddən</sone><sone id="l37_s12" lk="287" lemma="se" tahendus="see" ingl="this" liik="ProS" vorm="sg.gen.">sie</sone><sone id="l37_s13" lk="287" lemma="sigā+nǭ’gi" tahendus="seanahkne" ingl="pigskin" liik="A" vorm="sg.gen.">sigā+nā’giz</sone><sone id="l37_s14" lk="287" lemma="kǭ’skõ" tahendus="kasukas" ingl="coat" liik="S" vorm="sg.gen.">kā’skə</sone><sone id="l37_s15" lk="287" lemma="mǭ’" tahendus="ära" ingl="off" liik="Adva">mā’</sone><sone id="l37_s16" lk="287" meta="vahemärk">,</sone><sone id="l37_s17" lk="287" lemma="un" tahendus="ja" ingl="and" liik="Konj">un</sone><sone id="l37_s18" lk="287" lemma="ne’i" tahendus="nii" ingl="so" liik="ProAdv">nei</sone><sone id="l37_s19" lk="287" lemma="tämā" tahendus="tema" ingl="she" liik="ProS" vorm="sg.nom.">ta</sone><sone id="l37_s20" lk="287" lemma="vȱlda" tahendus="olla" ingl="be" liik="Va" vorm="pers.ind.pr.sg.3.">um</sone><sone id="l37_s21" lk="287" lemma="astõ" tahendus="astuda" ingl="step" liik="V" vorm="nud.sg.">astən</sone><sone id="l37_s22" lk="287" lemma="luft+kuo’ig" tahendus="õhulaev" ingl="airship" liik="S" vorm="sg.gen.">luft+kᵘoi’g</sone><sone id="l37_s23" lk="287" lemma="pǟl " tahendus="peale" ingl="on" liik="Post">pǟl</sone><sone id="l37_s24" lk="287" lemma="un" tahendus="ja" ingl="and" liik="Konj">un</sone><sone id="l37_s25" lk="287" lemma="lǟʼdõ" tahendus="minna" ingl="go" liik="V" vorm="nud.sg.">lǟ’nd</sone><sone id="l37_s26" lk="287" lemma="sīnõ" tahendus="sinna" ingl="there" liik="ProAdv">sīnə</sone><sone id="l37_s27" lk="287" meta="vahemärk">.</sone></lause><lause id="l38"><sone id="l38_s1" lk="287" lemma="un" tahendus="ja" ingl="and" liik="Konj">un</sone><sone id="l38_s2" lk="287" lemma="ne’i" tahendus="nii" ingl="so" liik="ProAdv">nei</sone><sone id="l38_s3" lk="287" lemma="ne" tahendus="nemad" ingl="they" liik="ProS" vorm="pl.nom.">ne</sone><sone id="l38_s4" lk="287" lemma="vȱlda" tahendus="olla" ingl="be" liik="Va" vorm="pers.ind.pr.pl.3.">ā’t</sone><sone id="l38_s5" lk="287" lemma="kutsõ" tahendus="kutsuda" ingl="invite" liik="V" vorm="nud.pl.">kutsənəd</sone><sone id="l38_s6" lk="287" lemma="sīedõ" tahendus="süüa" ingl="eat" liik="V" vorm="sup.">siemə</sone><sone id="l38_s7" lk="287" meta="vahemärk">.</sone></lause><lause id="l39"><sone id="l39_s1" lk="287" lemma="un" tahendus="ja" ingl="and" liik="Konj">un</sone><sone id="l39_s2" lk="287" lemma="ne’i" tahendus="nii" ingl="so" liik="ProAdv">nei</sone><sone id="l39_s3" lk="287" lemma="tämā" tahendus="tema" ingl="she" liik="ProS" vorm="sg.nom.">ta</sone><sone id="l39_s4" lk="287" lemma="vȱlda" tahendus="olla" ingl="be" liik="Va" vorm="pers.ind.pr.sg.3.">um</sone><sone id="l39_s5" lk="287" lemma="lǟʼdõ" tahendus="minna" ingl="go" liik="V" vorm="nud.sg.">lǟ’nd</sone><sone id="l39_s6" lk="287" meta="vahemärk">.</sone></lause><lause id="l40"><sone id="l40_s1" lk="287" lemma="un" tahendus="ja" ingl="and" liik="Konj">un</sone><sone id="l40_s2" lk="287" lemma="ne’i" tahendus="nii" ingl="so" liik="ProAdv">nei</sone><sone id="l40_s3" lk="287" lemma="vȱlda" tahendus="olla" ingl="be" liik="Va" vorm="pers.ind.pr.pl.3.">ā’t</sone><sone id="l40_s4" lk="287" lemma="lǟʼdõ" tahendus="minna" ingl="go" liik="V" vorm="nud.pl.">lǟ’nəd</sone><sone id="l40_s5" lk="287" lemma="kutsõ" tahendus="kutsuda" ingl="invite" liik="V" vorm="sup.">kutsəm</sone><sone id="l40_s6" lk="287" lemma="daņtšõ" tahendus="tantsida" ingl="dance" liik="V" vorm="sup.">dańt́šəm</sone><sone id="l40_s7" lk="287" meta="vahemärk">.</sone></lause><lause id="l41"><sone id="l41_s1" lk="287" lemma="un" tahendus="ja" ingl="and" liik="Konj">un</sone><sone id="l41_s2" lk="287" lemma="ne’i" tahendus="nii" ingl="so" liik="ProAdv">nei</sone><sone id="l41_s3" lk="287" lemma="tämā" tahendus="tema" ingl="she" liik="ProS" vorm="sg.nom.">ta</sone><sone id="l41_s4" lk="287" lemma="vȱlda" tahendus="olla" ingl="be" liik="Va" vorm="pers.ind.pr.sg.3.">um’</sone><sone id="l41_s5" lk="287" lemma="lǟʼdõ" tahendus="minna" ingl="go" liik="V" vorm="nud.sg.">lǟ’nd</sone><sone id="l41_s6" lk="287" meta="vahemärk">.</sone></lause><lause id="l42"><sone id="l42_s1" lk="287" lemma="un" tahendus="ja" ingl="and" liik="Konj">un</sone><sone id="l42_s2" lk="287" lemma="ne’i" tahendus="nii" ingl="so" liik="ProAdv">nei</sone><sone id="l42_s3" lk="287" lemma="vȱlda" tahendus="olla" ingl="be" liik="Va" vorm="pers.ind.pr.pl.3.">ā’t</sone><sone id="l42_s4" lk="287" lemma="tǭ’dõ" tahendus="tahta" ingl="want" liik="V" vorm="nud.pl.">tā’dənəd</sone><sone id="l42_s5" lk="287" lemma="rõkkõl" tahendus="jutule" ingl="talk" liik="Adv">ri̮kkəl</sone><sone id="l42_s6" lk="287" lemma="sǭdõ" tahendus="saada" ingl="get" liik="V" vorm="inf.">sādə</sone><sone id="l42_s7" lk="287" meta="vahemärk">.</sone></lause><lause id="l43"><sone id="l43_s1" lk="287" lemma="un" tahendus="ja" ingl="and" liik="Konj">un</sone><sone id="l43_s2" lk="287" lemma="ne’i" tahendus="nii" ingl="so" liik="ProAdv">nei</sone><sone id="l43_s3" lk="287" lemma="tämā" tahendus="tema" ingl="she" liik="ProS" vorm="sg.nom.">ta</sone><sone id="l43_s4" lk="287" lemma="vȱlda" tahendus="olla" ingl="be" liik="Va" vorm="pers.ind.pr.sg.3.">um</sone><sone id="l43_s5" lk="287" lemma="lǟʼdõ" tahendus="minna" ingl="go" liik="V" vorm="nud.sg.">lǟ’nd</sone><sone id="l43_s6" lk="287" lemma="jarā" tahendus="ära" ingl="away" liik="Adva">je̮rā</sone><sone id="l43_s7" lk="287" meta="vahemärk">.</sone></lause><lause id="l44"><sone id="l44_s1" lk="287" lemma="un" tahendus="ja" ingl="and" liik="Konj">un</sone><sone id="l44_s2" lk="287" lemma="ne’i" tahendus="nii" ingl="so" liik="ProAdv">nei</sone><sone id="l44_s3" lk="287" lemma="ka" tahendus="ka" ingl="also" liik="ModAdv">ka</sone><sone id="l44_s4" lk="287" lemma="lǟʼdõ" tahendus="minna" ingl="go" liik="V" vorm="nud.sg.">lǟ’nd</sone><sone id="l44_s5" lk="287" lemma="sīnõ" tahendus="sinna" ingl="there" liik="ProAdv">sīn</sone><sone id="l44_s6" lk="287" lemma="se" tahendus="see" ingl="this" liik="ProS" vorm="sg.gen.">sie</sone><sone id="l44_s7" lk="287" lemma="täm" tahendus="tamm" ingl="oak" liik="S" vorm="sg.gen.">tam</sone><sone id="l44_s8" lk="287" lemma="jūr" tahendus="juurde" ingl="to" liik="Post">jur</sone><sone id="l44_s9" lk="287" meta="vahemärk">.</sone></lause><lause id="l45"><sone id="l45_s1" lk="287" lemma="ne’i" tahendus="nii" ingl="so" liik="ProAdv">nei</sone><sone id="l45_s2" lk="287" lemma="ka" tahendus="ka" ingl="also" liik="ModAdv">ka</sone><sone id="l45_s3" lk="287" lemma="vie’ddõ" tahendus="tõmmata" ingl="pull" liik="V" vorm="nud.sg.">vⁱe̮’ddən</sone><sone id="l45_s4" lk="287" lemma="ne" tahendus="need" ingl="these" liik="ProS" vorm="pl.nom.">ne</sone><sone id="l45_s5" lk="287" lemma="kuldi" tahendus="kuldne" ingl="golden" liik="A" vorm="pl.nom.">kuldist</sone><sone id="l45_s6" lk="287" lemma="ǭ’rõnd" tahendus="riided" ingl="clothes" liik="S" vorm="pl.nom.">ā’rnəd</sone><sone id="l45_s7" lk="287" lemma="mǭ’" tahendus="ära" ingl="off" liik="Adva">mā’</sone><sone id="l45_s8" lk="287" lemma="un" tahendus="ja" ingl="and" liik="Konj">un</sone><sone id="l45_s9" lk="287" lemma="ne’i" tahendus="nii" ingl="so" liik="ProAdv">nei</sone><sone id="l45_s10" lk="287" lemma="vie’ddõ" tahendus="tõmmata" ingl="pull" liik="V" vorm="nud.sg.">vⁱe̮’ddən</sone><sone id="l45_s11" lk="287" lemma="se" tahendus="see" ingl="this" liik="ProS" vorm="sg.gen.">sie</sone><sone id="l45_s12" lk="287" lemma="sigā+nǭ’gi" tahendus="seanahkne" ingl="pigskin" liik="A" vorm="sg.gen.">sigā+nā’giz</sone><sone id="l45_s13" lk="287" lemma="kǭ’skõ" tahendus="kasukas" ingl="coat" liik="S" vorm="sg.gen.">kā’sk</sone><sone id="l45_s14" lk="287" lemma="i’lzõ" tahendus="ülle" ingl="on" liik="Adv">il’z</sone><sone id="l45_s15" lk="287" meta="vahemärk">.</sone></lause><lause id="l46"><sone id="l46_s1" lk="287" lemma="un" tahendus="ja" ingl="and" liik="Konj">un</sone><sone id="l46_s2" lk="287" lemma="ne’i" tahendus="nii" ingl="so" liik="ProAdv">nei</sone><sone id="l46_s3" lk="287" lemma="ka" tahendus="ka" ingl="also" liik="ModAdv">ka</sone><sone id="l46_s4" lk="287" lemma="tūlda" tahendus="tulla" ingl="come" liik="V" vorm="nud.sg.">tund</sone><sone id="l46_s5" lk="287" lemma="te’iž" tahendus="jälle" ingl="again" liik="Adv">täi’z</sone><sone id="l46_s6" lk="287" lemma="sigā" tahendus="siga" ingl="pig" liik="S" vorm="pl.part.">si’gd́i</sone><sone id="l46_s7" lk="287" lemma="kū’opõ" tahendus="talitada" ingl="take care" liik="V" vorm="sup.">ku’opəm</sone><sone id="l46_s8" lk="287" meta="vahemärk">.</sone></lause><lause id="l47"><sone id="l47_s1" lk="287" lemma="ne’i" tahendus="nii" ingl="so" liik="ProAdv">nei</sone><sone id="l47_s2" lk="287" lemma="te’iž" tahendus="jälle" ingl="again" liik="Adv">täi’z</sone><sone id="l47_s3" lk="287" lemma="se" tahendus="see" ingl="this" liik="ProS" vorm="sg.nom.">se</sone><sone id="l47_s4" lk="287" lemma="su’lli" tahendus="teener" ingl="servant" liik="S" vorm="sg.nom.">sul’li</sone><sone id="l47_s5" lk="287" lemma="vīdõ" tahendus="viia" ingl="take" liik="V" vorm="nud.sg.">viend</sone><sone id="l47_s6" lk="287" lemma="se" tahendus="see" ingl="this" liik="ProS" vorm="sg.gen.">sie</sone><sone id="l47_s7" lk="287" lemma="kēņig" tahendus="kuningas" ingl="king" liik="S" vorm="sg.dat.">kēńigən</sone><sone id="l47_s8" lk="287" lemma="sīlmad+ve’ž" tahendus="silmavesi" ingl="eye washing water" liik="S" vorm="sg.part.">sīlmad+vⁱe̮tā</sone><sone id="l47_s9" lk="287" meta="vahemärk">.</sone></lause><lause id="l48"><sone id="l48_s1" lk="287" lemma="ne’i" tahendus="nii" ingl="so" liik="ProAdv">nei</sone><sone id="l48_s2" lk="287" lemma="ka" tahendus="ka" ingl="also" liik="ModAdv">ka</sone><sone id="l48_s3" lk="287" lemma="se" tahendus="see" ingl="this" liik="ProS" vorm="sg.nom.">se</sone><sone id="l48_s4" lk="287" lemma="sigād+neitst" tahendus="seatalitaja" ingl="pig attendant" liik="S" vorm="sg.nom.">sigā+neitst</sone><sone id="l48_s5" lk="287" lemma="tūodõ" tahendus="tuua" ingl="bring" liik="V" vorm="nud.sg.">tuond</sone><sone id="l48_s6" lk="287" lemma="se" tahendus="see" ingl="this" liik="ProS" vorm="sg.gen.">sie</sone><sone id="l48_s7" lk="287" lemma="sīlmad+ve’ž" tahendus="silmavesi" ingl="eye washing water" liik="S" vorm="sg.gen.">sīlma+vⁱe̮’d</sone><sone id="l48_s8" lk="287" lemma="järā" tahendus="ära" ingl="over" liik="Adva">je̮ra</sone><sone id="l48_s9" lk="287" meta="vahemärk">.</sone></lause><lause id="l49"><sone id="l49_s1" lk="287" lemma="ne’i" tahendus="nii" ingl="so" liik="ProAdv">nei</sone><sone id="l49_s2" lk="287" lemma="ka" tahendus="ka" ingl="also" liik="ModAdv">ka</sone><sone id="l49_s3" lk="287" lemma="se" tahendus="see" ingl="this" liik="ProS" vorm="sg.nom.">se</sone><sone id="l49_s4" lk="287" lemma="kēņig" tahendus="kuningas" ingl="king" liik="S" vorm="sg.nom.">kēńig</sone><sone id="l49_s5" lk="287" lemma="vȱlda" tahendus="olla" ingl="be" liik="Va" vorm="pers.ind.pr.sg.3.">um</sone><sone id="l49_s6" lk="287" lemma="vȱlda" tahendus="olla" ingl="be" liik="V" vorm="nud.sg.">ve̮nd</sone><sone id="l49_s7" lk="287" lemma="ne’i" tahendus="nii" ingl="so" liik="ProAdv">nei</sone><sone id="l49_s8" lk="287" lemma="kõ’zzi" tahendus="vihane" ingl="angry" liik="A" vorm="sg.nom.">ki̮’zzi</sone><sone id="l49_s9" lk="287" meta="vahemärk">.</sone></lause><lause id="l50"><sone id="l50_s1" lk="287" lemma="ne’i" tahendus="nii" ingl="so" liik="ProAdv">nei</sone><sone id="l50_s2" lk="287" lemma="ka" tahendus="ka" ingl="also" liik="ModAdv">ka</sone><sone id="l50_s3" lk="287" lemma="kītõ" tahendus="öelda" ingl="say" liik="V" vorm="nud.sg.">kītən</sone><sone id="l50_s4" lk="287" lemma="te’iž" tahendus="jälle" ingl="again" liik="Adv">täi’z</sone><sone id="l50_s5" lk="287" meta="vahemärk">,</sone><sone id="l50_s6" lk="287" lemma="ku" tahendus="et" ingl="that" liik="Konj">ku</sone><sone id="l50_s7" lk="287" lemma="lǟ’dõ" tahendus="minna" ingl="go" liik="V" vorm="pers.kvt.pr.sg.3.">lē’ji</sone><sone id="l50_s8" lk="287" lemma="kem" tahendus="kamm" ingl="comb" liik="S" vorm="sg.instl.">kemkəks</sone><sone id="l50_s9" lk="287" lemma="sīlma" tahendus="silm" ingl="eye" liik="S" vorm="pl.gen.">sīlmad</sone><sone id="l50_s10" lk="287" lemma="ulz" tahendus="välja" ingl="out" liik="Adva">ulz</sone><sone id="l50_s11" lk="287" lemma="kīskõ" tahendus="kiskuda" ingl="rip" liik="V" vorm="inf.">kīskə</sone><sone id="l50_s12" lk="287" meta="vahemärk">.</sone></lause><lause id="l51"><sone id="l51_s1" lk="287" lemma="ne’i" tahendus="nii" ingl="so" liik="ProAdv">nei</sone><sone id="l51_s2" lk="287" lemma="ka" tahendus="ka" ingl="also" liik="ModAdv">ka</sone><sone id="l51_s3" lk="287" lemma="se" tahendus="see" ingl="this" liik="ProS" vorm="sg.nom.">se</sone><sone id="l51_s4" lk="287" lemma="kēņig" tahendus="kuningas" ingl="king" liik="S" vorm="sg.nom.">kēńig</sone><sone id="l51_s5" lk="287" lemma="sa+kēratõ" tahendus="kirjutada" ingl="write" liik="V" vorm="nud.sg.prf.">sa+kēratən</sone><sone id="l51_s6" lk="287" lemma="te’iž" tahendus="jälle" ingl="again" liik="Adv">täi’z</sone><sone id="l51_s7" lk="287" lemma="rǭntõz" tahendus="kiri" ingl="letter" liik="S" vorm="pl.nom.">rāntəd</sone><sone id="l51_s8" lk="287" lemma="amād" tahendus="kõik" ingl="all" liik="ProS" vorm="pl.gen.">amād</sone><sone id="l51_s9" lk="287" lemma="kēņig" tahendus="kuningas" ingl="king" liik="S" vorm="pl.dat.">kēńigədən</sone><sone id="l51_s10" lk="287" meta="vahemärk">,</sone><sone id="l51_s11" lk="287" lemma="la’z" tahendus="las" ingl="let" liik="ModAdv">laz</sone><sone id="l51_s12" lk="287" lemma="tūlda" tahendus="tulla" ingl="come" liik="V" vorm="pers.jus.pr.pl.3.">tulgəd</sone><sone id="l51_s13" lk="287" lemma="bal" tahendus="ball" ingl="ball" liik="S" vorm="pl.gen.">balləd</sone><sone id="l51_s14" lk="287" lemma="pǟl " tahendus="peale" ingl="on" liik="Post">pǟl</sone><sone id="l51_s15" lk="287" meta="vahemärk">.</sone></lause><lause id="l52"><sone id="l52_s1" lk="287" lemma="ni" tahendus="nüüd" ingl="now" liik="Adv">ni</sone><sone id="l52_s2" lk="287" lemma="se" tahendus="see" ingl="this" liik="ProS" vorm="sg.nom.">se</sone><sone id="l52_s3" lk="287" lemma="sigād+neitst" tahendus="seatalitaja" ingl="pig attendant" liik="S" vorm="sg.nom.">sigād+neitst</sone><sone id="l52_s4" lk="287" lemma="vȱlda" tahendus="olla" ingl="be" liik="Va" vorm="nud.sg.">ve̮nd</sone><sone id="l52_s5" lk="287" lemma="sigā" tahendus="siga" ingl="pig" liik="S" vorm="pl.nom.">sigād</sone><sone id="l52_s6" lk="287" lemma="no+kū’opõ" tahendus="talitada" ingl="take care of" liik="V" vorm="nud.sg.prf.">nu’o+ku’opən</sone><sone id="l52_s7" lk="287" meta="vahemärk">(</sone><sone id="l52_s8" lk="287" lemma="un" tahendus="ja" ingl="and" liik="Konj">un</sone><sone id="l52_s9" lk="287" meta="vahemärk">)</sone><sone id="l52_s10" lk="287" lemma="te’iž" tahendus="jälle" ingl="again" liik="Adv">täi’z</sone><sone id="l52_s11" lk="287" lemma="lǟʼdõ" tahendus="minna" ingl="go" liik="V" vorm="nud.sg.">lǟ’nd</sone><sone id="l52_s12" lk="287" lemma="sīnõ" tahendus="sinna" ingl="there" liik="ProAdv">sīn</sone><sone id="l52_s13" lk="287" lemma="se" tahendus="see" ingl="this" liik="ProS" vorm="sg.gen.">sie</sone><sone id="l52_s14" lk="287" lemma="täm" tahendus="tamm" ingl="oak" liik="S" vorm="sg.gen.">tamm</sone><sone id="l52_s15" lk="287" lemma="jūr" tahendus="juurde" ingl="to" liik="Post">jūr</sone><sone id="l52_s16" lk="287" meta="vahemärk">.</sone><sone id="l52_s17" lk="287" lemma="ne’i" tahendus="nii" ingl="so" liik="ProAdv">ne</sone><sone id="l52_s18" lk="287" lemma="ka" tahendus="ka" ingl="also" liik="ModAdv">ka</sone><sone id="l52_s19" lk="287" lemma="vie’ddõ" tahendus="tõmmata" ingl="pull" liik="V" vorm="nud.sg.">vⁱe̮’ddən</sone><sone id="l52_s20" lk="287" lemma="ne" tahendus="need" ingl="these" liik="ProS" vorm="pl.nom.">ne</sone><sone id="l52_s21" lk="287" lemma="dimanti" tahendus="teemandine" ingl="diamond" liik="A" vorm="pl.nom.">dimāntist</sone><sone id="l52_s22" lk="287" lemma="ǭ’rõnd" tahendus="riided" ingl="clothes" liik="S" vorm="pl.nom.">ā’rnəd</sone><sone id="l52_s23" lk="287" lemma="i’lzõ" tahendus="ülle" ingl="on" liik="Adv">ül’z</sone><sone id="l52_s24" lk="287" meta="vahemärk">,</sone><sone id="l52_s25" lk="287" lemma="ne’i" tahendus="nii" ingl="so" liik="ProAdv">nei</sone><sone id="l52_s26" lk="287" lemma="ka" tahendus="ka" ingl="also" liik="ModAdv">ka</sone><sone id="l52_s27" lk="287" lemma="tūlda" tahendus="tulla" ingl="come" liik="V" vorm="nud.sg.">tund</sone><sone id="l52_s28" lk="287" lemma="luft+kuo’ig" tahendus="õhulaev" ingl="airship" liik="S" vorm="sg.nom.">luft+kᵘoi’g</sone><sone id="l52_s29" lk="287" lemma="mǭ’" tahendus="maha" ingl="down" liik="Adva">mā’</sone><sone id="l52_s30" lk="287" lemma="un" tahendus="ja" ingl="and" liik="Konj">un</sone><sone id="l52_s31" lk="287" lemma="ne’i" tahendus="nii" ingl="so" liik="ProAdv">nei</sone><sone id="l52_s32" lk="287" lemma="ka" tahendus="ka" ingl="also" liik="ModAdv">ka</sone><sone id="l52_s33" lk="287" lemma="astõ" tahendus="astuda" ingl="step" liik="V" vorm="nud.sg.">astən</sone><sone id="l52_s34" lk="287" lemma="se" tahendus="see" ingl="this" liik="ProS" vorm="sg.ill.">si’ezə</sone><sone id="l52_s35" lk="287" lemma="luft+kuo’ig" tahendus="õhulaev" ingl="airship" liik="S" vorm="sg.ill.">luft+kᵘoi’gə</sone><sone id="l52_s36" lk="287" lemma="un" tahendus="ja" ingl="and" liik="Konj">un</sone><sone id="l52_s37" lk="287" lemma="tūlda" tahendus="tulla" ingl="come" liik="V" vorm="nud.sg.">tund</sone><sone id="l52_s38" lk="287" lemma="sīnõ" tahendus="sinna" ingl="there" liik="ProAdv">sīn</sone><sone id="l52_s39" lk="287" lemma="se" tahendus="see" ingl="this" liik="ProS" vorm="sg.gen.">sie</sone><sone id="l52_s40" lk="287" lemma="tubā" tahendus="elamu" ingl="house" liik="S" vorm="sg.gen.">tubā</sone><sone id="l52_s41" lk="287" lemma="jūr" tahendus="juurde" ingl="to" liik="Post">jūr</sone><sone id="l52_s42" lk="287" meta="vahemärk">.</sone></lause><lause id="l53"><sone id="l53_s1" lk="287" lemma="ne’i" tahendus="nii" ingl="so" liik="ProAdv">ne</sone><sone id="l53_s2" lk="287" lemma="ka" tahendus="ka" ingl="also" liik="ModAdv">ka</sone><sone id="l53_s3" lk="287" lemma="se" tahendus="see" ingl="this" liik="ProS" vorm="sg.nom.">se</sone><sone id="l53_s4" lk="287" lemma="luft+kuo’ig" tahendus="õhulaev" ingl="airship" liik="S" vorm="sg.nom.">luft+kᵘoi’g</sone><sone id="l53_s5" lk="287" lemma="laskõ " tahendus="laskuda" ingl="descend" liik="V" vorm="nud.sg.">lassən</sone><sone id="l53_s6" lk="287" lemma="mǭ’" tahendus="maha" ingl="down" liik="Adva">mā’</sone><sone id="l53_s7" lk="287" meta="vahemärk">.</sone></lause><lause id="l54"><sone id="l54_s1" lk="287" lemma="ne’i" tahendus="nii" ingl="so" liik="ProAdv">ne</sone><sone id="l54_s2" lk="287" lemma="ka" tahendus="ka" ingl="also" liik="ModAdv">ka</sone><sone id="l54_s3" lk="287" lemma="se" tahendus="see" ingl="this" liik="ProS" vorm="sg.nom.">se</sone><sone id="l54_s4" lk="287" lemma="neitst" tahendus="neiu" ingl="maiden" liik="S" vorm="sg.nom.">neitst</sone><sone id="l54_s5" lk="287" lemma="astõ" tahendus="astuda" ingl="step" liik="V" vorm="nud.sg.">astən</sone><sone id="l54_s6" lk="287" lemma="ulz" tahendus="välja" ingl="out" liik="Adva">ulz</sone><sone id="l54_s7" lk="287" lemma="un" tahendus="ja" ingl="and" liik="Konj">un</sone><sone id="l54_s8" lk="287" lemma="ka" tahendus="ka" ingl="also" liik="ModAdv">ka</sone><sone id="l54_s9" lk="287" lemma="se" tahendus="see" ingl="this" liik="ProS" vorm="sg.nom.">se</sone><sone id="l54_s10" lk="287" lemma="luft+kuo’ig" tahendus="õhulaev" ingl="airship" liik="S" vorm="sg.nom.">luft+kᵘoi’g</sone><sone id="l54_s11" lk="287" lemma="a’ilõ" tahendus="söösta" lati="swoop" ingl="run" liik="V" vorm="nud.sg.">ai’lən</sone><sone id="l54_s12" lk="287" lemma="i’lzõ" tahendus="üles" ingl="up" liik="Adva">ül’z</sone><sone id="l54_s13" lk="287" meta="vahemärk">.</sone></lause><lause id="l55"><sone id="l55_s1" lk="287" lemma="ne’i" tahendus="nii" ingl="so" liik="ProAdv">nei</sone><sone id="l55_s2" lk="287" lemma="tämā" tahendus="tema" ingl="she" liik="ProS" vorm="sg.nom.">ta</sone><sone id="l55_s3" lk="287" lemma="lǟʼdõ" tahendus="minna" ingl="go" liik="V" vorm="nud.sg.">lǟ’nd</sone><sone id="l55_s4" lk="287" lemma="tubā" tahendus="elamu" ingl="house" liik="S" vorm="sg.ill.">tu’bbə</sone><sone id="l55_s5" lk="287" meta="vahemärk">.</sone></lause><lause id="l56"><sone id="l56_s1" lk="287" lemma="ni" tahendus="nüüd" ingl="now" liik="Adv">ni</sone><sone id="l56_s2" lk="287" lemma="mit+ikš" tahendus="mitte keegi" ingl="nonone" liik="ProS" vorm="sg.nom.">mit+ükš</sone><sone id="l56_s3" lk="287" lemma="ä’b" tahendus="ei" ingl="not" liik="Mn" vorm="pers.ind.pr.sg.3.">äb</sone><sone id="l56_s4" lk="287" lemma="vȱlda" tahendus="olla" ingl="be" liik="Va" vorm="pers.ind.sg.3.neg.">uo</sone><sone id="l56_s5" lk="287" lemma="tū’oḑõ" tahendus="tohtida" ingl="may" liik="V" vorm="nud.sg.">tu’od́ən</sone><sone id="l56_s6" lk="287" lemma="tämā" tahendus="tema" ingl="she" liik="ProS" vorm="sg.part.">tǟnda</sone><sone id="l56_s7" lk="287" lemma="sīedõ" tahendus="süüa" ingl="eat" liik="V" vorm="sup.">siem</sone><sone id="l56_s8" lk="287" lemma="kutsõ" tahendus="kutsuda" ingl="invite" liik="V" vorm="inf.">kutsə</sone><sone id="l56_s9" lk="287" meta="vahemärk">.</sone></lause><lause id="l57"><sone id="l57_s1" lk="287" lemma="ni" tahendus="nüüd" ingl="now" liik="Adv">ni</sone><sone id="l57_s2" lk="287" lemma="tämā" tahendus="tema" ingl="she" liik="ProS" vorm="sg.gen.">täm’</sone><sone id="l57_s3" lk="288" lemma="eņtš" tahendus="oma" ingl="own" liik="ProS" vorm="sg.gen.">eńt́š</sone><sone id="l57_s4" lk="288" lemma="kēņig" tahendus="kuningas" ingl="king" liik="S" vorm="sg.nom.">kēńig</sone><sone id="l57_s5" lk="288" lemma="vȱlda" tahendus="olla" ingl="be" liik="Va" vorm="pers.ind.pr.sg.3.">um’</sone><sone id="l57_s6" lk="288" lemma="lǟʼdõ" tahendus="minna" ingl="go" liik="V" vorm="nud.sg.">lǟ’nd</sone><sone id="l57_s7" lk="288" lemma="sīedõ" tahendus="süüa" ingl="eat" liik="V" vorm="sup.">siem</sone><sone id="l57_s8" lk="288" lemma="kutsõ" tahendus="kutsuda" ingl="invite" liik="V" vorm="sup.">kutsəm</sone><sone id="l57_s9" lk="288" meta="vahemärk">.</sone></lause><lause id="l58"><sone id="l58_s1" lk="288" lemma="ne’i" tahendus="nii" ingl="so" liik="ProAdv">ne</sone><sone id="l58_s2" lk="288" lemma="ka" tahendus="ka" ingl="also" liik="ModAdv">ka</sone><sone id="l58_s3" lk="288" lemma="lǟʼdõ" tahendus="minna" ingl="go" liik="V" vorm="nud.sg.">lǟ’nd</sone><sone id="l58_s4" lk="288" lemma="ka" tahendus="ka" ingl="also" liik="ModAdv">ka</sone><sone id="l58_s5" lk="288" lemma="sīedõ" tahendus="süüa" ingl="eat" liik="V" vorm="sup.">siem</sone><sone id="l58_s6" lk="288" meta="vahemärk">.</sone></lause><lause id="l59"><sone id="l59_s1" lk="288" lemma="ne" tahendus="nemad" ingl="they" liik="ProS" vorm="pl.nom.">ne</sone><sone id="l59_s2" lk="288" lemma="vȱlda" tahendus="olla" ingl="be" liik="Va" vorm="pers.ind.pr.pl.3.">ā’t</sone><sone id="l59_s3" lk="288" lemma="no+sīedõ" tahendus="süüa" ingl="eat" liik="V" vorm="nud.pl.prf.">nu’o+sienəd</sone><sone id="l59_s4" lk="288" meta="vahemärk">.</sone></lause><lause id="l60"><sone id="l60_s1" lk="288" lemma="ni" tahendus="nüüd" ingl="now" liik="Adv">ni</sone><sone id="l60_s2" lk="288" lemma="irgõ" tahendus="hakata" ingl="begin" liik="V" vorm="ips.ind.pr.pl.3.">ürgəbəd</sone><sone id="l60_s3" lk="288" lemma="daņtšõ" tahendus="tantsida" ingl="dance" liik="V" vorm="inf.">dańt́šə</sone><sone id="l60_s4" lk="288" meta="vahemärk">.</sone></lause><lause id="l61"><sone id="l61_s1" lk="288" lemma="ni" tahendus="nüüd" ingl="now" liik="Adv">ni</sone><sone id="l61_s2" lk="288" lemma="lǟʼdõ" tahendus="minna" ingl="go" liik="V" vorm="ips.ind.pr.pl.3.">lǟ’bəd</sone><sone id="l61_s3" lk="288" lemma="daņtšõ" tahendus="tantsida" ingl="dance" liik="V" vorm="sup.">dańt́šəm</sone><sone id="l61_s4" lk="288" meta="vahemärk">.</sone></lause><lause id="l62"><sone id="l62_s1" lk="288" lemma="ni" tahendus="nüüd" ingl="now" liik="Adv">ni</sone><sone id="l62_s2" lk="288" lemma="mit+ikš" tahendus="mitte keegi" ingl="nonone" liik="ProS" vorm="sg.nom.">mit+ikš</sone><sone id="l62_s3" lk="288" lemma="ä’b" tahendus="ei" ingl="not" liik="Mn" vorm="pers.ind.pr.sg.3.">äb</sone><sone id="l62_s4" lk="288" lemma="vȱlda" tahendus="olla" ingl="be" liik="Va" vorm="pers.ind.sg.3.neg.">uo</sone><sone id="l62_s5" lk="288" lemma="tū’oḑõ" tahendus="tohtida" ingl="may" liik="V" vorm="nud.sg.">tu’od́ən</sone><sone id="l62_s6" lk="288" lemma="tämā" tahendus="tema" ingl="she" liik="ProS" vorm="sg.part.">tǟnda</sone><sone id="l62_s7" lk="288" lemma="daņtšõ" tahendus="tantsida" ingl="dance" liik="V" vorm="sup.">dańt́šəm</sone><sone id="l62_s8" lk="288" lemma="kutsõ" tahendus="kutsuda" ingl="invite" liik="V" vorm="inf.">kutsə</sone><sone id="l62_s9" lk="288" meta="vahemärk">.</sone></lause><lause id="l63"><sone id="l63_s1" lk="288" lemma="ne’i" tahendus="nii" ingl="so" liik="ProAdv">ne</sone><sone id="l63_s2" lk="288" lemma="se" tahendus="see" ingl="this" liik="ProS" vorm="sg.nom.">se</sone><sone id="l63_s3" lk="288" lemma="kēņig" tahendus="kuningas" ingl="king" liik="S" vorm="sg.nom.">kēńig</sone><sone id="l63_s4" lk="288" lemma="vȱlda" tahendus="olla" ingl="be" liik="Va" vorm="pers.ind.pr.sg.3.">um’</sone><sone id="l63_s5" lk="288" lemma="võttõ" tahendus="võtta" ingl="take" liik="V" vorm="nud.sg.">vi̮ttən</sone><sone id="l63_s6" lk="288" lemma="tämā" tahendus="tema" ingl="she" liik="ProS" vorm="sg.part.">tǟnda</sone><sone id="l63_s7" lk="288" lemma="daņtš" tahendus="tants" ingl="dance" liik="S" vorm="sg.all.">dańt́šəl</sone><sone id="l63_s8" lk="288" meta="vahemärk">.</sone></lause><lause id="l64"><sone id="l64_s1" lk="288" lemma="un" tahendus="ja" ingl="and" liik="Konj">un</sone><sone id="l64_s2" lk="288" lemma="ni" tahendus="nüüd" ingl="now" liik="Adv">ni</sone><sone id="l64_s3" lk="288" lemma="kēņig" tahendus="kuningas" ingl="king" liik="S" vorm="sg.nom.">kēńig</sone><sone id="l64_s4" lk="288" lemma="vȱlda" tahendus="olla" ingl="be" liik="Va" vorm="pers.ind.pr.sg.3.">um</sone><sone id="l64_s5" lk="288" lemma="tǭ’dõ" tahendus="tahta" ingl="want" liik="V" vorm="nud.sg.">tā’dən</sone><sone id="l64_s6" lk="288" lemma="rõkkõl" tahendus="jutule" ingl="talk" liik="Adv">ri̮kkəl</sone><sone id="l64_s7" lk="288" lemma="sǭdõ" tahendus="saada" ingl="get" liik="V" vorm="inf.">sā’də</sone><sone id="l64_s8" lk="288" lemma="tämā" tahendus="tema" ingl="she" liik="ProS" vorm="sg.instl.">täm’kəks</sone><sone id="l64_s9" lk="288" meta="vahemärk">.</sone></lause><lause id="l65"><sone id="l65_s1" lk="288" lemma="no" tahendus="no" ingl="so" liik="Par">no</sone><sone id="l65_s2" lk="288" meta="vahemärk">,</sone><sone id="l65_s3" lk="288" lemma="ni" tahendus="nüüd" ingl="now" liik="Adv">ni</sone><sone id="l65_s4" lk="288" lemma="tämā" tahendus="tema" ingl="she" liik="ProS" vorm="sg.nom.">ta</sone><sone id="l65_s5" lk="288" lemma="lǟʼdõ" tahendus="minna" ingl="go" liik="V" vorm="nud.sg.">lǟ’nd</sone><sone id="l65_s6" lk="288" lemma="ukš" tahendus="uks" ingl="door" liik="S" vorm="sg.el.">ukst</sone><sone id="l65_s7" lk="288" lemma="ulz" tahendus="välja" ingl="out" liik="Adva">ulz</sone><sone id="l65_s8" lk="288" lemma="je’ds+pēḑõn" tahendus="ära" ingl="away" liik="Adva">je̮dsped́i</sone><sone id="l65_s9" lk="288" meta="vahemärk">.</sone></lause><lause id="l66"><sone id="l66_s1" lk="288" lemma="un" tahendus="ja" ingl="and" liik="Konj">un</sone><sone id="l66_s2" lk="288" lemma="ni" tahendus="nüüd" ingl="now" liik="Adv">ni</sone><sone id="l66_s3" lk="288" lemma="tämā" tahendus="tema" ingl="she" liik="ProS" vorm="sg.nom.">ta</sone><sone id="l66_s4" lk="288" lemma="lǟʼdõ" tahendus="minna" ingl="go" liik="V" vorm="nud.sg.">lǟ’nd</sone><sone id="l66_s5" lk="288" lemma="se" tahendus="see" ingl="this" liik="ProS" vorm="sg.gen.">sie</sone><sone id="l66_s6" lk="288" lemma="täm" tahendus="tamm" ingl="oak" liik="S" vorm="sg.gen.">tamm</sone><sone id="l66_s7" lk="288" lemma="jū’rõ" tahendus="juurde" ingl="to" liik="Post">jūrə</sone><sone id="l66_s8" lk="288" lemma="un" tahendus="ja" ingl="and" liik="Konj">un</sone><sone id="l66_s9" lk="288" lemma="ne’i" tahendus="nii" ingl="so" liik="ProAdv">nei</sone><sone id="l66_s10" lk="288" lemma="vie’ddõ" tahendus="tõmmata" ingl="pull" liik="V" vorm="nud.sg.">vⁱe̮’ddən</sone><sone id="l66_s11" lk="288" lemma="se" tahendus="see" ingl="this" liik="ProS" vorm="sg.gen.">sie</sone><sone id="l66_s12" lk="288" lemma="sigā+nǭ’gi" tahendus="seanahkne" ingl="pigskin" liik="A" vorm="sg.gen.">sigā+nā’giz</sone><sone id="l66_s13" lk="288" lemma="kǭ’skõ" tahendus="kasukas" ingl="coat" liik="S" vorm="sg.gen.">kā’sk</sone><sone id="l66_s14" lk="288" lemma="te’iž" tahendus="jälle" ingl="again" liik="Adv">täi’z</sone><sone id="l66_s15" lk="288" lemma="pǟlõ" tahendus="peale" ingl="onto" liik="Adv">pǟlə</sone><sone id="l66_s16" lk="288" meta="vahemärk">.</sone></lause><lause id="l67"><sone id="l67_s1" lk="288" lemma="se" tahendus="see" ingl="this" liik="ProS" vorm="sg.nom.">se</sone><sone id="l67_s2" lk="288" lemma="kēņig" tahendus="kuningas" ingl="king" liik="S" vorm="sg.nom.">kēńig</sone><sone id="l67_s3" lk="288" lemma="vȱlda" tahendus="olla" ingl="be" liik="Va" vorm="pers.ind.pr.sg.3.">um</sone><sone id="l67_s4" lk="288" lemma="īedõ" tahendus="jääda" ingl="get" liik="V" vorm="nud.sg.">iend</sone><sone id="l67_s5" lk="288" lemma="rujā" tahendus="haige" ingl="ill" liik="A" vorm="sg.tr.">rujāks</sone><sone id="l67_s6" lk="288" meta="vahemärk">.</sone></lause><lause id="l68"><sone id="l68_s1" lk="288" lemma="ne’i" tahendus="nii" ingl="so" liik="ProAdv">ne</sone><sone id="l68_s2" lk="288" lemma="ka" tahendus="ka" ingl="also" liik="ModAdv">ka</sone><sone id="l68_s3" lk="288" lemma="kutsõ" tahendus="kutsuda" ingl="call" liik="V" vorm="nud.sg.">kutsən</sone><sone id="l68_s4" lk="288" meta="vahemärk">,</sone><sone id="l68_s5" lk="288" lemma="la’z" tahendus="las" ingl="let" liik="ModAdv">laz</sone><sone id="l68_s6" lk="288" lemma="se" tahendus="see" ingl="this" liik="ProS" vorm="sg.nom.">se</sone><sone id="l68_s7" lk="288" lemma="neitst" tahendus="neiu" ingl="maiden" liik="S" vorm="sg.nom.">neits</sone><sone id="l68_s8" lk="288" lemma="lǟ’dõ" tahendus="minna" ingl="go" liik="V" vorm="pers.jus.pr.sg.3.">läk</sone><sone id="l68_s9" lk="288" lemma="sīnõ" tahendus="sinna" ingl="there" liik="ProAdv">sīn</sone><sone id="l68_s10" lk="288" meta="vahemärk">.</sone></lause><lause id="l69"><sone id="l69_s1" lk="288" lemma="ne’i" tahendus="nii" ingl="so" liik="ProAdv">ne</sone><sone id="l69_s2" lk="288" lemma="ka" tahendus="ka" ingl="also" liik="ModAdv">ka</sone><sone id="l69_s3" lk="288" lemma="se" tahendus="see" ingl="this" liik="ProS" vorm="sg.nom.">se</sone><sone id="l69_s4" lk="288" lemma="neitst" tahendus="neiu" ingl="maiden" liik="S" vorm="sg.nom.">neits</sone><sone id="l69_s5" lk="288" lemma="lǟʼdõ" tahendus="minna" ingl="go" liik="V" vorm="nud.sg.">lǟ’nd</sone><sone id="l69_s6" lk="288" meta="vahemärk">.</sone></lause><lause id="l70"><sone id="l70_s1" lk="288" lemma="un" tahendus="ja" ingl="and" liik="Konj">un</sone><sone id="l70_s2" lk="288" lemma="se" tahendus="see" ingl="this" liik="ProS" vorm="sg.nom.">se</sone><sone id="l70_s3" lk="288" lemma="kēņig" tahendus="kuningas" ingl="king" liik="S" vorm="sg.nom.">kēńig</sone><sone id="l70_s4" lk="288" lemma="pānda" tahendus="käskida" ingl="order" liik="V" vorm="nud.sg.">pand</sone><sone id="l70_s5" lk="288" meta="vahemärk">,</sone><sone id="l70_s6" lk="288" lemma="la’z" tahendus="las" ingl="let" liik="ModAdv">laz</sone><sone id="l70_s7" lk="288" lemma="ra’bbõ" tahendus="lüüa" ingl="hammer" liik="V" vorm="pers.jus.pr.pl.3.">ra’bbəgid</sone><sone id="l70_s8" lk="288" lemma="na’ggõl" tahendus="nael" ingl="nail" liik="S" vorm="sg.gen.">na’glə</sone><sone id="l70_s9" lk="288" lemma="un" tahendus="ja" ingl="and" liik="Konj">u</sone><sone id="l70_s10" lk="288" lemma="ne" tahendus="nemad" ingl="they" liik="ProS" vorm="pl.nom.">ne</sone><sone id="l70_s11" lk="288" lemma="ka" tahendus="ka" ingl="also" liik="ModAdv">ka</sone><sone id="l70_s12" lk="288" lemma="la’z" tahendus="las" ingl="let" liik="ModAdv">las</sone><sone id="l70_s13" lk="288" lemma="si’ddõ" tahendus="siduda" ingl="tie" liik="V" vorm="pers.jus.pr.pl.3.">sidāg</sone><sone id="l70_s14" lk="288" lemma="kieuž" tahendus="köis" ingl="rope" liik="S" vorm="sg.gen.">kⁱeud</sone><sone id="l70_s15" lk="288" lemma="jū’rõ" tahendus="juurde" ingl="by" liik="Adv">jūrə</sone><sone id="l70_s16" lk="288" meta="vahemärk">.</sone></lause><lause id="l71"><sone id="l71_s1" lk="288" lemma="un" tahendus="ja" ingl="and" liik="Konj" vorm="sg.nom.">Un</sone><sone id="l71_s2" lk="288" lemma="ne’i" tahendus="nii" ingl="so" liik="ProAdv">nei</sone><sone id="l71_s3" lk="288" lemma="tämā" tahendus="tema" ingl="she" liik="ProS" vorm="sg.nom.">ta</sone><sone id="l71_s4" lk="288" lemma="ra’bbõ" tahendus="lüüa" ingl="hammer" liik="V" vorm="nud.sg.">ra’bbən</sone><sone id="l71_s5" lk="288" meta="vahemärk">.</sone></lause><lause id="l72"><sone id="l72_s1" lk="288" lemma="ne’i" tahendus="nii" ingl="so" liik="ProAdv">ne</sone><sone id="l72_s2" lk="288" lemma="ka" tahendus="ka" ingl="also" liik="ModAdv">ka</sone><sone id="l72_s3" lk="288" lemma="pānda" tahendus="käskida" ingl="order" liik="V" vorm="nud.sg.">pand</sone><sone id="l72_s4" lk="288" meta="vahemärk">,</sone><sone id="l72_s5" lk="288" lemma="la’z" tahendus="las" ingl="let" liik="ModAdv">laz</sone><sone id="l72_s6" lk="288" lemma="grēbõ" tahendus="ronida" ingl="climb" liik="V" vorm="pers.jus.pr.sg.3.">grē’bəg</sone><sone id="l72_s7" lk="288" lemma="sīnõ" tahendus="sinna" ingl="there" liik="ProAdv">sīn</sone><sone id="l72_s8" lk="288" lemma="lovā" tahendus="voodi" ingl="bed" liik="S" vorm="sg.gen.">lovā</sone><sone id="l72_s9" lk="288" lemma="pǟl " tahendus="peale" ingl="onto" liik="Post">pǟl</sone><sone id="l72_s10" lk="288" lemma="i’lzõ" tahendus="üles" ingl="up" liik="Adva">ül’z</sone><sone id="l72_s11" lk="288" meta="vahemärk">.</sone></lause><lause id="l73"><sone id="l73_s1" lk="288" lemma="tämā" tahendus="tema" ingl="she" liik="ProS" vorm="sg.nom.">ta</sone><sone id="l73_s2" lk="288" lemma="mõtlõ" tahendus="mõelda" ingl="think" liik="V" vorm="nud.sg.">mi̮tlən</sone><sone id="l73_s3" lk="288" meta="vahemärk">.</sone></lause><lause id="l74"><sone id="l74_s1" lk="288" lemma="si’z" tahendus="siis" ingl="then" liik="ProAdv">siz</sone><sone id="l74_s2" lk="288" lemma="tämā" tahendus="tema" ingl="he" liik="ProS" vorm="sg.nom.">ta</sone><sone id="l74_s3" lk="288" lemma="sǭdõ" tahendus="saada" ingl="get" liik="V" vorm="pers.ind.pr.sg.3.">sāb</sone><sone id="l74_s4" lk="288" lemma="nǟ’dõ" tahendus="näha" ingl="see" liik="V" vorm="inf.">nǟ’də</sone><sone id="l74_s5" lk="288" meta="vahemärk">,</sone><sone id="l74_s6" lk="288" lemma="kis" tahendus="kes" ingl="who" liik="Intr" vorm="sg.nom.">kis</sone><sone id="l74_s7" lk="288" lemma="tämā" tahendus="tema" ingl="she" liik="ProS" vorm="sg.nom.">ta</sone><sone id="l74_s8" lk="288" lemma="seļļi" tahendus="selline" ingl="such" liik="ProA" vorm="sg.nom.">selli</sone><sone id="l74_s9" lk="288" lemma="vȱlda" tahendus="olla" ingl="be" liik="V" vorm="pers.ind.pr.sg.3.">um’</sone><sone id="l74_s10" lk="288" meta="vahemärk">.</sone></lause><lause id="l75"><sone id="l75_s1" lk="288" lemma="ne’i" tahendus="nii" ingl="so" liik="ProAdv">ne</sone><sone id="l75_s2" lk="288" lemma="ka" tahendus="ka" ingl="also" liik="ModAdv">ka</sone><sone id="l75_s3" lk="288" lemma="grēbõ" tahendus="ronida" ingl="climb" liik="V" vorm="nud.sg.">grē’bən</sone><sone id="l75_s4" lk="288" lemma="i’lzõ" tahendus="üles" ingl="up" liik="Adva">ül’z</sone><sone id="l75_s5" lk="288" lemma="un" tahendus="ja" ingl="and" liik="Konj">un</sone><sone id="l75_s6" lk="288" lemma="si’ddõ" tahendus="siduda" ingl="tie" liik="V" vorm="nud.sg.">si’ddən</sone><sone id="l75_s7" lk="288" lemma="se" tahendus="see" ingl="this" liik="ProS" vorm="sg.gen.">sie</sone><sone id="l75_s8" lk="288" lemma="kieuž" tahendus="köis" ingl="rope" liik="S" vorm="sg.gen.">kⁱe̮vd</sone><sone id="l75_s9" lk="288" lemma="jū’rõ" tahendus="juurde" liik="Adv">jū’rə</sone><sone id="l75_s10" lk="288" meta="vahemärk">.</sone></lause><lause id="l76"><sone id="l76_s1" lk="288" lemma="un" tahendus="ja" ingl="and" liik="Konj">un</sone><sone id="l76_s2" lk="288" lemma="ni" tahendus="nüüd" ingl="now" liik="Adv">ni</sone><sone id="l76_s3" lk="288" lemma="se" tahendus="see" ingl="this" liik="ProS" vorm="sg.nom.">se</sone><sone id="l76_s4" lk="288" lemma="kēņig" tahendus="kuningas" ingl="king" liik="S" vorm="sg.nom.">kēńig</sone><sone id="l76_s5" lk="288" lemma="vȱlda" tahendus="olla" ingl="be" liik="Va" vorm="pers.ind.pr.sg.3.">um</sone><sone id="l76_s6" lk="288" lemma="vaņțlõ" tahendus="vaadata" ingl="look" liik="V" vorm="nud.sg.">vańḱĺən</sone><sone id="l76_s7" lk="288" meta="vahemärk">.</sone></lause><lause id="l77"><sone id="l77_s1" lk="288" lemma="un" tahendus="ja" ingl="and" liik="Konj">u</sone><sone id="l77_s2" lk="288" lemma="ne’i" tahendus="nii" ingl="so" liik="ProAdv">nei</sone><sone id="l77_s3" lk="288" lemma="vȱlda" tahendus="olla" ingl="be" liik="Va" vorm="pers.ind.pr.sg.3.">um</sone><sone id="l77_s4" lk="288" lemma="nǟ’dõ" tahendus="näha" ingl="see" liik="V" vorm="nud.sg.">nǟnd</sone><sone id="l77_s5" lk="288" meta="vahemärk">,</sone><sone id="l77_s6" lk="288" lemma="ku" tahendus="et" ingl="that" liik="Konj">ku</sone><sone id="l77_s7" lk="288" lemma="se" tahendus="see" ingl="this" liik="ProS" vorm="sg.nom.">se</sone><sone id="l77_s8" lk="288" lemma="dimanti" tahendus="teemandine" ingl="diamond" liik="A" vorm="sg.nom.">dimānti</sone><sone id="l77_s9" lk="288" lemma="kle’it" tahendus="kleit" ingl="gown" liik="S" vorm="sg.nom.">klei’t</sone><sone id="l77_s10" lk="288" lemma="vȱlda" tahendus="olla" ingl="be" liik="V" vorm="pers.ind.pr.sg.3.">um</sone><sone id="l77_s11" lk="288" lemma="i’llõ" tahendus="üll" ingl="on" liik="Adv">ül’lə</sone><sone id="l77_s12" lk="288" meta="vahemärk">.</sone></lause><lause id="l78"><sone id="l78_s1" lk="288" lemma="un" tahendus="ja" ingl="and" liik="Konj">u</sone><sone id="l78_s2" lk="288" lemma="ne’i" tahendus="nii" ingl="so" liik="ProAdv">nei</sone><sone id="l78_s3" lk="288" lemma="ka" tahendus="ka" ingl="also" liik="ModAdv">ka</sone><sone id="l78_s4" lk="288" lemma="vȱlda" tahendus="olla" ingl="be" liik="Va" vorm="pers.ind.pr.sg.3.">um</sone><sone id="l78_s5" lk="288" lemma="pānda" tahendus="käskida" ingl="order" liik="V" vorm="nud.sg.">pand</sone><sone id="l78_s6" lk="288" lemma="se" tahendus="see" ingl="this" liik="ProS" vorm="sg.gen.">sie</sone><sone id="l78_s7" lk="288" lemma="neitst" tahendus="neiu" ingl="maiden" liik="S" vorm="sg.gen.">neits</sone><sone id="l78_s8" lk="288" lemma="se" tahendus="see" ingl="this" liik="ProS" vorm="sg.part.">sⁱe̮dā</sone><sone id="l78_s9" lk="288" lemma="sigā+nǭ’gi" tahendus="seanahkne" ingl="pigskin" liik="A" vorm="sg.part.">sigā+nā’gist</sone><sone id="l78_s10" lk="288" lemma="kǭ’skõ" tahendus="kasukas" ingl="coat" liik="S" vorm="sg.part.">kā’skə</sone><sone id="l78_s11" lk="288" lemma="mǭ’" tahendus="ära" ingl="off" liik="Adva">mā’</sone><sone id="l78_s12" lk="288" lemma="vie’ddõ" tahendus="tõmmata" ingl="pull" liik="V" vorm="sup.">vⁱe̮dām</sone><sone id="l78_s13" lk="288" meta="vahemärk">.</sone></lause><lause id="l79"><sone id="l79_s1" lk="288" lemma="ne’i" tahendus="nii" ingl="so" liik="ProAdv">nei</sone><sone id="l79_s2" lk="288" lemma="se" tahendus="see" ingl="this" liik="ProS" vorm="sg.nom.">sie</sone><sone id="l79_s3" lk="288" lemma="neitst" tahendus="neiu" ingl="maiden" liik="S" vorm="sg.nom.">neitst</sone><sone id="l79_s4" lk="288" lemma="vȱlda" tahendus="olla" ingl="be" liik="Va" vorm="pers.ind.pr.sg.3.">um</sone><sone id="l79_s5" lk="288" lemma="vie’ddõ" tahendus="tõmmata" ingl="pull" liik="V" vorm="nud.sg.">vⁱe̮’ddən</sone><sone id="l79_s6" lk="288" meta="vahemärk">.</sone></lause><lause id="l80"><sone id="l80_s1" lk="288" lemma="un" tahendus="ja" ingl="and" liik="Konj">un</sone><sone id="l80_s2" lk="288" lemma="ne’i" tahendus="nii" ingl="so" liik="ProAdv">ne</sone><sone id="l80_s3" lk="288" lemma="ka" tahendus="ka" ingl="also" liik="ModAdv">ka</sone><sone id="l80_s4" lk="288" lemma="drēgõltõ" tahendus="riivi panna" ingl="bar" liik="V" vorm="nud.pl.">drēgənəd</sone><sone id="l80_s5" lk="288" lemma="ukš" tahendus="uks" ingl="door" liik="S" vorm="pl.nom.">ukst</sone><sone id="l80_s6" lk="288" lemma="vi’zzõ" tahendus="kinni" ingl="fastened" liik="Adv">vi’zzə</sone><sone id="l80_s7" lk="288" lemma="un" tahendus="ja" ingl="and" liik="Konj">un</sone><sone id="l80_s8" lk="288" lemma="īedõ" tahendus="jääda" ingl="stay" liik="V" vorm="nud.pl.">ienəd</sone><sone id="l80_s9" lk="288" lemma="ī’ž" tahendus="ise" ingl="self" liik="ProS" vorm="pl.nom.">ī’ž</sone><sone id="l80_s10" lk="288" lemma="sīnõ" tahendus="sinna" ingl="there" liik="ProAdv">sīn</sone><sone id="l80_s11" lk="288" lemma="si’zzõl" tahendus="sisse" ingl="in" liik="Adv">si’zzəl</sone><sone id="l80_s12" lk="288" meta="vahemärk">.</sone></lause></sisu>
</liivike>
