<?xml version="1.0" encoding="UTF-8"?>
<?xml-stylesheet type="text/xsl" href="liivike_tekst.xsl"?>
<liivike>
	<info><tyyp>kirjalik</tyyp><teema>Satuja 54</teema><keel>liivi</keel><murre>Īra</murre><kirjaviis>foneetiline transkriptsioon</kirjaviis><muu>Keelejuht Diedrich Belt</muu><kyla longituud="22.107" latituud="57.62">Īra</kyla><teos pealkiri="Näytteitä liivin kielestä" aasta="1953" koht="Helsinki">E. N. Setälä</teos></info><sisu id="Set_Sat_54">
		<lause id="l1">
			<sone id="l1_s1" lk="289" lemma="Īra" tahendus="Īra" lati="Lielirbe" liik="H" vorm="sg.gen.">Īra</sone>
			<sone id="l1_s2" lk="289" meta="vahemärk">,</sone><sone id="l1_s3" lk="289" lemma="Diedrich" tahendus="Diedrich" liik="H" vorm="sg.nom.">Diedrich</sone><sone id="l1_s4" lk="289" lemma="Belt" tahendus="Belt" liik="H" vorm="sg.nom.">Belt</sone><sone id="l1_s5" lk="289" meta="vahemärk">.</sone></lause>
		<lause id="l2"><sone id="l2_s1" lk="289" lemma="ikš+kõrd" tahendus="ükskord" ingl="once" liik="ProAdv">ükš+ki̮rd</sone><sone id="l2_s2" lk="289" lemma="re’bbi" tahendus="rebane" ingl="fox" liik="S" vorm="sg.nom.">rⁱe’bbi</sone><sone id="l2_s3" lk="289" lemma="kǟ’dõ" tahendus="käia" ingl="go" liik="V" vorm="nud.sg.">käv’nd</sone><sone id="l2_s4" lk="289" lemma="pi’ds" tahendus="mööda" ingl="along" liik="Pre">pits</sone><sone id="l2_s5" lk="289" meta="vahemärk">[</sone><sone id="l2_s6" lk="289" lemma="jōran+a’igi" tahendus="järvekallas" ingl="lakeside" liik="S" vorm="pl.part.">jāran+aigist</sone><sone id="l2_s7" lk="289" meta="vahemärk"> &gt;</sone><sone id="l2_s8" lk="289" meta="vahemärk">]</sone><sone id="l2_s9" lk="289" lemma="jōran+a’igi" tahendus="järvekallas" ingl="lakeside" liik="S" vorm="sg.part.">jāran+ägīst</sone><sone id="l2_s10" lk="289" lemma="un" tahendus="ja" ingl="and" liik="Konj">un</sone><sone id="l2_s11" lk="289" lemma="sīedõ" tahendus="süüa" ingl="eat" liik="V" vorm="nud.sg.">süönd</sone><sone id="l2_s12" lk="289" lemma="piški" tahendus="pisike" ingl="small" liik="A" vorm="pl.part.">piškīži</sone><sone id="l2_s13" lk="289" lemma="kalā" tahendus="kala" ingl="fish" liik="S" vorm="pl.part.">kaĺ’d́i</sone><sone id="l2_s14" lk="289" meta="vahemärk">.</sone></lause><lause id="l3"><sone id="l3_s1" lk="289" lemma="si’z" tahendus="siis" ingl="then" liik="ProAdv">siz</sone><sone id="l3_s2" lk="289" lemma="su’ž" tahendus="hunt" ingl="wolf" liik="S" vorm="sg.nom.">su’ⁱž</sone><sone id="l3_s3" lk="289" lemma="pūtõ" tahendus="sattuda" ingl="come upon" liik="V" vorm="nud.sg.">pūtən</sone><sone id="l3_s4" lk="289" lemma="tämā" tahendus="tema" ingl="he" liik="ProS" vorm="sg.dat.">täm’mən</sone><sone id="l3_s5" lk="289" lemma="vastõ" tahendus="vastu" ingl="across" liik="Adva">vastə</sone><sone id="l3_s6" lk="289" meta="vahemärk">.</sone></lause><lause id="l4"><sone id="l4_s1" lk="289" lemma="tämā" tahendus="tema" ingl="he" liik="ProS" vorm="sg.nom.">Ta</sone><sone id="l4_s2" lk="289" lemma="ki’zzõ" tahendus="küsida" ingl="ask" liik="V" vorm="nud.sg.">kü’zzən</sone><sone id="l4_s3" lk="289" lemma="re’bbi" tahendus="rebane" ingl="fox" liik="S" vorm="sg.gen.">rⁱebīz</sone><sone id="l4_s4" lk="289" lemma="kä’dst" tahendus="käest" ingl="from" liik="Post">kä’dst</sone><sone id="l4_s5" lk="289" meta="vahemärk">,</sone><sone id="l4_s6" lk="289" lemma="kustõ" tahendus="kust" ingl="where from" liik="Intr">kust</sone><sone id="l4_s7" lk="289" lemma="ne" tahendus="need" ingl="these" liik="ProS" vorm="pl.part.">nēd́i</sone><sone id="l4_s8" lk="289" lemma="kalā" tahendus="kala" ingl="fish" liik="S" vorm="pl.part.">kaĺ’d́i</sone><sone id="l4_s9" lk="289" meta="vahemärk">[</sone><sone id="l4_s10" lk="289" lemma="võidõ" tahendus="võida" ingl="can" liik="V" vorm="pers.ind.pr.sg.3.">vuib</sone><sone id="l4_s11" lk="289" meta="vahemärk"> &gt;</sone><sone id="l4_s12" lk="289" meta="vahemärk">]</sone><sone id="l4_s13" lk="289" lemma="võidõ" tahendus="võida" ingl="can" liik="V" vorm="pers.ind.pr.sg.3.">vi̮ib</sone><sone id="l4_s14" lk="289" lemma="sǭdõ" tahendus="saada" ingl="get" liik="V" vorm="inf.">sādə</sone><sone id="l4_s15" lk="289" meta="vahemärk">,</sone><sone id="l4_s16" lk="289" lemma="tämā" tahendus="tema" ingl="he" liik="ProS" vorm="sg.nom.">ta</sone><sone id="l4_s17" lk="289" lemma="ka" tahendus="ka" ingl="also" liik="ModAdv">ka</sone><sone id="l4_s18" lk="289" lemma="vä’ggi" tahendus="väga" ingl="very" liik="Adv">vä’ggi</sone><sone id="l4_s19" lk="289" lemma="tǭ’dõ" tahendus="tahta" ingl="want" liik="V" vorm="pers.kvt.pr.sg.3.">tā’ji</sone><sone id="l4_s20" lk="289" meta="vahemärk">.</sone></lause><lause id="l5"><sone id="l5_s1" lk="289" lemma="re’bbi" tahendus="rebane" ingl="fox" liik="S" vorm="sg.nom.">rⁱe’bbi</sone><sone id="l5_s2" lk="289" lemma="kītõ" tahendus="öelda" ingl="say" liik="V" vorm="nud.sg.">kītən</sone><sone id="l5_s3" lk="289" meta="vahemärk">:</sone><sone id="l5_s4" lk="289" lemma="tämā" tahendus="tema" ingl="he" liik="ProS" vorm="sg.nom.">ta</sone><sone id="l5_s5" lk="289" lemma="ve’jjõ" tahendus="kalastada" ingl="fish" liik="V" vorm="pers.kvt.pr.sg.3.">vei’jiji</sone><sone id="l5_s6" lk="289" meta="vahemärk">,</sone><sone id="l5_s7" lk="289" lemma="la’z" tahendus="las" ingl="let" liik="ModAdv">las</sone><sone id="l5_s8" lk="289" lemma="su’ž" tahendus="hunt" ingl="wolf" liik="S" vorm="sg.nom.">su’ⁱž</sone><sone id="l5_s9" lk="289" lemma="tūlda" tahendus="tulla" ingl="come" liik="V" vorm="pers.jus.pr.sg.3.">tulg</sone><sone id="l5_s10" lk="289" lemma="īņõz" tahendus="kaasa" ingl="with" liik="Adva">ǖńis</sone><sone id="l5_s11" lk="289" lemma="si’z" tahendus="siis" ingl="then" liik="ProAdv">sis</sone><sone id="l5_s12" lk="289" lemma="tämā" tahendus="tema" ingl="he" liik="ProS" vorm="sg.nom.">ta</sone><sone id="l5_s13" lk="289" lemma="nä’gțõ" tahendus="näidata" ingl="show" liik="V" vorm="pers.kvt.pr.sg.3.">nä’gt́iji</sone><sone id="l5_s14" lk="289" meta="vahemärk">,</sone><sone id="l5_s15" lk="289" lemma="kui" tahendus="kuidas" ingl="how" liik="Intr">kui</sone><sone id="l5_s16" lk="289" lemma="ne" tahendus="need" ingl="these" liik="ProS" vorm="pl.part.">nēd́i</sone><sone id="l5_s17" lk="289" lemma="ve’jjõ" tahendus="kalastada" ingl="fish" liik="V" vorm="pers.kvt.pr.sg.3.">vei’jiji</sone><sone id="l5_s18" lk="289" meta="vahemärk">.</sone></lause><lause id="l6"><sone id="l6_s1" lk="289" lemma="agā" tahendus="aga" ingl="but" liik="Konj">agā</sone><sone id="l6_s2" lk="289" lemma="se" tahendus="see" ingl="this" liik="ProS" vorm="sg.nom.">se</sone><sone id="l6_s3" lk="289" lemma="vȱlda" tahendus="olla" ingl="be" liik="V" vorm="pers.ind.ipf.sg.3.">ve̮ĺ’</sone><sone id="l6_s4" lk="289" lemma="tallõ" tahendus="talvel" ingl="in winter" liik="Adv" vorm="sg.nom.">tallə</sone><sone id="l6_s5" lk="289" meta="vahemärk">.</sone></lause><lause id="l7"><sone id="l7_s1" lk="289" lemma="si’z" tahendus="siis" ingl="then" liik="ProAdv">siz</sone><sone id="l7_s2" lk="289" lemma="lǟʼdõ" tahendus="minna" ingl="go" liik="V" vorm="nud.pl.">lǟ’nd</sone><sone id="l7_s3" lk="289" lemma="jǭra" tahendus="järv" ingl="lake" liik="S" vorm="sg.gen.">jāra</sone><sone id="l7_s4" lk="289" lemma="pǟl " tahendus="peale" ingl="onto" liik="Post">pǟl</sone><sone id="l7_s5" lk="289" meta="vahemärk">.</sone></lause><lause id="l8"><sone id="l8_s1" lk="289" lemma="sǟ’l" tahendus="seal" ingl="there" liik="ProAdv">sǟ’l</sone><sone id="l8_s2" lk="289" lemma="vȱlda" tahendus="olla" ingl="be" liik="V" vorm="nud.sg.">ve̮nd</sone><sone id="l8_s3" lk="289" lemma="ikš" tahendus="üks" ingl="one" liik="ProS" vorm="sg.nom.">ükš</sone><sone id="l8_s4" lk="289" lemma="ouk" tahendus="auk" ingl="hole" liik="S" vorm="sg.nom.">ouk</sone><sone id="l8_s5" lk="289" lemma="jei" tahendus="jää" ingl="ice" liik="S" vorm="pl.nom.">jei</sone><sone id="l8_s6" lk="289" lemma="sizāl" tahendus="sees" ingl="in" liik="Post">sizāl</sone><sone id="l8_s7" lk="289" meta="vahemärk">.</sone></lause><lause id="l9"><sone id="l9_s1" lk="289" lemma="re’bbi" tahendus="rebane" ingl="fox" liik="S" vorm="sg.nom.">rⁱe’bbi</sone><sone id="l9_s2" lk="289" lemma="kītõ" tahendus="öelda" ingl="say" liik="V" vorm="nud.sg.">kītən</sone><sone id="l9_s3" lk="289" lemma="la’z" tahendus="las" ingl="let" liik="ModAdv">las</sone><sone id="l9_s4" lk="289" lemma="su’ž" tahendus="hunt" ingl="wolf" liik="S" vorm="sg.nom.">su’ⁱž</sone><sone id="l9_s5" lk="289" lemma="pistõ" tahendus="pista" ingl="shove" liik="V" vorm="pers.jus.pr.sg.3.">pistāg</sone><sone id="l9_s6" lk="289" lemma="eņțš" tahendus="oma" ingl="own" liik="ProS" vorm="sg.gen.">eńtš</sone><sone id="l9_s7" lk="289" lemma="tabār" tahendus="saba" ingl="tail" liik="S" vorm="sg.nom.">tabār</sone><sone id="l9_s8" lk="289" lemma="se" tahendus="see" ingl="this" liik="ProS" vorm="sg.ill.">si’ezə</sone><sone id="l9_s9" lk="289" lemma="ouk" tahendus="auk" ingl="hole" liik="S" vorm="sg.ill.">oukə</sone><sone id="l9_s10" lk="289" lemma="un" tahendus="ja" ingl="and" liik="Konj">un</sone><sone id="l9_s11" lk="289" lemma="la’z" tahendus="las" ingl="let" liik="ModAdv">las</sone><sone id="l9_s12" lk="289" lemma="pi’ddõ" tahendus="hoida" ingl="hold" liik="V" vorm="pers.jus.pr.sg.3.">pidāg</sone><sone id="l9_s13" lk="289" meta="vahemärk">[</sone><sone id="l9_s14" lk="289" lemma="jõvīst" tahendus="hästi" ingl="well" liik="Adv">juvīst</sone><sone id="l9_s15" lk="289" meta="vahemärk"> &gt;</sone><sone id="l9_s16" lk="289" meta="vahemärk">]</sone><sone id="l9_s17" lk="289" lemma="jõvīst" tahendus="hästi" ingl="well" liik="Adv">ji̮vīst</sone><sone id="l9_s18" lk="289" lemma="kōgiņ" tahendus="kaua" ingl="long" liik="Adv">kōgin</sone><sone id="l9_s19" lk="289" meta="vahemärk">.</sone></lause><lause id="l10"><sone id="l10_s1" lk="289" lemma="si’z" tahendus="siis" ingl="then" liik="ProAdv">siz</sone><sone id="l10_s2" lk="289" lemma="su’ž" tahendus="hunt" ingl="wolf" liik="S" vorm="sg.nom.">suⁱ’ž</sone><sone id="l10_s3" lk="289" lemma="seņtš" tahendus="seni" ingl="as long as " liik="ProAdv">seńtš</sone><sone id="l10_s4" lk="289" lemma="pi’ddõ" tahendus="hoida" ingl="hold" liik="V" vorm="nud.sg.">pi’ddən</sone><sone id="l10_s5" lk="289" meta="vahemärk">,</sone><sone id="l10_s6" lk="289" lemma="kuņtš" tahendus="kuni" ingl="until" liik="Konj">kuńtš</sone><sone id="l10_s7" lk="289" lemma="tabār" tahendus="saba" ingl="tail" liik="S" vorm="sg.nom.">tabār</sone><sone id="l10_s8" lk="289" lemma="kilmõ" tahendus="külmuda" ingl="freeze" liik="V" vorm="nud.sg.">külmən</sone><sone id="l10_s9" lk="289" lemma="vi’zzõ" tahendus="kinni" ingl="stuck" liik="Adv">vi’zzə</sone><sone id="l10_s10" lk="289" meta="vahemärk">.</sone></lause><lause id="l11"><sone id="l11_s1" lk="289" lemma="si’z" tahendus="siis" ingl="then" liik="ProAdv">siz</sone><sone id="l11_s2" lk="289" lemma="su’ž" tahendus="hunt" ingl="wolf" liik="S" vorm="sg.nom.">suⁱ’ž</sone><sone id="l11_s3" lk="289" lemma="irgõ" tahendus="hakata" ingl="begin" liik="V" vorm="nud.sg.">ürgən</sone><sone id="l11_s4" lk="289" lemma="räukõ" tahendus="nutta" ingl="cry" liik="V" vorm="inf.">rävkə</sone><sone id="l11_s5" lk="289" lemma="ku" tahendus="et" ingl="that" liik="Konj">ku</sone><sone id="l11_s6" lk="289" lemma="tabār" tahendus="saba" ingl="tail" liik="S" vorm="sg.nom.">tabār</sone><sone id="l11_s7" lk="289" lemma="vä’ggi" tahendus="väga" ingl="very" liik="Adv">vä’ggi</sone><sone id="l11_s8" lk="289" meta="vahemärk">[</sone><sone id="l11_s9" lk="289" lemma="pȯ’ddõ" tahendus="valutada" ingl="ache" liik="V" vorm="pers.kvt.pr.sg.3.">pᵘo’ddiji</sone><sone id="l11_s10" lk="289" meta="vahemärk"> &gt;</sone><sone id="l11_s11" lk="289" meta="vahemärk">]</sone><sone id="l11_s12" lk="289" lemma="pȯ’ddõ" tahendus="valutada" ingl="ache" liik="V" vorm="pers.kvt.pr.sg.3.">pe̮’ddiji</sone><sone id="l11_s13" lk="289" meta="vahemärk">.</sone></lause><lause id="l12"><sone id="l12_s1" lk="289" lemma="re’bbi" tahendus="rebane" ingl="fox" liik="S" vorm="sg.nom.">rⁱe’bbi</sone><sone id="l12_s2" lk="289" lemma="kītõ" tahendus="öelda" ingl="say" liik="V" vorm="nud.sg.">kītən</sone><sone id="l12_s3" lk="289" meta="vahemärk">:</sone><sone id="l12_s4" lk="289" meta="vahemärk">”</sone><sone lk="289" keel="eesti" id="l12_s5" lemma="tsī’ešõ" tahendus="kannatada" ingl="bear" liik="V" vorm="pers.imp.pr.sg.2.">tsi’eš</sone><sone id="l12_s6" lk="289" meta="vahemärk">,</sone><sone id="l12_s7" lk="289" lemma="la’z" tahendus="las" ingl="let" liik="ModAdv">las</sone><sone id="l12_s8" lk="289" lemma="set" tahendus="ainult" ingl="only" liik="ModAdv">set</sone><sone id="l12_s9" lk="289" lemma="kalā" tahendus="kala" ingl="fish" liik="S" vorm="pl.nom.">kalād</sone><sone id="l12_s10" lk="289" lemma="jõvīst" tahendus="hästi" ingl="well" liik="Adv">ji̮vīst</sone><sone id="l12_s11" lk="289" lemma="pu’ggõ" tahendus="pugeda" ingl="creep" liik="V" vorm="pers.jus.pr.pl.3." kommentaar="? külge jääda?">pu’ggəgəd</sone><sone id="l12_s12" lk="289" meta="vahemärk">,</sone><sone id="l12_s13" lk="289" lemma="si’z" tahendus="siis" ingl="then" liik="ProAdv">sis</sone><sone id="l12_s14" lk="289" lemma="sinā" tahendus="sina" ingl="you" liik="ProS" vorm="sg.nom.">sa</sone><sone id="l12_s15" lk="289" lemma="sǭdõ" tahendus="saada" ingl="get" liik="V" vorm="pers.ind.pr.sg.2.">sād</sone><sone id="l12_s16" lk="289" lemma="jõvīst" tahendus="hästi" ingl="well" liik="Adv">ji̮vīst</sone><sone id="l12_s17" lk="289" lemma="je’nnõ" tahendus="palju" ingl="much" liik="Adv">je’nnə</sone><sone id="l12_s18" lk="289" lemma="sīedõ" tahendus="süüa" ingl="eat" liik="V" vorm="inf.">süödə</sone><sone lk="289" keel="eesti" id="l12_s19" meta="vahemärk">.</sone><sone id="l12_s20" lk="289" meta="vahemärk">”</sone></lause><lause id="l13"><sone id="l13_s1" lk="289" lemma="re’bbi" tahendus="rebane" ingl="fox" liik="S" vorm="sg.nom.">rⁱe’bbi</sone><sone id="l13_s2" lk="289" lemma="ve’l" tahendus="veel" ingl="also" liik="Adv">vel</sone><sone id="l13_s3" lk="289" lemma="kītõ" tahendus="öelda" ingl="say" liik="V" vorm="nud.sg.">kītən</sone><sone id="l13_s4" lk="289" meta="vahemärk">,</sone><sone id="l13_s5" lk="289" lemma="tämā" tahendus="tema" ingl="he" liik="ProS" vorm="sg.nom.">ta</sone><sone id="l13_s6" lk="289" lemma="lǟ’dõ" tahendus="minna" ingl="go" liik="V" vorm="pers.kvt.pr.sg.3.">lē’ji</sone><sone id="l13_s7" lk="289" lemma="ni" tahendus="nüüd" ingl="now" liik="Adv">ni</sone><sone id="l13_s8" lk="289" lemma="rǭz" tahendus="natukene" ingl="a little bit" liik="Adv">rāz</sone><sone id="l13_s9" lk="289" lemma="jarā" tahendus="ära" ingl="away" liik="Adva">jerā</sone><sone id="l13_s10" lk="289" lemma="kǟ’dõ" tahendus="käia" ingl="go" liik="V" vorm="sup.">käv’m</sone><sone id="l13_s11" lk="289" meta="vahemärk">,</sone><sone id="l13_s12" lk="289" lemma="la’z" tahendus="las" ingl="let" liik="ModAdv">laz</sone><sone id="l13_s13" lk="289" lemma="seņtš" tahendus="seni" ingl="as long as " liik="ProAdv">seńtš</sone><sone id="l13_s14" lk="289" lemma="ve’l" tahendus="veel" ingl="still" liik="Adv">vel</sone><sone id="l13_s15" lk="289" lemma="su’ž" tahendus="hunt" ingl="wolf" liik="S" vorm="sg.nom.">su’ⁱž</sone><sone id="l13_s16" lk="289" lemma="pi’ddõ" tahendus="hoida" ingl="hold" liik="V" vorm="pers.jus.pr.sg.3.">pidāg</sone><sone id="l13_s17" lk="289" meta="vahemärk">.</sone></lause><lause id="l14"><sone id="l14_s1" lk="289" lemma="si’z" tahendus="siis" ingl="then" liik="ProAdv">siz</sone><sone id="l14_s2" lk="289" lemma="re’bbi" tahendus="rebane" ingl="fox" liik="S" vorm="sg.nom.">rⁱe’bbi</sone><sone id="l14_s3" lk="289" lemma="lǟʼdõ" tahendus="minna" ingl="go" liik="V" vorm="nud.sg.">lǟ’nd</sone><sone id="l14_s4" lk="289" lemma="kilā" tahendus="küla" ingl="village" liik="S" vorm="sg.ill.">kül’lə</sone><sone id="l14_s5" lk="289" meta="vahemärk">,</sone><sone id="l14_s6" lk="289" lemma="kutsõ" tahendus="kutsuda" ingl="call" liik="V" vorm="nud.sg.">kutsən</sone><sone id="l14_s7" lk="289" lemma="kakš" tahendus="kaks" ingl="two" liik="Nump" vorm="sg.nom.">kakš</sone><sone id="l14_s8" lk="289" lemma="sūr" tahendus="suur" ingl="big" liik="A" vorm="sg.part.">sūrdə</sone><sone id="l14_s9" lk="289" lemma="pi’ņ" tahendus="koer" ingl="dog" liik="S" vorm="sg.part.">piń’ńə</sone><sone id="l14_s10" lk="289" lemma="un" tahendus="ja" ingl="and" liik="Konj">un</sone><sone id="l14_s11" lk="289" lemma="sǭtõ" tahendus="saata" ingl="send" liik="V" vorm="nud.sg.">sātən</sone><sone id="l14_s12" lk="289" lemma="su’ž" tahendus="hunt" ingl="wolf" liik="S" vorm="sg.dat.">su’ddən</sone><sone id="l14_s13" lk="289" lemma="sälgõ" tahendus="selga" ingl="onto one's back" liik="Adv">sälgə</sone><sone id="l14_s14" lk="289" meta="vahemärk">.</sone></lause><lause id="l15"><sone id="l15_s1" lk="289" lemma="si’z" tahendus="siis" ingl="then" liik="ProAdv">sis</sone><sone id="l15_s2" lk="289" lemma="su’ž" tahendus="hunt" ingl="wolf" liik="S" vorm="sg.nom.">su’ⁱž</sone><sone id="l15_s3" lk="289" lemma="kakš" tahendus="kaks" ingl="two" liik="Nump" vorm="sg.nom.">kakš</sone><sone id="l15_s4" lk="289" lemma="kõrd" tahendus="kord" ingl="time" liik="S" vorm="sg.gen.">kürd</sone><sone id="l15_s5" lk="289" meta="vahemärk">[</sone><sone id="l15_s6" lk="289" lemma="tõmbõ" tahendus="tõmmata" ingl="pull" liik="V" vorm="nud.sg.">tümbən</sone><sone id="l15_s7" lk="289" meta="vahemärk"> &gt;</sone><sone id="l15_s8" lk="289" meta="vahemärk">]</sone><sone id="l15_s9" lk="289" lemma="tõmbõ" tahendus="tõmmata" ingl="pull" liik="V" vorm="nud.sg.">ti̮mbən</sone><sone id="l15_s10" lk="289" meta="vahemärk">,</sone><sone id="l15_s11" lk="289" lemma="ä’b" tahendus="ei" ingl="not" liik="Mn" vorm="pers.ind.pr.sg.3.">äb</sone><sone id="l15_s12" lk="289" lemma="sǭdõ" tahendus="saada" ingl="get" liik="V" vorm="nud.sg.">sānd</sone><sone id="l15_s13" lk="289" lemma="tabār" tahendus="saba" ingl="tail" liik="S" vorm="sg.part.">tabārt</sone><sone id="l15_s14" lk="289" lemma="ulzõ" tahendus="välja" ingl="out" liik="Adv">ulz</sone><sone id="l15_s15" lk="289" meta="vahemärk">.</sone></lause><lause id="l16"><sone id="l16_s1" lk="289" lemma="si’z" tahendus="siis" ingl="then" liik="ProAdv">sis</sone><sone id="l16_s2" lk="289" lemma="tõmbõ" tahendus="tõmmata" ingl="pull" liik="V" vorm="nud.sg.">ti̮mbən</sone><sone id="l16_s3" lk="289" lemma="kuolmi" tahendus="kolmas" ingl="third" liik="Numj" vorm="sg.gen.">kᵘe̮lmiz</sone><sone id="l16_s4" lk="289" meta="vahemärk">[</sone><sone id="l16_s5" lk="289" lemma="kõrd" tahendus="kord" ingl="time" liik="S" vorm="sg.gen.">kürd</sone><sone id="l16_s6" lk="289" meta="vahemärk"> &gt;</sone><sone id="l16_s7" lk="289" meta="vahemärk">]</sone><sone id="l16_s8" lk="289" lemma="kõrd" tahendus="kord" ingl="time" liik="S" vorm="sg.gen.">ki̮rd</sone><sone id="l16_s9" lk="289" meta="vahemärk">.</sone></lause><lause id="l17"><sone id="l17_s1" lk="289" lemma="si’z" tahendus="siis" ingl="then" liik="ProAdv">siz</sone><sone id="l17_s2" lk="289" lemma="vȱlda" tahendus="olla" ingl="be" liik="V" vorm="nud.pl.">ve̮nnəd</sone><sone id="l17_s3" lk="289" lemma="ka" tahendus="ka" ingl="also" liik="ModAdv">ka</sone><sone id="l17_s4" lk="289" lemma="pi’ņ" tahendus="koer" ingl="dog" liik="S" vorm="pl.nom.">pińīd</sone><sone id="l17_s5" lk="289" lemma="jūs" tahendus="juures" ingl="by" liik="Adv">jūs</sone><sone id="l17_s6" lk="289" meta="vahemärk">,</sone><sone id="l17_s7" lk="289" lemma="si’z" tahendus="siis" ingl="then" liik="ProAdv">siz</sone><sone id="l17_s8" lk="289" lemma="īedõ" tahendus="jääda" ingl="remain" liik="V" vorm="nud.sg.">iend</sone><sone id="l17_s9" lk="290" lemma="nǭ’gõ" tahendus="nahk" ingl="skin" liik="S" vorm="sg.nom.">nā’gə</sone><sone id="l17_s10" lk="290" lemma="amā" tahendus="kogu" ingl="whole" liik="ProS" vorm="sg.nom.">amā</sone><sone id="l17_s11" lk="290" lemma="kǭra" tahendus="karv" ingl="hair" liik="S" vorm="sg.instl.">kå̄raks</sone><sone id="l17_s12" lk="290" lemma="jei" tahendus="jää" ingl="ice" liik="S" vorm="sg.gen.">jei</sone><sone id="l17_s13" lk="290" lemma="si’zzõl" tahendus="sisse" ingl="in" liik="Post">si’zzəl</sone><sone id="l17_s14" lk="290" lemma="un" tahendus="ja" ingl="and" liik="Konj">un</sone><sone id="l17_s15" lk="290" lemma="tūlda" tahendus="tulla" ingl="come" liik="V" vorm="nud.sg.">tund</sone><sone id="l17_s16" lk="290" lemma="pǭļaz" tahendus="paljas" ingl="bare" liik="A" vorm="sg.nom.">på̄ĺaz</sone><sone id="l17_s17" lk="290" lemma="lū" tahendus="luu" ingl="bone" liik="S" vorm="sg.nom.">lū</sone><sone id="l17_s18" lk="290" lemma="ouk" tahendus="auk" ingl="hole" liik="S" vorm="sg.el.">oukst</sone><sone id="l17_s19" lk="290" lemma="ulzõ" tahendus="välja" ingl="out" liik="Adva">ulz</sone><sone id="l17_s20" lk="290" meta="vahemärk">.</sone></lause><lause id="l18"><sone id="l18_s1" lk="290" lemma="si’z" tahendus="siis" ingl="then" liik="ProAdv">sis</sone><sone id="l18_s2" lk="290" lemma="su’ž" tahendus="hunt" ingl="wolf" liik="S" vorm="sg.nom.">suⁱ’ž</sone><sone id="l18_s3" lk="290" lemma="pä’zzõ" tahendus="pääseda" ingl="escape" liik="V" vorm="nud.sg.">pä’zzən</sone><sone id="l18_s4" lk="290" meta="vahemärk">[</sone><sone id="l18_s5" lk="290" lemma="mõtsā" tahendus="mets" ingl="forest" liik="S" vorm="sg.ill.">mütsə</sone><sone id="l18_s6" lk="290" meta="vahemärk"> &gt;</sone><sone id="l18_s7" lk="290" meta="vahemärk">]</sone><sone id="l18_s8" lk="290" lemma="mõtsā" tahendus="mets" ingl="forest" liik="S" vorm="sg.ill.">mi̮tsə</sone><sone id="l18_s9" lk="290" lemma="ve’rri" tahendus="verine" ingl="bloody" liik="A" vorm="sg.gen.">veŕīz</sone><sone id="l18_s10" lk="290" lemma="ta’ggi+pūol" tahendus="tagaosa" ingl="backside" liik="S" vorm="sg.instl.">ta’ggis+puolkəks</sone><sone id="l18_s11" lk="290" meta="vahemärk">.</sone></lause></sisu>
</liivike>
