<?xml version="1.0" encoding="UTF-8"?>
<?xml-stylesheet type="text/xsl" href="liivike_tekst.xsl"?>
<liivike>
	<info><tyyp>kirjalik</tyyp><teema>Satuja 27</teema><keel>liivi</keel><murre>idaliivi</murre><kirjaviis>foneetiline transkriptsioon</kirjaviis><kyla longituud="22.58" latituud="57.74">Kūolka</kyla><teos pealkiri="Näytteitä liivin kielestä" aasta="1953" koht="Helsinki">E. N. Setälä</teos></info><sisu id="Set_Sat_27">
		<lause id="l1">
			<sone id="l1_s1" lk="156" meta="number">27</sone>
			<sone id="l1_s2" lk="156" meta="vahemärk">.</sone></lause>
		<lause id="l2"><sone id="l2_s1" lk="156" meta="kommentaar">Kuolka</sone><sone id="l2_s2" lk="156" meta="vahemärk">.</sone></lause><lause id="l3"><sone id="l3_s1" lk="156" lemma="ikš" tahendus="üks" ingl="one" liik="ProS" vorm="sg.gen.">ī’d</sone><sone id="l3_s2" lk="156" lemma="kēņig" tahendus="kuningas" ingl="king" liik="S" vorm="sg.dat.">kēńigən</sone><sone id="l3_s3" lk="156" lemma="vȱlda" tahendus="olla" ingl="be" liik="Va" vorm="pers.ind.pr.pl.3.">a’dtə</sone><sone id="l3_s4" lk="156" lemma="vȱlda" tahendus="olla" ingl="be" liik="V" vorm="nud.pl.">ve̮nnəd</sone><sone id="l3_s5" lk="156" lemma="kuolm" tahendus="kolm" ingl="three" liik="Nump" vorm="sg.nom.">kᵘolm</sone><sone id="l3_s6" lk="156" lemma="tidār" tahendus="tütar" ingl="daughter" liik="S" vorm="sg.part.">tidārt</sone><sone id="l3_s7" lk="156" meta="vahemärk">.</sone></lause><lause id="l4"><sone id="l4_s1" lk="156" lemma="se" tahendus="see" ingl="this" liik="ProS" vorm="sg.nom.">se</sone><sone id="l4_s2" lk="156" lemma="nūoŗ" tahendus="noor" ingl="young" liik="A" vorm="sg.nom.cmp.">nuoŕimi</sone><sone id="l4_s3" lk="156" lemma="vȱlda" tahendus="olla" ingl="be" liik="Va" vorm="pers.ind.pr.sg.3.">um’</sone><sone id="l4_s4" lk="156" lemma="vȱlda" tahendus="olla" ingl="be" liik="V" vorm="nud.sg.">ve̮nd</sone><sone id="l4_s5" lk="156" lemma="amā" tahendus="kõige" ingl="most" liik="Ms">amā</sone><sone id="l4_s6" lk="156" lemma="knaš" tahendus="kaunis" ingl="beautiful" liik="A" vorm="sg.nom.">knaš</sone><sone id="l4_s7" lk="156" meta="vahemärk">.</sone></lause><lause id="l5"><sone id="l5_s1" lk="156" lemma="ku" tahendus="kui" ingl="when" liik="Konj">ku</sone><sone id="l5_s2" lk="156" lemma="tämā" tahendus="tema" ingl="she" liik="ProS" vorm="sg.gen.">täm’</sone><sone id="l5_s3" lk="156" lemma="pǟl " tahendus="peal" ingl="on" liik="Post">pǟl</sone><sone id="l5_s4" lk="156" lemma="vȱlda" tahendus="olla" ingl="be" liik="Va" vorm="pers.ind.pr.sg.3.">um’</sone><sone id="l5_s5" lk="156" lemma="vaņțlõ" tahendus="vaadata" ingl="look" liik="V" vorm="nud.sg.">vańḱĺən</sone><sone id="l5_s6" lk="156" meta="vahemärk">,</sone><sone id="l5_s7" lk="156" lemma="si’z" tahendus="siis" ingl="then" liik="ProAdv">siz</sone><sone id="l5_s8" lk="156" lemma="ne’i+ī’ž" tahendus="niisamuti" ingl="in the same way" liik="ProAdv">nei’+ī’ž</sone><sone id="l5_s9" lk="156" lemma="ku" tahendus="kui" ingl="as" liik="Konj">ku</sone><sone id="l5_s10" lk="156" lemma="pǟva" tahendus="päike" ingl="sun" liik="S" vorm="sg.nom.">pǟva</sone><sone id="l5_s11" lk="156" meta="vahemärk">,</sone><sone id="l5_s12" lk="156" lemma="ne’i" tahendus="nii" ingl="so" liik="ProAdv">nei’</sone><sone id="l5_s13" lk="156" lemma="knaš" tahendus="kaunis" ingl="beautiful" liik="A" vorm="sg.nom.">knaš</sone><sone id="l5_s14" lk="156" lemma="tämā" tahendus="tema" ingl="she" liik="ProS" vorm="sg.nom.">ta</sone><sone id="l5_s15" lk="156" lemma="vȱlda" tahendus="olla" ingl="be" liik="V" vorm="nud.sg.">ve̮nd</sone><sone id="l5_s16" lk="156" meta="vahemärk">.</sone></lause><lause id="l6"><sone id="l6_s1" lk="156" lemma="un" tahendus="ja" ingl="and" liik="Konj">un</sone><sone id="l6_s2" lk="156" lemma="sǟ’l" tahendus="seal" ingl="there" liik="ProAdv">sǟ’l</sone><sone id="l6_s3" lk="156" lemma="ä’b" tahendus="ei" ingl="not" liik="Mn">äb</sone><sone id="l6_s4" lk="156" lemma="kui" tahendus="kuigi" ingl="very" liik="Adv">kui’</sone><sone id="l6_s5" lk="156" lemma="kougõn" tahendus="kaugel" ingl="far" liik="Adv">kougən</sone><sone id="l6_s6" lk="156" lemma="vȱlda" tahendus="olla" ingl="be" liik="Va" vorm="pers.ind.pr.sg.3.">um’</sone><sone id="l6_s7" lk="156" lemma="vȱlda" tahendus="olla" ingl="be" liik="V" vorm="nud.sg.">ve̮nd</sone><sone id="l6_s8" lk="156" lemma="se" tahendus="see" ingl="this" liik="ProS" vorm="sg.gen.">sie</sone><sone id="l6_s9" lk="156" lemma="kēņig" tahendus="kuningas" ingl="king" liik="S" vorm="sg.dat.">kēńigən</sone><sone id="l6_s10" lk="156" lemma="ikš" tahendus="üks" ingl="one" liik="ProS" vorm="sg.nom.">ikš</sone><sone id="l6_s11" lk="156" lemma="sūr" tahendus="suur" ingl="big" liik="A" vorm="sg.nom.">sūr</sone><sone id="l6_s12" lk="156" lemma="nīnõ" tahendus="loss" ingl="castle" liik="S" vorm="sg.nom.">nīn</sone><sone id="l6_s13" lk="156" lemma="un" tahendus="ja" ingl="and" liik="Konj">un</sone><sone id="l6_s14" lk="156" lemma="sǟ’l" tahendus="seal" ingl="there" liik="ProAdv">sǟ’l</sone><sone id="l6_s15" lk="156" lemma="vȱlda" tahendus="olla" ingl="be" liik="Va" vorm="pers.ind.pr.sg.3.">um’</sone><sone id="l6_s16" lk="156" lemma="vȱlda" tahendus="olla" ingl="be" liik="V" vorm="nud.sg.">ve̮nd</sone><sone id="l6_s17" lk="156" lemma="kuplā" tahendus="kahar" ingl="branchy" liik="A" vorm="sg.nom.">kuplā</sone><sone id="l6_s18" lk="156" lemma="pǟrna" tahendus="pärn" ingl="linden" liik="S" vorm="sg.nom.">pǟrna</sone><sone id="l6_s19" lk="156" lemma="un" tahendus="ja" ingl="and" liik="Konj">un</sone><sone id="l6_s20" lk="156" lemma="sūr" tahendus="suur" ingl="big" liik="A" vorm="sg.nom.">sūr</sone><sone id="l6_s21" lk="156" lemma="kouv" tahendus="kaev" ingl="well" liik="S" vorm="sg.nom.">kouv</sone><sone id="l6_s22" lk="156" meta="vahemärk">.</sone></lause><lause id="l7"><sone id="l7_s1" lk="156" lemma="un" tahendus="ja" ingl="and" liik="Konj">un</sone><sone id="l7_s2" lk="156" lemma="sīnõ" tahendus="sinna" ingl="there" liik="ProAdv">sīn</sone><sone id="l7_s3" lk="156" lemma="se" tahendus="see" ingl="this" liik="ProS" vorm="sg.nom.">se</sone><sone id="l7_s4" lk="156" lemma="printses" tahendus="printsess" ingl="princess" liik="S" vorm="sg.nom.">frintsess</sone><sone id="l7_s5" lk="156" lemma="ni" tahendus="nüüd" ingl="now" liik="Adv">ni</sone><sone id="l7_s6" lk="156" lemma="lǟʼdõ" tahendus="minna" ingl="go" liik="V" vorm="nud.sg.">lǟ’nd</sone><sone id="l7_s7" lk="156" lemma="tsērõ" tahendus="jalutada" ingl="walk" liik="V" vorm="sup.">tsērəm</sone><sone id="l7_s8" lk="156" lemma="un" tahendus="ja" ingl="and" liik="Konj">un</sone><sone id="l7_s9" lk="156" lemma="tämā" tahendus="tema" ingl="she" liik="ProS" vorm="sg.dat.">täm’mən</sone><sone id="l7_s10" lk="156" lemma="vȱlda" tahendus="olla" ingl="be" liik="V" vorm="nud.sg.">ve̮nd</sone><sone id="l7_s11" lk="156" lemma="sūr" tahendus="suur" ingl="big" liik="A" vorm="sg.nom.">sūr</sone><sone id="l7_s12" lk="156" lemma="kuldi" tahendus="kuldne" ingl="golden" liik="A" vorm="sg.nom.">kuldi</sone><sone id="l7_s13" lk="156" lemma="lēḑ" tahendus="kuul" ingl="ball" liik="S" vorm="sg.nom.">lēd́</sone><sone id="l7_s14" lk="156" lemma="un" tahendus="ja" ingl="and" liik="Konj">un</sone><sone id="l7_s15" lk="156" lemma="se" tahendus="see" ingl="this" liik="ProS" vorm="sg.part.">sⁱedā</sone><sone id="l7_s16" lk="156" lemma="tämā" tahendus="tema" ingl="she" liik="ProS" vorm="sg.nom.">ta</sone><sone id="l7_s17" lk="156" lemma="vȱlda" tahendus="olla" ingl="be" liik="Va" vorm="pers.ind.pr.sg.3.">um’</sone><sone id="l7_s18" lk="156" lemma="viskõ" tahendus="visata" ingl="throw" liik="V" vorm="nud.sg.">viskən</sone><sone id="l7_s19" lk="156" lemma="tōvaz" tahendus="taevas" ingl="sky" liik="S" vorm="sg.ill.">touvəz</sone><sone id="l7_s20" lk="156" lemma="i’lzõ" tahendus="üles" ingl="up" liik="Adva">il’z</sone><sone id="l7_s21" lk="156" lemma="un" tahendus="ja" ingl="and" liik="Konj">un</sone><sone id="l7_s22" lk="156" lemma="ne+ka" tahendus="nagu" ingl="as" liik="Konj">ne+ka</sone><sone id="l7_s23" lk="156" lemma="tämā" tahendus="tema" ingl="she" liik="ProS" vorm="sg.nom.">ta</sone><sone lk="156" keel="eesti" id="l7_s24" meta="vahemärk">=</sone><sone lk="156" keel="eesti" id="l7_s25" lemma="vȱlda" tahendus="olla" ingl="be" liik="Va" vorm="pers.ind.pr.sg.3.">m’</sone><sone id="l7_s26" lk="156" lemma="viskõ" tahendus="visata" ingl="throw" liik="V" vorm="nud.sg.">viskən</sone><sone id="l7_s27" lk="156" lemma="i’lzõ" tahendus="üles" ingl="up" liik="Adva">il’z</sone><sone id="l7_s28" lk="156" meta="vahemärk">,</sone><sone id="l7_s29" lk="156" lemma="ne’i" tahendus="nii" ingl="so" liik="ProAdv">nei’</sone><sone id="l7_s30" lk="156" lemma="vȱlda" tahendus="olla" ingl="be" liik="Va" vorm="pers.ind.pr.sg.3.">um’</sone><sone id="l7_s31" lk="156" lemma="tūlda" tahendus="tulla" ingl="come" liik="V" vorm="nud.sg.">tund</sone><sone id="l7_s32" lk="156" lemma="tämā" tahendus="tema" ingl="she" liik="ProS" vorm="sg.gen.">täm’</sone><sone id="l7_s33" lk="156" lemma="kä’ddõ" tahendus="kätte" ingl="into hands" liik="Post">kä’ddə</sone><sone id="l7_s34" lk="156" lemma="tā’giž" tahendus="tagasi" ingl="back" liik="Adva">tā’giž</sone><sone id="l7_s35" lk="156" meta="vahemärk">.</sone></lause><lause id="l8"><sone id="l8_s1" lk="156" lemma="un" tahendus="ja" ingl="and" liik="Konj">un</sone><sone id="l8_s2" lk="156" lemma="ne+ka" tahendus="nagu" ingl="as" liik="Konj">ne+ka</sone><sone id="l8_s3" lk="156" lemma="tämā" tahendus="tema" ingl="she" liik="ProS" vorm="sg.nom.">ta</sone><sone lk="156" keel="eesti" id="l8_s4" meta="vahemärk">=</sone><sone lk="156" keel="eesti" id="l8_s5" lemma="vȱlda" tahendus="olla" ingl="be" liik="Va" vorm="pers.ind.pr.sg.3.">m’</sone><sone id="l8_s6" lk="156" lemma="viskõ" tahendus="visata" ingl="throw" liik="V" vorm="nud.sg.">viskən</sone><sone id="l8_s7" lk="156" meta="vahemärk">[</sone><sone id="l8_s8" lk="156" lemma="tuoi" tahendus="teine" ingl="second" liik="Numj" vorm="sg.part.">tuoista</sone><sone id="l8_s9" lk="156" meta="vahemärk"> &gt;</sone><sone id="l8_s10" lk="156" meta="vahemärk">]</sone><sone id="l8_s11" lk="156" lemma="tuoi" tahendus="teine" ingl="second" liik="Numj" vorm="sg.part.">tuošta</sone><sone id="l8_s12" lk="156" lemma="kõrd" tahendus="kord" ingl="time" liik="S" vorm="sg.part.">ki̮rd</sone><sone id="l8_s13" lk="156" meta="vahemärk">,</sone><sone id="l8_s14" lk="156" lemma="ne’i" tahendus="nii" ingl="so" liik="ProAdv">nei’</sone><sone id="l8_s15" lk="156" lemma="vȱlda" tahendus="olla" ingl="be" liik="Va" vorm="pers.ind.pr.sg.3.">um’</sone><sone id="l8_s16" lk="156" lemma="sa’ddõ" tahendus="kukkuda" ingl="fall" liik="V" vorm="nud.sg.">sa’ddən</sone><sone id="l8_s17" lk="156" lemma="se" tahendus="see" ingl="this" liik="ProS" vorm="sg.nom.">se</sone><sone id="l8_s18" lk="156" lemma="kuldi" tahendus="kuldne" ingl="golden" liik="A" vorm="sg.nom.">kuldi</sone><sone id="l8_s19" lk="156" lemma="lēḑ" tahendus="kuul" ingl="ball" liik="S" vorm="sg.nom.">lēd́</sone><sone id="l8_s20" lk="156" lemma="kouv" tahendus="kaev" ingl="well" liik="S" vorm="sg.ill.">kouvə</sone><sone id="l8_s21" lk="156" meta="vahemärk">.</sone></lause><lause id="l9"><sone id="l9_s1" lk="156" lemma="tämā" tahendus="tema" ingl="she" liik="ProS" vorm="sg.nom.">ta</sone><sone lk="156" keel="eesti" id="l9_s2" meta="vahemärk">=</sone><sone lk="156" keel="eesti" id="l9_s3" lemma="vȱlda" tahendus="olla" ingl="be" liik="Va" vorm="pers.ind.pr.sg.3.">m’</sone><sone id="l9_s4" lk="156" lemma="räukõ" tahendus="nutta" ingl="cry" liik="V" vorm="nud.sg.">räwkən</sone><sone id="l9_s5" lk="156" lemma="sǟ’l" tahendus="seal" ingl="there" liik="ProAdv">sǟ’l</sone><sone id="l9_s6" lk="156" lemma="se" tahendus="see" ingl="this" liik="ProS" vorm="sg.gen.">sie</sone><sone id="l9_s7" lk="156" lemma="kouv" tahendus="kaev" ingl="well" liik="S" vorm="sg.gen.">kouvə</sone><sone id="l9_s8" lk="156" lemma="jūs" tahendus="juures" ingl="by" liik="Post">jūs</sone><sone id="l9_s9" lk="156" meta="vahemärk">,</sone><sone id="l9_s10" lk="156" lemma="koks" tahendus="kui ometi" ingl="if only" liik="Konj">koks</sone><sone id="l9_s11" lk="156" lemma="ikš" tahendus="üks" ingl="one" liik="ProS" vorm="sg.nom.">ikš</sone><sone id="l9_s12" lk="156" lemma="ne’i" tahendus="nii" ingl="so" liik="ProAdv">nei’</sone><sone id="l9_s13" lk="156" lemma="jõvā" tahendus="hea" ingl="good" liik="A" vorm="sg.nom.">ji̮vā</sone><sone id="l9_s14" lk="156" lemma="rištīng" tahendus="inimene" ingl="person" liik="S" vorm="sg.nom.">rištīŋg</sone><sone id="l9_s15" lk="156" lemma="tūlda" tahendus="tulla" ingl="come" liik="V" vorm="nud.sg.">tund</sone><sone id="l9_s16" lk="156" meta="vahemärk">,</sone><sone id="l9_s17" lk="156" lemma="kis" tahendus="kes" ingl="who" liik="Intr" vorm="sg.nom.">kis</sone><sone id="l9_s18" lk="156" lemma="võttõ" tahendus="võtta" ingl="take" liik="V" vorm="pers.knd.pr.sg.3.">vi̮tāks</sone><sone id="l9_s19" lk="156" lemma="se" tahendus="see" ingl="this" liik="ProS" vorm="sg.gen.">sie</sone><sone id="l9_s20" lk="156" lemma="kuldi" tahendus="kuldne" ingl="golden" liik="A" vorm="sg.gen.">kuldiz</sone><sone id="l9_s21" lk="156" lemma="lēḑ" tahendus="kuul" ingl="ball" liik="S" vorm="sg.gen.">lēd́</sone><sone id="l9_s22" lk="156" lemma="kouv" tahendus="kaev" ingl="well" liik="S" vorm="sg.el.">kouvəst</sone><sone id="l9_s23" lk="156" lemma="ulzõ" tahendus="välja" ingl="out" liik="Adva">ulz</sone><sone id="l9_s24" lk="156" meta="vahemärk">.</sone></lause><lause id="l10"><sone id="l10_s1" lk="156" lemma="un" tahendus="ja" ingl="and" liik="Konj">un</sone><sone id="l10_s2" lk="156" lemma="ne’i" tahendus="nii" ingl="so" liik="ProAdv">nei’</sone><sone id="l10_s3" lk="156" lemma="tämā" tahendus="tema" ingl="she" liik="ProS" vorm="sg.nom.">ta</sone><sone lk="156" keel="eesti" id="l10_s4" meta="vahemärk">=</sone><sone lk="156" keel="eesti" id="l10_s5" lemma="vȱlda" tahendus="olla" ingl="be" liik="Va" vorm="pers.ind.pr.sg.3.">m’</sone><sone id="l10_s6" lk="156" lemma="kūlõ" tahendus="kuulda" ingl="hear" liik="V" vorm="nud.sg.">kūlən</sone><sone id="l10_s7" lk="156" meta="vahemärk">,</sone><sone id="l10_s8" lk="156" lemma="ku" tahendus="kui" ingl="how" liik="Intr">ku</sone><sone id="l10_s9" lk="156" lemma="ikš" tahendus="üks" ingl="one" liik="ProS" vorm="sg.nom.">ikš</sone><sone id="l10_s10" lk="156" lemma="vȱlda" tahendus="olla" ingl="be" liik="Va" vorm="pers.ind.pr.sg.3.">um’</sone><sone id="l10_s11" lk="156" lemma="räukõ" tahendus="röökida" ingl="cry" liik="V" vorm="nud.sg.">räwkən</sone><sone id="l10_s12" lk="156" meta="vahemärk">:</sone><sone id="l10_s13" lk="156" meta="vahemärk">”</sone><sone lk="156" keel="eesti" id="l10_s14" lemma="vā" liik="Ono" tahendus="krooks" ingl="croak">vā</sone><sone id="l10_s15" lk="156" meta="vahemärk">,</sone><sone id="l10_s16" lk="156" lemma="vā" liik="Ono" tahendus="krooks" ingl="croak">vā</sone><sone lk="156" keel="eesti" id="l10_s17" meta="vahemärk">”</sone><sone id="l10_s18" lk="156" meta="vahemärk">,</sone><sone id="l10_s19" lk="156" lemma="un" tahendus="ja" ingl="and" liik="Konj">un</sone><sone id="l10_s20" lk="156" lemma="tämā" tahendus="tema" ingl="she" liik="ProS" vorm="sg.nom.">ta</sone><sone lk="156" keel="eesti" id="l10_s21" meta="vahemärk">=</sone><sone lk="156" keel="eesti" id="l10_s22" lemma="vȱlda" tahendus="olla" ingl="be" liik="Va" vorm="pers.ind.pr.sg.3.">m’</sone><sone id="l10_s23" lk="156" lemma="lǟʼdõ" tahendus="minna" ingl="go" liik="V" vorm="nud.sg.">lǟ’nd</sone><sone id="l10_s24" lk="156" lemma="vaņțlõ" tahendus="vaadata" ingl="look" liik="V" vorm="sup.">vańḱĺəm</sone><sone id="l10_s25" lk="156" lemma="un" tahendus="ja" ingl="and" liik="Konj">un</sone><sone id="l10_s26" lk="156" lemma="se" tahendus="see" ingl="this" liik="ProS" vorm="sg.nom.">se</sone><sone lk="156" keel="eesti" id="l10_s27" meta="vahemärk">=</sone><sone lk="156" keel="eesti" id="l10_s28" lemma="vȱlda" tahendus="olla" ingl="be" liik="Va" vorm="pers.ind.pr.sg.3.">m’</sone><sone id="l10_s29" lk="156" lemma="vȱlda" tahendus="olla" ingl="be" liik="V" vorm="nud.sg.">ve̮nd</sone><sone id="l10_s30" lk="156" lemma="sūr" tahendus="suur" ingl="big" liik="A" vorm="sg.nom.">sūr</sone><sone id="l10_s31" lk="156" lemma="krupā" tahendus="kärnkonn" ingl="toad" liik="S" vorm="sg.nom.">krupā</sone><sone id="l10_s32" lk="156" meta="vahemärk">.</sone></lause><lause id="l11"><sone id="l11_s1" lk="156" lemma="un" tahendus="ja" ingl="and" liik="Konj">un</sone><sone id="l11_s2" lk="156" lemma="ne’i" tahendus="nii" ingl="so" liik="ProAdv">nei’</sone><sone id="l11_s3" lk="156" lemma="se" tahendus="see" ingl="this" liik="ProS" vorm="sg.nom.">se</sone><sone id="l11_s4" lk="156" lemma="krupā" tahendus="kärnkonn" ingl="toad" liik="S" vorm="sg.nom.">krupā</sone><sone id="l11_s5" lk="156" lemma="vȱlda" tahendus="olla" ingl="be" liik="Va" vorm="pers.ind.pr.sg.3.">um’</sone><sone id="l11_s6" lk="156" lemma="kītõ" tahendus="öelda" ingl="say" liik="V" vorm="nud.sg.">kītən</sone><sone id="l11_s7" lk="156" meta="vahemärk">:</sone><sone id="l11_s8" lk="156" meta="vahemärk">”</sone><sone lk="156" keel="eesti" id="l11_s9" lemma="mis" tahendus="mis" ingl="what" liik="Intr" vorm="sg.nom.">mis</sone><sone id="l11_s10" lk="156" lemma="sinā" tahendus="sina" ingl="you" liik="ProS" vorm="sg.nom.">sa</sone><sone id="l11_s11" lk="156" lemma="räukõ" tahendus="nutta" ingl="cry" liik="V" vorm="pers.ind.pr.sg.2.">rǟkəd</sone><sone lk="156" keel="eesti" id="l11_s12" meta="vahemärk">?</sone><sone id="l11_s13" lk="156" meta="vahemärk">”</sone></lause><lause id="l12"><sone id="l12_s1" lk="156" meta="vahemärk">”</sone><sone lk="156" keel="eesti" id="l12_s2" lemma="kui" tahendus="kuidas" ingl="how" liik="Intr">kui’</sone><sone id="l12_s3" lk="156" lemma="minā" tahendus="mina" ingl="I" liik="ProS" vorm="sg.nom.">ma</sone><sone id="l12_s4" lk="156" lemma="ä’b" tahendus="ei" ingl="not" liik="Mn" vorm="pers.ind.pr.sg.1.">äb</sone><sone id="l12_s5" lk="156" lemma="räukõ" tahendus="nutta" ingl="cry" liik="V" vorm="pers.ind.sg.1.neg.">räwk</sone><sone id="l12_s6" lk="156" meta="vahemärk">,</sone><sone id="l12_s7" lk="156" lemma="minā" tahendus="mina" ingl="I" liik="ProS" vorm="sg.gen.">min’</sone><sone id="l12_s8" lk="156" lemma="kuldi" tahendus="kuldne" ingl="golden" liik="A" vorm="sg.nom.">kuldi</sone><sone id="l12_s9" lk="156" lemma="lēḑ" tahendus="kuul" ingl="ball" liik="S" vorm="sg.nom.">lēd́</sone><sone id="l12_s10" lk="156" lemma="sa’ddõ" tahendus="kukkuda" ingl="fall" liik="V" vorm="pers.ind.ipf.sg.3.">sadīz</sone><sone id="l12_s11" lk="156" lemma="kouv" tahendus="kaev" ingl="well" liik="S" vorm="sg.ill.">kouvə</sone><sone lk="156" keel="eesti" id="l12_s12" meta="vahemärk">.</sone><sone id="l12_s13" lk="156" meta="vahemärk">”</sone></lause><lause id="l13"><sone id="l13_s1" lk="156" lemma="tämā" tahendus="tema" ingl="he" liik="ProS" vorm="sg.nom.">ta</sone><sone id="l13_s2" lk="156" lemma="kītõ" tahendus="öelda" ingl="say" liik="V" vorm="nud.sg.">kītən</sone><sone id="l13_s3" lk="156" meta="vahemärk">:</sone><sone id="l13_s4" lk="156" meta="vahemärk">”</sone><sone lk="156" keel="eesti" id="l13_s5" lemma="mis" tahendus="mis" ingl="what" liik="Intr" vorm="sg.nom.">mis</sone><sone id="l13_s6" lk="156" lemma="sinā" tahendus="sina" ingl="you" liik="ProS" vorm="sg.nom.">sa</sone><sone id="l13_s7" lk="156" lemma="minā" tahendus="mina" ingl="I" liik="ProS" vorm="sg.dat.">min’nən</sone><sone id="l13_s8" lk="156" lemma="maksõ" tahendus="maksta" ingl="pay" liik="V" vorm="pers.ind.pr.sg.2.">maksād</sone><sone id="l13_s9" lk="156" meta="vahemärk">,</sone><sone id="l13_s10" lk="156" lemma="ku" tahendus="kui" ingl="if" liik="Konj">ku</sone><sone id="l13_s11" lk="156" lemma="minā" tahendus="mina" ingl="I" liik="ProS" vorm="sg.nom.">ma</sone><sone id="l13_s12" lk="156" lemma="sinā" tahendus="sina" ingl="you" liik="ProS" vorm="sg.dat.">sin’nən</sone><sone id="l13_s13" lk="156" lemma="võttõ" tahendus="võtta" ingl="take" liik="V" vorm="pers.ind.pr.sg.1.">vi̮tāb</sone><sone id="l13_s14" lk="156" lemma="ulzõ" tahendus="välja" ingl="out" liik="Adva">uldzə</sone><sone id="l13_s15" lk="156" lemma="tämā" tahendus="tema" ingl="he" liik="ProS" vorm="sg.gen.">täm’</sone><sone lk="156" keel="eesti" id="l13_s16" meta="vahemärk">?</sone><sone id="l13_s17" lk="156" meta="vahemärk">”</sone></lause><lause id="l14"><sone id="l14_s1" lk="156" lemma="tämā" tahendus="tema" ingl="she" liik="ProS" vorm="sg.nom.">ta</sone><sone lk="156" keel="eesti" id="l14_s2" meta="vahemärk">=</sone><sone lk="156" keel="eesti" id="l14_s3" lemma="vȱlda" tahendus="olla" ingl="be" liik="Va" vorm="pers.ind.pr.sg.3.">m’</sone><sone id="l14_s4" lk="156" lemma="kītõ" tahendus="öelda" ingl="say" liik="V" vorm="nud.sg.">kītən</sone><sone id="l14_s5" lk="156" meta="vahemärk">:</sone><sone id="l14_s6" lk="156" meta="vahemärk">”</sone><sone lk="156" keel="eesti" id="l14_s7" lemma="mis" tahendus="mis" ingl="what" liik="Intr" vorm="sg.nom.">mis</sone><sone id="l14_s8" lk="156" lemma="set" tahendus="ainult" ingl="only" liik="ModAdv">set</sone><sone id="l14_s9" lk="156" lemma="sinā" tahendus="sina" ingl="you" liik="ProS" vorm="sg.nom.">sa</sone><sone id="l14_s10" lk="156" lemma="ī’d" tahendus="ainult" ingl="only" liik="ModAdv">ī’d</sone><sone id="l14_s11" lk="156" lemma="tǭ’dõ" tahendus="tahta" ingl="want" liik="V" vorm="pers.ind.pr.sg.2.">tå̄’d</sone><sone id="l14_s12" lk="156" meta="vahemärk">,</sone><sone id="l14_s13" lk="156" lemma="se" tahendus="see" ingl="this" liik="ProS" vorm="sg.part.">sⁱedā</sone><sone id="l14_s14" lk="156" lemma="minā" tahendus="mina" ingl="I" liik="ProS" vorm="sg.nom.">ma</sone><sone id="l14_s15" lk="156" lemma="sinā" tahendus="sina" ingl="you" liik="ProS" vorm="sg.dat.">sin’nən</sone><sone id="l14_s16" lk="156" lemma="maksõ" tahendus="maksta" ingl="pay" liik="V" vorm="pers.ind.pr.sg.1.">maksāb</sone><sone lk="156" keel="eesti" id="l14_s17" meta="vahemärk">.</sone><sone id="l14_s18" lk="156" meta="vahemärk">”</sone></lause><lause id="l15"><sone id="l15_s1" lk="156" lemma="tämā" tahendus="tema" ingl="he" liik="ProS" vorm="sg.nom.">ta</sone><sone lk="156" keel="eesti" id="l15_s2" meta="vahemärk">=</sone><sone lk="156" keel="eesti" id="l15_s3" lemma="vȱlda" tahendus="olla" ingl="be" liik="Va" vorm="pers.ind.pr.sg.3.">m’</sone><sone id="l15_s4" lk="157" lemma="kītõ" tahendus="öelda" ingl="say" liik="V" vorm="nud.sg.">kītən</sone><sone id="l15_s5" lk="157" meta="vahemärk">:</sone><sone id="l15_s6" lk="157" meta="vahemärk">”</sone><sone lk="157" keel="eesti" id="l15_s7" lemma="ne’i" tahendus="nii" ingl="so" liik="ProAdv">nei’</sone><sone id="l15_s8" lk="157" lemma="võttõ" tahendus="võtta" ingl="take" liik="V" vorm="pers.imp.pr.sg.2.">vi̮tā</sone><sone id="l15_s9" lk="157" lemma="minā" tahendus="mina" ingl="I" liik="ProS" vorm="sg.part.">mīnda</sone><sone id="l15_s10" lk="157" lemma="eņtš" tahendus="oma" ingl="own" liik="ProS" vorm="sg.gen.">eńt́š</sone><sone id="l15_s11" lk="157" lemma="nīnõ" tahendus="loss" ingl="castle" liik="S" vorm="sg.ill.">nīnə</sone><sone id="l15_s12" lk="157" lemma="īņõ" tahendus="kaasa" ingl="with" liik="Adva">īńə</sone><sone id="l15_s13" lk="157" lemma="un" tahendus="ja" ingl="and" liik="Konj">un</sone><sone id="l15_s14" lk="157" lemma="pānda" tahendus="panna" ingl="put" liik="V" vorm="pers.imp.pr.sg.2.">pan’</sone><sone id="l15_s15" lk="157" lemma="minā" tahendus="mina" ingl="I" liik="ProS" vorm="sg.gen.">min’</sone><sone id="l15_s16" lk="157" lemma="ī’ž" tahendus="ise" ingl="self" liik="ProS" vorm="sg.gen.">eńt́š</sone><sone id="l15_s17" lk="157" lemma="kilgõ" tahendus="kõrvale" ingl="beside" liik="Adv">kilgə</sone><sone id="l15_s18" lk="157" lemma="istõ" tahendus="istuda" ingl="sit" liik="V" vorm="sup.">istām</sone><sone id="l15_s19" lk="157" lemma="un" tahendus="ja" ingl="and" liik="Konj">un</sone><sone id="l15_s20" lk="157" lemma="minā" tahendus="mina" ingl="I" liik="ProS" vorm="sg.instl.">min’kəks</sone><sone id="l15_s21" lk="157" lemma="ikš" tahendus="üks" ingl="one" liik="ProS" vorm="sg.gen.">ī’d</sone><sone id="l15_s22" lk="157" lemma="tarīļ" tahendus="taldrik" ingl="plate" liik="S" vorm="sg.gen.">taŕīĺ</sone><sone id="l15_s23" lk="157" meta="vahemärk">[</sone><sone id="l15_s24" lk="157" lemma="pǟl " tahendus="peal" ingl="on" liik="Post">pǟl</sone><sone id="l15_s25" lk="157" meta="vahemärk"> &gt;</sone><sone id="l15_s26" lk="157" meta="vahemärk">]</sone><sone id="l15_s27" lk="157" lemma="jūs" tahendus="juures" ingl="by" liik="Post">jūs</sone><sone id="l15_s28" lk="157" lemma="sīedõ" tahendus="süüa" ingl="eat" liik="V" vorm="pers.imp.pr.sg.2.">sie</sone><sone id="l15_s29" lk="157" lemma="un" tahendus="ja" ingl="and" liik="Konj">un</sone><sone id="l15_s30" lk="157" lemma="ikš" tahendus="üks" ingl="one" liik="ProS" vorm="sg.in.">ī’ts</sone><sone id="l15_s31" lk="157" lemma="lovā" tahendus="voodi" ingl="bed" liik="S" vorm="sg.in.">lovās</sone><sone id="l15_s32" lk="157" lemma="minā" tahendus="mina" ingl="I" liik="ProS" vorm="sg.instl.">min’kəks</sone><sone id="l15_s33" lk="157" lemma="ma’ggõ" tahendus="magada" ingl="sleep" liik="V" vorm="pers.imp.pr.sg.2.">ma’g</sone><sone lk="157" keel="eesti" id="l15_s34" meta="vahemärk">.</sone><sone id="l15_s35" lk="157" meta="vahemärk">”</sone></lause><lause id="l16"><sone id="l16_s1" lk="157" lemma="un" tahendus="ja" ingl="and" liik="Konj">un</sone><sone id="l16_s2" lk="157" lemma="ne’i" tahendus="nii" ingl="so" liik="ProAdv">nei’</sone><sone id="l16_s3" lk="157" lemma="tämā" tahendus="tema" ingl="she" liik="ProS" vorm="sg.nom.">ta</sone><sone lk="157" keel="eesti" id="l16_s4" meta="vahemärk">=</sone><sone lk="157" keel="eesti" id="l16_s5" lemma="vȱlda" tahendus="olla" ingl="be" liik="Va" vorm="pers.ind.pr.sg.3.">m’</sone><sone id="l16_s6" lk="157" lemma="ap+tõitõ" tahendus="lubada" ingl="promise" liik="V" vorm="nud.sg.prf.">ap+ti̮itən</sone><sone id="l16_s7" lk="157" lemma="tämā" tahendus="tema" ingl="he" liik="ProS" vorm="sg.dat.">täm’mən</sone><sone id="l16_s8" lk="157" lemma="un" tahendus="ja" ingl="and" liik="Konj">un</sone><sone id="l16_s9" lk="157" lemma="ne’i" tahendus="nii" ingl="so" liik="ProAdv">nei’</sone><sone id="l16_s10" lk="157" lemma="tämā" tahendus="tema" ingl="he" liik="ProS" vorm="sg.nom.">ta</sone><sone lk="157" keel="eesti" id="l16_s11" meta="vahemärk">=</sone><sone lk="157" keel="eesti" id="l16_s12" lemma="vȱlda" tahendus="olla" ingl="be" liik="Va" vorm="pers.ind.pr.sg.3.">m’</sone><sone id="l16_s13" lk="157" lemma="võttõ" tahendus="võtta" ingl="take" liik="V" vorm="nud.sg.">vi̮ttən</sone><sone id="l16_s14" lk="157" lemma="tämā" tahendus="tema" ingl="she" liik="ProS" vorm="sg.gen.">täm’</sone><sone id="l16_s15" lk="157" lemma="kuldi" tahendus="kuldne" ingl="golden" liik="A" vorm="sg.gen.">kuldiz</sone><sone id="l16_s16" lk="157" lemma="lēḑ" tahendus="kuul" ingl="ball" liik="S" vorm="sg.gen.">lēd́</sone><sone id="l16_s17" lk="157" lemma="ulzõ" tahendus="välja" ingl="out" liik="Adva">uldz</sone><sone id="l16_s18" lk="157" lemma="un" tahendus="ja" ingl="and" liik="Konj">un</sone><sone id="l16_s19" lk="157" lemma="andõ" tahendus="anda" ingl="give" liik="V" vorm="nud.sg.">andən</sone><sone id="l16_s20" lk="157" lemma="tämā" tahendus="tema" ingl="she" liik="ProS" vorm="sg.dat.">täm’mən</sone><sone id="l16_s21" lk="157" lemma="kä’ddõ" tahendus="kätte" ingl="into hands" liik="Adv">kä’ddə</sone><sone id="l16_s22" lk="157" meta="vahemärk">.</sone></lause><lause id="l17"><sone id="l17_s1" lk="157" lemma="ne’i" tahendus="nii" ingl="so" liik="ProAdv">nei’</sone><sone id="l17_s2" lk="157" lemma="tämā" tahendus="tema" ingl="she" liik="ProS" vorm="sg.nom.">ta</sone><sone lk="157" keel="eesti" id="l17_s3" meta="vahemärk">=</sone><sone lk="157" keel="eesti" id="l17_s4" lemma="vȱlda" tahendus="olla" ingl="be" liik="Va" vorm="pers.ind.pr.sg.3.">m’</sone><sone id="l17_s5" lk="157" lemma="a’ilõ" tahendus="joosta" ingl="run" liik="V" vorm="nud.sg.">ai’lən</sone><sone id="l17_s6" lk="157" lemma="je’ds+pēḑõn" tahendus="ära" ingl="away" liik="Adva">je̮’ds+pēd́ən</sone><sone id="l17_s7" lk="157" lemma="se" tahendus="see" ingl="this" liik="ProS" vorm="sg.nom.">se</sone><sone id="l17_s8" lk="157" lemma="freilen" tahendus="preili" ingl="young lady" liik="S" vorm="sg.nom.">freilen</sone><sone id="l17_s9" lk="157" lemma="un" tahendus="ja" ingl="and" liik="Konj">un</sone><sone id="l17_s10" lk="157" lemma="se" tahendus="see" ingl="this" liik="ProS" vorm="sg.nom.">se</sone><sone id="l17_s11" lk="157" lemma="krupā" tahendus="kärnkonn" ingl="toad" liik="S" vorm="sg.nom.">krupā</sone><sone id="l17_s12" lk="157" lemma="a’ilõ" tahendus="joosta" ingl="run" liik="V" vorm="nud.sg.">ai’lən</sone><sone id="l17_s13" lk="157" lemma="tagān" tahendus="järele" ingl="after" liik="Adv">tagān</sone><sone id="l17_s14" lk="157" lemma="un" tahendus="ja" ingl="and" liik="Konj">un</sone><sone id="l17_s15" lk="157" lemma="räukõ" tahendus="röökida" ingl="cry" liik="V" vorm="nud.sg.">räwkən</sone><sone id="l17_s16" lk="157" meta="vahemärk">:</sone><sone id="l17_s17" lk="157" meta="vahemärk">”</sone><sone id="l17_s18" lk="157" lemma="kvā" tahendus="krooks" ingl="croak" liik="Ono">kvā</sone><sone lk="157" keel="eesti" id="l17_s19" lemma="kvā" tahendus="krooks" ingl="croak" liik="Ono">kvā</sone><sone id="l17_s20" lk="157" meta="vahemärk">,</sone><sone id="l17_s21" lk="157" lemma="vȯ’dlõ" tahendus="oodata" ingl="wait" liik="V" vorm="pers.imp.pr.sg.2.">ve̮’dl̥</sone><sone id="l17_s22" lk="157" lemma="minā" tahendus="mina" ingl="I" liik="ProS" vorm="sg.part.">mīnda</sone><sone id="l17_s23" lk="157" lemma="ka" tahendus="ka" ingl="also" liik="ModAdv">ka</sone><sone lk="157" keel="eesti" id="l17_s24" meta="vahemärk">!</sone><sone id="l17_s25" lk="157" meta="vahemärk">”</sone></lause><lause id="l18"><sone id="l18_s1" lk="157" lemma="un" tahendus="ja" ingl="and" liik="Konj">un</sone><sone id="l18_s2" lk="157" lemma="tämā" tahendus="tema" ingl="she" liik="ProS" vorm="sg.nom.">tämā</sone><sone id="l18_s3" lk="157" lemma="ä’b" tahendus="ei" ingl="not" liik="Mn" vorm="pers.ind.pr.sg.3.">äb</sone><sone id="l18_s4" lk="157" lemma="vȱlda" tahendus="olla" ingl="be" liik="Va" vorm="pers.ind.sg.3.neg.">uo</sone><sone id="l18_s5" lk="157" lemma="vȯ’dlõ" tahendus="oodata" ingl="wait" liik="V" vorm="nud.sg.">ve̮’dlən</sone><sone id="l18_s6" lk="157" lemma="un" tahendus="ja" ingl="and" liik="Konj">un</sone><sone id="l18_s7" lk="157" lemma="lǟʼdõ" tahendus="minna" ingl="go" liik="V" vorm="nud.sg.">lǟ’nd</sone><sone id="l18_s8" lk="157" lemma="kuodāj" tahendus="koju" ingl="to home" liik="Adv">kᵘodāi</sone><sone id="l18_s9" lk="157" meta="vahemärk">.</sone></lause><lause id="l19"><sone id="l19_s1" lk="157" lemma="un" tahendus="ja" ingl="and" liik="Konj">un</sone><sone id="l19_s2" lk="157" lemma="ne’i" tahendus="nii" ingl="so" liik="ProAdv">nei’</sone><sone id="l19_s3" lk="157" lemma="ȭ’dõn" tahendus="õhtul" ingl="in the evening" liik="Adv">ī̮’dən</sone><sone id="l19_s4" lk="157" lemma="ku" tahendus="kui" ingl="when" liik="Konj">ku</sone><sone id="l19_s5" lk="157" lemma="ne" tahendus="nemad" ingl="they" liik="ProS" vorm="pl.nom.">ne</sone><sone id="l19_s6" lk="157" lemma="vȱlda" tahendus="olla" ingl="be" liik="Va" vorm="pers.ind.pr.pl.3.">a’dtə</sone><sone id="l19_s7" lk="157" lemma="sīedõ" tahendus="süüa" ingl="eat" liik="V" vorm="nud.pl.">sienəd</sone><sone id="l19_s8" lk="157" lemma="ȭ’dõgizt" tahendus="õhtusöök" ingl="dinner" liik="S" vorm="pl.part.">ī̮’dəkši</sone><sone id="l19_s9" lk="157" meta="vahemärk">,</sone><sone id="l19_s10" lk="157" lemma="ne’i" tahendus="nii" ingl="so" liik="ProAdv">nei’</sone><sone id="l19_s11" lk="157" lemma="vȱlda" tahendus="olla" ingl="be" liik="Va" vorm="pers.ind.pr.sg.3.">um’</sone><sone id="l19_s12" lk="157" lemma="tūlda" tahendus="tulla" ingl="come" liik="V" vorm="nud.sg.">tund</sone><sone id="l19_s13" lk="157" lemma="pi’ds" tahendus="mööda" ingl="along" liik="Pre">pits</sone><sone id="l19_s14" lk="157" lemma="marmor+strepīd" tahendus="marmortrepp" ingl="marble stairway" liik="S" vorm="pl.part.">marmor+strepīdi</sone><sone id="l19_s15" lk="157" lemma="i’lzõ" tahendus="üles" ingl="up" liik="Adva">il’dz</sone><sone id="l19_s16" lk="157" meta="vahemärk">.</sone></lause><lause id="l20"><sone id="l20_s1" lk="157" lemma="un" tahendus="ja" ingl="and" liik="Konj">un</sone><sone id="l20_s2" lk="157" lemma="ne’i" tahendus="nii" ingl="so" liik="ProAdv">nei’</sone><sone id="l20_s3" lk="157" lemma="tämā" tahendus="tema" ingl="she" liik="ProS" vorm="sg.nom.">ta</sone><sone lk="157" keel="eesti" id="l20_s4" meta="vahemärk">=</sone><sone lk="157" keel="eesti" id="l20_s5" lemma="vȱlda" tahendus="olla" ingl="be" liik="Va" vorm="pers.ind.pr.sg.3.">m’</sone><sone id="l20_s6" lk="157" lemma="lǟʼdõ" tahendus="minna" ingl="go" liik="V" vorm="nud.sg.">lǟ’nd</sone><sone id="l20_s7" lk="157" lemma="ukš" tahendus="uks" ingl="door" liik="S" vorm="sg.gen.">ukš</sone><sone id="l20_s8" lk="157" meta="vahemärk">‿</sone><sone id="l20_s9" lk="157" lemma="jūr" tahendus="juurde" ingl="by" liik="Post">jū’r</sone><sone id="l20_s10" lk="157" lemma="vaņțlõ" tahendus="vaadata" ingl="look" liik="V" vorm="sup.">vańḱĺəm</sone><sone id="l20_s11" lk="157" meta="vahemärk">,</sone><sone id="l20_s12" lk="157" lemma="kis" tahendus="kes" ingl="who" liik="Intr" vorm="sg.nom.">kis</sone><sone id="l20_s13" lk="157" lemma="se" tahendus="see" ingl="this" liik="ProS" vorm="sg.nom.">se</sone><sone id="l20_s14" lk="157" lemma="vȱlda" tahendus="olla" ingl="be" liik="V" vorm="pers.ind.pr.sg.3.">um’</sone><sone id="l20_s15" lk="157" lemma="seļļi" tahendus="selline" ingl="such" liik="ProA" vorm="sg.nom.">seĺĺi</sone><sone id="l20_s16" lk="157" lemma="un" tahendus="ja" ingl="and" liik="Konj">un</sone><sone id="l20_s17" lk="157" lemma="ne’i" tahendus="nii" ingl="so" liik="ProAdv">nei’</sone><sone id="l20_s18" lk="157" lemma="tämā" tahendus="tema" ingl="she" liik="ProS" vorm="sg.nom.">ta</sone><sone lk="157" keel="eesti" id="l20_s19" meta="vahemärk">=</sone><sone lk="157" keel="eesti" id="l20_s20" lemma="vȱlda" tahendus="olla" ingl="be" liik="Va" vorm="pers.ind.pr.sg.3.">m’</sone><sone id="l20_s21" lk="157" lemma="nǟ’dõ" tahendus="näha" ingl="see" liik="V" vorm="nud.sg.">nǟnd</sone><sone id="l20_s22" lk="157" meta="vahemärk">,</sone><sone id="l20_s23" lk="157" lemma="ku" tahendus="et" ingl="that" liik="Konj">ku</sone><sone id="l20_s24" lk="157" lemma="vȱlda" tahendus="olla" ingl="be" liik="V" vorm="pers.ind.pr.sg.3.">um’</sone><sone id="l20_s25" lk="157" lemma="krupā" tahendus="kärnkonn" ingl="toad" liik="S" vorm="sg.nom.">krupā</sone><sone id="l20_s26" lk="157" meta="vahemärk">.</sone></lause><lause id="l21"><sone id="l21_s1" lk="157" lemma="un" tahendus="ja" ingl="and" liik="Konj">un</sone><sone id="l21_s2" lk="157" lemma="ne’i" tahendus="nii" ingl="so" liik="ProAdv">nei’</sone><sone id="l21_s3" lk="157" lemma="tämā" tahendus="tema" ingl="she" liik="ProS" vorm="sg.nom.">ta</sone><sone lk="157" keel="eesti" id="l21_s4" meta="vahemärk">=</sone><sone lk="157" keel="eesti" id="l21_s5" lemma="vȱlda" tahendus="olla" ingl="be" liik="Va" vorm="pers.ind.pr.sg.3.">m’</sone><sone id="l21_s6" lk="157" lemma="pānda" tahendus="panna" ingl="put" liik="V" vorm="nud.sg.">pand</sone><sone id="l21_s7" lk="157" lemma="ukš" tahendus="uks" ingl="door" liik="S" vorm="sg.gen.">uks</sone><sone id="l21_s8" lk="157" lemma="vi’zzõ" tahendus="kinni" ingl="closed" liik="Adv">vi’zzə</sone><sone id="l21_s9" lk="157" lemma="un" tahendus="ja" ingl="and" liik="Konj">un</sone><sone id="l21_s10" lk="157" lemma="ä’b" tahendus="ei" ingl="not" liik="Mn" vorm="pers.ind.pr.sg.3.">äb</sone><sone id="l21_s11" lk="157" lemma="vȱlda" tahendus="olla" ingl="be" liik="Va" vorm="pers.ind.sg.3.neg.">uo</sone><sone id="l21_s12" lk="157" lemma="laskõ " tahendus="lasta" ingl="let" liik="V" vorm="nud.sg.">laskən</sone><sone id="l21_s13" lk="157" lemma="se" tahendus="see" ingl="this" liik="ProS" vorm="sg.gen.">sie</sone><sone id="l21_s14" lk="157" lemma="krupā" tahendus="kärnkonn" ingl="toad" liik="S" vorm="sg.gen.">krupā</sone><sone id="l21_s15" lk="157" lemma="sillõ" tahendus="sisse" ingl="into" liik="Adva">sil’lə</sone><sone id="l21_s16" lk="157" meta="vahemärk">.</sone></lause><lause id="l22"><sone id="l22_s1" lk="157" lemma="ne’i" tahendus="nii" ingl="so" liik="ProAdv">nei’</sone><sone id="l22_s2" lk="157" lemma="se" tahendus="see" ingl="this" liik="ProS" vorm="sg.nom.">se</sone><sone id="l22_s3" lk="157" lemma="kēņig" tahendus="kuningas" ingl="king" liik="S" vorm="sg.nom.">kēńig</sone><sone id="l22_s4" lk="157" lemma="vȱlda" tahendus="olla" ingl="be" liik="Va" vorm="pers.ind.pr.sg.3.">um’</sone><sone id="l22_s5" lk="157" lemma="ki’zzõ" tahendus="küsida" ingl="ask" liik="V" vorm="nud.sg.">ki’zzən</sone><sone id="l22_s6" lk="157" lemma="tämā" tahendus="tema" ingl="she" liik="ProS" vorm="sg.gen.">täm’</sone><sone id="l22_s7" lk="157" lemma="kä’dst" tahendus="käest" ingl="from" liik="Post">kä’dstə</sone><sone id="l22_s8" lk="157" meta="vahemärk">:</sone><sone id="l22_s9" lk="157" meta="vahemärk">”</sone><sone lk="157" keel="eesti" id="l22_s10" lemma="mis" tahendus="mis" ingl="what" liik="Intr" vorm="sg.nom.">mis</sone><sone id="l22_s11" lk="157" lemma="sǟ’l" tahendus="seal" ingl="there" liik="ProAdv">sǟ’l</sone><sone id="l22_s12" lk="157" lemma="vȱlda" tahendus="olla" ingl="be" liik="V" vorm="pers.ind.pr.sg.3.">um’</sone><sone lk="157" keel="eesti" id="l22_s13" meta="vahemärk">?</sone><sone id="l22_s14" lk="157" meta="vahemärk">”</sone></lause><lause id="l23"><sone id="l23_s1" lk="157" lemma="tämā" tahendus="tema" ingl="she" liik="ProS" vorm="sg.nom.">ta</sone><sone id="l23_s2" lk="157" lemma="ä’b" tahendus="ei" ingl="not" liik="Mn" vorm="pers.ind.pr.sg.3.">äb</sone><sone id="l23_s3" lk="157" lemma="vȱlda" tahendus="olla" ingl="be" liik="Va" vorm="pers.ind.sg.3.neg.">uo</sone><sone id="l23_s4" lk="157" lemma="kītõ" tahendus="öelda" ingl="say" liik="V" vorm="nud.sg.">kītən</sone><sone id="l23_s5" lk="157" meta="vahemärk">.</sone></lause><lause id="l24"><sone id="l24_s1" lk="157" lemma="ne’i" tahendus="nii" ingl="so" liik="ProAdv">nei’</sone><sone id="l24_s2" lk="157" lemma="se" tahendus="see" ingl="this" liik="ProS" vorm="sg.nom.">se</sone><sone id="l24_s3" lk="157" lemma="kēņig" tahendus="kuningas" ingl="king" liik="S" vorm="sg.nom.">kēńig</sone><sone id="l24_s4" lk="157" lemma="vȱlda" tahendus="olla" ingl="be" liik="Va" vorm="pers.ind.pr.sg.3.">um’</sone><sone id="l24_s5" lk="157" lemma="kītõ" tahendus="öelda" ingl="say" liik="V" vorm="nud.sg.">kītən</sone><sone id="l24_s6" lk="157" meta="vahemärk">:</sone><sone id="l24_s7" lk="157" meta="vahemärk">”</sone><sone lk="157" keel="eesti" id="l24_s8" lemma="kītõ" tahendus="öelda" ingl="tell" liik="V" vorm="pers.imp.pr.sg.1.2.">kīt</sone><sone id="l24_s9" lk="157" lemma="set" tahendus="ainult" ingl="only" liik="Adv">set</sone><sone id="l24_s10" lk="157" lemma="drū’ošõ" tahendus="julgelt" ingl="boldly" liik="Adv" kommentaar="?">dru’ošə</sone><sone id="l24_s11" lk="157" meta="vahemärk">,</sone><sone id="l24_s12" lk="157" lemma="minā" tahendus="mina" ingl="I" liik="ProS" vorm="sg.gen.">min</sone><sone id="l24_s13" lk="157" lemma="läpš" tahendus="laps" ingl="child" liik="S" vorm="sg.nom.">läpš</sone><sone id="l24_s14" lk="157" meta="vahemärk">,</sone><sone id="l24_s15" lk="157" lemma="minā" tahendus="mina" ingl="I" liik="ProS" vorm="sg.nom.">ma</sone><sone id="l24_s16" lk="157" lemma="nǟ’dõ" tahendus="näha" ingl="see" liik="V" vorm="pers.ind.pr.sg.1.">nǟb</sone><sone id="l24_s17" lk="157" meta="vahemärk">,</sone><sone id="l24_s18" lk="157" lemma="ku" tahendus="et" ingl="that" liik="Konj">ku</sone><sone id="l24_s19" lk="157" lemma="sinā" tahendus="sina" ingl="you" liik="ProS" vorm="sg.nom.">sa</sone><sone id="l24_s20" lk="157" lemma="vȱlda" tahendus="olla" ingl="be" liik="V" vorm="pers.ind.pr.sg.2.">uod</sone><sone id="l24_s21" lk="157" lemma="ne’i" tahendus="nii" ingl="so" liik="ProAdv">nei’</sone><sone id="l24_s22" lk="157" lemma="jarā" tahendus="ära" ingl="off" liik="Adva">jarā</sone><sone id="l24_s23" lk="157" lemma="ädāgõ" tahendus="ehmuda" ingl="be startled" liik="V" vorm="nud.sg.">ädāgən</sone><sone lk="157" keel="eesti" id="l24_s24" meta="vahemärk">.</sone><sone id="l24_s25" lk="157" meta="vahemärk">”</sone></lause><lause id="l25"><sone id="l25_s1" lk="157" lemma="tämā" tahendus="tema" ingl="she" liik="ProS" vorm="sg.nom.">ta</sone><sone lk="157" keel="eesti" id="l25_s2" meta="vahemärk">=</sone><sone id="l25_s3" lk="157" lemma="kītõ" tahendus="öelda" ingl="say" liik="V" vorm="nud.sg.">kītən</sone><sone id="l25_s4" lk="157" meta="vahemärk">,</sone><sone id="l25_s5" lk="157" lemma="ku" tahendus="et" ingl="that" liik="Konj">ku</sone><sone id="l25_s6" lk="157" lemma="tämā" tahendus="tema" ingl="she" liik="ProS" vorm="sg.nom.">ta</sone><sone lk="157" keel="eesti" id="l25_s7" meta="vahemärk">=</sone><sone lk="157" keel="eesti" id="l25_s8" lemma="vȱlda" tahendus="olla" ingl="be" liik="Va" vorm="pers.ind.pr.sg.3.">m’</sone><sone id="l25_s9" lk="157" lemma="lǟʼdõ" tahendus="minna" ingl="go" liik="V" vorm="nud.sg.">lǟ’nd</sone><sone id="l25_s10" lk="157" lemma="tsērõ" tahendus="jalutada" ingl="walk" liik="V" vorm="sup.">tsērəm</sone><sone id="l25_s11" lk="157" lemma="un" tahendus="ja" ingl="and" liik="Konj">un</sone><sone id="l25_s12" lk="157" lemma="si’z" tahendus="siis" ingl="then" liik="ProAdv">siz</sone><sone id="l25_s13" lk="157" lemma="tämā" tahendus="tema" ingl="she" liik="ProS" vorm="sg.nom.">ta</sone><sone lk="157" keel="eesti" id="l25_s14" meta="vahemärk">=</sone><sone lk="157" keel="eesti" id="l25_s15" lemma="vȱlda" tahendus="olla" ingl="be" liik="Va" vorm="pers.ind.pr.sg.3.">m’</sone><sone id="l25_s16" lk="157" lemma="istõ" tahendus="istuda" ingl="sit" liik="V" vorm="nud.sg.">istən</sone><sone id="l25_s17" lk="157" lemma="se" tahendus="see" ingl="this" liik="ProS" vorm="sg.gen.">sie</sone><sone id="l25_s18" lk="157" lemma="sūr" tahendus="suur" ingl="big" liik="A" vorm="sg.gen.">sūr</sone><sone id="l25_s19" lk="157" lemma="pǟrna" tahendus="pärn" ingl="linden" liik="S" vorm="sg.gen.">pǟrna</sone><sone id="l25_s20" lk="157" lemma="allõ" tahendus="all" ingl="under" liik="Post">allə</sone><sone id="l25_s21" lk="157" lemma="un" tahendus="ja" ingl="and" liik="Konj">un</sone><sone id="l25_s22" lk="157" lemma="ne’i" tahendus="nii" ingl="so" liik="ProAdv">nei’</sone><sone id="l25_s23" lk="157" lemma="vȱlda" tahendus="olla" ingl="be" liik="Va" vorm="pers.ind.pr.sg.3.">um’</sone><sone id="l25_s24" lk="157" lemma="sa’ddõ" tahendus="kukkuda" ingl="fall" liik="V" vorm="nud.sg.">sa’ddən</sone><sone id="l25_s25" lk="157" lemma="tämā" tahendus="tema" ingl="she" liik="ProS" vorm="sg.gen.">täm’</sone><sone id="l25_s26" lk="157" lemma="kuldi" tahendus="kuldne" ingl="golden" liik="A" vorm="sg.nom.">kuldi</sone><sone id="l25_s27" lk="157" lemma="lēḑ" tahendus="kuul" ingl="ball" liik="S" vorm="sg.nom.">lēd́</sone><sone id="l25_s28" lk="157" lemma="kouv" tahendus="kaev" ingl="well" liik="S" vorm="sg.ill.">kouvəz</sone><sone id="l25_s29" lk="157" lemma="un" tahendus="ja" ingl="and" liik="Konj">un</sone><sone id="l25_s30" lk="157" lemma="ne’i" tahendus="nii" ingl="so" liik="ProAdv">nei’</sone><sone id="l25_s31" lk="157" lemma="tämā" tahendus="tema" ingl="she" liik="ProS" vorm="sg.nom.">ta</sone><sone lk="157" keel="eesti" id="l25_s32" meta="vahemärk">=</sone><sone lk="157" keel="eesti" id="l25_s33" lemma="vȱlda" tahendus="olla" ingl="be" liik="Va" vorm="pers.ind.pr.sg.3.">m’</sone><sone id="l25_s34" lk="157" lemma="räukõ" tahendus="nutta" ingl="cry" liik="V" vorm="nud.sg.">räwkən</sone><sone id="l25_s35" lk="157" meta="vahemärk">:</sone><sone id="l25_s36" lk="157" meta="vahemärk">”</sone><sone lk="157" keel="eesti" id="l25_s37" lemma="koks" tahendus="kui ometi" ingl="if only" liik="Konj">koks</sone><sone id="l25_s38" lk="157" lemma="ikš" tahendus="üks" ingl="one" liik="ProS" vorm="sg.nom.">ikš</sone><sone id="l25_s39" lk="157" lemma="ne’i" tahendus="nii" ingl="so" liik="ProAdv">nei’</sone><sone id="l25_s40" lk="157" lemma="jõvā" tahendus="hea" ingl="good" liik="A" vorm="sg.nom.">ji̮vā</sone><sone id="l25_s41" lk="157" lemma="rištīng" tahendus="inimene" ingl="person" liik="S" vorm="sg.nom.">rištīŋg</sone><sone id="l25_s42" lk="157" lemma="tūlda" tahendus="tulla" ingl="come" liik="V" vorm="nud.sg.">tund</sone><sone id="l25_s43" lk="157" lemma="un" tahendus="ja" ingl="and" liik="Konj">un</sone><sone id="l25_s44" lk="157" lemma="kis" tahendus="kes" ingl="who" liik="Intr" vorm="sg.nom.">kis</sone><sone id="l25_s45" lk="157" lemma="võttõ" tahendus="võtta" ingl="take" liik="V" vorm="pers.knd.pr.sg.3.">vi̮tāks</sone><sone id="l25_s46" lk="157" lemma="minā" tahendus="mina" ingl="I" liik="ProS" vorm="sg.gen.">min</sone><sone id="l25_s47" lk="157" lemma="kuldi" tahendus="kuldne" ingl="golden" liik="A" vorm="sg.gen.">kuldiz</sone><sone id="l25_s48" lk="157" lemma="lēḑ" tahendus="kuul" ingl="ball" liik="S" vorm="sg.gen.">lēd́</sone><sone id="l25_s49" lk="157" lemma="kouv" tahendus="kaev" ingl="well" liik="S" vorm="sg.el.">koust</sone><sone id="l25_s50" lk="157" lemma="ulzõ" tahendus="välja" ingl="out" liik="Adva">uldz</sone><sone lk="157" keel="eesti" id="l25_s51" meta="vahemärk">”</sone><sone id="l25_s52" lk="157" meta="vahemärk">,</sone><sone id="l25_s53" lk="157" lemma="un" tahendus="ja" ingl="and" liik="Konj">un</sone><sone id="l25_s54" lk="157" lemma="ne’i" tahendus="nii" ingl="so" liik="ProAdv">nei’</sone><sone id="l25_s55" lk="157" lemma="tämā" tahendus="tema" ingl="she" liik="ProS" vorm="sg.nom.">ta</sone><sone lk="157" keel="eesti" id="l25_s56" meta="vahemärk">=</sone><sone lk="157" keel="eesti" id="l25_s57" lemma="vȱlda" tahendus="olla" ingl="be" liik="Va" vorm="pers.ind.pr.sg.3.">m’</sone><sone id="l25_s58" lk="157" lemma="kūlõ" tahendus="kuulda" ingl="hear" liik="V" vorm="nud.sg.">kūlən</sone><sone id="l25_s59" lk="157" meta="vahemärk">,</sone><sone id="l25_s60" lk="157" lemma="ku" tahendus="kuidas" ingl="how" liik="Intr">ku</sone><sone id="l25_s61" lk="157" lemma="ikš" tahendus="üks" ingl="one" liik="ProS" vorm="sg.nom.">ikš</sone><sone id="l25_s62" lk="158" lemma="vȱlda" tahendus="olla" ingl="be" liik="Va" vorm="pers.ind.pr.sg.3.">um’</sone><sone id="l25_s63" lk="158" lemma="lǟʼdõ" tahendus="minna" ingl="go" liik="V" vorm="nud.sg.">lǟ’nd</sone><sone id="l25_s64" lk="158" meta="vahemärk">”</sone><sone lk="158" keel="eesti" id="l25_s65" lemma="vā" tahendus="krooks" ingl="croak" liik="Ono">vā</sone><sone id="l25_s66" lk="158" meta="vahemärk">,</sone><sone id="l25_s67" lk="158" lemma="vā" tahendus="krooks" ingl="croak" liik="Ono">vā</sone><sone lk="158" keel="eesti" id="l25_s68" meta="vahemärk">”</sone><sone id="l25_s69" lk="158" meta="vahemärk">,</sone><sone id="l25_s70" lk="158" lemma="un" tahendus="ja" ingl="and" liik="Konj">un</sone><sone id="l25_s71" lk="158" lemma="ne’i" tahendus="nii" ingl="so" liik="ProAdv">nei’</sone><sone id="l25_s72" lk="158" lemma="tämā" tahendus="tema" ingl="she" liik="ProS" vorm="sg.nom.">ta</sone><sone lk="158" keel="eesti" id="l25_s73" meta="vahemärk">=</sone><sone lk="158" keel="eesti" id="l25_s74" lemma="vȱlda" tahendus="olla" ingl="be" liik="Va" vorm="pers.ind.pr.sg.3.">m’</sone><sone id="l25_s75" lk="158" lemma="lǟʼdõ" tahendus="minna" ingl="go" liik="V" vorm="nud.sg.">lǟ’nd</sone><sone id="l25_s76" lk="158" lemma="vaņțlõ" tahendus="vaadata" ingl="look" liik="V" vorm="sup.">vańḱĺəm</sone><sone id="l25_s77" lk="158" lemma="un" tahendus="ja" ingl="and" liik="Konj">un</sone><sone id="l25_s78" lk="158" lemma="ne’i" tahendus="nii" ingl="so" liik="ProAdv">nei’</sone><sone id="l25_s79" lk="158" lemma="vȱlda" tahendus="olla" ingl="be" liik="Va" vorm="pers.ind.pr.sg.3.">um’</sone><sone id="l25_s80" lk="158" lemma="vȱlda" tahendus="olla" ingl="be" liik="V" vorm="nud.sg.">ve̮nd</sone><sone id="l25_s81" lk="158" lemma="sūr" tahendus="suur" ingl="big" liik="A" vorm="sg.nom.">sūr</sone><sone id="l25_s82" lk="158" lemma="krupā" tahendus="kärnkonn" ingl="toad" liik="S" vorm="sg.nom.">krupā</sone><sone id="l25_s83" lk="158" lemma="un" tahendus="ja" ingl="and" liik="Konj">un</sone><sone id="l25_s84" lk="158" lemma="si’z" tahendus="siis" ingl="then" liik="ProAdv">siz</sone><sone id="l25_s85" lk="158" lemma="se" tahendus="see" ingl="this" liik="ProS" vorm="sg.nom.">se</sone><sone lk="158" keel="eesti" id="l25_s86" meta="vahemärk">=</sone><sone lk="158" keel="eesti" id="l25_s87" lemma="vȱlda" tahendus="olla" ingl="be" liik="Va" vorm="pers.ind.pr.sg.3.">m’</sone><sone id="l25_s88" lk="158" lemma="kītõ" tahendus="öelda" ingl="say" liik="V" vorm="nud.sg.">kītən</sone><sone id="l25_s89" lk="158" meta="vahemärk">,</sone><sone id="l25_s90" lk="158" lemma="ja" tahendus="kui" ingl="if" liik="Konj">ja</sone><sone id="l25_s91" lk="158" lemma="tämā" tahendus="tema" ingl="she" liik="ProS" vorm="sg.nom.">ta</sone><sone id="l25_s92" lk="158" lemma="võttõ" tahendus="võtta" ingl="take" liik="V" vorm="pers.ind.pr.sg.3.">vi̮tāb</sone><sone id="l25_s93" lk="158" lemma="tämā" tahendus="tema" ingl="he" liik="ProS" vorm="sg.part.">tǟnda</sone><sone id="l25_s94" lk="158" lemma="eņtš" tahendus="oma" ingl="own" liik="ProS" vorm="sg.gen.">eńt́š</sone><sone id="l25_s95" lk="158" lemma="nīnõ" tahendus="loss" ingl="castle" liik="S" vorm="sg.ill.">nīnəz</sone><sone id="l25_s96" lk="158" lemma="un" tahendus="ja" ingl="and" liik="Konj">un</sone><sone id="l25_s97" lk="158" lemma="ī’ž" tahendus="ise" ingl="self" liik="ProS" vorm="sg.gen.">eńt́š</sone><sone id="l25_s98" lk="158" lemma="kilgõ" tahendus="kõrvale" ingl="beside" liik="Post">kilgə</sone><sone id="l25_s99" lk="158" lemma="pānda" tahendus="panna" ingl="put" liik="V" vorm="pers.ind.pr.sg.3.">panāb</sone><sone id="l25_s100" lk="158" lemma="istõ" tahendus="istuda" ingl="sit" liik="V" vorm="sup.">istām</sone><sone id="l25_s101" lk="158" lemma="un" tahendus="ja" ingl="and" liik="Konj">un</sone><sone id="l25_s102" lk="158" lemma="tämā" tahendus="tema" ingl="he" liik="ProS" vorm="sg.instl.">täm’kəks</sone><sone id="l25_s103" lk="158" lemma="ikš" tahendus="üks" ingl="one" liik="ProS" vorm="sg.gen.">ī’d</sone><sone id="l25_s104" lk="158" lemma="tarīļ" tahendus="taldrik" ingl="plate" liik="S" vorm="sg.gen.">tarīĺ</sone><sone id="l25_s105" lk="158" lemma="pǟl " tahendus="peal" ingl="on" liik="Post">pǟl</sone><sone id="l25_s106" lk="158" lemma="sīedõ" tahendus="süüa" ingl="eat" liik="V" vorm="pers.ind.pr.sg.3.">sieb</sone><sone id="l25_s107" lk="158" lemma="un" tahendus="ja" ingl="and" liik="Konj">un</sone><sone id="l25_s108" lk="158" lemma="tämā" tahendus="tema" ingl="he" liik="ProS" vorm="sg.instl.">täm’kəks</sone><sone id="l25_s109" lk="158" meta="vahemärk">[</sone><sone id="l25_s110" lk="158" lemma="ikš" tahendus="üks" ingl="one" liik="ProS" vorm="sg.in.">ī’ds</sone><sone id="l25_s111" lk="158" meta="vahemärk"> &gt;</sone><sone id="l25_s112" lk="158" meta="vahemärk">]</sone><sone id="l25_s113" lk="158" lemma="ikš" tahendus="üks" ingl="one" liik="ProS" vorm="sg.in.">ī’ts</sone><sone id="l25_s114" lk="158" lemma="lovā" tahendus="voodi" ingl="bed" liik="S" vorm="sg.in.">lovās</sone><sone id="l25_s115" lk="158" lemma="ma’ggõ" tahendus="magada" ingl="sleep" liik="V" vorm="pers.ind.pr.sg.3.">magūb</sone><sone id="l25_s116" lk="158" meta="vahemärk">,</sone><sone id="l25_s117" lk="158" lemma="si’z" tahendus="siis" ingl="then" liik="ProAdv">siz</sone><sone id="l25_s118" lk="158" lemma="tämā" tahendus="tema" ingl="he" liik="ProS" vorm="sg.nom.">ta</sone><sone id="l25_s119" lk="158" lemma="võttõ" tahendus="võtta" ingl="take" liik="V" vorm="pers.ind.pr.sg.3.">vi̮tāb</sone><sone id="l25_s120" lk="158" lemma="tämā" tahendus="tema" ingl="she" liik="ProS" vorm="sg.gen.">täm’</sone><sone id="l25_s121" lk="158" lemma="lēḑ" tahendus="kuul" ingl="ball" liik="S" vorm="sg.gen.">lēd́</sone><sone id="l25_s122" lk="158" lemma="ulzõ" tahendus="välja" ingl="out" liik="Adva">ulz</sone><sone id="l25_s123" lk="158" meta="vahemärk">.</sone></lause><lause id="l26"><sone id="l26_s1" lk="158" lemma="ne’i" tahendus="nii" ingl="so" liik="ProAdv">nei’</sone><sone id="l26_s2" lk="158" lemma="se" tahendus="see" ingl="this" liik="ProS" vorm="sg.nom.">se</sone><sone id="l26_s3" lk="158" lemma="kēņig" tahendus="kuningas" ingl="king" liik="S" vorm="sg.nom.">kēńig</sone><sone id="l26_s4" lk="158" lemma="vȱlda" tahendus="olla" ingl="be" liik="Va" vorm="pers.ind.pr.sg.3.">um’</sone><sone id="l26_s5" lk="158" lemma="kītõ" tahendus="öelda" ingl="say" liik="V" vorm="nud.sg.">kītən</sone><sone id="l26_s6" lk="158" meta="vahemärk">:</sone><sone id="l26_s7" lk="158" meta="vahemärk">”</sone><sone lk="158" keel="eesti" id="l26_s8" lemma="minā" tahendus="mina" ingl="I" liik="ProS" vorm="sg.gen.">min’</sone><sone id="l26_s9" lk="158" lemma="läpš" tahendus="laps" ingl="child" liik="S" vorm="sg.nom.">läpš</sone><sone id="l26_s10" lk="158" meta="vahemärk">,</sone><sone id="l26_s11" lk="158" lemma="laskõ " tahendus="lasta" ingl="let" liik="V" vorm="pers.imp.pr.sg.2.">lask</sone><sone id="l26_s12" lk="158" lemma="sinā" tahendus="sina" ingl="you" liik="ProS" vorm="sg.nom.">sa</sone><sone id="l26_s13" lk="158" lemma="tämā" tahendus="tema" ingl="he" liik="ProS" vorm="sg.gen.">täm’</sone><sone id="l26_s14" lk="158" lemma="sillõ" tahendus="sisse" ingl="into" liik="Adva">sil’lə</sone><sone id="l26_s15" lk="158" meta="vahemärk">!</sone><sone id="l26_s16" lk="158" lemma="mis" tahendus="mis" ingl="what" liik="Intr" vorm="sg.part.">mis</sone><sone id="l26_s17" lk="158" lemma="sinā" tahendus="sina" ingl="you" liik="ProS" vorm="sg.nom.">sa</sone><sone id="l26_s18" lk="158" lemma="vȱlda" tahendus="olla" ingl="be" liik="Va" vorm="pers.ind.pr.sg.2.">uod</sone><sone id="l26_s19" lk="158" lemma="ap+tõitõ" tahendus="lubada" ingl="promise" liik="V" vorm="nud.sg.prf.">ap+ti̮itən</sone><sone id="l26_s20" lk="158" meta="vahemärk">,</sone><sone id="l26_s21" lk="158" lemma="se" tahendus="see" ingl="this" liik="ProS" vorm="sg.gen.">sie</sone><sone id="l26_s22" lk="158" lemma="sinā" tahendus="sina" ingl="you" liik="ProS" vorm="sg.dat.">sin</sone><sone id="l26_s23" lk="158" lemma="vȱlda" tahendus="olla" ingl="be" liik="Va" vorm="pers.ind.pr.sg.3.">um’</sone><sone id="l26_s24" lk="158" lemma="tī’edõ" tahendus="teha" ingl="do" liik="V" vorm="deb.">ti’eməst</sone><sone lk="158" keel="eesti" id="l26_s25" meta="vahemärk">.</sone><sone id="l26_s26" lk="158" meta="vahemärk">”</sone></lause><lause id="l27"><sone id="l27_s1" lk="158" lemma="un" tahendus="ja" ingl="and" liik="Konj">un</sone><sone id="l27_s2" lk="158" lemma="ne’i" tahendus="nii" ingl="so" liik="ProAdv">nei’</sone><sone id="l27_s3" lk="158" lemma="tämā" tahendus="tema" ingl="she" liik="ProS" vorm="sg.nom.">ta</sone><sone lk="158" keel="eesti" id="l27_s4" meta="vahemärk">=</sone><sone lk="158" keel="eesti" id="l27_s5" lemma="vȱlda" tahendus="olla" ingl="be" liik="Va" vorm="pers.ind.pr.sg.3.">m’</sone><sone id="l27_s6" lk="158" lemma="lǟʼdõ" tahendus="minna" ingl="go" liik="V" vorm="nud.sg.">lǟ’nd</sone><sone id="l27_s7" lk="158" lemma="un" tahendus="ja" ingl="and" liik="Konj">un</sone><sone id="l27_s8" lk="158" lemma="laskõ " tahendus="lasta" ingl="let" liik="V" vorm="nud.sg.">laskən</sone><sone id="l27_s9" lk="158" lemma="sillõ" tahendus="sisse" ingl="into" liik="Adva">sil’lə</sone><sone id="l27_s10" lk="158" lemma="un" tahendus="ja" ingl="and" liik="Konj">un</sone><sone id="l27_s11" lk="158" lemma="ne’i" tahendus="nii" ingl="so" liik="ProAdv">nei’</sone><sone id="l27_s12" lk="158" lemma="pānda" tahendus="panna" ingl="put" liik="V" vorm="nud.sg.">pand</sone><sone id="l27_s13" lk="158" lemma="ī’ž" tahendus="ise" ingl="self" liik="ProS" vorm="sg.gen.">eńt́š</sone><sone id="l27_s14" lk="158" lemma="kilgõ" tahendus="kõrvale" ingl="beside" liik="Post">kilg</sone><sone id="l27_s15" lk="158" lemma="istõ" tahendus="istuda" ingl="sit" liik="V" vorm="sup.">istām</sone><sone id="l27_s16" lk="158" lemma="un" tahendus="ja" ingl="and" liik="Konj">un</sone><sone id="l27_s17" lk="158" lemma="pānda" tahendus="panna" ingl="put" liik="V" vorm="nud.sg.">pand</sone><sone id="l27_s18" lk="158" lemma="tämā" tahendus="tema" ingl="he" liik="ProS" vorm="sg.dat.">täm’mən</sone><sone id="l27_s19" lk="158" lemma="sīedõ" tahendus="süüa" ingl="eat" liik="V" vorm="sup.">siemə</sone><sone id="l27_s20" lk="158" meta="vahemärk">.</sone></lause><lause id="l28"><sone id="l28_s1" lk="158" lemma="un" tahendus="ja" ingl="and" liik="Konj">un</sone><sone id="l28_s2" lk="158" lemma="se" tahendus="see" ingl="this" liik="ProS" vorm="sg.nom.">se</sone><sone id="l28_s3" lk="158" lemma="freilen" tahendus="preili" ingl="young lady" liik="S" vorm="sg.nom.">freilen</sone><sone id="l28_s4" lk="158" lemma="ä’b" tahendus="ei" ingl="not" liik="Mn" vorm="pers.ind.pr.sg.3.">äb</sone><sone id="l28_s5" lk="158" lemma="vȱlda" tahendus="olla" ingl="be" liik="Va" vorm="pers.ind.sg.3.neg.">uo</sone><sone id="l28_s6" lk="158" lemma="sīedõ" tahendus="süüa" ingl="eat" liik="V" vorm="nud.sg.">siend</sone><sone id="l28_s7" lk="158" lemma="un" tahendus="ja" ingl="and" liik="Konj">un</sone><sone id="l28_s8" lk="158" lemma="se" tahendus="see" ingl="this" liik="ProS" vorm="sg.nom.">se</sone><sone id="l28_s9" lk="158" lemma="kēņig" tahendus="kuningas" ingl="king" liik="S" vorm="sg.nom.">kēńig</sone><sone id="l28_s10" lk="158" lemma="vȱlda" tahendus="olla" ingl="be" liik="Va" vorm="pers.ind.pr.sg.3.">um’</sone><sone id="l28_s11" lk="158" lemma="kītõ" tahendus="öelda" ingl="say" liik="V" vorm="nud.sg.">kītən</sone><sone id="l28_s12" lk="158" meta="vahemärk">:</sone><sone id="l28_s13" lk="158" meta="vahemärk">”</sone><sone lk="158" keel="eesti" id="l28_s14" lemma="mis" tahendus="mis" ingl="what" liik="Intr" vorm="sg.part.">mis</sone><sone id="l28_s15" lk="158" lemma="sinā" tahendus="sina" ingl="you" liik="ProS" vorm="sg.nom.">sa</sone><sone id="l28_s16" lk="158" lemma="vȱlda" tahendus="olla" ingl="be" liik="Va" vorm="pers.ind.pr.sg.2.">uod</sone><sone id="l28_s17" lk="158" lemma="ap+tõitõ" tahendus="lubada" ingl="promise" liik="V" vorm="nud.sg.prf.">ap+ti̮itən</sone><sone id="l28_s18" lk="158" meta="vahemärk">,</sone><sone id="l28_s19" lk="158" lemma="se" tahendus="see" ingl="this" liik="ProS" vorm="sg.gen.">sie</sone><sone id="l28_s20" lk="158" lemma="sinā" tahendus="sina" ingl="you" liik="ProS" vorm="sg.dat.">sin</sone><sone id="l28_s21" lk="158" lemma="vȱlda" tahendus="olla" ingl="be" liik="Va" vorm="pers.ind.pr.sg.3.">um’</sone><sone id="l28_s22" lk="158" lemma="tī’edõ" tahendus="teha" ingl="do" liik="V" vorm="deb.">ti’eməst</sone><sone lk="158" keel="eesti" id="l28_s23" meta="vahemärk">.</sone><sone id="l28_s24" lk="158" meta="vahemärk">”</sone></lause><lause id="l29"><sone id="l29_s1" lk="158" lemma="un" tahendus="ja" ingl="and" liik="Konj">un</sone><sone id="l29_s2" lk="158" lemma="ne’i" tahendus="nii" ingl="so" liik="ProAdv">nei’</sone><sone id="l29_s3" lk="158" lemma="tämā" tahendus="tema" ingl="she" liik="ProS" vorm="sg.nom.">ta</sone><sone id="l29_s4" lk="158" lemma="suorm+tutkām" tahendus="sõrmeots" ingl="fingertip" liik="S" vorm="pl.instl.">sᵘorm+tutkāmədəks</sone><sone id="l29_s5" lk="158" lemma="vȱlda" tahendus="olla" ingl="be" liik="Va" vorm="pers.ind.pr.sg.3.">um’</sone><sone id="l29_s6" lk="158" lemma="võttõ" tahendus="võtta" ingl="take" liik="V" vorm="nud.sg.">vi̮ttən</sone><sone id="l29_s7" lk="158" lemma="un" tahendus="ja" ingl="and" liik="Konj">un</sone><sone id="l29_s8" lk="158" lemma="sīedõ" tahendus="süüa" ingl="eat" liik="V" vorm="nud.sg.">siend</sone><sone id="l29_s9" lk="158" meta="vahemärk">.</sone></lause><lause id="l30"><sone id="l30_s1" lk="158" lemma="un" tahendus="ja" ingl="and" liik="Konj">un</sone><sone id="l30_s2" lk="158" lemma="ne’i" tahendus="nii" ingl="so" liik="ProAdv">nei’</sone><sone id="l30_s3" lk="158" lemma="se" tahendus="see" ingl="this" liik="ProS" vorm="sg.nom.">se</sone><sone id="l30_s4" lk="158" lemma="freilen" tahendus="preili" ingl="young lady" liik="S" vorm="sg.nom.">freilen</sone><sone id="l30_s5" lk="158" lemma="lǟʼdõ" tahendus="minna" ingl="go" liik="V" vorm="nud.sg.">lǟ’nd</sone><sone id="l30_s6" lk="158" lemma="ma’ggõ" tahendus="magada" ingl="sleep" liik="V" vorm="sup.">ma’ggəm</sone><sone id="l30_s7" lk="158" lemma="un" tahendus="ja" ingl="and" liik="Konj">un</sone><sone id="l30_s8" lk="158" lemma="ne’i" tahendus="nii" ingl="so" liik="ProAdv">nei’</sone><sone id="l30_s9" lk="158" lemma="krupā" tahendus="kärnkonn" ingl="toad" liik="S" vorm="sg.nom.">krupā</sone><sone id="l30_s10" lk="158" lemma="kītõ" tahendus="öelda" ingl="say" liik="V" vorm="nud.sg.">kītən</sone><sone id="l30_s11" lk="158" meta="vahemärk">,</sone><sone id="l30_s12" lk="158" lemma="ku" tahendus="et" ingl="that" liik="Konj">ku</sone><sone id="l30_s13" lk="158" lemma="tämā" tahendus="tema" ingl="he" liik="ProS" vorm="sg.nom.">ta</sone><sone id="l30_s14" lk="158" lemma="ka" tahendus="ka" ingl="also" liik="ModAdv">ka</sone><sone id="l30_s15" lk="158" lemma="lǟʼdõ" tahendus="minna" ingl="go" liik="V" vorm="pers.ind.pr.sg.3.">lǟ’b</sone><sone id="l30_s16" lk="158" lemma="ma’ggõ" tahendus="magada" ingl="sleep" liik="V" vorm="sup.">ma’ggəm</sone><sone id="l30_s17" lk="158" meta="vahemärk">.</sone></lause><lause id="l31"><sone id="l31_s1" lk="158" lemma="un" tahendus="ja" ingl="and" liik="Konj">un</sone><sone id="l31_s2" lk="158" lemma="se" tahendus="see" ingl="this" liik="ProS" vorm="sg.nom.">se</sone><sone id="l31_s3" lk="158" lemma="freilen" tahendus="preili" ingl="young lady" liik="S" vorm="sg.nom.">freilen</sone><sone id="l31_s4" lk="158" lemma="ä’b" tahendus="ei" ingl="not" liik="Mn" vorm="pers.ind.pr.sg.3.">äb</sone><sone id="l31_s5" lk="158" lemma="vȱlda" tahendus="olla" ingl="be" liik="Va" vorm="pers.ind.sg.3.neg.">uo</sone><sone id="l31_s6" lk="158" lemma="võttõ" tahendus="võtta" ingl="take" liik="V" vorm="nud.sg.">vi̮tten</sone><sone id="l31_s7" lk="158" lemma="tämā" tahendus="tema" ingl="he" liik="ProS" vorm="sg.part.">tǟnda</sone><sone id="l31_s8" lk="158" meta="vahemärk">.</sone></lause><lause id="l32"><sone id="l32_s1" lk="158" lemma="un" tahendus="ja" ingl="and" liik="Konj">un</sone><sone id="l32_s2" lk="158" lemma="ne’i" tahendus="nii" ingl="so" liik="ProAdv">nei’</sone><sone id="l32_s3" lk="158" lemma="vȱlda" tahendus="olla" ingl="be" liik="Va" vorm="pers.ind.pr.sg.3.">um</sone><sone id="l32_s4" lk="158" lemma="vīdõ" tahendus="viia" ingl="take" liik="V" vorm="nud.sg.">vīnd</sone><sone id="l32_s5" lk="158" lemma="tämā" tahendus="tema" ingl="he" liik="ProS" vorm="sg.gen.">täm’</sone><sone id="l32_s6" lk="158" lemma="eņtš" tahendus="oma" ingl="own" liik="ProS" vorm="sg.gen.">eńt́š</sone><sone id="l32_s7" lk="158" lemma="ma’gdõb+tubā" tahendus="magamistuba" ingl="bedroom" liik="S" vorm="sg.ill.">ma’gdəb+tu’bbə</sone><sone id="l32_s8" lk="158" lemma="un" tahendus="ja" ingl="and" liik="Konj">un</sone><sone id="l32_s9" lk="158" lemma="eitõ" tahendus="visata" ingl="throw" liik="V" vorm="nud.sg.">eitən</sone><sone id="l32_s10" lk="158" lemma="tämā" tahendus="tema" ingl="he" liik="ProS" vorm="sg.gen.">täm’</sone><sone id="l32_s11" lk="158" lemma="nūrka" tahendus="nurk" ingl="corner" liik="S" vorm="sg.ill.">nurkə</sone><sone id="l32_s12" lk="158" meta="vahemärk">.</sone></lause><lause id="l33"><sone id="l33_s1" lk="158" lemma="ni" tahendus="nüüd" ingl="now" liik="Adv">ni</sone><sone id="l33_s2" lk="158" lemma="freilen" tahendus="preili" ingl="young lady" liik="S" vorm="sg.nom.">freilen</sone><sone id="l33_s3" lk="158" lemma="īedõ" tahendus="jääda" ingl="stay" liik="V" vorm="nud.sg.">iend</sone><sone id="l33_s4" lk="158" lemma="ma’ggõ" tahendus="magada" ingl="sleep" liik="V" vorm="sup.">ma’ggəm</sone><sone id="l33_s5" lk="158" meta="vahemärk">,</sone><sone id="l33_s6" lk="158" lemma="ne’i" tahendus="nii" ingl="so" liik="ProAdv">nei’</sone><sone id="l33_s7" lk="158" lemma="krupā" tahendus="kärnkonn" ingl="toad" liik="S" vorm="sg.nom.">krupā</sone><sone id="l33_s8" lk="158" lemma="vȱlda" tahendus="olla" ingl="be" liik="Va" vorm="pers.ind.pr.sg.3.">um’</sone><sone id="l33_s9" lk="158" lemma="roppõ" tahendus="ronida" ingl="creep" liik="V" vorm="nud.sg.">roppən</sone><sone id="l33_s10" lk="158" lemma="lovā" tahendus="voodi" ingl="bed" liik="S" vorm="sg.ill.">lou’vəz</sone><sone id="l33_s11" lk="158" lemma="un" tahendus="ja" ingl="and" liik="Konj">un</sone><sone id="l33_s12" lk="158" lemma="ne’i" tahendus="nii" ingl="so" liik="ProAdv">nei</sone><sone id="l33_s13" lk="158" lemma="tämā" tahendus="tema" ingl="she" liik="ProS" vorm="sg.nom.">ta</sone><sone lk="158" keel="eesti" id="l33_s14" meta="vahemärk">=</sone><sone lk="158" keel="eesti" id="l33_s15" lemma="vȱlda" tahendus="olla" ingl="be" liik="Va" vorm="pers.ind.pr.sg.3.">m’</sone><sone id="l33_s16" lk="158" lemma="sǭdõ" tahendus="saada" ingl="become" liik="V" vorm="nud.sg.">så̄nd</sone><sone id="l33_s17" lk="158" lemma="virgõ" tahendus="virgeks" ingl="awaken" liik="Adv">virgə</sone><sone id="l33_s18" lk="158" lemma="un" tahendus="ja" ingl="and" liik="Konj">un</sone><sone id="l33_s19" lk="158" lemma="ne’i" tahendus="nii" ingl="so" liik="ProAdv">nei’</sone><sone id="l33_s20" lk="158" lemma="viskõ" tahendus="visata" ingl="throw" liik="V" vorm="nud.sg.">viskən</sone><sone id="l33_s21" lk="158" lemma="tämā" tahendus="tema" ingl="he" liik="ProS" vorm="sg.part.">tǟnda</sone><sone id="l33_s22" lk="158" lemma="vast" tahendus="vastu" ingl="against" liik="Pre">vast</sone><sone id="l33_s23" lk="158" lemma="sāina" tahendus="sein" ingl="wall" liik="S" vorm="sg.part.">sainə</sone><sone id="l33_s24" lk="158" lemma="un" tahendus="ja" ingl="and" liik="Konj">un</sone><sone id="l33_s25" lk="158" lemma="ne’i" tahendus="nii" ingl="so" liik="ProAdv">nei’</sone><sone id="l33_s26" lk="158" lemma="tämā" tahendus="tema" ingl="he" liik="ProS" vorm="sg.nom.">tämā</sone><sone id="l33_s27" lk="158" lemma="vȱlda" tahendus="olla" ingl="be" liik="Va" vorm="pers.ind.pr.sg.3.">um’</sone><sone id="l33_s28" lk="158" lemma="īedõ" tahendus="saada" ingl="become" liik="V" vorm="nud.sg.">iend</sone><sone id="l33_s29" lk="158" lemma="pa" tahendus="millekski, kellekski" ingl="to" liik="Pre">pa</sone><sone id="l33_s30" lk="158" lemma="knaš" tahendus="kaunis" ingl="beautiful" liik="A" vorm="sg.tr.">knaššəks</sone><sone id="l33_s31" lk="158" lemma="prints" tahendus="prints" ingl="prince" liik="S" vorm="sg.tr.">frintsəks</sone><sone id="l33_s32" lk="158" meta="vahemärk">,</sone><sone id="l33_s33" lk="158" lemma="ne’i" tahendus="nii" ingl="so" liik="ProAdv">nei’</sone><sone id="l33_s34" lk="158" lemma="ku" tahendus="et" ingl="that" liik="Konj">ku</sone><sone id="l33_s35" lk="158" lemma="freilen" tahendus="preili" ingl="young lady" liik="S" vorm="sg.nom.">freilen</sone><sone id="l33_s36" lk="158" lemma="vȱlda" tahendus="olla" ingl="be" liik="Va" vorm="pers.ind.pr.sg.3.">um’</sone><sone id="l33_s37" lk="158" lemma="võidõ" tahendus="võida" ingl="can" liik="V" vorm="nud.sg.">vi̮ind</sone><sone id="l33_s38" lk="158" lemma="tämā" tahendus="tema" ingl="he" liik="ProS" vorm="sg.part.">tǟnda</sone><sone id="l33_s39" lk="158" lemma="tulīt" tahendus="otsekohe" ingl="immediately" liik="Adv">tūlīt</sone><sone id="l33_s40" lk="158" lemma="īe+mīļõ" tahendus="armastada" ingl="love" liik="S" vorm="nud.sg.prf." kommentaar="?">i’e+mīĺint</sone><sone id="l33_s41" lk="158" meta="vahemärk">.</sone></lause><lause id="l34"><sone id="l34_s1" lk="158" lemma="un" tahendus="ja" ingl="and" liik="Konj">un</sone><sone id="l34_s2" lk="158" lemma="ne’i" tahendus="nii" ingl="so" liik="ProAdv">nei’</sone><sone id="l34_s3" lk="158" lemma="nämād" tahendus="nemad" ingl="they" liik="ProS" vorm="pl.dat.">näntən</sone><sone id="l34_s4" lk="158" lemma="vȱlda" tahendus="olla" ingl="be" liik="Va" vorm="pers.ind.pr.pl.3.">a’dt</sone><sone id="l34_s5" lk="158" lemma="vȱlda" tahendus="olla" ingl="be" liik="V" vorm="nud.pl.">ve̮nnəd</sone><sone id="l34_s6" lk="158" lemma="kǭzgõnd" tahendus="pulmad" ingl="wedding" liik="S" vorm="pl.nom.">kåzgənd</sone><sone id="l34_s7" lk="158" meta="vahemärk">.</sone></lause><lause id="l35"><sone id="l35_s1" lk="158" lemma="un" tahendus="ja" ingl="and" liik="Konj">un</sone><sone id="l35_s2" lk="158" lemma="ne’i" tahendus="nii" ingl="so" liik="ProAdv">nei’</sone><sone id="l35_s3" lk="158" lemma="se" tahendus="see" ingl="this" liik="ProS" vorm="sg.nom.">se</sone><sone id="l35_s4" lk="158" lemma="prints" tahendus="prints" ingl="prince" liik="S" vorm="sg.dat.">frintsən</sone><sone id="l35_s5" lk="158" lemma="su’lli" tahendus="teener" ingl="servant" liik="S" vorm="sg.nom.">sul’li</sone><sone id="l35_s6" lk="158" lemma="vȱlda" tahendus="olla" ingl="be" liik="Va" vorm="pers.ind.pr.sg.3.">um’</sone><sone id="l35_s7" lk="158" lemma="sǭdõ" tahendus="saada" ingl="get" liik="V" vorm="nud.sg.">så̄nd</sone><sone id="l35_s8" lk="158" lemma="tieudõ" tahendus="teada" ingl="know" liik="V" vorm="inf.">tⁱewtə</sone><sone id="l35_s9" lk="158" meta="vahemärk">,</sone><sone id="l35_s10" lk="158" lemma="ku" tahendus="et" ingl="that" liik="Konj">ku</sone><sone id="l35_s11" lk="158" lemma="tämā" tahendus="tema" ingl="he" liik="ProS" vorm="sg.gen.">täm’</sone><sone id="l35_s12" lk="158" lemma="prints" tahendus="prints" ingl="prince" liik="S" vorm="sg.nom.">frints</sone><sone id="l35_s13" lk="158" lemma="vȱlda" tahendus="olla" ingl="be" liik="Va" vorm="pers.ind.pr.sg.3.">um’</sone><sone id="l35_s14" lk="158" lemma="īedõ" tahendus="saada" ingl="become" liik="V" vorm="nud.sg.">iend</sone><sone id="l35_s15" lk="159" lemma="pa" tahendus="millekski, kellekski" ingl="to" liik="Pre">pa</sone><sone id="l35_s16" lk="159" lemma="rištīng" tahendus="inimene" ingl="person" liik="S" vorm="sg.tr.">rištīŋgəks</sone><sone id="l35_s17" lk="159" lemma="ne’i" tahendus="nii" ingl="so" liik="ProAdv">nei’</sone><sone id="l35_s18" lk="159" lemma="vȱlda" tahendus="olla" ingl="be" liik="Va" vorm="pers.ind.pr.sg.3.">um’</sone><sone id="l35_s19" lk="159" lemma="bro’utšõ" tahendus="sõita" ingl="ride" liik="V" vorm="nud.sg.">brou’tšən</sone><sone id="l35_s20" lk="159" lemma="sūr" tahendus="suur" ingl="big" liik="A" vorm="pl.gen.">sūrd</sone><sone id="l35_s21" lk="159" lemma="vālda" tahendus="valge" ingl="white" liik="A" vorm="pl.gen.">vāldad</sone><sone id="l35_s22" lk="159" lemma="i’bbi" tahendus="hobune" ingl="horse" liik="S" vorm="pl.instl.">i̮’bbistəks</sone><sone id="l35_s23" lk="159" lemma="tämā" tahendus="tema" ingl="he" liik="ProS" vorm="sg.dat.">täm’mən</sone><sone id="l35_s24" lk="159" lemma="tagān" tahendus="järele" ingl="after" liik="Adv">tagān</sone><sone id="l35_s25" lk="159" meta="vahemärk">.</sone></lause><lause id="l36"><sone id="l36_s1" lk="159" lemma="un" tahendus="ja" ingl="and" liik="Konj">un</sone><sone id="l36_s2" lk="159" lemma="ni" tahendus="nüüd" ingl="now" liik="Adv">ni</sone><sone id="l36_s3" lk="159" lemma="vȱlda" tahendus="olla" ingl="be" liik="Va" vorm="pers.ind.pr.sg.3.">um’</sone><sone id="l36_s4" lk="159" lemma="kītõ" tahendus="öelda" ingl="say" liik="V" vorm="nud.sg.">kītən</sone><sone id="l36_s5" lk="159" lemma="ku" tahendus="et" ingl="that" liik="Konj">ku</sone><sone id="l36_s6" lk="159" lemma="va" tahendus="va" ingl="that" liik="ProA" vorm="sg.nom.">va</sone><sone id="l36_s7" lk="159" lemma="buŗā+nai" tahendus="nõiamoor" ingl="witch" liik="S" vorm="sg.nom.">buŕā+nai</sone><sone id="l36_s8" lk="159" lemma="vȱlda" tahendus="olla" ingl="be" liik="Va" vorm="pers.ind.pr.sg.3.">um’</sone><sone id="l36_s9" lk="159" lemma="tämā" tahendus="tema" ingl="he" liik="ProS" vorm="sg.part.">tǟnda</sone><sone id="l36_s10" lk="159" lemma="jarā" tahendus="ära" ingl="off" liik="Adva">jarā</sone><sone id="l36_s11" lk="159" lemma="bu’ŗŗõ" tahendus="nõiduda" ingl="bewitch" liik="V" vorm="nud.sg.">buŕ’ŕən</sone><sone id="l36_s12" lk="159" lemma="un" tahendus="ja" ingl="and" liik="Konj">un</sone><sone id="l36_s13" lk="159" lemma="tī’edõ" tahendus="teha" ingl="make" liik="V" vorm="nud.sg.">ti’end</sone><sone id="l36_s14" lk="159" lemma="tämā" tahendus="tema" ingl="he" liik="ProS" vorm="sg.part.">tǟnda</sone><sone id="l36_s15" lk="159" lemma="pa" tahendus="millekski, kellekski" ingl="to" liik="Pre">pa</sone><sone id="l36_s16" lk="159" lemma="krupā" tahendus="kärnkonn" ingl="toad" liik="S" vorm="sg.tr.">krupāks</sone><sone id="l36_s17" lk="159" meta="vahemärk">.</sone></lause><lause id="l37"><sone id="l37_s1" lk="159" lemma="un" tahendus="ja" ingl="and" liik="Konj">un</sone><sone id="l37_s2" lk="159" lemma="ne’i" tahendus="nii" ingl="so" liik="ProAdv">nei’</sone><sone id="l37_s3" lk="159" lemma="tämā" tahendus="tema" ingl="he" liik="ProS" vorm="sg.nom.">ta</sone><sone id="l37_s4" lk="159" lemma="vīdõ" tahendus="viia" ingl="take" liik="V" vorm="pers.ind.ipf.sg.3.">vīž</sone><sone id="l37_s5" lk="159" lemma="ne" tahendus="nemad" ingl="they" liik="ProS" vorm="pl.part.">nēd́i</sone><sone id="l37_s6" lk="159" lemma="sīnõ" tahendus="sinna" ingl="there" liik="ProAdv">sīn</sone><sone id="l37_s7" lk="159" lemma="se" tahendus="see" ingl="this" liik="ProS" vorm="sg.gen.">sie</sone><sone id="l37_s8" lk="159" lemma="prints" tahendus="prints" ingl="prince" liik="S" vorm="sg.gen.">frints</sone><sone id="l37_s9" lk="159" lemma="va’nbi" tahendus="vanem" ingl="parent" liik="S" vorm="pl.gen.">van’bist</sone><sone id="l37_s10" lk="159" lemma="jū’rõ" tahendus="juurde" ingl="to" liik="Post">jū’rə</sone><sone id="l37_s11" lk="159" lemma="un" tahendus="ja" ingl="and" liik="Konj">un</sone><sone id="l37_s12" lk="159" lemma="sǟ’l" tahendus="seal" ingl="there" liik="ProAdv">sǟ’l</sone><sone id="l37_s13" lk="159" lemma="nämād" tahendus="nemad" ingl="they" liik="ProS" vorm="pl.dat.">näntən</sone><sone id="l37_s14" lk="159" lemma="vȱlda" tahendus="olla" ingl="be" liik="V" vorm="pers.ind.ipf.pl.3.">ve̮ĺ’t́ə</sone><sone id="l37_s15" lk="159" lemma="kǭzgõnd" tahendus="pulmad" ingl="wedding" liik="S" vorm="pl.nom.">kå̄zgənd</sone><sone id="l37_s16" lk="159" meta="vahemärk">.</sone></lause><lause id="l38"><sone id="l38_s1" lk="159" lemma="un" tahendus="ja" ingl="and" liik="Konj">un</sone><sone id="l38_s2" lk="159" lemma="ne’i" tahendus="nii" ingl="so" liik="ProAdv">nei’</sone><sone id="l38_s3" lk="159" lemma="se" tahendus="see" ingl="this" liik="ProS" vorm="sg.nom.">se</sone><sone id="l38_s4" lk="159" lemma="freilen" tahendus="preili" ingl="young lady" liik="S" vorm="sg.nom.">freilen</sone><sone id="l38_s5" lk="159" lemma="sǭdõ" tahendus="saada" ingl="get" liik="V" vorm="pers.ind.ipf.sg.3.">sai</sone><sone id="l38_s6" lk="159" lemma="kēzar" tahendus="keiser" ingl="caesar" liik="S" vorm="sg.gen.">kēzar</sone><sone id="l38_s7" lk="159" lemma="kä’dst" tahendus="käest" ingl="from" liik="Post">kä’dst</sone><sone id="l38_s8" lk="159" lemma="sūr" tahendus="suur" ingl="big" liik="A" vorm="sg.gen.">sūr</sone><sone id="l38_s9" lk="159" lemma="gū’odõ+tē’ḑ" tahendus="aumärk" ingl="badge of honour" liik="S" vorm="sg.gen.">gu’odə+tǟ’d</sone><sone id="l38_s10" lk="159" meta="vahemärk">,</sone><sone id="l38_s11" lk="159" lemma="ku" tahendus="et" ingl="that" liik="Konj">ku</sone><sone id="l38_s12" lk="159" lemma="tämā" tahendus="tema" ingl="she" liik="ProS" vorm="sg.nom.">ta</sone><sone lk="159" keel="eesti" id="l38_s13" meta="vahemärk">=</sone><sone lk="159" keel="eesti" id="l38_s14" lemma="vȱlda" tahendus="olla" ingl="be" liik="Va" vorm="pers.ind.pr.sg.3.">m’</sone><sone id="l38_s15" lk="159" lemma="iz+glǭ’ibõ" tahendus="päästa" ingl="save" liik="V" vorm="nud.sg.prf.">iz+glå̄’ibən</sone><sone id="l38_s16" lk="159" lemma="tämā" tahendus="tema" ingl="he" liik="ProS" vorm="sg.gen.">täm’</sone><sone id="l38_s17" lk="159" lemma="pūoga" tahendus="poeg" ingl="son" liik="S" vorm="sg.gen.">puoga</sone><sone id="l38_s18" lk="159" meta="vahemärk">,</sone><sone id="l38_s19" lk="159" lemma="kis" tahendus="kes" ingl="who" liik="Intr" vorm="sg.nom.">kis</sone><sone id="l38_s20" lk="159" lemma="vȱlda" tahendus="olla" ingl="be" liik="Va" vorm="pers.ind.pr.sg.3.">um’</sone><sone id="l38_s21" lk="159" lemma="vȱlda" tahendus="olla" ingl="be" liik="V" vorm="nud.sg.">ve̮nd</sone><sone id="l38_s22" lk="159" lemma="no+bu’ŗŗõ" tahendus="nõiduda" ingl="bewitch" liik="V" vorm="tud.prf.">nu’o+buŕ’dət</sone><sone id="l38_s23" lk="159" meta="vahemärk">.</sone></lause></sisu>
</liivike>
