<?xml version="1.0" encoding="UTF-8"?>
<?xml-stylesheet type="text/xsl" href="liivike_tekst.xsl"?>
<liivike>
	<info><tyyp>kirjalik</tyyp><teema>Satuja 58</teema><keel>liivi</keel><kirjaviis>foneetiline transkriptsioon</kirjaviis><muu>Keelejuht Diedrich Belt</muu><kyla longituud="22.107" latituud="57.62">Īra</kyla><teos pealkiri="Näyttetiä liivin kielestä" aasta="1953" koht="Helsinki">E. N. Setälä</teos><murre>Īra</murre><kirjaviis>foneetiline transkriptsioon</kirjaviis><muu>Keelejuht Diedrich Belt</muu><kyla longituud="22.116667" latituud="57.616667">Īra</kyla><teos pealkiri="Näyttetiä liivin kielestä" aasta="1953" koht="Helsinki">E. N. Setälä</teos></info><sisu id="Set_Sat_58">
		<lause id="l1">
			<sone id="l1_s1" lk="298" lemma="Īra" tahendus="Īra" lati="Lielirbe" liik="H" vorm="sg.gen.">Īra</sone>
			<sone id="l1_s2" lk="298" meta="vahemärk">,</sone><sone id="l1_s3" lk="298" lemma="Diedrich" tahendus="Diedrich" liik="H" vorm="sg.nom.">Diedrich</sone><sone id="l1_s4" lk="298" lemma="Belt" tahendus="Belt" liik="H" vorm="sg.nom.">Belt</sone><sone id="l1_s5" lk="298" meta="vahemärk">.</sone></lause>
		<lause id="l2"><sone id="l2_s1" lk="298" lemma="ikš" tahendus="üks" ingl="one" liik="ProS" vorm="sg.nom.">ükš</sone><sone id="l2_s2" lk="298" meta="vahemärk">[</sone><sone id="l2_s3" lk="298" lemma="kõrd" tahendus="kord" ingl="time" liik="S" vorm="sg.nom.">kürd</sone><sone id="l2_s4" lk="298" meta="vahemärk"> &gt;</sone><sone id="l2_s5" lk="298" meta="vahemärk">]</sone><sone id="l2_s6" lk="298" lemma="kõrd" tahendus="kord" ingl="time" liik="S" vorm="sg.nom.">ki̮rd</sone><sone id="l2_s7" lk="298" lemma="mīez" tahendus="mees" ingl="man" liik="S" vorm="sg.nom.">miez</sone><sone id="l2_s8" lk="298" lemma="vȱlda" tahendus="olla" ingl="be" liik="Va" vorm="pers.ind.pr.sg.3.">um’</sone><sone id="l2_s9" lk="298" meta="vahemärk">[</sone><sone id="l2_s10" lk="298" lemma="võtt" tahendus="võtta" ingl="take" liik="V" vorm="nud.sg.">vuttən</sone><sone id="l2_s11" lk="298" meta="vahemärk"> &gt;</sone><sone id="l2_s12" lk="298" meta="vahemärk">]</sone><sone id="l2_s13" lk="298" lemma="võttõ" tahendus="võtta" ingl="take" liik="V" vorm="nud.sg.">wi̮ttən</sone><sone id="l2_s14" lk="298" lemma="nai" tahendus="naine" ingl="wife" liik="S" vorm="sg.part.">nāista</sone><sone id="l2_s15" lk="298" meta="vahemärk">.</sone></lause><lause id="l3"><sone id="l3_s1" lk="298" lemma="si’z" tahendus="siis" ingl="then" liik="ProAdv">siz</sone><sone id="l3_s2" lk="298" lemma="tämā" tahendus="tema" ingl="he" liik="ProS" vorm="sg.nom.">ta</sone><sone lk="298" keel="eesti" id="l3_s3" meta="vahemärk">=</sone><sone lk="298" keel="eesti" id="l3_s4" lemma="vȱlda" tahendus="olla" ingl="be" liik="Va" vorm="pers.ind.pr.sg.3.">m’</sone><sone id="l3_s5" lk="298" lemma="ikš" tahendus="üks" ingl="one" liik="Nump" vorm="sg.gen.">ǖ’d</sone><sone id="l3_s6" lk="298" lemma="āigast" tahendus="aasta" ingl="year" liik="S" vorm="sg.gen.">å̄igast</sone><sone id="l3_s7" lk="298" lemma="je’llõ" tahendus="elada" ingl="live" liik="V" vorm="nud.sg.">jel’lən</sone><sone id="l3_s8" lk="298" lemma="ku’bs(õ)" tahendus="koos" ingl="together" liik="Adv">ku’bs</sone><sone id="l3_s9" lk="298" meta="vahemärk">,</sone><sone id="l3_s10" lk="298" lemma="si’z" tahendus="siis" ingl="then" liik="ProAdv">siz</sone><sone id="l3_s11" lk="298" lemma="tämā" tahendus="tema" ingl="he" liik="ProS" vorm="sg.nom.">ta</sone><sone id="l3_s12" lk="298" lemma="vīdõ" tahendus="viia" ingl="take" liik="V" vorm="nud.sg.">vīnd</sone><sone id="l3_s13" lk="298" lemma="eņțš" tahendus="oma" ingl="own" liik="ProS" vorm="sg.gen.">eńtš</sone><sone id="l3_s14" lk="298" lemma="nai" tahendus="naine" ingl="wife" liik="S" vorm="sg.gen.">naiz</sone><sone id="l3_s15" lk="298" lemma="naiz+izā" tahendus="naiseisa" ingl="father-in-law" liik="S" vorm="sg.gen.">naiz+izā</sone><sone id="l3_s16" lk="298" lemma="jūr" tahendus="juurde" ingl="to" liik="Post">jūr</sone><sone id="l3_s17" lk="298" meta="vahemärk">,</sone><sone id="l3_s18" lk="298" lemma="ku" tahendus="et" ingl="that" liik="Konj">ku</sone><sone id="l3_s19" lk="298" lemma="tämā" tahendus="tema" ingl="he" liik="ProS" vorm="sg.nom.">t</sone><sone lk="298" keel="eesti" id="l3_s20" meta="vahemärk">=</sone><sone lk="298" keel="eesti" id="l3_s21" lemma="ä’b" tahendus="ei" ingl="not" liik="Mn" vorm="pers.ind.pr.sg.3.">äb</sone><sone id="l3_s22" lk="298" lemma="tǭ’dõ" tahendus="tahta" ingl="want" liik="V" vorm="pers.ind.sg.3.neg.">tā’</sone><sone id="l3_s23" lk="298" lemma="tämā" tahendus="tema" ingl="she" liik="ProS" vorm="sg.part.">tǟnda</sone><sone id="l3_s24" lk="298" meta="vahemärk">.</sone></lause><lause id="l4"><sone id="l4_s1" lk="298" lemma="naiz+izā" tahendus="naiseisa" ingl="father-in-law" liik="S" vorm="sg.nom.">naiz+izā</sone><sone id="l4_s2" lk="298" lemma="ki’zzõ" tahendus="küsida" ingl="ask" liik="V" vorm="pers.ind.pr.sg.3.">küzūb</sone><sone id="l4_s3" lk="298" meta="vahemärk">:</sone><sone id="l4_s4" lk="298" meta="vahemärk">”</sone><sone lk="298" keel="eesti" id="l4_s5" lemma="mikš" tahendus="miks" ingl="why" liik="Intr">mikš</sone><sone id="l4_s6" lk="298" lemma="sinā" tahendus="sina" ingl="you" liik="ProS" vorm="sg.nom.">sa</sone><sone id="l4_s7" lk="298" lemma="ä’d" tahendus="ei" ingl="not" liik="Mn" vorm="pers.ind.pr.sg.2.">äd</sone><sone id="l4_s8" lk="298" lemma="tǭ’dõ" tahendus="tahta" ingl="want" liik="V" vorm="pers.ind.sg.2.neg.">tā’</sone><sone lk="298" keel="eesti" id="l4_s9" meta="vahemärk">?</sone><sone id="l4_s10" lk="298" meta="vahemärk">”</sone></lause><lause id="l5"><sone id="l5_s1" lk="298" lemma="mīez" tahendus="mees" ingl="man" liik="S" vorm="sg.nom.">miez</sone><sone id="l5_s2" lk="298" lemma="kītõ" tahendus="öelda" ingl="say" liik="V" vorm="pers.ind.pr.sg.3.">kītəb</sone><sone id="l5_s3" lk="298" meta="vahemärk">:</sone><sone id="l5_s4" lk="298" meta="vahemärk">”</sone><sone lk="298" keel="eesti" id="l5_s5" lemma="tämā" tahendus="tema" ingl="she" liik="ProS" vorm="sg.nom.">ta</sone><sone id="l5_s6" lk="298" lemma="ä’b" tahendus="ei" ingl="not" liik="Mn" vorm="pers.ind.pr.sg.3.">äb</sone><sone id="l5_s7" lk="298" lemma="kūlõ" tahendus="kuulda" ingl="hear" liik="V" vorm="pers.ind.sg.3.neg.">kūl</sone><sone id="l5_s8" lk="298" lemma="minā" tahendus="mina" ingl="I" liik="ProS" vorm="sg.part.">mīnda</sone><sone id="l5_s9" lk="298" meta="vahemärk">,</sone><sone id="l5_s10" lk="298" lemma="tämā" tahendus="tema" ingl="she" liik="ProS" vorm="sg.nom.">ta</sone><sone id="l5_s11" lk="298" lemma="tǭ’dõ" tahendus="tahta" ingl="want" liik="V" vorm="pers.ind.pr.sg.3.">tā’b</sone><sone id="l5_s12" lk="298" meta="vahemärk">[</sone><sone id="l5_s13" lk="298" lemma="vȱlda" tahendus="olla" ingl="be" liik="V" vorm="inf.">wuolda</sone><sone id="l5_s14" lk="298" meta="vahemärk"> &gt;</sone><sone id="l5_s15" lk="298" meta="vahemärk">]</sone><sone id="l5_s16" lk="298" lemma="vȱlda" tahendus="olla" ingl="be" liik="V" vorm="inf.">vē̮lda</sone><sone id="l5_s17" lk="298" lemma="i’ļ" tahendus="üle" ingl="above" liik="Adv">üĺ’</sone><sone id="l5_s18" lk="298" lemma="minā" tahendus="mina" ingl="I" liik="ProS" vorm="sg.gen.">min’</sone><sone id="l5_s19" lk="298" lemma="i’ļ" tahendus="üle" ingl="of" liik="Post">üĺ’</sone><sone lk="298" keel="eesti" id="l5_s20" meta="vahemärk">.</sone><sone id="l5_s21" lk="298" meta="vahemärk">”</sone></lause><lause id="l6"><sone id="l6_s1" lk="298" lemma="si’z" tahendus="siis" ingl="then" liik="ProAdv">siz</sone><sone id="l6_s2" lk="298" lemma="naiz+izā" tahendus="naiseisa" ingl="father-in-law" liik="S" vorm="sg.nom.">naiz+izā</sone><sone id="l6_s3" lk="298" lemma="kītõ" tahendus="öelda" ingl="say" liik="V" vorm="pers.ind.pr.sg.3.">kītəb</sone><sone id="l6_s4" lk="298" meta="vahemärk">:</sone><sone id="l6_s5" lk="298" meta="vahemärk">”</sone><sone lk="298" keel="eesti" id="l6_s6" lemma="seļļi" tahendus="selline" ingl="such" liik="ProA" vorm="pl.nom.">sellist</sone><sone id="l6_s7" lk="298" lemma="vȱlda" tahendus="olla" ingl="be" liik="V" vorm="pers.ind.pr.pl.3.">ā’t</sone><sone id="l6_s8" lk="298" lemma="it" tahendus="tõesti" ingl="quite" liik="ModAdv" kommentaar="Kettunen">itt</sone><sone id="l6_s9" lk="298" lemma="amād" tahendus="kõik" ingl="all" liik="ProS" vorm="pl.nom.">amād</sone><sone id="l6_s10" lk="298" lemma="nai" tahendus="naine" ingl="woman" liik="S" vorm="pl.nom.">naist</sone><sone lk="298" keel="eesti" id="l6_s11" meta="vahemärk">.</sone><sone id="l6_s12" lk="298" meta="vahemärk">”</sone></lause><lause id="l7"><sone id="l7_s1" lk="298" lemma="si’z" tahendus="siis" ingl="then" liik="ProAdv">siz</sone><sone id="l7_s2" lk="298" lemma="naiz+izā" tahendus="naiseisa" ingl="father-in-law" liik="S" vorm="sg.nom.">naiz+izā</sone><sone id="l7_s3" lk="298" lemma="andõ" tahendus="anda" ingl="give" liik="V" vorm="pers.ind.pr.sg.3.">å̄ndab</sone><sone id="l7_s4" lk="298" lemma="tämā" tahendus="tema" ingl="he" liik="ProS" vorm="sg.dat.">täm’mən</sone><sone id="l7_s5" lk="298" lemma="ikš" tahendus="üks" ingl="one" liik="ProS" vorm="sg.gen.">ǖ’d</sone><sone id="l7_s6" lk="298" lemma="sūr" tahendus="suur" ingl="big" liik="A" vorm="sg.gen.">sūr</sone><sone id="l7_s7" lk="298" lemma="rētš+täuž" tahendus="korvitäis" ingl="basketful" liik="S" vorm="sg.gen.">rēt́š+tävd</sone><sone id="l7_s8" lk="298" lemma="kanā+munā" tahendus="kanamuna" ingl="chicken egg" liik="S" vorm="pl.part.">kanā+muń’d́i</sone><sone id="l7_s9" lk="298" lemma="agā" tahendus="aga" ingl="but" liik="Konj">agā</sone><sone id="l7_s10" lk="298" lemma="ikš" tahendus="üks" ingl="one" liik="Nump" vorm="sg.gen.">ǖ’d</sone><sone id="l7_s11" lk="298" lemma="sūr" tahendus="suur" ingl="big" liik="A" vorm="sg.gen.">sūr</sone><sone id="l7_s12" lk="298" lemma="ē’rzõl" tahendus="täkk" ingl="stallion" liik="S" vorm="sg.gen.">er’zəl</sone><sone id="l7_s13" lk="298" lemma="un" tahendus="ja" ingl="and" liik="Konj">un</sone><sone id="l7_s14" lk="298" lemma="ikš" tahendus="üks" ingl="one" liik="Nump" vorm="sg.gen.">ǖ’d</sone><sone id="l7_s15" lk="298" lemma="kēv" tahendus="mära" ingl="mare" liik="S" vorm="sg.gen.">kēv</sone><sone id="l7_s16" lk="298" meta="vahemärk">.</sone></lause><lause id="l8"><sone id="l8_s1" lk="298" lemma="si’z" tahendus="siis" ingl="then" liik="ProAdv">siz</sone><sone id="l8_s2" lk="298" lemma="la’z" tahendus="las" ingl="let" liik="ModAdv">laz</sone><sone id="l8_s3" lk="298" lemma="tämā" tahendus="tema" ingl="he" liik="ProS" vorm="sg.nom.">ta</sone><sone id="l8_s4" lk="298" lemma="bro’utšõ" tahendus="sõita" ingl="ride" liik="V" vorm="pers.jus.pr.sg.3.">brou’tšəg</sone><sone id="l8_s5" lk="298" lemma="immõr" tahendus="ümber" ingl="around" liik="Pre">ümmr̥</sone><sone id="l8_s6" lk="298" lemma="amā" tahendus="kogu" ingl="whole" liik="A" vorm="sg.gen.">ama</sone><sone id="l8_s7" lk="298" lemma="īlma" tahendus="maailm" ingl="world" liik="S" vorm="sg.gen.">īlma</sone><sone id="l8_s8" lk="298" meta="vahemärk">;</sone><sone id="l8_s9" lk="298" lemma="kus" tahendus="kus" ingl="where" liik="Intr">kus</sone><sone id="l8_s10" lk="298" lemma="tämā" tahendus="tema" ingl="he" liik="ProS" vorm="sg.nom.">ta</sone><sone id="l8_s11" lk="298" lemma="lieudõ" tahendus="leida" ingl="find" liik="V" vorm="pers.ind.pr.sg.3.">liedab</sone><sone id="l8_s12" lk="298" meta="vahemärk">,</sone><sone id="l8_s13" lk="298" lemma="kus" tahendus="kus" ingl="where" liik="Intr">kus</sone><sone id="l8_s14" lk="298" lemma="mīez" tahendus="mees" ingl="man" liik="S" vorm="sg.nom.">miez</sone><sone id="l8_s15" lk="298" lemma="vȱlda" tahendus="olla" ingl="be" liik="V" vorm="pers.ind.pr.sg.3.">um’</sone><sone id="l8_s16" lk="298" lemma="i’ļ" tahendus="üle" ingl="above" liik="Adv">üĺ’</sone><sone id="l8_s17" lk="298" lemma="nai" tahendus="naine" ingl="woman" liik="S" vorm="sg.gen.">naiz</sone><sone id="l8_s18" lk="298" lemma="i’ļ" tahendus="üle" ingl="of" liik="Post">üĺ’</sone><sone id="l8_s19" lk="298" meta="vahemärk">,</sone><sone id="l8_s20" lk="298" lemma="sīnõ" tahendus="sinna" ingl="there" liik="ProAdv">sīn</sone><sone id="l8_s21" lk="298" lemma="la’z" tahendus="las" ingl="let" liik="ModAdv">laz</sone><sone id="l8_s22" lk="298" lemma="tämā" tahendus="tema" ingl="he" liik="ProS" vorm="sg.nom.">ta</sone><sone id="l8_s23" lk="298" lemma="andõ" tahendus="anda" ingl="give" liik="V" vorm="pers.jus.pr.sg.3.">å̄ndag</sone><sone id="l8_s24" lk="298" lemma="ē’rzõl" tahendus="täkk" ingl="stallion" liik="S" vorm="sg.nom.">er’zəl</sone><sone id="l8_s25" lk="298" lemma="agā" tahendus="ehk" ingl="or" liik="Konj">aga</sone><sone id="l8_s26" lk="298" lemma="kēv" tahendus="mära" ingl="mare" liik="S" vorm="sg.nom.">kēv</sone><sone id="l8_s27" lk="298" meta="vahemärk">,</sone><sone id="l8_s28" lk="298" lemma="kummit" tahendus="kumbki" ingl="which" liik="ProS" vorm="pl.el." kommentaar="?">kūmbagist</sone><sone id="l8_s29" lk="298" lemma="tämā" tahendus="tema" ingl="he" liik="ProS" vorm="sg.nom.">ta</sone><sone id="l8_s30" lk="298" lemma="tǭ’dõ" tahendus="tahta" ingl="want" liik="V" vorm="pers.ind.pr.sg.3.">tā’b</sone><sone id="l8_s31" lk="298" meta="vahemärk">,</sone><sone id="l8_s32" lk="298" lemma="agā" tahendus="aga" ingl="but" liik="Konj">aga</sone><sone id="l8_s33" lk="298" lemma="kus" tahendus="kus" ingl="where" liik="Intr">kus</sone><sone id="l8_s34" lk="298" lemma="nai" tahendus="naine" ingl="woman" liik="S" vorm="sg.nom.">nai</sone><sone id="l8_s35" lk="298" lemma="vȱlda" tahendus="olla" ingl="be" liik="V" vorm="pers.ind.pr.sg.3.">um’</sone><sone id="l8_s36" lk="298" lemma="i’ļ" tahendus="üle" ingl="above" liik="Pre">üĺ’</sone><sone id="l8_s37" lk="298" lemma="mīez" tahendus="mees" ingl="man" liik="S" vorm="sg.gen.">mi’e</sone><sone id="l8_s38" lk="298" meta="vahemärk">,</sone><sone id="l8_s39" lk="298" lemma="sīnõ" tahendus="sinna" ingl="there" liik="ProAdv">sīn</sone><sone id="l8_s40" lk="298" lemma="la’z" tahendus="las" ingl="let" liik="ModAdv">laz</sone><sone id="l8_s41" lk="298" lemma="tämā" tahendus="tema" ingl="he" liik="ProS" vorm="sg.nom.">ta</sone><sone id="l8_s42" lk="298" lemma="andõ" tahendus="anda" ingl="give" liik="V" vorm="pers.jus.pr.sg.3.">å̄ndag</sone><sone id="l8_s43" lk="298" lemma="ikš" tahendus="üks" ingl="one" liik="Nump" vorm="sg.gen.">ǖ’d</sone><sone id="l8_s44" lk="298" lemma="munā" tahendus="muna" ingl="egg" liik="S" vorm="sg.gen.">munā</sone><sone id="l8_s45" lk="298" meta="vahemärk">.</sone></lause><lause id="l9"><sone id="l9_s1" lk="298" lemma="si’z" tahendus="siis" ingl="then" liik="ProAdv">sis</sone><sone id="l9_s2" lk="298" lemma="tämā" tahendus="tema" ingl="he" liik="ProS" vorm="sg.nom.">ta</sone><sone lk="298" keel="eesti" id="l9_s3" meta="vahemärk">=</sone><sone lk="298" keel="eesti" id="l9_s4" lemma="vȱlda" tahendus="olla" ingl="be" liik="Va" vorm="pers.ind.pr.sg.3.">m’</sone><sone id="l9_s5" lk="298" lemma="bro’utšõ" tahendus="sõita" ingl="ride" liik="V" vorm="nud.sg.">brou’tšən</sone><sone id="l9_s6" lk="298" lemma="tīera" tahendus="terve" ingl="whole" liik="A" vorm="sg.gen.">tiera</sone><sone id="l9_s7" lk="298" lemma="āigast" tahendus="aasta" ingl="year" liik="S" vorm="sg.gen.">āigast</sone><sone id="l9_s8" lk="298" meta="vahemärk">.</sone></lause><lause id="l10"><sone id="l10_s1" lk="298" lemma="si’z" tahendus="siis" ingl="then" liik="ProAdv">siz</sone><sone id="l10_s2" lk="298" lemma="vȱlda" tahendus="olla" ingl="be" liik="Va" vorm="pers.ind.pr.pl.3.">ā’t</sone><sone id="l10_s3" lk="298" lemma="vȱlda" tahendus="olla" ingl="be" liik="V" vorm="nud.pl.">ve̮nnəd</sone><sone id="l10_s4" lk="298" lemma="munā" tahendus="muna" ingl="egg" liik="S" vorm="pl.nom.">munād</sone><sone id="l10_s5" lk="298" lemma="tikkiž" tahendus="kõik" ingl="all" liik="ProS" vorm="pl.nom.">tükkiz</sone><sone id="l10_s6" lk="298" lemma="jarā" tahendus="ära" ingl="gone" liik="Adva">jerā</sone><sone id="l10_s7" lk="298" meta="vahemärk">,</sone><sone id="l10_s8" lk="298" lemma="kakš" tahendus="kaks" ingl="two" liik="Nump" vorm="sg.nom.">kakš</sone><sone id="l10_s9" lk="298" lemma="ve’l" tahendus="veel" ingl="still" liik="Adv">vel</sone><sone id="l10_s10" lk="298" lemma="vȱlda" tahendus="olla" ingl="be" liik="V" vorm="pers.ind.pr.pl.3.">ā’t</sone><sone id="l10_s11" lk="298" lemma="vȱlda" tahendus="olla" ingl="be" liik="V" vorm="nud.pl.">ve̮nnəd</sone><sone id="l10_s12" lk="298" meta="vahemärk">.</sone></lause><lause id="l11"><sone id="l11_s1" lk="298" lemma="si’z" tahendus="siis" ingl="then" liik="ProAdv">siz</sone><sone id="l11_s2" lk="298" lemma="tämā" tahendus="tema" ingl="he" liik="ProS" vorm="sg.nom.">ta</sone><sone id="l11_s3" lk="298" lemma="bro’utšõ" tahendus="sõita" ingl="ride" liik="V" vorm="nud.sg.">brou’tšən</sone><sone id="l11_s4" lk="298" lemma="ikš" tahendus="üks" ingl="one" liik="ProS" vorm="sg.ill.">ǖ’də</sone><sone id="l11_s5" lk="298" meta="vahemärk">[</sone><sone id="l11_s6" lk="298" lemma="mȯizõ" tahendus="mõis" ingl="manor" liik="S" vorm="sg.ill.">mᵘoizə</sone><sone id="l11_s7" lk="298" meta="vahemärk"> &gt;</sone><sone id="l11_s8" lk="298" meta="vahemärk">]</sone><sone id="l11_s9" lk="298" lemma="mȯizõ" tahendus="mõis" ingl="manor" liik="S" vorm="sg.ill.">me̮izə</sone><sone id="l11_s10" lk="298" lemma="un" tahendus="ja" ingl="and" liik="Konj">un</sone><sone id="l11_s11" lk="298" lemma="ki’zzõ" tahendus="küsida" ingl="ask" liik="V" vorm="nud.sg.">kü’zzən</sone><sone id="l11_s12" lk="298" meta="vahemärk">,</sone><sone id="l11_s13" lk="298" lemma="kis" tahendus="kes" ingl="who" liik="Intr" vorm="sg.nom.">kis</sone><sone id="l11_s14" lk="298" lemma="sī’ḑ" tahendus="siin" ingl="here" liik="ProAdv">sī’d</sone><sone id="l11_s15" lk="298" lemma="vǭļikšõ" tahendus="valitseda" ingl="rule" liik="V" vorm="pers.ind.pr.sg.3.">vå̄ĺikšəb</sone><sone id="l11_s16" lk="298" meta="vahemärk">,</sone><sone id="l11_s17" lk="298" lemma="u" tahendus="kas" ingl="if" liik="Intr" kommentaar="?">u</sone><sone id="l11_s18" lk="298" lemma="izānd" tahendus="isand" ingl="lord" liik="S" vorm="sg.nom.">izānd</sone><sone id="l11_s19" lk="298" lemma="agā" tahendus="ehk" ingl="or" liik="Konj">aga</sone><sone id="l11_s20" lk="298" lemma="jemānd" tahendus="emand" ingl="lady" liik="S" vorm="sg.nom.">jemānd</sone><sone id="l11_s21" lk="298" meta="vahemärk">.</sone></lause><lause id="l12"><sone id="l12_s1" lk="298" lemma="izānd" tahendus="isand" ingl="lord" liik="S" vorm="sg.nom.">izānd</sone><sone id="l12_s2" lk="298" lemma="kītõ" tahendus="öelda" ingl="say" liik="V" vorm="pers.ind.pr.sg.3.">kītəb</sone><sone id="l12_s3" lk="298" meta="vahemärk">,</sone><sone id="l12_s4" lk="298" lemma="tämā" tahendus="tema" ingl="he" liik="ProS" vorm="sg.nom.">ta</sone><sone id="l12_s5" lk="298" lemma="vǭļikšõ" tahendus="valitseda" ingl="rule" liik="V" vorm="pers.kvt.pr.sg.3.">vå̄ĺikšiji</sone><sone id="l12_s6" lk="298" meta="vahemärk">.</sone></lause><lause id="l13"><sone id="l13_s1" lk="298" lemma="si’z" tahendus="siis" ingl="then" liik="ProAdv" vorm="sg.part.">siz</sone><sone id="l13_s2" lk="298" lemma="tämā" tahendus="tema" ingl="he" liik="ProS" vorm="sg.nom.">ta</sone><sone id="l13_s3" lk="298" lemma="kītõ" tahendus="öelda" ingl="say" liik="V" vorm="nud.sg.">kītən</sone><sone id="l13_s4" lk="298" meta="vahemärk">:</sone><sone id="l13_s5" lk="298" meta="vahemärk">”</sone><sone lk="298" keel="eesti" id="l13_s6" lemma="tūlda" tahendus="tulla" ingl="come" liik="V" vorm="pers.imp.pr.sg.2.">tul’</sone><sone id="l13_s7" lk="298" meta="vahemärk">,</sone><sone id="l13_s8" lk="298" lemma="minā" tahendus="mina" ingl="I" liik="ProS" vorm="sg.nom.">ma</sone><sone id="l13_s9" lk="298" lemma="sinā" tahendus="sina" ingl="you" liik="ProS" vorm="sg.dat.">sin’nən</sone><sone id="l13_s10" lk="298" lemma="andõ" tahendus="anda" ingl="give" liik="V" vorm="pers.ind.pr.sg.1.">å̄ndab</sone><sone id="l13_s11" lk="298" lemma="ikš" tahendus="üks" ingl="one" liik="Nump" vorm="sg.gen.">ǖ’d</sone><sone id="l13_s12" lk="298" lemma="i’bbi" tahendus="hobune" ingl="horse" liik="S" vorm="sg.gen.">übīz</sone><sone id="l13_s13" lk="298" meta="vahemärk">,</sone><sone id="l13_s14" lk="298" lemma="mingi" tahendus="milline" ingl="which" liik="ProA" vorm="sg.gen.">miŋgiz</sone><sone id="l13_s15" lk="298" lemma="sinā" tahendus="sina" ingl="you" liik="ProS" vorm="sg.nom.">sa</sone><sone id="l13_s16" lk="298" lemma="ī’ž" tahendus="ise" ingl="self" liik="ProS" vorm="sg.nom.">ī’ž</sone><sone id="l13_s17" lk="298" lemma="tǭ’dõ" tahendus="tahta" ingl="want" liik="V" vorm="pers.ind.pr.sg.2.">tā’d</sone><sone id="l13_s18" lk="298" meta="vahemärk">,</sone><sone id="l13_s19" lk="298" lemma="kēv" tahendus="mära" ingl="mare" liik="S" vorm="sg.gen.">kēv</sone><sone id="l13_s20" lk="298" lemma="agā" tahendus="ehk" ingl="or" liik="Konj">agā</sone><sone id="l13_s21" lk="298" lemma="ē’rzõl" tahendus="täkk" ingl="stallion" liik="S" vorm="sg.gen.">er’zəl</sone><sone lk="298" keel="eesti" id="l13_s22" meta="vahemärk">.</sone><sone id="l13_s23" lk="298" meta="vahemärk">”</sone></lause><lause id="l14"><sone id="l14_s1" lk="298" lemma="si’z" tahendus="siis" ingl="then" liik="ProAdv">siz</sone><sone id="l14_s2" lk="298" lemma="izānd" tahendus="isand" ingl="lord" liik="S" vorm="sg.nom.">izānd</sone><sone id="l14_s3" lk="298" lemma="lǟʼdõ" tahendus="minna" ingl="go" liik="V" vorm="nud.sg.">lǟ’nd</sone><sone id="l14_s4" lk="298" lemma="ulz" tahendus="välja" ingl="out" liik="Adva">ulz</sone><sone id="l14_s5" lk="298" lemma="vaņțlõ" tahendus="vaadata" ingl="look" liik="V" vorm="sup.">vańḱĺəm</sone><sone id="l14_s6" lk="298" meta="vahemärk">.</sone></lause><lause id="l15"><sone id="l15_s1" lk="298" lemma="tämā" tahendus="tema" ingl="he" liik="ProS" vorm="sg.nom.">ta</sone><sone id="l15_s2" lk="298" lemma="tǭ’dõ" tahendus="tahta" ingl="want" liik="V" vorm="pers.kvt.pr.sg.3.">tā’ji</sone><sone id="l15_s3" lk="298" lemma="se" tahendus="see" ingl="this" liik="ProS" vorm="sg.gen.">sie</sone><sone id="l15_s4" lk="298" lemma="ē’rzõl" tahendus="täkk" ingl="stallion" liik="S" vorm="sg.gen.">er’zəl</sone><sone id="l15_s5" lk="298" lemma="agā" tahendus="aga" ingl="but" liik="Konj">aga</sone><sone id="l15_s6" lk="298" lemma="tämā" tahendus="tema" ingl="he" liik="ProS" vorm="sg.nom.">ta</sone><sone id="l15_s7" lk="298" lemma="lǟ’dõ" tahendus="minna" ingl="go" liik="V" vorm="pers.kvt.pr.sg.3.">lē’ji</sone><sone id="l15_s8" lk="299" lemma="kutsõ" tahendus="kutsuda" ingl="call" liik="V" vorm="sup.">kutsəm</sone><sone id="l15_s9" lk="299" lemma="jemānd" tahendus="emand" ingl="lady" liik="S" vorm="sg.gen.">jemānd</sone><sone id="l15_s10" lk="299" lemma="ka" tahendus="ka" ingl="also" liik="ModAdv">ka</sone><sone id="l15_s11" lk="299" lemma="ulz" tahendus="välja" ingl="out" liik="Adva">ulz</sone><sone id="l15_s12" lk="299" meta="vahemärk">,</sone><sone id="l15_s13" lk="299" lemma="kūlõ" tahendus="kuulda" ingl="hear" liik="V" vorm="pers.kvt.pr.sg.3.">kūliji</sone><sone id="l15_s14" lk="299" meta="vahemärk">,</sone><sone id="l15_s15" lk="299" lemma="mis" tahendus="mis" ingl="what" liik="Intr" vorm="sg.nom.">mis</sone><sone id="l15_s16" lk="299" lemma="se" tahendus="see" ingl="this" liik="ProS" vorm="sg.nom.">se</sone><sone id="l15_s17" lk="299" lemma="kītõ" tahendus="öelda" ingl="say" liik="V" vorm="pers.kvt.pr.sg.3.">kītiji</sone><sone id="l15_s18" lk="299" meta="vahemärk">.</sone></lause><lause id="l16"><sone id="l16_s1" lk="299" lemma="jemānd" tahendus="emand" ingl="lady" liik="S" vorm="sg.nom.">jemānd</sone><sone id="l16_s2" lk="299" lemma="kītõ" tahendus="öelda" ingl="say" liik="V" vorm="nud.sg.">kītən</sone><sone id="l16_s3" lk="299" meta="vahemärk">,</sone><sone id="l16_s4" lk="299" lemma="tämā" tahendus="tema" ingl="she" liik="ProS" vorm="sg.nom.">ta</sone><sone id="l16_s5" lk="299" lemma="tǭ’dõ" tahendus="tahta" ingl="want" liik="V" vorm="pers.kvt.pr.sg.3.">tā’ji</sone><sone id="l16_s6" lk="299" lemma="se" tahendus="see" ingl="this" liik="ProS" vorm="sg.gen.">sie</sone><sone id="l16_s7" lk="299" lemma="kēv" tahendus="mära" ingl="mare" liik="S" vorm="sg.gen.">kēv</sone><sone id="l16_s8" lk="299" meta="vahemärk">.</sone></lause><lause id="l17"><sone id="l17_s1" lk="299" lemma="izānd" tahendus="isand" ingl="lord" liik="S" vorm="sg.nom.">izānd</sone><sone id="l17_s2" lk="299" lemma="kītõ" tahendus="öelda" ingl="say" liik="V" vorm="nud.sg.">kītən</sone><sone id="l17_s3" lk="299" meta="vahemärk">:</sone><sone id="l17_s4" lk="299" meta="vahemärk">”</sone><sone lk="299" keel="eesti" id="l17_s5" meta="vahemärk">[</sone><sone lk="299" keel="eesti" id="l17_s6" lemma="võttõ" tahendus="võtta" ingl="take" liik="V" vorm="pers.imp.pr.sg.2.">utā</sone><sone id="l17_s7" lk="299" meta="vahemärk"> &gt;</sone><sone id="l17_s8" lk="299" meta="vahemärk">]</sone><sone id="l17_s9" lk="299" lemma="võttõ" tahendus="võtta" ingl="take" liik="V" vorm="pers.imp.pr.sg.2.">vi̮tā</sone><sone id="l17_s10" lk="299" lemma="si’z" tahendus="siis" ingl="then" liik="ModAdv">siz</sone><sone id="l17_s11" lk="299" lemma="se" tahendus="see" ingl="this" liik="ProS" vorm="sg.gen.">sie</sone><sone id="l17_s12" lk="299" lemma="kēv" tahendus="mära" ingl="mare" liik="S" vorm="sg.gen.">kēv</sone><sone lk="299" keel="eesti" id="l17_s13" meta="vahemärk">!</sone><sone id="l17_s14" lk="299" meta="vahemärk">”</sone></lause><lause id="l18"><sone id="l18_s1" lk="299" lemma="si’z" tahendus="siis" ingl="then" liik="ProAdv">siz</sone><sone id="l18_s2" lk="299" lemma="se" tahendus="see" ingl="this" liik="ProS" vorm="sg.nom.">se</sone><sone id="l18_s3" lk="299" lemma="mīez" tahendus="mees" ingl="man" liik="S" vorm="sg.nom.">miez</sone><sone id="l18_s4" lk="299" lemma="kītõ" tahendus="öelda" ingl="say" liik="V" vorm="nud.sg.">kītən</sone><sone id="l18_s5" lk="299" meta="vahemärk">:</sone><sone id="l18_s6" lk="299" meta="vahemärk">”</sone><sone lk="299" keel="eesti" id="l18_s7" lemma="sī’ḑ" tahendus="siin" ingl="here" liik="ProAdv">sī’d</sone><sone id="l18_s8" lk="299" lemma="ju" tahendus="ju" ingl="but" liik="ModAdv">ju</sone><sone id="l18_s9" lk="299" lemma="izānd" tahendus="isand" ingl="lord" liik="S" vorm="sg.nom.">izānd</sone><sone id="l18_s10" lk="299" lemma="ä’b" tahendus="ei" ingl="not" liik="Mn" vorm="pers.ind.pr.sg.3.">äb</sone><sone id="l18_s11" lk="299" lemma="vǭļikšõ" tahendus="valitseda" ingl="rule" liik="V" vorm="pers.ind.sg.3.neg.">vå̄ĺikš</sone><sone id="l18_s12" lk="299" meta="vahemärk">,</sone><sone id="l18_s13" lk="299" lemma="sī’ḑ" tahendus="siin" ingl="here" liik="ProAdv">sī’d</sone><sone id="l18_s14" lk="299" lemma="vǭļikšõ" tahendus="valitseda" ingl="rule" liik="V" vorm="pers.ind.pr.sg.3.">vå̄ĺikšəb</sone><sone id="l18_s15" lk="299" lemma="jemānd" tahendus="emand" ingl="lady" liik="S" vorm="sg.nom.">jemānd</sone><sone lk="299" keel="eesti" id="l18_s16" meta="vahemärk">.</sone><sone id="l18_s17" lk="299" meta="vahemärk">”</sone></lause><lause id="l19"><sone id="l19_s1" lk="299" lemma="si’z" tahendus="siis" ingl="then" liik="ProAdv">siz</sone><sone id="l19_s2" lk="299" lemma="tämā" tahendus="tema" ingl="he" liik="ProS" vorm="sg.nom.">ta</sone><sone id="l19_s3" lk="299" lemma="andõ" tahendus="anda" ingl="give" liik="V" vorm="nud.sg.">andən</sone><sone id="l19_s4" lk="299" lemma="ne" tahendus="nemad" ingl="they" liik="ProS" vorm="pl.gen.">nänt</sone><sone id="l19_s5" lk="299" lemma="kakš" tahendus="kaks" ingl="two" liik="Nump" vorm="sg.nom.">kakš</sone><sone id="l19_s6" lk="299" lemma="munā" tahendus="muna" ingl="egg" liik="S" vorm="sg.part.">mun’nə</sone><sone id="l19_s7" lk="299" meta="vahemärk">.</sone></lause><lause id="l20"><sone id="l20_s1" lk="299" lemma="agā" tahendus="aga" ingl="but" liik="Konj">agā</sone><sone id="l20_s2" lk="299" lemma="si’z" tahendus="siis" ingl="then" liik="ProAdv">siz</sone><sone id="l20_s3" lk="299" lemma="tämā" tahendus="tema" ingl="he" liik="ProS" vorm="sg.nom.">ta</sone><sone id="l20_s4" lk="299" lemma="bro’utšõ" tahendus="sõita" ingl="ride" liik="V" vorm="nud.sg.">brou’tšən</sone><sone id="l20_s5" lk="299" lemma="naiz+izā" tahendus="naiseisa" ingl="father-in-law" liik="S" vorm="sg.gen.">naiz+izā</sone><sone id="l20_s6" lk="299" lemma="jūr" tahendus="juurde" ingl="to" liik="Post">jūr</sone><sone id="l20_s7" lk="299" lemma="tā’giž" tahendus="tagasi" ingl="back" liik="Adva">ta’ggiz</sone><sone id="l20_s8" lk="299" meta="vahemärk">.</sone></lause><lause id="l21"><sone id="l21_s1" lk="299" lemma="naiz+izā" tahendus="naiseisa" ingl="father-in-law" liik="S" vorm="sg.nom.">naiz+izā</sone><sone id="l21_s2" lk="299" lemma="kītõ" tahendus="öelda" ingl="say" liik="V" vorm="nud.sg.">kītən</sone><sone id="l21_s3" lk="299" meta="vahemärk">:</sone><sone id="l21_s4" lk="299" meta="vahemärk">”</sone><sone lk="299" keel="eesti" id="l21_s5" lemma="ni" tahendus="nüüd" ingl="now" liik="Adv">ni</sone><sone id="l21_s6" lk="299" lemma="sinā" tahendus="sina" ingl="you" liik="ProS" vorm="sg.dat.">sin’</sone><sone id="l21_s7" lk="299" lemma="vȱlda" tahendus="olla" ingl="be" liik="Va" vorm="pers.ind.pr.sg.3.">um’</sone><sone id="l21_s8" lk="299" lemma="pi’ddõ" tahendus="hoida" ingl="keep" liik="V" vorm="deb.">pidāmist</sone><sone id="l21_s9" lk="299" lemma="eņțš" tahendus="oma" ingl="own" liik="ProS" vorm="sg.gen.">eńtš</sone><sone id="l21_s10" lk="299" lemma="nai" tahendus="naine" ingl="wife" liik="S" vorm="sg.gen.">naiz</sone><sone id="l21_s11" lk="299" meta="vahemärk">,</sone><sone id="l21_s12" lk="299" lemma="ni" tahendus="nüüd" ingl="now" liik="Adv">ni</sone><sone id="l21_s13" lk="299" lemma="sinā" tahendus="sina" ingl="you" liik="ProS" vorm="sg.nom.">sa</sone><sone id="l21_s14" lk="299" lemma="nǟ’dõ" tahendus="näha" ingl="see" liik="V" vorm="pers.ind.ipf.sg.2.">neist</sone><sone id="l21_s15" lk="299" meta="vahemärk">,</sone><sone id="l21_s16" lk="299" lemma="ku" tahendus="et" ingl="that" liik="Konj">ku</sone><sone id="l21_s17" lk="299" lemma="mīez" tahendus="mees" ingl="man" liik="S" vorm="sg.nom.">miez</sone><sone id="l21_s18" lk="299" lemma="mittõ" tahendus="mitte" ingl="not" liik="Mn">mittə</sone><sone id="l21_s19" lk="299" lemma="kuskis" tahendus="kuskil" ingl="anywhere" liik="ProAdv">kuskis</sone><sone id="l21_s20" lk="299" lemma="ä’b" tahendus="ei" ingl="not" liik="Mn" vorm="pers.ind.pr.sg.3.">äb</sone><sone id="l21_s21" lk="299" lemma="vǭļikšõ" tahendus="valitseda" ingl="rule" liik="V" vorm="pers.ind.sg.3.neg.">vå̄ĺikš</sone><sone id="l21_s22" lk="299" meta="vahemärk">,</sone><sone id="l21_s23" lk="299" lemma="set" tahendus="ainult" ingl="only" liik="Konj">set</sone><sone id="l21_s24" lk="299" lemma="ku" tahendus="et" ingl="that" liik="Konj">ku</sone><sone id="l21_s25" lk="299" lemma="nai" tahendus="naine" ingl="woman" liik="S" vorm="sg.nom.">nai</sone><sone id="l21_s26" lk="299" lemma="ī’d" tahendus="ainult" ingl="only" liik="Adv">ǖ’d</sone><sone id="l21_s27" lk="299" lemma="vȱlda" tahendus="olla" ingl="be" liik="V" vorm="pers.ind.pr.sg.3.">um’</sone><sone id="l21_s28" lk="299" lemma="se" tahendus="see" ingl="this" liik="ProS" vorm="sg.nom.">se</sone><sone id="l21_s29" lk="299" lemma="vǭļikšiji" tahendus="valitseja" ingl="ruler" liik="S" vorm="sg.nom.">vå̄ĺikšiji</sone><sone lk="299" keel="eesti" id="l21_s30" meta="vahemärk">.</sone><sone id="l21_s31" lk="299" meta="vahemärk">”</sone></lause></sisu>
</liivike>
