<?xml version="1.0" encoding="UTF-8"?>
<?xml-stylesheet type="text/xsl" href="liivike_tekst.xsl"?>
<liivike>
	<info><tyyp>kirjalik</tyyp><teema>Satuja 19</teema><keel>liivi</keel><murre>idaliivi</murre><kirjaviis>foneetiline transkriptsioon</kirjaviis><kyla longituud="22.588" latituud="57.744">Kuolka</kyla><teos pealkiri="Näytteitä liivin kielestä" aasta="1953" koht="Helsinki">E. N. Setälä</teos><keelejuht id="AS" haridus="" synniaasta="" synnikoht="" vanus="" sugu="M">Andrəks Sēman</keelejuht></info><sisu id="Set_Sat_19">
		<lause id="l1">
			<sone id="l1_s1" lk="124" lemma="ikš" tahendus="üks" ingl="one" liik="ProS" vorm="sg.gen.">ī’d</sone>
			<sone id="l1_s2" lk="124" lemma="izā" tahendus="isa" ingl="father" liik="S" vorm="sg.dat.">izān</sone><sone id="l1_s3" lk="124" lemma="vȱlda" tahendus="olla" ingl="be" liik="V" vorm="pers.ind.ipf.pl.3.">ve̮ĺ’t́ə</sone><sone id="l1_s4" lk="124" lemma="seis" tahendus="seitse" ingl="seven" liik="Nump" vorm="sg.nom.">seis</sone><sone id="l1_s5" lk="124" lemma="läpš" tahendus="laps" ingl="child" liik="S" vorm="sg.part.">lapstā</sone><sone id="l1_s6" lk="124" meta="vahemärk">.</sone></lause>
		<lause id="l2"><sone id="l2_s1" lk="124" lemma="ne" tahendus="need" ingl="these" liik="ProS" vorm="pl.nom.">ne</sone><sone id="l2_s2" lk="124" lemma="läpš" tahendus="laps" ingl="child" liik="S" vorm="pl.nom.">lapst</sone><sone id="l2_s3" lk="124" lemma="sīedõ" tahendus="süüa" ingl="eat" liik="V" vorm="pers.ind.ipf.pl.3.">seitə</sone><sone id="l2_s4" lk="124" lemma="tämā" tahendus="tema" ingl="he, she" liik="ProS" vorm="sg.dat.">täm’mən</sone><sone id="l2_s5" lk="124" lemma="vȯzā" tahendus="liha" ingl="meat" liik="S" vorm="sg.part.">ve̮’zzə</sone><sone id="l2_s6" lk="124" lemma="un" tahendus="ja" ingl="and" liik="Konj">un</sone><sone id="l2_s7" lk="124" lemma="tämā" tahendus="tema" ingl="he, she" liik="ProS" vorm="sg.nom.">ta</sone><sone id="l2_s8" lk="124" lemma="nuttõ" tahendus="kutsuda" ingl="call" liik="V" vorm="pers.ind.ipf.sg.3.">nutīz</sone><sone id="l2_s9" lk="124" lemma="ne" tahendus="need" ingl="these" liik="ProS" vorm="pl.nom." kommentaar="?">ne</sone><sone id="l2_s10" lk="124" lemma="läpš" tahendus="laps" ingl="child" liik="S" vorm="pl.nom." kommentaar="?">lapst</sone><sone id="l2_s11" lk="124" lemma="pa" tahendus="millekski, kellekski" ingl="as" liik="Pre">pa</sone><sone id="l2_s12" lk="124" lemma="kräpā+kūona" tahendus="kärnkonn" ingl="toad" liik="S" vorm="pl.tr.">kräpā+kuonadəks</sone><sone id="l2_s13" lk="124" lemma="un" tahendus="ja" ingl="and" liik="Konj">un</sone><sone id="l2_s14" lk="124" lemma="sǭtõ" tahendus="saata" ingl="send" liik="V" vorm="pers.ind.ipf.sg.3.">så̄tiz</sone><sone id="l2_s15" lk="124" lemma="ne" tahendus="need" ingl="these" liik="ProS" vorm="pl.nom.">ne</sone><sone id="l2_s16" lk="124" lemma="läpš" tahendus="laps" ingl="child" liik="S" vorm="pl.nom.">lapst</sone><sone id="l2_s17" lk="124" lemma="mõtsā" tahendus="mets" ingl="forest" liik="S" vorm="sg.ill.">mi̮tsə</sone><sone id="l2_s18" lk="124" meta="vahemärk">.</sone></lause><lause id="l3"><sone id="l3_s1" lk="124" lemma="ne" tahendus="nemad" ingl="they" liik="ProS" vorm="pl.nom.">ne</sone><sone id="l3_s2" lk="124" lemma="lǟ’dõ" tahendus="minna" ingl="go" liik="V" vorm="pers.ind.ipf.pl.3.">lekštə</sone><sone id="l3_s3" lk="124" lemma="ikš" tahendus="üks" ingl="one" liik="ProS" vorm="sg.gen.">ī’d</sone><sone id="l3_s4" lk="124" lemma="kabāl" tahendus="tükk" ingl="piece" liik="S" vorm="sg.gen.">kabāl</sone><sone id="l3_s5" lk="124" lemma="un" tahendus="ja" ingl="and" liik="Konj">un</sone><sone id="l3_s6" lk="124" lemma="astõ" tahendus="ronida" ingl="climb" liik="V" vorm="pers.ind.ipf.pl.3.">astīst</sone><sone id="l3_s7" lk="124" lemma="ikš" tahendus="üks" ingl="one" liik="ProS" vorm="sg.ill.">ī’dəz</sone><sone id="l3_s8" lk="124" lemma="pū" tahendus="puu" ingl="tree" liik="S" vorm="sg.ill.">pū’zə</sone><sone id="l3_s9" lk="124" lemma="i’lzõ" tahendus="üles" ingl="up" liik="Adv">il’zə</sone><sone id="l3_s10" lk="124" lemma="un" tahendus="ja" ingl="and" liik="Konj">un</sone><sone id="l3_s11" lk="124" lemma="nǟ’dõ" tahendus="näha" ingl="see" liik="V" vorm="pers.ind.ipf.pl.3.">neistə</sone><sone id="l3_s12" lk="124" lemma="so’v" tahendus="suits" ingl="smoke" liik="S" vorm="sg.part.">sow’və</sone><sone id="l3_s13" lk="124" meta="vahemärk">.</sone></lause><lause id="l4"><sone id="l4_s1" lk="124" lemma="ne" tahendus="nemad" ingl="they" liik="ProS" vorm="pl.nom.">ne</sone><sone id="l4_s2" lk="124" lemma="lǟ’dõ" tahendus="minna" ingl="go" liik="V" vorm="pers.ind.ipf.pl.3.">lekštə</sone><sone id="l4_s3" lk="124" lemma="tegīž" tahendus="taas" ingl="again" liik="Adv">tei’ž</sone><sone id="l4_s4" lk="124" lemma="ikš" tahendus="üks" ingl="one" liik="ProS" vorm="sg.gen.">ī’d</sone><sone id="l4_s5" lk="124" lemma="kabāl" tahendus="tükk" ingl="piece" liik="S" vorm="sg.gen.">kabāl</sone><sone id="l4_s6" lk="124" lemma="un" tahendus="ja" ingl="and" liik="Konj">un</sone><sone id="l4_s7" lk="125" lemma="astõ" tahendus="ronida" ingl="climb" liik="V" vorm="pers.ind.ipf.pl.3.">astīst</sone><sone id="l4_s8" lk="125" lemma="pū" tahendus="puu" ingl="tree" liik="S" vorm="sg.ill.">pū’zə</sone><sone id="l4_s9" lk="125" lemma="tegīž" tahendus="taas" ingl="again" liik="Adv">tei’ž</sone><sone id="l4_s10" lk="125" meta="vahemärk">.</sone></lause><lause id="l5"><sone id="l5_s1" lk="125" lemma="si’z" tahendus="siis" ingl="then" liik="ProAdv">siz</sone><sone id="l5_s2" lk="125" lemma="ne" tahendus="nemad" ingl="they" liik="ProS" vorm="pl.nom.">ne</sone><sone id="l5_s3" lk="125" lemma="nǟ’dõ" tahendus="näha" ingl="see" liik="V" vorm="pers.ind.ipf.pl.3.">neistə</sone><sone id="l5_s4" lk="125" lemma="tu’ļ" tahendus="tuli" ingl="fire" liik="S" vorm="sg.part.">tūlda</sone><sone id="l5_s5" lk="125" meta="vahemärk">.</sone></lause><lause id="l6"><sone id="l6_s1" lk="125" lemma="si’z" tahendus="siis" ingl="then" liik="ProAdv">siz</sone><sone id="l6_s2" lk="125" lemma="ne" tahendus="nemad" ingl="they" liik="ProS" vorm="pl.nom.">ne</sone><sone id="l6_s3" lk="125" lemma="lǟ’dõ" tahendus="minna" ingl="go" liik="V" vorm="pers.ind.ipf.pl.3.">lekštə</sone><sone id="l6_s4" lk="125" lemma="ikš" tahendus="üks" ingl="one" liik="ProS" vorm="sg.gen.">ī’d</sone><sone id="l6_s5" lk="125" lemma="kabāl" tahendus="tükk" ingl="piece" liik="S" vorm="sg.gen.">kabāl</sone><sone id="l6_s6" lk="125" lemma="un" tahendus="ja" ingl="and" liik="Konj">un</sone><sone id="l6_s7" lk="125" lemma="lǟ’dõ" tahendus="minna" ingl="go" liik="V" vorm="pers.ind.ipf.pl.3.">lekštə</sone><sone id="l6_s8" lk="125" lemma="eļ" tahendus="põrgu" ingl="hell" liik="S" vorm="sg.ill.">eĺ’ĺə</sone><sone id="l6_s9" lk="125" meta="vahemärk">(</sone><sone id="l6_s10" lk="125" meta="kommentaar">pro</sone><sone id="l6_s11" lk="125" meta="kommentaar">eĺĺə</sone><sone lk="125" keel="eesti" id="l6_s12" meta="vahemärk">?</sone><sone lk="125" keel="eesti" id="l6_s13" meta="vahemärk">)</sone><sone id="l6_s14" lk="125" meta="vahemärk">.</sone></lause><lause id="l7"><sone id="l7_s1" lk="125" lemma="sǟ’l" tahendus="seal" ingl="there" liik="ProAdv">sǟ’l</sone><sone id="l7_s2" lk="125" lemma="vȱlda" tahendus="olla" ingl="be" liik="V" vorm="pers.ind.ipf.sg.3.">ve̮ĺ’</sone><sone id="l7_s3" lk="125" lemma="ikš" tahendus="üks" ingl="one" liik="ProS" vorm="sg.nom.">ikš</sone><sone id="l7_s4" lk="125" lemma="izānd" tahendus="härra" ingl="mister" liik="S" vorm="sg.nom.">izānd</sone><sone id="l7_s5" lk="125" lemma="sūr" tahendus="suur" ingl="big" liik="A" vorm="sg.gen.">sūrd</sone><sone id="l7_s6" lk="125" lemma="spī’ḑiji" tahendus="läikiv" ingl="shiny" liik="A" vorm="pl.gen.">spī’d́ijid</sone><sone id="l7_s7" lk="125" lemma="pūmpar" tahendus="nööp" ingl="button" liik="S" vorm="pl.instl.">pūmpardəks</sone><sone id="l7_s8" lk="125" lemma="un" tahendus="ja" ingl="and" liik="Konj">un</sone><sone id="l7_s9" lk="125" lemma="se" tahendus="see" ingl="this" liik="ProS" vorm="sg.gen.">sie</sone><sone id="l7_s10" lk="125" lemma="izānd" tahendus="härra" ingl="mister" liik="S" vorm="sg.dat.">izāndən</sone><sone id="l7_s11" lk="125" lemma="ka" tahendus="ka" ingl="also" liik="ModAdv">ka</sone><sone id="l7_s12" lk="125" lemma="vȱlda" tahendus="olla" ingl="be" liik="V" vorm="pers.ind.ipf.sg.3.">ve̮ĺ’</sone><sone id="l7_s13" lk="125" lemma="seis" tahendus="seitse" ingl="seven" liik="Nump" vorm="sg.nom.">seis</sone><sone id="l7_s14" lk="125" lemma="läpš" tahendus="laps" ingl="child" liik="S" vorm="sg.part.">lapstā</sone><sone id="l7_s15" lk="125" meta="vahemärk">.</sone></lause><lause id="l8"><sone id="l8_s1" lk="125" lemma="se" tahendus="see" ingl="this" liik="ProS" vorm="sg.nom.">se</sone><sone id="l8_s2" lk="125" lemma="izānd" tahendus="härra" ingl="mister" liik="S" vorm="sg.nom.">izānd</sone><sone id="l8_s3" lk="125" lemma="pānda" tahendus="panna" ingl="put" liik="V" vorm="pers.ind.ipf.sg.3.">pań’</sone><sone id="l8_s4" lk="125" lemma="ne" tahendus="need" ingl="these" liik="ProS" vorm="pl.nom.">ne</sone><sone id="l8_s5" lk="125" lemma="kräpā+kūona" tahendus="kärnkonn" ingl="toad" liik="S" vorm="pl.nom.">kräpā+kuonad</sone><sone id="l8_s6" lk="125" lemma="lo’vvõl" tahendus="voodisse" ingl="to bed" liik="Adv">lou’vəl</sone><sone id="l8_s7" lk="125" lemma="ma’ggõ" tahendus="magada" ingl="sleep" liik="V" vorm="sup.">ma’ggəm</sone><sone id="l8_s8" lk="125" lemma="un" tahendus="ja" ingl="and" liik="Konj">un</sone><sone id="l8_s9" lk="125" lemma="tämā" tahendus="tema" ingl="he, she" liik="ProS" vorm="sg.gen.">täm’</sone><sone id="l8_s10" lk="125" lemma="eņtš" tahendus="oma" ingl="own" liik="ProS" vorm="sg.gen.">eńt́š</sone><sone id="l8_s11" lk="125" lemma="läpš" tahendus="laps" ingl="child" liik="S" vorm="pl.nom.">lapst</sone><sone id="l8_s12" lk="125">lovānalā</sone><sone id="l8_s13" lk="125" meta="vahemärk">.</sone></lause><lause id="l9"><sone id="l9_s1" lk="125" lemma="ne" tahendus="need" ingl="these" liik="ProS" vorm="pl.nom.">ne</sone><sone id="l9_s2" lk="125" lemma="seis" tahendus="seitse" ingl="seven" liik="Nump" vorm="sg.nom.">seis</sone><sone id="l9_s3" lk="125" lemma="kräpā+kūona" tahendus="kärnkonn" ingl="toad" liik="S" vorm="sg.part.">kräpā+kᵘonnə</sone><sone id="l9_s4" lk="125" lemma="pu’ggõ" tahendus="pugeda" ingl="crawl" liik="V" vorm="pers.ind.ipf.pl.3.">pugīst</sone><sone id="l9_s5" lk="125">lovānalā</sone><sone id="l9_s6" lk="125" lemma="un" tahendus="ja" ingl="and" liik="Konj">un</sone><sone id="l9_s7" lk="125" lemma="ne" tahendus="need" ingl="these" liik="ProS" vorm="pl.nom.">ne</sone><sone id="l9_s8" lk="125" lemma="seis" tahendus="seitse" ingl="seven" liik="Nump" vorm="sg.nom.">seis</sone><sone id="l9_s9" lk="125" lemma="izānd" tahendus="härra" ingl="mister" liik="S" vorm="sg.gen.">izānd</sone><sone id="l9_s10" lk="125" lemma="läpš" tahendus="laps" ingl="child" liik="S" vorm="sg.part.">lapstā</sone><sone id="l9_s11" lk="125" lemma="lo’vvõl" tahendus="voodisse" ingl="to bed" liik="Adv">lou’vəl</sone><sone id="l9_s12" lk="125" meta="vahemärk">.</sone></lause><lause id="l10"><sone id="l10_s1" lk="125" lemma="izānd" tahendus="härra" ingl="mister" liik="S" vorm="sg.nom.">izānd</sone><sone id="l10_s2" lk="125" lemma="lǟ’dõ" tahendus="minna" ingl="go" liik="V" vorm="pers.ind.ipf.sg.3.">lekš</sone><sone id="l10_s3" lk="125" lemma="duņtš" tahendus="puss" ingl="sheath knife" liik="S" vorm="sg.instl.">duntšəks</sone><sone id="l10_s4" lk="125" lemma="un" tahendus="ja" ingl="and" liik="Konj">un</sone><sone id="l10_s5" lk="125" lemma="ī’edõ" tahendus="lõigata" ingl="cut" liik="V" vorm="pers.ind.ipf.sg.3.">i’ediz</sone><sone id="l10_s6" lk="125" lemma="eņtš" tahendus="oma" ingl="own" liik="ProS" vorm="sg.gen.">eńt́š</sone><sone id="l10_s7" lk="125" lemma="seis" tahendus="seitse" ingl="seven" liik="Nump" vorm="sg.gen.">seis</sone><sone id="l10_s8" lk="125" lemma="läpš" tahendus="laps" ingl="child" liik="S" vorm="sg.dat.">lapsən</sone><sone id="l10_s9" lk="125" lemma="pǟ" tahendus="pea" ingl="head" liik="S" vorm="sg.gen.">pǟ</sone><sone id="l10_s10" lk="125" lemma="jarā" tahendus="ära" ingl="off" liik="Adva">je̮rā</sone><sone id="l10_s11" lk="125" meta="vahemärk">.</sone></lause><lause id="l11"><sone id="l11_s1" lk="125" lemma="tämā" tahendus="tema" ingl="he, she" liik="ProS" vorm="sg.nom.">ta</sone><sone id="l11_s2" lk="125" lemma="mõtlõ" tahendus="mõelda" ingl="think" liik="V" vorm="pers.ind.ipf.sg.3.">mi̮tliz</sone><sone id="l11_s3" lk="125" lemma="ku" tahendus="et" ingl="that" liik="Konj">ku</sone><sone id="l11_s4" lk="125" lemma="ne" tahendus="need" ingl="these" liik="ProS" vorm="pl.nom.">ne</sone><sone id="l11_s5" lk="125" lemma="vȱlda" tahendus="olla" ingl="be" liik="V" vorm="pers.knd.pr.pl.3." kommentaar="?">ve̮lkst</sone><sone id="l11_s6" lk="125" lemma="ne" tahendus="need" ingl="these" liik="ProS" vorm="pl.nom.">ne</sone><sone id="l11_s7" lk="125" lemma="kräpā+kūona" tahendus="kärnkonn" ingl="toad" liik="S" vorm="pl.nom.">kräpā+kuonad</sone><sone id="l11_s8" lk="125" meta="vahemärk">.</sone></lause><lause id="l12"><sone id="l12_s1" lk="125" lemma="ne" tahendus="need" ingl="these" liik="ProS" vorm="pl.nom.">ne</sone><sone id="l12_s2" lk="125" lemma="kräpā+kūona" tahendus="kärnkonn" ingl="toad" liik="S" vorm="pl.nom.">kräpā+kuonad</sone><sone id="l12_s3" lk="125" lemma="urgõ" tahendus="põgeneda" ingl="escape" liik="V" vorm="pers.ind.ipf.pl.3.">ūrgist</sone><sone id="l12_s4" lk="125" lemma="jarā" tahendus="ära" ingl="away" liik="Adva">jarā</sone><sone id="l12_s5" lk="125" lemma="un" tahendus="ja" ingl="and" liik="Konj">un</sone><sone id="l12_s6" lk="125" lemma="pu’ggõ" tahendus="pugeda" ingl="creep" liik="V" vorm="pers.ind.ipf.pl.3.">pugīst</sone><sone id="l12_s7" lk="125">må̄n-alā</sone><sone id="l12_s8" lk="125" meta="vahemärk">.</sone></lause><lause id="l13"><sone id="l13_s1" lk="125" lemma="izānd" tahendus="härra" ingl="mister" liik="S" vorm="sg.nom.">izānd</sone><sone id="l13_s2" lk="125" lemma="tūlda" tahendus="tulla" ingl="come" liik="V" vorm="pers.ind.ipf.sg.3.">tuĺ’</sone><sone id="l13_s3" lk="125" lemma="vȯtšõ" tahendus="otsida" ingl="search" liik="V" vorm="sup.">ve̮tšəm</sone><sone id="l13_s4" lk="125" lemma="un" tahendus="ja" ingl="and" liik="Konj">un</sone><sone id="l13_s5" lk="125" lemma="i’z" tahendus="ei" ingl="not" liik="Mn" vorm="ipf.sg.3.">iz</sone><sone id="l13_s6" lk="125" lemma="lieudõ" tahendus="leida" ingl="find" liik="V" vorm="pers.ind.sg.3.neg.">lieda</sone><sone id="l13_s7" lk="125" lemma="jemīņ" tahendus="enam" ingl="anymore" liik="Adv">je̮mīń</sone><sone id="l13_s8" lk="125" meta="vahemärk">.</sone></lause><lause id="l14"><sone id="l14_s1" lk="125" lemma="izānd" tahendus="härra" ingl="mister" liik="S" vorm="sg.nom.">izānd</sone><sone id="l14_s2" lk="125" lemma="pānda" tahendus="heita" ingl="lie down" liik="V" vorm="pers.ind.ipf.sg.3.">pań’</sone><sone id="l14_s3" lk="125" lemma="ma’ggõ" tahendus="magada" ingl="sleep" liik="V" vorm="sup.">ma’ggəm</sone><sone id="l14_s4" lk="125" meta="vahemärk">.</sone></lause><lause id="l15"><sone id="l15_s1" lk="125" lemma="ikš" tahendus="üks" ingl="one" liik="ProS" vorm="sg.nom.">ikš</sone><sone id="l15_s2" lk="125" lemma="kräpā+kūona" tahendus="kärnkonn" ingl="toad" liik="S" vorm="sg.nom.">kräpā+kuona</sone><sone id="l15_s3" lk="125" lemma="lǟ’dõ" tahendus="minna" ingl="go" liik="V" vorm="pers.ind.ipf.sg.3.">lekš</sone><sone id="l15_s4" lk="125" lemma="un" tahendus="ja" ingl="and" liik="Konj">un</sone><sone id="l15_s5" lk="125" lemma="vie’ddõ" tahendus="tõmmata" ingl="pull" liik="V" vorm="pers.ind.ipf.sg.3.">vⁱedīz</sone><sone id="l15_s6" lk="125" lemma="ikš" tahendus="üks" ingl="one" liik="ProS" vorm="sg.gen.">ī’d</sone><sone id="l15_s7" lk="125" lemma="sǭpkõz" tahendus="saabas" ingl="boot" liik="S" vorm="sg.gen.">så̄pkəz</sone><sone id="l15_s8" lk="125" meta="vahemärk">(</sone><sone id="l15_s9" lk="125" meta="kommentaar">pro</sone><sone id="l15_s10" lk="125" meta="kommentaar">så̄pkə</sone><sone lk="125" keel="eesti" id="l15_s11" meta="vahemärk">?</sone><sone id="l15_s12" lk="125" meta="vahemärk">)</sone><sone id="l15_s13" lk="125" lemma="ulzõ" tahendus="välja" ingl="out" liik="Adv">ulzə</sone><sone id="l15_s14" lk="125" meta="vahemärk">,</sone><sone id="l15_s15" lk="125" lemma="sǭdõ" tahendus="saada" ingl="get" liik="V" vorm="pers.ind.ipf.sg.3.">sai</sone><sone id="l15_s16" lk="125" lemma="pit" tahendus="pütt" ingl="barrel" liik="S" vorm="sg.gen.">pitt</sone><sone id="l15_s17" lk="125" lemma="rǭ’" tahendus="raha" ingl="money" liik="S" vorm="sg.part.">rå̄’də</sone><sone id="l15_s18" lk="125" lemma="un" tahendus="ja" ingl="and" liik="Konj">un</sone><sone id="l15_s19" lk="125" lemma="vie’ddõ" tahendus="tõmmata" ingl="pull" liik="V" vorm="pers.ind.ipf.sg.3.">vⁱedīz</sone><sone id="l15_s20" lk="125" lemma="tuoi" tahendus="teine" ingl="other" liik="ProS" vorm="sg.gen.">tᵘoiz</sone><sone id="l15_s21" lk="125" lemma="sǭpkõz" tahendus="saabas" ingl="boot" liik="S" vorm="sg.gen.">så̄pkəz</sone><sone id="l15_s22" lk="125" lemma="ulzõ" tahendus="välja" ingl="out" liik="Adv">ulzə</sone><sone id="l15_s23" lk="125" lemma="un" tahendus="ja" ingl="and" liik="Konj">un</sone><sone id="l15_s24" lk="125" lemma="sǭdõ" tahendus="saada" ingl="get" liik="V" vorm="pers.ind.ipf.sg.3.">sai</sone><sone id="l15_s25" lk="125" lemma="tuoi" tahendus="teine" ingl="second" liik="Numj" vorm="sg.gen.">tᵘoi</sone><sone id="l15_s26" lk="125" lemma="pit" tahendus="pütt" ingl="barrel" liik="S" vorm="sg.gen.">pitt</sone><sone id="l15_s27" lk="125" lemma="rǭ’" tahendus="raha" ingl="money" liik="S" vorm="sg.part.">rå̄’də</sone><sone id="l15_s28" lk="125" meta="vahemärk">,</sone><sone id="l15_s29" lk="125" lemma="ī’edõ" tahendus="lõigata" ingl="cut" liik="V" vorm="pers.ind.ipf.sg.3.">i’ediz</sone><sone id="l15_s30" lk="125" lemma="ikš" tahendus="üks" ingl="one" liik="ProS" vorm="sg.gen.">ī’d</sone><sone id="l15_s31" lk="125" lemma="a’m" tahendus="kuub" ingl="coat" liik="S" vorm="sg.gen.">am’</sone><sone id="l15_s32" lk="125" lemma="ȭlma" tahendus="hõlm" ingl="hem" liik="S" vorm="sg.gen.">ī̮lma</sone><sone id="l15_s33" lk="125" lemma="jarā" tahendus="ära" ingl="off" liik="Adva" vorm="pers.ind.ipf.sg.3.">je̮rā</sone><sone id="l15_s34" lk="125" meta="vahemärk">,</sone><sone id="l15_s35" lk="125" lemma="sǭdõ" tahendus="saada" ingl="get" liik="V" vorm="pers.ind.ipf.sg.3.">sai</sone><sone id="l15_s36" lk="125" meta="vahemärk">[</sone><sone id="l15_s37" lk="125" lemma="kuolmõz" tahendus="kolmas" ingl="third" liik="Numj" vorm="sg.gen.">kᵘolmənd</sone><sone id="l15_s38" lk="125" meta="vahemärk"> &gt;</sone><sone id="l15_s39" lk="125" meta="vahemärk">]</sone><sone id="l15_s40" lk="125" lemma="kuolmõz" tahendus="kolmas" ingl="third" liik="Numj" vorm="sg.gen.">kᵘolməz</sone><sone id="l15_s41" lk="125" lemma="pit" tahendus="pütt" ingl="barrel" liik="S" vorm="sg.part." kommentaar="?">pittə</sone><sone id="l15_s42" lk="125" lemma="rǭ’" tahendus="raha" ingl="money" liik="S" vorm="sg.part.">rå̄’də</sone><sone id="l15_s43" lk="125" meta="vahemärk">,</sone><sone id="l15_s44" lk="125" lemma="ī’edõ" tahendus="lõigata" ingl="cut" liik="V" vorm="pers.ind.ipf.sg.3.">i’ediz</sone><sone id="l15_s45" lk="125" lemma="tuoi" tahendus="teine" ingl="other" liik="ProS" vorm="sg.gen.">tᵘoiz</sone><sone id="l15_s46" lk="125" lemma="a’m" tahendus="kuub" ingl="coat" liik="S" vorm="sg.gen." kommentaar="?">am’mə</sone><sone id="l15_s47" lk="125" lemma="ȭlma" tahendus="hõlm" ingl="hem" liik="S" vorm="sg.gen.">ī̮lma</sone><sone id="l15_s48" lk="125" lemma="jarā" tahendus="ära" ingl="off" liik="Adva">je̮rā</sone><sone id="l15_s49" lk="125" meta="vahemärk">,</sone><sone id="l15_s50" lk="125" lemma="sǭdõ" tahendus="saada" ingl="get" liik="V" vorm="pers.ind.ipf.sg.3.">sai</sone><sone id="l15_s51" lk="125" lemma="neļļõz" tahendus="neljas" ingl="fourth" liik="Numj" vorm="sg.gen.">neĺĺəz</sone><sone id="l15_s52" lk="125" lemma="pit" tahendus="pütt" ingl="barrel" liik="S" vorm="sg.gen.">pitt</sone><sone id="l15_s53" lk="125" lemma="rǭ’" tahendus="raha" ingl="money" liik="S" vorm="sg.part.">rå̄’də</sone><sone id="l15_s54" lk="125" meta="vahemärk">.</sone></lause><lause id="l16"><sone id="l16_s1" lk="125" lemma="ne" tahendus="nemad" ingl="they" liik="ProS" vorm="pl.nom.">ne</sone><sone id="l16_s2" lk="125" lemma="vīdõ" tahendus="viia" ingl="take" liik="V" vorm="pers.ind.ipf.pl.3.">vīšt</sone><sone id="l16_s3" lk="125" lemma="se" tahendus="see" ingl="this" liik="ProS" vorm="sg.gen.">sie</sone><sone id="l16_s4" lk="125" lemma="rǭ’" tahendus="raha" ingl="money" liik="S" vorm="sg.gen.">rå̄’</sone><sone id="l16_s5" lk="125" lemma="kuodāj" tahendus="koju" ingl="home" liik="Adv">kᵘodāi</sone><sone id="l16_s6" lk="125" meta="vahemärk">,</sone><sone id="l16_s7" lk="125" lemma="pānda" tahendus="panna" ingl="put" liik="V" vorm="pers.ind.ipf.pl.3.">pań’t́</sone><sone id="l16_s8" lk="125" lemma="sigād+taļ" tahendus="sealaut" ingl="pigsty" liik="S" vorm="sg.ill.">sigād+taĺĺə</sone><sone id="l16_s9" lk="125" lemma="un" tahendus="ja" ingl="and" liik="Konj">un</sone><sone id="l16_s10" lk="125" lemma="lǟ’dõ" tahendus="minna" ingl="go" liik="V" vorm="pers.ind.ipf.pl.3.">lekšt</sone><sone id="l16_s11" lk="125" lemma="ki’zzõ" tahendus="küsida" ingl="ask" liik="V" vorm="sup.">ki’zzəm</sone><sone id="l16_s12" lk="125" meta="vahemärk">,</sone><sone id="l16_s13" lk="125" lemma="la’z" tahendus="las" ingl="let" liik="ModAdv">laz</sone><sone id="l16_s14" lk="125" lemma="izā" tahendus="isa" ingl="father" liik="S" vorm="sg.nom.">izā</sone><sone id="l16_s15" lk="125" lemma="andõ" tahendus="anda" ingl="give" liik="V" vorm="pers.jus.pr.sg.3.">āndag</sone><sone id="l16_s16" lk="125" lemma="ikš" tahendus="üks" ingl="one" liik="ProS" vorm="sg.gen.">ī’d</sone><sone id="l16_s17" lk="125" lemma="sīek" tahendus="külimit" liik="S" vorm="sg.gen.">si’ek</sone><sone id="l16_s18" lk="125" lemma="un" tahendus="ja" ingl="and" liik="Konj">un</sone><sone id="l16_s19" lk="125" lemma="jemā" tahendus="ema" ingl="mother" liik="S" vorm="sg.nom.">je̮mā</sone><sone id="l16_s20" lk="125" lemma="kiļm" tahendus="külimit" liik="S" vorm="sg.gen.">kiĺm</sone><sone id="l16_s21" lk="125" meta="vahemärk">.</sone></lause><lause id="l17"><sone id="l17_s1" lk="125" lemma="andõ" tahendus="anda" ingl="give" liik="V" vorm="pers.ind.ipf.pl.3.">āndist</sone><sone id="l17_s2" lk="125" lemma="izā" tahendus="isa" ingl="father" liik="S" vorm="sg.dat.">izān</sone><sone id="l17_s3" lk="125" lemma="ikš" tahendus="üks" ingl="one" liik="ProS" vorm="sg.gen.">ī’d</sone><sone id="l17_s4" lk="125" lemma="sīek" tahendus="külimit" liik="S" vorm="sg.gen.">si’ek</sone><sone id="l17_s5" lk="125" lemma="rǭ’" tahendus="raha" ingl="money" liik="S" vorm="sg.part.">rå̄’də</sone><sone id="l17_s6" lk="125" lemma="un" tahendus="ja" ingl="and" liik="Konj">un</sone><sone id="l17_s7" lk="125" lemma="jemā" tahendus="ema" ingl="mother" liik="S" vorm="sg.dat.">je̮mān</sone><sone id="l17_s8" lk="125" lemma="kiļm" tahendus="külimit" liik="S" vorm="sg.gen.">kiĺm</sone><sone id="l17_s9" lk="125" lemma="rǭ’" tahendus="raha" ingl="money" liik="S" vorm="sg.part.">rå̄’də</sone><sone id="l17_s10" lk="125" meta="vahemärk">.</sone></lause><lause id="l18"><sone id="l18_s1" lk="125" lemma="sīestõ" tahendus="seepärast" ingl="because of that" liik="Adv">siest</sone><sone id="l18_s2" lk="125" lemma="ne" tahendus="nemad" ingl="they" liik="ProS" vorm="pl.nom.">ne</sone><sone id="l18_s3" lk="125" lemma="andõ" tahendus="anda" ingl="give" liik="V" vorm="pers.ind.ipf.pl.3.">āndist</sone><sone id="l18_s4" lk="125" lemma="izā" tahendus="isa" ingl="father" liik="S" vorm="sg.dat.">izān</sone><sone id="l18_s5" lk="125" meta="vahemärk">[</sone><sone id="l18_s6" lk="125" lemma="jemīņ" tahendus="rohkem" ingl="more" liik="Adv">je̮mīń</sone><sone id="l18_s7" lk="125" meta="vahemärk"> &gt;</sone><sone id="l18_s8" lk="125" meta="vahemärk">]</sone><sone id="l18_s9" lk="125" lemma="jemīņ" tahendus="rohkem" ingl="more" liik="Adv">e̮mīń</sone><sone id="l18_s10" lk="125" meta="vahemärk">,</sone><sone id="l18_s11" lk="125" lemma="ku" tahendus="et" ingl="that" liik="Konj">ku</sone><sone id="l18_s12" lk="125" lemma="izā" tahendus="isa" ingl="father" liik="S" vorm="sg.nom.">izā</sone><sone id="l18_s13" lk="125" lemma="ne" tahendus="nemad" ingl="they" liik="ProS" vorm="pl.part.">nēd́i</sone><sone id="l18_s14" lk="125" lemma="zǟlõ" tahendus="haletseda" ingl="feel sorry for" liik="V" vorm="pers.ind.ipf.sg.3.">zǟliz</sone><sone id="l18_s15" lk="125" lemma="un" tahendus="ja" ingl="and" liik="Konj">un</sone><sone id="l18_s16" lk="125" lemma="jemā" tahendus="ema" ingl="mother" liik="S" vorm="sg.dat.">je̮mān</sone><sone id="l18_s17" lk="125">jo</sone><sone id="l18_s18" lk="125" lemma="veitõ" tahendus="vähe" ingl="little" liik="Adv">veitə</sone><sone id="l18_s19" lk="125" lemma="sīestõ" tahendus="seepärast" ingl="because of that" liik="Adv">siest</sone><sone id="l18_s20" lk="125" meta="vahemärk">,</sone><sone id="l18_s21" lk="125" lemma="ku" tahendus="et" ingl="that" liik="Konj">ku</sone><sone id="l18_s22" lk="125" lemma="jemā" tahendus="ema" ingl="mother" liik="S" vorm="sg.nom.">je̮mā</sone><sone id="l18_s23" lk="125" lemma="nuttõ" tahendus="kutsuda" ingl="call" liik="V" vorm="pers.ind.ipf.sg.3.">nutīz</sone><sone id="l18_s24" lk="125" lemma="ne" tahendus="nemad" ingl="they" liik="ProS" vorm="pl.part.">nēd́i</sone><sone id="l18_s25" lk="125" lemma="pa" tahendus="millekski, kellekski" ingl="as" liik="Pre">pa</sone><sone id="l18_s26" lk="125" lemma="kräpā+kūona" tahendus="kärnkonn" ingl="toad" liik="S" vorm="pl.tr.">kräpā+kuonadəks</sone><sone id="l18_s27" lk="125" lemma="un" tahendus="ja" ingl="and" liik="Konj">un</sone><sone id="l18_s28" lk="125" lemma="a’jjõ" tahendus="ajada" ingl="drive" liik="V" vorm="pers.ind.ipf.sg.3.">ajīz</sone><sone id="l18_s29" lk="125" lemma="ne" tahendus="nemad" ingl="they" liik="ProS" vorm="pl.gen.">nänt</sone><sone id="l18_s30" lk="125" lemma="mõtsā" tahendus="mets" ingl="forest" liik="S" vorm="sg.ill.">mi̮tsə</sone><sone id="l18_s31" lk="125" meta="vahemärk">.</sone></lause></sisu>
</liivike>
