<?xml version="1.0" encoding="UTF-8"?>
<?xml-stylesheet type="text/xsl" href="liivike_tekst.xsl"?>
<liivike>
	<info><tyyp>kirjalik</tyyp><teema>Satuja 20</teema><keel>liivi</keel><murre>idaliivi</murre><kirjaviis>foneetiline transkriptsioon</kirjaviis><kyla longituud="22.588" latituud="57.744">Kuolka</kyla><teos pealkiri="Näytteitä liivin kielestä" aasta="1953" koht="Helsinki">E. N. Setälä</teos><keelejuht id="DT" haridus="" synniaasta="" synnikoht="" vanus="" sugu="M">Diedrich Trott</keelejuht></info><sisu id="Set_Sat_20">
		<lause id="l1">
			<sone id="l1_s1" lk="126" lemma="ikš" tahendus="üks" ingl="one" liik="ProS" vorm="sg.nom.">ikš</sone>
			<sone id="l1_s2" lk="126" lemma="kõrd" tahendus="kord" ingl="time" liik="Adv">ki̮rd</sone><sone id="l1_s3" lk="126" lemma="vȱlda" tahendus="olla" ingl="be" liik="Va" vorm="pers.ind.pr.sg.3.">um’</sone><sone id="l1_s4" lk="126" lemma="vȱlda" tahendus="olla" ingl="be" liik="V" vorm="nud.sg.">ve̮nd</sone><sone id="l1_s5" lk="126" lemma="ikš" tahendus="üks" ingl="one" liik="ProS" vorm="sg.nom.">ikš</sone><sone id="l1_s6" lk="126" lemma="reiznikā" tahendus="reisiline" ingl="traveler" liik="S" vorm="sg.nom.">reiznikā</sone><sone id="l1_s7" lk="126" meta="vahemärk">.</sone></lause>
		<lause id="l2"><sone id="l2_s1" lk="126" lemma="tämā" tahendus="tema" ingl="he, she" liik="ProS" vorm="sg.nom.">ta</sone><sone lk="126" keel="eesti" id="l2_s2" meta="vahemärk">=</sone><sone lk="126" keel="eesti" id="l2_s3" lemma="vȱlda" tahendus="olla" ingl="be" liik="Va" vorm="pers.ind.pr.sg.3.">m’</sone><sone id="l2_s4" lk="126" lemma="reizõ" tahendus="reisida" ingl="travel" liik="V" vorm="nud.sg.">reizən</sone><sone id="l2_s5" lk="126" lemma="un" tahendus="ja" ingl="and" liik="Konj">un</sone><sone id="l2_s6" lk="126" lemma="tūlda" tahendus="tulla" ingl="come" liik="V" vorm="nud.sg.">tund</sone><sone id="l2_s7" lk="126" lemma="ȭ’dõg" tahendus="õhtu" ingl="evening" liik="S" vorm="sg.nom.">ī̮’dəg</sone><sone id="l2_s8" lk="126" lemma="pǟl" tahendus="peale" ingl="on" liik="Adva">pǟl</sone><sone id="l2_s9" lk="126" meta="vahemärk">,</sone><sone id="l2_s10" lk="126" lemma="un" tahendus="ja" ingl="and" liik="Konj">un</sone><sone id="l2_s11" lk="126" lemma="si’z" tahendus="siis" ingl="then" liik="ProAdv">siz</sone><sone id="l2_s12" lk="126" lemma="tämā" tahendus="tema" ingl="he, she" liik="ProS" vorm="sg.nom.">ta</sone><sone id="l2_s13" lk="126" lemma="lǟ’dõ" tahendus="minna" ingl="go" liik="V" vorm="nud.sg.">lǟ’nd</sone><sone id="l2_s14" lk="126" lemma="sillõ" tahendus="sisse" ingl="inside" liik="Adv">sil’lə</sone><sone id="l2_s15" lk="126" lemma="ikš" tahendus="üks" ingl="one" liik="ProS" vorm="sg.ill.">ī’də</sone><sone id="l2_s16" lk="126" lemma="kǭrand" tahendus="talu" ingl="farm" liik="S" vorm="sg.ill.">kå̄rand</sone><sone id="l2_s17" lk="126" meta="vahemärk">.</sone></lause><lause id="l3"><sone id="l3_s1" lk="126" lemma="un" tahendus="ja" ingl="and" liik="Konj">un</sone><sone id="l3_s2" lk="126" lemma="tämā" tahendus="tema" ingl="he, she" liik="ProS" vorm="sg.nom.">ta</sone><sone id="l3_s3" lk="126" lemma="vȱlda" tahendus="olla" ingl="be" liik="Va" vorm="pers.ind.pr.sg.3.">um’</sone><sone id="l3_s4" lk="126" lemma="pallõ" tahendus="paluda" ingl="ask" liik="V" vorm="nud.sg.">pallən</sone><sone id="l3_s5" lk="126" lemma="īe+mǭj" tahendus="öömaja" ingl="lodging" liik="S" vorm="sg.part." kommentaar="?">ie+må̄j</sone><sone id="l3_s6" lk="126" lemma="un" tahendus="ja" ingl="and" liik="Konj">un</sone><sone id="l3_s7" lk="126" lemma="se" tahendus="see" ingl="this" liik="ProS" vorm="sg.nom.">se</sone><sone id="l3_s8" lk="126" lemma="perī+mīez" tahendus="peremees" ingl="master of the house" liik="S" vorm="sg.nom.">perī+miez</sone><sone id="l3_s9" lk="126" lemma="kītõ" tahendus="öelda" ingl="say" liik="V" vorm="pers.ind.ipf.sg.3.">kītiz</sone><sone id="l3_s10" lk="126" lemma="tämā" tahendus="tema" ingl="he, she" liik="ProS" vorm="sg.dat.">täm’mən</sone><sone id="l3_s11" lk="126" lemma="ku" tahendus="et" ingl="that" liik="Konj">ku</sone><sone id="l3_s12" lk="126" lemma="tämā" tahendus="see" ingl="this" liik="ProS" vorm="sg.gen.">täm’</sone><sone id="l3_s13" lk="126" lemma="ȭ’dõn" tahendus="õhtul" ingl="evening" liik="Adv">ī̮’dən</sone><sone id="l3_s14" lk="126" lemma="īe+mǭj" tahendus="öömaja" ingl="lodging" liik="S" vorm="sg.part.">ie+må̄jə</sone><sone id="l3_s15" lk="126" lemma="sinā" tahendus="sina" ingl="you" liik="ProS" vorm="sg.nom.">sa</sone><sone id="l3_s16" lk="126" lemma="ä’b" tahendus="ei" ingl="not" liik="Mn" vorm="pr.sg.2.">äd</sone><sone id="l3_s17" lk="126" lemma="sǭdõ" tahendus="saada" ingl="get" liik="V" vorm="pers.ind.sg.2.neg.">så̄</sone><sone id="l3_s18" lk="126" lemma="mittõ" tahendus="mitte" ingl="not" liik="Mn">mittə</sone><sone id="l3_s19" lk="126" lemma="kuskis" tahendus="kuskil" ingl="somewhere" liik="Adv">kuskis</sone><sone id="l3_s20" lk="126" lemma="un" tahendus="ja" ingl="and" liik="Konj">un</sone><sone id="l3_s21" lk="126" lemma="ä’b" tahendus="ei" ingl="not" liik="Mn" vorm="pr.sg.3.">äb</sone><sone id="l3_s22" lk="126" lemma="vȱlda" tahendus="olla" ingl="be" liik="Va" vorm="pers.ind.sg.3.neg.">uo</sone><sone id="l3_s23" lk="126" lemma="vēļõ" tahendus="lubada" ingl="let" liik="V" vorm="nud.sg.">vēĺən</sone><sone id="l3_s24" lk="126" lemma="tämā" tahendus="tema" ingl="he, she" liik="ProS" vorm="sg.gen.">täm’</sone><sone id="l3_s25" lk="126" lemma="sǟ’l" tahendus="seal" ingl="there" liik="ProAdv">sǟ’l</sone><sone id="l3_s26" lk="126" lemma="magātõ" tahendus="magada" ingl="sleep" liik="V" vorm="inf.">magāt</sone><sone id="l3_s27" lk="126" meta="vahemärk">.</sone></lause><lause id="l4"><sone id="l4_s1" lk="126" lemma="ku" tahendus="kui" ingl="when" liik="Konj">ku</sone><sone id="l4_s2" lk="126" lemma="ni" tahendus="nüüd" ingl="now" liik="Adv">ni</sone><sone id="l4_s3" lk="126" lemma="ä’b" tahendus="ei" ingl="not" liik="Mn" vorm="pr.sg.3.">äb</sone><sone id="l4_s4" lk="126" lemma="vȱlda" tahendus="olla" ingl="be" liik="Va" vorm="pers.ind.sg.3.neg.">uo</sone><sone id="l4_s5" lk="126" lemma="vēļõ" tahendus="lubada" ingl="let" liik="V" vorm="nud.sg.">vēĺən</sone><sone id="l4_s6" lk="126" lemma="si’z" tahendus="siis" ingl="then" liik="ProAdv">siz</sone><sone id="l4_s7" lk="126" lemma="tämā" tahendus="tema" ingl="he, she" liik="ProS" vorm="sg.nom.">ta</sone><sone lk="126" keel="eesti" id="l4_s8" meta="vahemärk">=</sone><sone lk="126" keel="eesti" id="l4_s9" lemma="vȱlda" tahendus="olla" ingl="be" liik="Va" vorm="pers.ind.pr.sg.3.">m’</sone><sone id="l4_s10" lk="126" lemma="lǟ’dõ" tahendus="minna" ingl="go" liik="V" vorm="nud.sg.">lǟ’nd</sone><sone id="l4_s11" lk="126" lemma="je’ds+pēḑõn" tahendus="ära" ingl="away" liik="Adva">je̮’dspēd́ən</sone><sone id="l4_s12" lk="126" lemma="un" tahendus="ja" ingl="and" liik="Konj">un</sone><sone id="l4_s13" lk="126" lemma="se" tahendus="see" ingl="this" liik="ProS" vorm="sg.nom.">se</sone><sone id="l4_s14" lk="126" lemma="vȱlda" tahendus="olla" ingl="be" liik="V" vorm="pers.ind.ipf.sg.3.">ve̮ĺ’</sone><sone id="l4_s15" lk="126" lemma="ikš" tahendus="üks" ingl="one" liik="ProS" vorm="sg.gen.">ī’d</sone><sone id="l4_s16" lk="126" lemma="pūol+pǟva" tahendus="laupäev" ingl="Saturday" liik="S" vorm="sg.gen.">puol+pǟva</sone><sone id="l4_s17" lk="126" lemma="ȭ’dõn" tahendus="õhtul" ingl="evening" liik="Adv">ī̮’dən</sone><sone id="l4_s18" lk="126" meta="vahemärk">.</sone></lause><lause id="l5"><sone id="l5_s1" lk="126" lemma="ni" tahendus="nüüd" ingl="now" liik="Adv">ni</sone><sone id="l5_s2" lk="126" lemma="tämā" tahendus="tema" ingl="he, she" liik="ProS" vorm="sg.dat.">täm’mən</sone><sone id="l5_s3" lk="126" lemma="tūlda" tahendus="tulla" ingl="come" liik="V" vorm="nud.sg.">tund</sone><sone id="l5_s4" lk="126" lemma="mīelõ" tahendus="meelde" liik="Adva">mielə</sone><sone id="l5_s5" lk="126" meta="vahemärk">,</sone><sone id="l5_s6" lk="126" lemma="ku" tahendus="et" ingl="that" liik="Konj">ku</sone><sone id="l5_s7" lk="126" lemma="tämā" tahendus="see" ingl="this" liik="ProS" vorm="sg.gen.">täm’</sone><sone id="l5_s8" lk="126" lemma="ȭ’dõn" tahendus="õhtul" ingl="evening" liik="Adv">ī̮’dən</sone><sone id="l5_s9" lk="126" lemma="vȱlda" tahendus="olla" ingl="be" liik="V" vorm="pers.ind.pr.sg.3.">um’</sone><sone id="l5_s10" lk="126" lemma="sōna" tahendus="saun" ingl="sauna" liik="S" vorm="sg.nom.">sōna</sone><sone id="l5_s11" lk="126" meta="vahemärk">.</sone></lause><lause id="l6"><sone id="l6_s1" lk="126" lemma="tämā" tahendus="tema" ingl="he, she" liik="ProS" vorm="sg.nom.">ta</sone><sone id="l6_s2" lk="126" lemma="mõtlõ" tahendus="mõelda" ingl="think" liik="V" vorm="nud.sg.">mi̮tlən</sone><sone id="l6_s3" lk="126" lemma="vȱlda" tahendus="olla" ingl="be" liik="Va" vorm="pers.ind.pr.sg.3.">um’</sone><sone id="l6_s4" lk="126" lemma="lǟ’dõ" tahendus="minna" ingl="go" liik="V" vorm="deb.">lǟ’məst</sone><sone id="l6_s5" lk="126" lemma="sōna" tahendus="saun" ingl="sauna" liik="S" vorm="sg.ill.">sounə</sone><sone id="l6_s6" lk="126" meta="vahemärk">[</sone><sone id="l6_s7" lk="126" lemma="sōna" tahendus="saun" ingl="sauna" liik="S" vorm="sg.ill.">saunə</sone><sone lk="126" keel="eesti" id="l6_s8" meta="vahemärk">]</sone><sone id="l6_s9" lk="126" meta="vahemärk">,</sone><sone id="l6_s10" lk="126" lemma="tämā" tahendus="tema" ingl="he, she" liik="ProS" vorm="sg.nom.">ta</sone><sone id="l6_s11" lk="126" lemma="mõtlõ" tahendus="mõelda" ingl="think" liik="V" vorm="nud.sg.">mi̮tlən</sone><sone id="l6_s12" lk="126" lemma="ku" tahendus="et" ingl="that" liik="Konj">ku</sone><sone id="l6_s13" lk="126" lemma="ni" tahendus="nüüd" ingl="now" liik="Adv">ni</sone><sone id="l6_s14" lk="126" lemma="amād" tahendus="kõik" ingl="everybody" liik="ProS" vorm="pl.nom.">amād</sone><sone id="l6_s15" lk="126" lemma="vȱlda" tahendus="olla" ingl="be" liik="Va" vorm="pers.ind.pr.pl.3.">a’dt</sone><sone id="l6_s16" lk="126">nu’o+pⁱe’zzənd</sone><sone id="l6_s17" lk="126" meta="vahemärk">.</sone></lause><lause id="l7"><sone id="l7_s1" lk="126" lemma="tämā" tahendus="tema" ingl="he, she" liik="ProS" vorm="sg.nom.">ta</sone><sone lk="126" keel="eesti" id="l7_s2" meta="vahemärk">=</sone><sone lk="126" keel="eesti" id="l7_s3" lemma="vȱlda" tahendus="olla" ingl="be" liik="Va" vorm="pers.ind.pr.sg.3.">m’</sone><sone id="l7_s4" lk="126" lemma="lǟ’dõ" tahendus="minna" ingl="go" liik="V" vorm="nud.sg.">lǟ’nd</sone><sone id="l7_s5" lk="126" lemma="sōna" tahendus="saun" ingl="sauna" liik="S" vorm="sg.ill.">sounə</sone><sone id="l7_s6" lk="126" lemma="un" tahendus="ja" ingl="and" liik="Konj">un</sone><sone id="l7_s7" lk="126" lemma="pu’ggõ" tahendus="pugeda" ingl="creep" liik="V" vorm="nud.sg.">pu’ggən</sone><sone id="l7_s8" lk="126" lemma="ǭ’j" tahendus="ahi" ingl="furnace" liik="S" vorm="sg.gen.">å̄’i</sone><sone id="l7_s9" lk="126" lemma="tagān" tahendus="taha" ingl="behind" liik="Post">tagān</sone><sone id="l7_s10" lk="126" meta="vahemärk">.</sone></lause><lause id="l8"><sone id="l8_s1" lk="126" lemma="tämā" tahendus="tema" ingl="he, she" liik="ProS" vorm="sg.nom.">ta</sone><sone id="l8_s2" lk="126" lemma="mõtlõ" tahendus="mõelda" ingl="think" liik="V" vorm="nud.sg.">mi̮tlən</sone><sone id="l8_s3" lk="126" meta="vahemärk">,</sone><sone id="l8_s4" lk="126" lemma="ku" tahendus="et" ingl="that" liik="Konj">ku</sone><sone id="l8_s5" lk="126" lemma="ä’b" tahendus="ei" ingl="not" liik="Mn" vorm="pr.sg.3.">äb</sone><sone id="l8_s6" lk="126" lemma="tūlda" tahendus="tulla" ingl="come" liik="V" vorm="pers.ind.sg.3.neg.">tul’</sone><sone id="l8_s7" lk="126" lemma="ve’l" tahendus="veel" ingl="more" liik="ModAdv">vel</sone><sone id="l8_s8" lk="126" lemma="mingi" tahendus="keegi" ingl="someone" liik="ProS" vorm="sg.nom.">miŋgi</sone><sone id="l8_s9" lk="126" lemma="sōna" tahendus="saun" ingl="sauna" liik="S" vorm="sg.ill.">sounə</sone><sone id="l8_s10" lk="126" lemma="perīzõks" tahendus="lõpuks" ingl="lastly" liik="Adv">perīzəks</sone><sone id="l8_s11" lk="126" meta="vahemärk">.</sone></lause><lause id="l9"><sone id="l9_s1" lk="126" lemma="seļļi" tahendus="selline" ingl="this kind of" liik="ProA" vorm="sg.gen.">seĺĺiz</sone><sone id="l9_s2" lk="126" lemma="rǭz" tahendus="raas" ingl="a little bit" liik="Adv">rå̄z</sone><sone id="l9_s3" lk="126" lemma="āiga" tahendus="aeg" ingl="time" liik="S" vorm="sg.gen.">āiga</sone><sone id="l9_s4" lk="126" lemma="pie’rrõ" tahendus="pärast" ingl="after" liik="Post">pⁱer’r</sone><sone id="l9_s5" lk="126" lemma="tämā" tahendus="tema" ingl="he, she" liik="ProS" vorm="sg.nom.">ta</sone><sone id="l9_s6" lk="126" lemma="kūlõ" tahendus="kuulda" ingl="hear" liik="V" vorm="nud.sg.">kūlən</sone><sone id="l9_s7" lk="126" meta="vahemärk">,</sone><sone id="l9_s8" lk="126" lemma="ku" tahendus="et" ingl="that" liik="Konj">ku</sone><sone id="l9_s9" lk="126" lemma="tūlda" tahendus="tulla" ingl="come" liik="V" vorm="nud.sg.">tund</sone><sone id="l9_s10" lk="126" lemma="seļļi" tahendus="selline" ingl="this kind of" liik="ProA" vorm="sg.nom.">seĺĺi</sone><sone id="l9_s11" lk="126" lemma="märā" tahendus="lärm" ingl="noise" liik="S" vorm="sg.nom.">märā</sone><sone id="l9_s12" lk="126" meta="vahemärk">,</sone><sone id="l9_s13" lk="126" lemma="tūlda" tahendus="tulla" ingl="come" liik="V" vorm="nud.sg.">tund</sone><sone id="l9_s14" lk="126" lemma="nai" tahendus="naine" ingl="wife" liik="S" vorm="pl.nom.">naist</sone><sone id="l9_s15" lk="126" lemma="un" tahendus="ja" ingl="and" liik="Konj">un</sone><sone id="l9_s16" lk="126" lemma="läpš" tahendus="laps" ingl="child" liik="S" vorm="pl.nom.">lapst</sone><sone id="l9_s17" lk="126" meta="vahemärk">,</sone><sone id="l9_s18" lk="126" lemma="piški" tahendus="väike" ingl="small" liik="A" vorm="pl.nom.">piškist</sone><sone id="l9_s19" lk="126" meta="vahemärk">,</sone><sone id="l9_s20" lk="126" lemma="sūr" tahendus="suur" ingl="big" liik="A" vorm="pl.nom.">sūrd</sone><sone id="l9_s21" lk="126" lemma="un" tahendus="ja" ingl="and" liik="Konj">un</sone><sone id="l9_s22" lk="126" lemma="ikš" tahendus="üks" ingl="one" liik="ProS" vorm="sg.dat.">ī’dən</sone><sone id="l9_s23" lk="126" lemma="vȱlda" tahendus="olla" ingl="be" liik="Va" vorm="pers.ind.pr.sg.3.">um’</sone><sone id="l9_s24" lk="126" lemma="vȱlda" tahendus="olla" ingl="be" liik="V" vorm="nud.sg.">ve̮nd</sone><sone id="l9_s25" lk="126" lemma="ikš" tahendus="üks" ingl="one" liik="ProS" vorm="sg.nom.">ikš</sone><sone id="l9_s26" lk="126" lemma="piški" tahendus="väike" ingl="small" liik="A" vorm="sg.nom.">piški</sone><sone id="l9_s27" lk="126" lemma="läpš" tahendus="laps" ingl="child" liik="S" vorm="sg.nom.">läpš</sone><sone id="l9_s28" lk="126" meta="vahemärk">,</sone><sone id="l9_s29" lk="126" lemma="kis" tahendus="kes" ingl="who" liik="Intr" vorm="sg.nom.">kis</sone><sone id="l9_s30" lk="126" lemma="e’žmi" tahendus="esimene" ingl="first" liik="Numj" vorm="sg.part.">eⁱ’žmist</sone><sone id="l9_s31" lk="126" lemma="kõrd" tahendus="kord" ingl="time" liik="Adv">ki̮rd</sone><sone id="l9_s32" lk="126" lemma="vȱlda" tahendus="olla" ingl="be" liik="Va" vorm="pers.ind.pr.sg.3.">um’</sone><sone id="l9_s33" lk="126" lemma="sǭdõ" tahendus="saada" ingl="get" liik="V" vorm="nud.sg.">så̄nd</sone><sone id="l9_s34" lk="126" lemma="pie’zzõ" tahendus="pesta" ingl="wash" liik="V" vorm="tud.">pⁱe’stəd</sone><sone id="l9_s35" lk="126" meta="vahemärk">[</sone><sone id="l9_s36" lk="126" lemma="pie’zzõ" tahendus="pesta" ingl="wash" liik="V" vorm="tud.">pⁱe’stət</sone><sone lk="126" keel="eesti" id="l9_s37" meta="vahemärk">]</sone><sone id="l9_s38" lk="126" meta="vahemärk">.</sone></lause><lause id="l10"><sone id="l10_s1" lk="126" lemma="un" tahendus="ja" ingl="and" liik="Konj">un</sone><sone id="l10_s2" lk="126" lemma="ni" tahendus="nüüd" ingl="now" liik="Adv">ni</sone><sone id="l10_s3" lk="126" lemma="se" tahendus="see" ingl="this" liik="ProS" vorm="sg.nom.">se</sone><sone id="l10_s4" lk="126">van</sone><sone id="l10_s5" lk="126">ǟma</sone><sone id="l10_s6" lk="126" lemma="vȱlda" tahendus="olla" ingl="be" liik="Va" vorm="pers.ind.pr.sg.3.">um’</sone><sone id="l10_s7" lk="126" lemma="pie’zzõ" tahendus="pesta" ingl="wash" liik="V" vorm="nud.sg.">pⁱe’zzən</sone><sone id="l10_s8" lk="126" lemma="se" tahendus="see" ingl="this" liik="ProS" vorm="sg.part.">sⁱedā</sone><sone id="l10_s9" lk="126" lemma="läpš" tahendus="laps" ingl="child" liik="S" vorm="sg.part.">lapstā</sone><sone id="l10_s10" lk="126" meta="vahemärk">.</sone></lause><lause id="l11"><sone id="l11_s1" lk="126" lemma="un" tahendus="ja" ingl="and" liik="Konj">un</sone><sone id="l11_s2" lk="126" lemma="si’z" tahendus="siis" ingl="then" liik="ProAdv">siz</sone><sone id="l11_s3" lk="126" lemma="tämā" tahendus="tema" ingl="he, she" liik="ProS" vorm="sg.nom.">ta</sone><sone lk="126" keel="eesti" id="l11_s4" meta="vahemärk">=</sone><sone lk="126" keel="eesti" id="l11_s5" lemma="vȱlda" tahendus="olla" ingl="be" liik="Va" vorm="pers.ind.pr.sg.3.">m’</sone><sone id="l11_s6" lk="126" lemma="võttõ" tahendus="võtta" ingl="take" liik="V" vorm="nud.sg.">vi̮ttən</sone><sone id="l11_s7" lk="126" lemma="ǭ’j" tahendus="ahi" ingl="furnace" liik="S" vorm="sg.gen.">å̄’i</sone><sone id="l11_s8" lk="126" lemma="pǟldõ" tahendus="pealt" ingl="from the top" liik="Post">pǟld</sone><sone id="l11_s9" lk="126" lemma="ikš" tahendus="üks" ingl="one" liik="ProS" vorm="sg.gen.">ī’d</sone><sone id="l11_s10" lk="126" lemma="ki’v" tahendus="kivi" ingl="stone" liik="S" vorm="sg.gen.">kiv’</sone><sone id="l11_s11" lk="126" lemma="ne’i" tahendus="nii" ingl="so" liik="ProAdv">nei’</sone><sone id="l11_s12" lk="126" lemma="sūr" tahendus="suur" ingl="big" liik="A" vorm="sg.gen.">sūr</sone><sone id="l11_s13" lk="126" lemma="neka" tahendus="nagu" ingl="like" liik="Konj">neka</sone><sone id="l11_s14" lk="126" lemma="dū’r" tahendus="rusikas" ingl="fist" liik="S" vorm="sg.nom.">dū’r</sone><sone id="l11_s15" lk="126" meta="vahemärk">.</sone></lause><lause id="l12"><sone id="l12_s1" lk="126" lemma="tämā" tahendus="tema" ingl="he, she" liik="ProS" vorm="sg.nom.">ta</sone><sone lk="126" keel="eesti" id="l12_s2" meta="vahemärk">=</sone><sone lk="126" keel="eesti" id="l12_s3" lemma="vȱlda" tahendus="olla" ingl="be" liik="Va" vorm="pers.ind.pr.sg.3.">m’</sone><sone id="l12_s4" lk="126" lemma="pānda" tahendus="panna" ingl="put" liik="V" vorm="nud.sg.">pand</sone><sone id="l12_s5" lk="126" lemma="se" tahendus="see" ingl="this" liik="ProS" vorm="sg.gen.">sie</sone><sone id="l12_s6" lk="126" lemma="läpš" tahendus="laps" ingl="child" liik="S" vorm="sg.dat.">lapsən</sone><sone id="l12_s7" lk="126" lemma="i’ļ" tahendus="kohale" ingl="over" liik="Pre">iĺ’</sone><sone id="l12_s8" lk="126" lemma="pǟ" tahendus="pea" ingl="head" liik="S" vorm="sg.gen.">pǟ</sone><sone id="l12_s9" lk="126" lemma="un" tahendus="ja" ingl="and" liik="Konj">un</sone><sone id="l12_s10" lk="126" lemma="kītõ" tahendus="öelda" ingl="say" liik="V" vorm="nud.sg.">kītən</sone><sone id="l12_s11" lk="126" meta="vahemärk">:</sone><sone id="l12_s12" lk="126" meta="vahemärk">”</sone><sone lk="126" keel="eesti" id="l12_s13" lemma="ne’i" tahendus="nii" ingl="so" liik="ProAdv">nei’</sone><sone id="l12_s14" lk="126" meta="vahemärk">[</sone><sone id="l12_s15" lk="126" lemma="viš" tahendus="kõva" ingl="hard" liik="A" vorm="sg.nom.">viš</sone><sone id="l12_s16" lk="126" meta="vahemärk"> &gt;</sone><sone id="l12_s17" lk="126" meta="vahemärk">]</sone><sone id="l12_s18" lk="126" lemma="vizā" tahendus="kõva" ingl="hard" liik="A" vorm="sg.nom.">vizā</sone><sone id="l12_s19" lk="126" lemma="sinā" tahendus="sina" ingl="you" liik="ProS" vorm="sg.gen.">sin’</sone><sone id="l12_s20" lk="126" lemma="pǟ" tahendus="pea" ingl="head" liik="S" vorm="sg.nom.">pǟ</sone><sone id="l12_s21" lk="126" lemma="ku" tahendus="kui" ingl="like" liik="Konj">ku</sone><sone id="l12_s22" lk="126" lemma="se" tahendus="see" ingl="this" liik="ProS" vorm="sg.nom.">se</sone><sone id="l12_s23" lk="126" lemma="ki’v" tahendus="kivi" ingl="stone" liik="S" vorm="sg.nom.">kiv’</sone><sone lk="126" keel="eesti" id="l12_s24" meta="vahemärk">.</sone><sone id="l12_s25" lk="126" meta="vahemärk">”</sone></lause><lause id="l13"><sone id="l13_s1" lk="126" lemma="un" tahendus="ja" ingl="and" liik="Konj">un</sone><sone id="l13_s2" lk="127" lemma="ne’i" tahendus="nii" ingl="so" liik="ProAdv">nei’</sone><sone id="l13_s3" lk="127" lemma="viskõ" tahendus="visata" ingl="throw" liik="V" vorm="nud.sg.">viskən</sone><sone id="l13_s4" lk="127" lemma="sīnõ" tahendus="sinna" ingl="there" liik="ProAdv">sīn</sone><sone id="l13_s5" lk="127" lemma="ǭ’j" tahendus="ahi" ingl="furnace" liik="S" vorm="sg.gen.">å̄’i</sone><sone id="l13_s6" lk="127" lemma="tagān" tahendus="taha" ingl="behind" liik="Post">tagān</sone><sone id="l13_s7" lk="127" lemma="un" tahendus="ja" ingl="and" liik="Konj">un</sone><sone id="l13_s8" lk="127">trå̄ipən</sone><sone id="l13_s9" lk="127" lemma="se" tahendus="see" ingl="this" liik="ProS" vorm="sg.gen.">sie</sone><sone id="l13_s10" lk="127" lemma="reiznikā" tahendus="reisiline" ingl="traveler" liik="S" vorm="sg.dat.">reiznikān</sone><sone id="l13_s11" lk="127" lemma="i’ļ" tahendus="üle" ingl="over" liik="Pre">iĺ’</sone><sone id="l13_s12" lk="127" lemma="pūola" tahendus="põlv" ingl="knee" liik="S" vorm="sg.gen.">puola</sone><sone id="l13_s13" lk="127" meta="vahemärk">.</sone></lause><lause id="l14"><sone id="l14_s1" lk="127" lemma="se" tahendus="see" ingl="this" liik="ProS" vorm="sg.nom.">se</sone><sone lk="127" keel="eesti" id="l14_s2" meta="vahemärk">=</sone><sone lk="127" keel="eesti" id="l14_s3" lemma="vȱlda" tahendus="olla" ingl="be" liik="Va" vorm="pers.ind.pr.sg.3.">m’</sone><sone id="l14_s4" lk="127" lemma="tsī’ešõ" tahendus="taluda" ingl="bear" liik="V" vorm="nud.sg.">tsi’ešən</sone><sone id="l14_s5" lk="127">ku</sone><sone id="l14_s6" lk="127" lemma="tsī’ešõ" tahendus="kannatada" ingl="bear" liik="V" vorm="nud.sg.">tsi’ešən</sone><sone id="l14_s7" lk="127" meta="vahemärk">.</sone></lause><lause id="l15"><sone id="l15_s1" lk="127" lemma="ne’i" tahendus="nii" ingl="so" liik="ProAdv">nei’</sone><sone id="l15_s2" lk="127" lemma="võttõ" tahendus="võtta" ingl="take" liik="V" vorm="nud.sg.">vi̮ttən</sone><sone id="l15_s3" lk="127" lemma="tuoi" tahendus="teine" ingl="second" liik="ProS" vorm="sg.gen.">tᵘoiz</sone><sone id="l15_s4" lk="127" lemma="ki’v" tahendus="kivi" ingl="stone" liik="S" vorm="sg.gen.">kiv’</sone><sone id="l15_s5" lk="127" lemma="pānda" tahendus="panna" ingl="put" liik="V" vorm="nud.sg.">pand</sone><sone id="l15_s6" lk="127" lemma="tegīž" tahendus="taas" ingl="again" liik="Adv">tegīž</sone><sone id="l15_s7" lk="127" lemma="se" tahendus="see" ingl="this" liik="ProS" vorm="sg.gen.">sie</sone><sone id="l15_s8" lk="127" lemma="läpš" tahendus="laps" ingl="child" liik="S" vorm="sg.dat.">lapsən</sone><sone id="l15_s9" lk="127" lemma="i’ļ" tahendus="kohale" ingl="over" liik="Pre">iĺ’</sone><sone id="l15_s10" lk="127" lemma="pǟ" tahendus="pea" ingl="head" liik="S" vorm="sg.gen.">pǟ</sone><sone id="l15_s11" lk="127" meta="vahemärk">,</sone><sone id="l15_s12" lk="127" lemma="kītõ" tahendus="öelda" ingl="say" liik="V" vorm="nud.sg.">kītən</sone><sone id="l15_s13" lk="127" meta="vahemärk">:</sone><sone id="l15_s14" lk="127" meta="vahemärk">”</sone><sone lk="127" keel="eesti" id="l15_s15" lemma="ne’i" tahendus="nii" ingl="so" liik="ProAdv">nei’</sone><sone id="l15_s16" lk="127" lemma="vizā" tahendus="kõva" ingl="hard" liik="A" vorm="sg.nom.">vizā</sone><sone id="l15_s17" lk="127" lemma="sinā" tahendus="sina" ingl="you" liik="ProS" vorm="sg.gen.">sin’</sone><sone id="l15_s18" lk="127" lemma="pǟ" tahendus="pea" ingl="head" liik="S" vorm="sg.nom.">pǟ</sone><sone id="l15_s19" lk="127" lemma="neka" tahendus="nagu" ingl="like" liik="Konj">neka</sone><sone id="l15_s20" lk="127" lemma="se" tahendus="see" ingl="this" liik="ProS" vorm="sg.nom.">se</sone><sone id="l15_s21" lk="127" lemma="ki’v" tahendus="kivi" ingl="stone" liik="S" vorm="sg.nom.">kiv’</sone><sone id="l15_s22" lk="127" meta="vahemärk">”</sone><sone id="l15_s23" lk="127" lemma="un" tahendus="ja" ingl="and" liik="Konj">un</sone><sone id="l15_s24" lk="127" lemma="ne’i" tahendus="nii" ingl="so" liik="ProAdv">nei’</sone><sone id="l15_s25" lk="127" lemma="viskõ" tahendus="visata" ingl="throw" liik="V" vorm="nud.sg.">viskən</sone><sone id="l15_s26" lk="127" lemma="ǭ’j" tahendus="ahi" ingl="furnace" liik="S" vorm="sg.gen.">å̄’i</sone><sone id="l15_s27" lk="127" lemma="tagān" tahendus="taha" ingl="behind" liik="Post">tagān</sone><sone id="l15_s28" lk="127" lemma="un" tahendus="ja" ingl="and" liik="Konj">un</sone><sone id="l15_s29" lk="127">trå̄ipən</sone><sone id="l15_s30" lk="127" lemma="tämā" tahendus="tema" ingl="he, she" liik="ProS" vorm="sg.dat.">täm’mən</sone><sone id="l15_s31" lk="127" lemma="i’ļ" tahendus="üle" ingl="over" liik="Pre">iĺ’</sone><sone id="l15_s32" lk="127" lemma="sidām" tahendus="süda" ingl="heart" liik="S" vorm="sg.gen.">sidām</sone><sone id="l15_s33" lk="127" meta="vahemärk">.</sone></lause><lause id="l16"><sone id="l16_s1" lk="127" lemma="tämā" tahendus="tema" ingl="he, she" liik="ProS" vorm="sg.nom.">ta</sone><sone id="l16_s2" lk="127" lemma="tsī’ešõ" tahendus="taluda" ingl="bear" liik="V" vorm="nud.sg.">tsi’ešən</sone><sone id="l16_s3" lk="127">ku</sone><sone id="l16_s4" lk="127" lemma="tsī’ešõ" tahendus="taluda" ingl="bear" liik="V" vorm="nud.sg.">tsi’ešən</sone><sone id="l16_s5" lk="127" meta="vahemärk">.</sone></lause><lause id="l17"><sone id="l17_s1" lk="127" lemma="ni" tahendus="nüüd" ingl="now" liik="Adv">ni</sone><sone id="l17_s2" lk="127" lemma="võttõ" tahendus="võtta" ingl="take" liik="V" vorm="nud.sg.">vi̮ttən</sone><sone id="l17_s3" lk="127" lemma="ve’l" tahendus="veel" ingl="more" liik="ModAdv">vel</sone><sone id="l17_s4" lk="127" lemma="kuolmõz" tahendus="kolmas" ingl="third" liik="Numj" vorm="sg.gen.">kᵘolməz</sone><sone id="l17_s5" lk="127" lemma="ki’v" tahendus="kivi" ingl="stone" liik="S" vorm="sg.gen.">kiv’</sone><sone id="l17_s6" lk="127" meta="vahemärk">,</sone><sone id="l17_s7" lk="127" lemma="ne’i" tahendus="nii" ingl="so" liik="ProAdv">nei’</sone><sone id="l17_s8" lk="127" lemma="sūr" tahendus="suur" ingl="big" liik="A" vorm="sg.gen.">sūr</sone><sone id="l17_s9" lk="127" lemma="neka" tahendus="nagu" ingl="like" liik="Konj">neka</sone><sone id="l17_s10" lk="127" lemma="pǟ" tahendus="pea" ingl="head" liik="S" vorm="sg.nom.">pǟ</sone><sone id="l17_s11" lk="127" meta="vahemärk">,</sone><sone id="l17_s12" lk="127" lemma="un" tahendus="ja" ingl="and" liik="Konj">un</sone><sone id="l17_s13" lk="127" lemma="viskõ" tahendus="visata" ingl="throw" liik="V" vorm="nud.sg.">viskən</sone><sone id="l17_s14" lk="127" lemma="ǭ’j" tahendus="ahi" ingl="furnace" liik="S" vorm="sg.gen.">å̄’i</sone><sone id="l17_s15" lk="127" lemma="tagān" tahendus="taha" ingl="behind" liik="Post">tagān</sone><sone id="l17_s16" lk="127" lemma="tegīž" tahendus="taas" ingl="again" liik="Adv">tegīž</sone><sone id="l17_s17" lk="127" lemma="un" tahendus="ja" ingl="and" liik="Konj">un</sone><sone id="l17_s18" lk="127" lemma="ne’i" tahendus="nii" ingl="so" liik="ProAdv">nei’</sone><sone id="l17_s19" lk="127">trå̄ipən</sone><sone id="l17_s20" lk="127" lemma="i’ļ" tahendus="üle" ingl="over" liik="Pre">iĺ’</sone><sone id="l17_s21" lk="127" lemma="pǟ" tahendus="pea" ingl="head" liik="S" vorm="sg.gen.">pǟ</sone><sone id="l17_s22" lk="127" meta="vahemärk">.</sone></lause><lause id="l18"><sone id="l18_s1" lk="127" lemma="ne’i" tahendus="nii" ingl="so" liik="ProAdv">nei’</sone><sone id="l18_s2" lk="127" lemma="tämā" tahendus="tema" ingl="he, she" liik="ProS" vorm="sg.nom.">ta</sone><sone id="l18_s3" lk="127" lemma="akkõ" tahendus="hakata" ingl="start" liik="V" vorm="nud.sg.">akkən</sone><sone id="l18_s4" lk="127" lemma="ouŗõ" tahendus="karjuda" ingl="shout" liik="V" vorm="sup.">ourəm</sone><sone id="l18_s5" lk="127" lemma="un" tahendus="ja" ingl="and" liik="Konj">un</sone><sone id="l18_s6" lk="127" lemma="räukõ" tahendus="röökida" ingl="scream" liik="V" vorm="sup.">rävkəm</sone><sone id="l18_s7" lk="127" meta="vahemärk">,</sone><sone id="l18_s8" lk="127" lemma="ne’i" tahendus="nii" ingl="so" liik="ProAdv">nei’</sone><sone id="l18_s9" lk="127" lemma="ne" tahendus="need" ingl="these" liik="ProS" vorm="pl.nom.">ne</sone><sone id="l18_s10" lk="127" lemma="nai" tahendus="naine" ingl="woman" liik="S" vorm="pl.nom.">naist</sone><sone id="l18_s11" lk="127" lemma="a’ilõ" tahendus="joosta" ingl="run" liik="V" vorm="nud.pl.">ai’lənd</sone><sone id="l18_s12" lk="127" lemma="ulzõ" tahendus="välja" ingl="out" liik="Adv">ulzə</sone><sone id="l18_s13" lk="127" lemma="pǭļaz" tahendus="paljas" ingl="naked" liik="A" vorm="pl.nom.">paĺĺəd</sone><sone id="l18_s14" lk="127" lemma="ǭļaz" tahendus="haljas" ingl="green" liik="A" vorm="pl.nom.">aĺĺəd</sone><sone id="l18_s15" lk="127" meta="vahemärk">,</sone><sone id="l18_s16" lk="127" lemma="a’ilõ" tahendus="joosta" ingl="run" liik="V" vorm="nud.pl.">ai’lənd</sone><sone id="l18_s17" lk="127" lemma="ulzõ" tahendus="välja" ingl="out" liik="Adv">ulz</sone><sone id="l18_s18" lk="127" lemma="räukõ" tahendus="röökida" ingl="scream" liik="V" vorm="ger.">rävkəs</sone><sone id="l18_s19" lk="127" lemma="un" tahendus="ja" ingl="and" liik="Konj">un</sone><sone id="l18_s20" lk="127" lemma="ouŗõ" tahendus="karjuda" ingl="shout" liik="V" vorm="ger.">ourəs</sone><sone id="l18_s21" lk="127" lemma="ku" tahendus="et" ingl="that" liik="Konj">ku</sone><sone id="l18_s22" lk="127" lemma="kuŗē" tahendus="kurat" ingl="devil" liik="S" vorm="sg.nom.">kurē</sone><sone id="l18_s23" lk="127" lemma="vȱlda" tahendus="olla" ingl="be" liik="V" vorm="pers.ind.pr.sg.3.">um’</sone><sone id="l18_s24" lk="127" lemma="sōna" tahendus="saun" ingl="sauna" liik="S" vorm="sg.in.">sōnas</sone><sone id="l18_s25" lk="127" meta="vahemärk">,</sone><sone id="l18_s26" lk="127" lemma="lǟ’dõ" tahendus="minna" ingl="go" liik="V" vorm="nud.pl.">lǟ’nəd</sone><sone id="l18_s27" lk="127" lemma="tubā" tahendus="tuba" ingl="house" liik="S" vorm="sg.ill.">tu’bbə</sone><sone id="l18_s28" lk="127" lemma="kītõ" tahendus="öelda" ingl="say" liik="V" vorm="sup.">kītəm</sone><sone id="l18_s29" lk="127" lemma="perī+mīez" tahendus="peremees" ingl="master of the house" liik="S" vorm="sg.dat.">perī+mi’en</sone><sone id="l18_s30" lk="127" meta="vahemärk">.</sone></lause><lause id="l19"><sone id="l19_s1" lk="127" lemma="ni" tahendus="nüüd" ingl="now" liik="Adv">ni</sone><sone id="l19_s2" lk="127" lemma="tämā" tahendus="tema" ingl="he, she" liik="ProS" vorm="sg.nom.">ta</sone><sone id="l19_s3" lk="127" lemma="võttõ" tahendus="võtta" ingl="take" liik="V" vorm="nud.sg.">vi̮ttən</sone><sone id="l19_s4" lk="127" lemma="tikkiž" tahendus="kõik" ingl="all" liik="Adv">tikkiž</sone><sone id="l19_s5" lk="127" lemma="ne" tahendus="need" ingl="these" liik="ProS" vorm="pl.nom.">ne</sone><sone id="l19_s6" lk="127" lemma="serk" tahendus="särk" ingl="shirt" liik="S" vorm="pl.nom.">sērkəd</sone><sone id="l19_s7" lk="127" lemma="ku’bbõ" tahendus="kokku" ingl="together" liik="Adva" kommentaar="?">ku’bbə</sone><sone id="l19_s8" lk="127" lemma="sǟ’ld" tahendus="sealt" ingl="from there" liik="ProAdv">sǟ’lt</sone><sone id="l19_s9" lk="127" lemma="sōna" tahendus="saun" ingl="sauna" liik="S" vorm="sg.el.">sōnast</sone><sone id="l19_s10" lk="127" lemma="un" tahendus="ja" ingl="and" liik="Konj">un</sone><sone id="l19_s11" lk="127" lemma="lǟ’dõ" tahendus="minna" ingl="go" liik="V" vorm="nud.sg.">lǟ’nd</sone><sone id="l19_s12" lk="127" lemma="ulzõ" tahendus="välja" ingl="out" liik="Adv">ulz</sone><sone id="l19_s13" lk="127" lemma="je’ds+pēḑõn" tahendus="ära" ingl="away" liik="Adva">je’dspēd́ən</sone><sone id="l19_s14" lk="127" meta="vahemärk">.</sone></lause><lause id="l20"><sone id="l20_s1" lk="127" lemma="ni" tahendus="nüüd" ingl="now" liik="Adv">ni</sone><sone id="l20_s2" lk="127" lemma="tämā" tahendus="tema" ingl="he, she" liik="ProS" vorm="sg.nom.">ta</sone><sone id="l20_s3" lk="127" lemma="mõtlõ" tahendus="mõelda" ingl="think" liik="V" vorm="nud.sg.">mi̮tlən</sone><sone id="l20_s4" lk="127" meta="vahemärk">,</sone><sone id="l20_s5" lk="127" lemma="kus" tahendus="kuhu" ingl="where" liik="Intr">kus</sone><sone id="l20_s6" lk="127" lemma="ni" tahendus="nüüd" ingl="now" liik="Adv">ni</sone><sone id="l20_s7" lk="127" lemma="la’z" tahendus="las" ingl="let" liik="ModAdv">laz</sone><sone id="l20_s8" lk="127" lemma="lǟ’dõ" tahendus="minna" ingl="go" liik="V" vorm="pers.jus.pr.sg.3.">läk</sone><sone id="l20_s9" lk="127" meta="vahemärk">.</sone></lause><lause id="l21"><sone id="l21_s1" lk="127" lemma="tämā" tahendus="tema" ingl="he, she" liik="ProS" vorm="sg.dat." kommentaar="?">täm’</sone><sone id="l21_s2" lk="127" lemma="tūlda" tahendus="tulla" ingl="come" liik="V" vorm="nud.sg.">tund</sone><sone id="l21_s3" lk="127" lemma="mīelõ" tahendus="meelde" liik="Adva">miel</sone><sone id="l21_s4" lk="127" meta="vahemärk">,</sone><sone id="l21_s5" lk="127" lemma="ku" tahendus="et" ingl="that" liik="Konj">ku</sone><sone id="l21_s6" lk="127" lemma="se" tahendus="see" ingl="this" liik="ProS" vorm="sg.nom.">se</sone><sone id="l21_s7" lk="127" lemma="perī+mīez" tahendus="peremees" ingl="master of the house" liik="S" vorm="sg.nom.">perī+miez</sone><sone id="l21_s8" lk="127" lemma="vȱlda" tahendus="olla" ingl="be" liik="Va" vorm="pers.ind.pr.sg.3.">um’</sone><sone id="l21_s9" lk="127" lemma="kītõ" tahendus="öelda" ingl="say" liik="V" vorm="nud.sg.">kītən</sone><sone id="l21_s10" lk="127" meta="vahemärk">,</sone><sone id="l21_s11" lk="127" lemma="ku" tahendus="et" ingl="that" liik="Konj">ku</sone><sone id="l21_s12" lk="127" lemma="tämā" tahendus="tema" ingl="he, she" liik="ProS" vorm="sg.dat.">täm’mən</sone><sone id="l21_s13" lk="127" lemma="arm" tahendus="rahu" ingl="peace" liik="S" vorm="sg.part.">armə</sone><sone id="l21_s14" lk="127" lemma="ä’b" tahendus="ei" ingl="not" liik="Mn" vorm="pr.sg.3.">äb</sone><sone id="l21_s15" lk="127" lemma="līdõ" tahendus="olema saada" ingl="will be" liik="V" vorm="pers.ind.sg.3.neg.">lī</sone><sone id="l21_s16" lk="127" meta="vahemärk">.</sone></lause><lause id="l22"><sone id="l22_s1" lk="127" lemma="ni" tahendus="nüüd" ingl="now" liik="Adv">ni</sone><sone id="l22_s2" lk="127" lemma="tämā" tahendus="tema" ingl="he, she" liik="ProS" vorm="sg.nom.">ta</sone><sone id="l22_s3" lk="127" lemma="mõtlõ" tahendus="mõelda" ingl="think" liik="V" vorm="nud.sg.">mi̮tlən</sone><sone id="l22_s4" lk="127" meta="vahemärk">,</sone><sone id="l22_s5" lk="127" lemma="kus" tahendus="kuhu" ingl="where" liik="Intr">kus</sone><sone id="l22_s6" lk="127" lemma="ni" tahendus="nüüd" ingl="now" liik="Adv">ni</sone><sone id="l22_s7" lk="127" lemma="la’z" tahendus="las" ingl="let" liik="ModAdv">laz</sone><sone id="l22_s8" lk="127" lemma="lǟ’dõ" tahendus="minna" ingl="go" liik="V" vorm="pers.jus.pr.sg.3.">läk</sone><sone id="l22_s9" lk="127" meta="vahemärk">.</sone></lause><lause id="l23"><sone id="l23_s1" lk="127" lemma="tämā" tahendus="tema" ingl="he, she" liik="ProS" vorm="sg.nom.">ta</sone><sone lk="127" keel="eesti" id="l23_s2" meta="vahemärk">=</sone><sone lk="127" keel="eesti" id="l23_s3" lemma="vȱlda" tahendus="olla" ingl="be" liik="Va" vorm="pers.ind.pr.sg.3.">m’</sone><sone id="l23_s4" lk="127" lemma="lǟ’dõ" tahendus="minna" ingl="go" liik="V" vorm="nud.sg.">lǟ’nd</sone><sone id="l23_s5" lk="127" lemma="rī’j" tahendus="rehi" ingl="threshing barn" liik="S" vorm="sg.ill.">rī’jə</sone><sone id="l23_s6" lk="127" meta="vahemärk">.</sone></lause><lause id="l24"><sone id="l24_s1" lk="127" lemma="ni" tahendus="nüüd" ingl="now" liik="Adv">ni</sone><sone id="l24_s2" lk="127" lemma="tämā" tahendus="tema" ingl="he, she" liik="ProS" vorm="sg.nom.">ta</sone><sone lk="127" keel="eesti" id="l24_s3" meta="vahemärk">=</sone><sone lk="127" keel="eesti" id="l24_s4" lemma="vȱlda" tahendus="olla" ingl="be" liik="Va" vorm="pers.ind.pr.sg.3.">m’</sone><sone id="l24_s5" lk="127" lemma="lǟ’dõ" tahendus="minna" ingl="go" liik="V" vorm="nud.sg.">lǟ’nd</sone><sone id="l24_s6" lk="127" lemma="sillõ" tahendus="sisse" ingl="inside" liik="Adv">sil’lə</sone><sone id="l24_s7" lk="127" meta="vahemärk">,</sone><sone id="l24_s8" lk="127" lemma="vaņțlõ" tahendus="vaadata" ingl="look" liik="V" vorm="nud.sg.">vańḱĺən</sone><sone id="l24_s9" lk="127" meta="vahemärk">,</sone><sone id="l24_s10" lk="127" lemma="kus" tahendus="kus" ingl="where" liik="Intr">kus</sone><sone id="l24_s11" lk="127" lemma="ni" tahendus="nüüd" ingl="now" liik="Adv">ni</sone><sone id="l24_s12" lk="127" lemma="vȱlda" tahendus="olla" ingl="be" liik="V" vorm="pers.ind.pr.sg.3.">um’</sone><sone id="l24_s13" lk="127" lemma="jõvā" tahendus="hea" ingl="good" liik="A" vorm="sg.nom.">ji̮vā</sone><sone id="l24_s14" lk="127" lemma="kūož" tahendus="koht" ingl="place" liik="S" vorm="sg.nom.">kuož</sone><sone id="l24_s15" lk="127" meta="vahemärk">,</sone><sone id="l24_s16" lk="127" lemma="kus" tahendus="kus" ingl="where" liik="Intr">kus</sone><sone id="l24_s17" lk="127" lemma="võidõ" tahendus="võida" ingl="can" liik="V" vorm="pers.ind.pr.sg.3.">vi̮ib</sone><sone id="l24_s18" lk="127" lemma="magātõ" tahendus="magada" ingl="sleep" liik="V" vorm="inf.">magāt</sone><sone id="l24_s19" lk="127" meta="vahemärk">.</sone></lause><lause id="l25"><sone id="l25_s1" lk="127" lemma="tämā" tahendus="tema" ingl="he, she" liik="ProS" vorm="sg.nom.">ta</sone><sone id="l25_s2" lk="127" lemma="vaņțlõ" tahendus="vaadata" ingl="look" liik="V" vorm="nud.sg.">vańḱĺən</sone><sone id="l25_s3" lk="127" lemma="i’lzõ" tahendus="üles" ingl="up" liik="Adv">il’zə</sone><sone id="l25_s4" lk="127" lemma="ne" tahendus="need" ingl="these" liik="ProS" vorm="pl.nom.">ne</sone><sone id="l25_s5" lk="127">lå̄’vəd</sone><sone id="l25_s6" lk="127" lemma="pǟl" tahendus="peale" ingl="on" liik="Post">pǟl</sone><sone id="l25_s7" lk="127" meta="vahemärk">,</sone><sone id="l25_s8" lk="127" lemma="ku" tahendus="et" ingl="that" liik="Konj">ku</sone><sone id="l25_s9" lk="127" lemma="mingi" tahendus="keegi" ingl="someone" liik="ProS" vorm="sg.nom.">miŋgi</sone><sone id="l25_s10" lk="127" lemma="rištīng" tahendus="inimene" ingl="human" liik="S" vorm="sg.nom.">rištīŋg</sone><sone id="l25_s11" lk="127" lemma="ä’b" tahendus="ei" ingl="not" liik="Mn" vorm="pr.sg.3.">äb</sone><sone id="l25_s12" lk="127" lemma="ve’l" tahendus="veel" ingl="more" liik="ModAdv">vel</sone><sone id="l25_s13" lk="127" lemma="tūlda" tahendus="tulla" ingl="come" liik="V" vorm="pers.ind.sg.3.neg.">tul’</sone><sone id="l25_s14" lk="127" lemma="sillõ" tahendus="sisse" ingl="inside" liik="Adv">sil’lə</sone><sone id="l25_s15" lk="127" meta="vahemärk">.</sone></lause><lause id="l26"><sone id="l26_s1" lk="127" lemma="tämā" tahendus="tema" ingl="he, she" liik="ProS" vorm="sg.nom.">ta</sone><sone id="l26_s2" lk="127">i’e+vańḱĺən</sone><sone id="l26_s3" lk="127" meta="vahemärk">,</sone><sone id="l26_s4" lk="127" lemma="ku" tahendus="et" ingl="that" liik="Konj">ku</sone><sone id="l26_s5" lk="127" lemma="i’llõ" tahendus="üleval" ingl="up" liik="Adv">il’lə</sone><sone id="l26_s6" lk="127" lemma="vȱlda" tahendus="olla" ingl="be" liik="Va" vorm="pers.ind.pr.sg.3.">um’</sone><sone id="l26_s7" lk="127" lemma="vȱlda" tahendus="olla" ingl="be" liik="V" vorm="nud.sg.">ve̮nd</sone><sone id="l26_s8" lk="127" lemma="ikš" tahendus="üks" ingl="one" liik="ProS" vorm="sg.nom.">ikš</sone><sone id="l26_s9" lk="127" lemma="dēļ" tahendus="laud" ingl="board" liik="S" vorm="sg.nom.">dēĺ</sone><sone id="l26_s10" lk="127" lemma="un" tahendus="ja" ingl="and" liik="Konj">un</sone><sone id="l26_s11" lk="127" lemma="se" tahendus="see" ingl="this" liik="ProS" vorm="sg.nom.">se</sone><sone id="l26_s12" lk="127" lemma="dēļ" tahendus="laud" ingl="board" liik="S" vorm="sg.nom.">dēĺ</sone><sone id="l26_s13" lk="127" lemma="vȱlda" tahendus="olla" ingl="be" liik="Va" vorm="pers.ind.pr.sg.3.">um’</sone><sone id="l26_s14" lk="127" lemma="vȱlda" tahendus="olla" ingl="be" liik="V" vorm="nud.sg.">ve̮nd</sone><sone id="l26_s15" lk="127" lemma="ne’i" tahendus="nii" ingl="so" liik="ProAdv">nei’</sone><sone id="l26_s16" lk="127" lemma="pitkā" tahendus="pikk" ingl="long" liik="A" vorm="sg.nom.">pitkā</sone><sone id="l26_s17" lk="127" meta="vahemärk">,</sone><sone id="l26_s18" lk="127" lemma="ku" tahendus="et" ingl="that" liik="Konj">ku</sone><sone id="l26_s19" lk="127" lemma="ikš" tahendus="üks" ingl="one" liik="Nump" vorm="sg.nom.">ikš</sone><sone id="l26_s20" lk="127" lemma="tutkām" tahendus="ots" ingl="end" liik="S" vorm="sg.nom.">tutkām</sone><sone id="l26_s21" lk="127" lemma="un" tahendus="ja" ingl="and" liik="Konj">un</sone><sone id="l26_s22" lk="127" lemma="tuoi" tahendus="teine" ingl="other" liik="ProS" vorm="sg.nom.">tᵘoi</sone><sone id="l26_s23" lk="127" lemma="tutkām" tahendus="ots" ingl="end" liik="S" vorm="sg.nom.">tutkām</sone><sone id="l26_s24" lk="127" lemma="vȱlda" tahendus="olla" ingl="be" liik="Va" vorm="pers.ind.pr.pl.3.">a’dtə</sone><sone id="l26_s25" lk="127" lemma="vȱlda" tahendus="olla" ingl="be" liik="V" vorm="nud.pl.">ve̮nnəd</sone><sone id="l26_s26" lk="127" lemma="ne’i" tahendus="nii" ingl="so" liik="ProAdv">nei’</sone><sone id="l26_s27" lk="127">līdzə</sone><sone id="l26_s28" lk="127">aigāks</sone><sone id="l26_s29" lk="127" meta="vahemärk">.</sone></lause><lause id="l27"><sone id="l27_s1" lk="127" lemma="ni" tahendus="nüüd" ingl="now" liik="Adv">ni</sone><sone id="l27_s2" lk="127" lemma="tämā" tahendus="tema" ingl="he, she" liik="ProS" vorm="sg.nom.">ta</sone><sone lk="127" keel="eesti" id="l27_s3" meta="vahemärk">=</sone><sone lk="127" keel="eesti" id="l27_s4" lemma="vȱlda" tahendus="olla" ingl="be" liik="Va" vorm="pers.ind.pr.sg.3.">m’</sone><sone id="l27_s5" lk="128" lemma="grēbõ" tahendus="ronida" ingl="climb" liik="V" vorm="nud.sg.">grē’bən</sone><sone id="l27_s6" lk="128" lemma="sīnõ" tahendus="sinna" ingl="there" liik="ProAdv">sīn</sone><sone id="l27_s7" lk="128" lemma="i’lzõ" tahendus="üles" ingl="up" liik="Adv">il’z</sone><sone id="l27_s8" lk="128" meta="vahemärk">.</sone></lause><lause id="l28"><sone id="l28_s1" lk="128" lemma="tämā" tahendus="tema" ingl="he, she" liik="ProS" vorm="sg.nom.">ta</sone><sone lk="128" keel="eesti" id="l28_s2" meta="vahemärk">=</sone><sone lk="128" keel="eesti" id="l28_s3" lemma="vȱlda" tahendus="olla" ingl="be" liik="Va" vorm="pers.ind.pr.sg.3.">m’</sone><sone id="l28_s4" lk="128">nu’o+grē’bən</sone><sone id="l28_s5" lk="128" lemma="sīnõ" tahendus="sinna" ingl="there" liik="ProAdv">sīn</sone><sone id="l28_s6" lk="128" lemma="i’lzõ" tahendus="üles" ingl="up" liik="Adv">il’z</sone><sone id="l28_s7" lk="128" lemma="un" tahendus="ja" ingl="and" liik="Konj">un</sone><sone id="l28_s8" lk="128" lemma="ni" tahendus="nüüd" ingl="now" liik="Adv">ni</sone><sone id="l28_s9" lk="128" lemma="ma’ggõ" tahendus="magada" ingl="sleep" liik="V" vorm="nud.sg.">ma’ggən</sone><sone id="l28_s10" lk="128" meta="vahemärk">.</sone></lause><lause id="l29"><sone id="l29_s1" lk="128" lemma="tämā" tahendus="tema" ingl="he, she" liik="ProS" vorm="sg.nom.">ta</sone><sone id="l29_s2" lk="128">iz+vⁱen’nən</sone><sone id="l29_s3" lk="128" lemma="ne’i" tahendus="nii" ingl="so" liik="ProAdv">nei’</sone><sone id="l29_s4" lk="128" lemma="pitkāld" tahendus="pikalt" ingl="long" liik="Adv">pitkāld</sone><sone id="l29_s5" lk="128" lemma="un" tahendus="ja" ingl="and" liik="Konj">un</sone><sone id="l29_s6" lk="128" lemma="ma’ggõ" tahendus="magada" ingl="sleep" liik="V" vorm="nud.sg.">ma’ggən</sone><sone id="l29_s7" lk="128" meta="vahemärk">.</sone></lause><lause id="l30"><sone id="l30_s1" lk="128" lemma="ni" tahendus="nüüd" ingl="now" liik="Adv">ni</sone><sone id="l30_s2" lk="128" lemma="tämā" tahendus="tema" ingl="he, she" liik="ProS" vorm="sg.nom.">ta</sone><sone lk="128" keel="eesti" id="l30_s3" meta="vahemärk">=</sone><sone lk="128" keel="eesti" id="l30_s4" lemma="vȱlda" tahendus="olla" ingl="be" liik="Va" vorm="pers.ind.pr.sg.3.">m’</sone><sone id="l30_s5" lk="128" lemma="kūlõ" tahendus="kuulda" ingl="hear" liik="V" vorm="nud.sg.">kūlən</sone><sone id="l30_s6" lk="128" meta="vahemärk">,</sone><sone id="l30_s7" lk="128" lemma="ku" tahendus="et" ingl="that" liik="Konj">ku</sone><sone id="l30_s8" lk="128" lemma="tūlda" tahendus="tulla" ingl="come" liik="V" vorm="nud.sg.">tund</sone><sone id="l30_s9" lk="128" lemma="ukš" tahendus="uks" ingl="door" liik="S" vorm="sg.el.">ukst</sone><sone id="l30_s10" lk="128" lemma="sillõ" tahendus="sisse" ingl="inside" liik="Adv">sil’l</sone><sone id="l30_s11" lk="128" meta="vahemärk">,</sone><sone id="l30_s12" lk="128" lemma="tämā" tahendus="tema" ingl="he, she" liik="ProS" vorm="sg.nom.">ta</sone><sone lk="128" keel="eesti" id="l30_s13" meta="vahemärk">=</sone><sone lk="128" keel="eesti" id="l30_s14" lemma="vȱlda" tahendus="olla" ingl="be" liik="Va" vorm="pers.ind.pr.sg.3.">m’</sone><sone id="l30_s15" lk="128" lemma="nǟ’dõ" tahendus="näha" ingl="see" liik="V" vorm="nud.sg.">nǟ’nd</sone><sone id="l30_s16" lk="128" meta="vahemärk">,</sone><sone id="l30_s17" lk="128" lemma="ku" tahendus="et" ingl="that" liik="Konj">ku</sone><sone id="l30_s18" lk="128" lemma="vȱlda" tahendus="olla" ingl="be" liik="V" vorm="nud.sg.">ve̮nd</sone><sone id="l30_s19" lk="128" lemma="pȯis" tahendus="poiss" ingl="boy" liik="S" vorm="sg.nom.">pᵘe̮is</sone><sone id="l30_s20" lk="128" lemma="neitst" tahendus="neiu" ingl="maiden" liik="S" vorm="sg.instl.">neitstəks</sone><sone id="l30_s21" lk="128" meta="vahemärk">.</sone></lause><lause id="l31"><sone id="l31_s1" lk="128" lemma="ni" tahendus="nüüd" ingl="now" liik="Adv">ni</sone><sone id="l31_s2" lk="128" lemma="tämā" tahendus="tema" ingl="he, she" liik="ProS" vorm="sg.nom.">ta</sone><sone lk="128" keel="eesti" id="l31_s3" meta="vahemärk">=</sone><sone lk="128" keel="eesti" id="l31_s4" lemma="vȱlda" tahendus="olla" ingl="be" liik="Va" vorm="pers.ind.pr.sg.3.">m’</sone><sone id="l31_s5" lk="128" lemma="vaņțlõ" tahendus="vaadata" ingl="look" liik="V" vorm="nud.sg.">vańḱĺən</sone><sone id="l31_s6" lk="128" meta="vahemärk">,</sone><sone id="l31_s7" lk="128" lemma="kus" tahendus="kuhu" ingl="where" liik="Intr">kus</sone><sone id="l31_s8" lk="128" lemma="ne" tahendus="nemad" ingl="they" liik="ProS" vorm="pl.nom.">ne</sone><sone id="l31_s9" lk="128" lemma="lǟ’dõ" tahendus="minna" ingl="go" liik="V" vorm="pers.ind.pr.pl.3.">lǟ’bəd</sone><sone id="l31_s10" lk="128" meta="vahemärk">.</sone></lause><lause id="l32"><sone id="l32_s1" lk="128" lemma="ne" tahendus="nemad" ingl="they" liik="ProS" vorm="pl.nom.">ne</sone><sone id="l32_s2" lk="128" lemma="lǟ’dõ" tahendus="minna" ingl="go" liik="V" vorm="nud.pl.">lǟ’nd</sone><sone id="l32_s3" lk="128" lemma="ǭ’j" tahendus="ahi" ingl="furnace" liik="S" vorm="sg.gen.">å̄’i</sone><sone id="l32_s4" lk="128" lemma="kiļg" tahendus="äärde" ingl="to the side" liik="Post" vorm="sg.nom.">kilg</sone><sone id="l32_s5" lk="128" meta="vahemärk">.</sone></lause><lause id="l33"><sone id="l33_s1" lk="128" lemma="ni" tahendus="nüüd" ingl="now" liik="Adv">ni</sone><sone id="l33_s2" lk="128" lemma="vȱlda" tahendus="olla" ingl="be" liik="V" vorm="nud.sg.">ve̮nd</sone><sone id="l33_s3" lk="128" lemma="brāndiļ" tahendus="viin" ingl="vodka" liik="S" vorm="sg.gen.">brāndiĺ</sone><sone id="l33_s4" lk="128" lemma="potīļ" tahendus="pudel" ingl="bottle" liik="S" vorm="sg.nom.">potīĺ</sone><sone id="l33_s5" lk="128" lemma="un" tahendus="ja" ingl="and" liik="Konj">un</sone><sone id="l33_s6" lk="128" lemma="lēba" tahendus="leib" ingl="bread" liik="S" vorm="sg.gen.">lēba</sone><sone id="l33_s7" lk="128" lemma="kukīļ" tahendus="päts" ingl="loaf" liik="S" vorm="sg.nom.">kukīĺ</sone><sone id="l33_s8" lk="128" lemma="un" tahendus="ja" ingl="and" liik="Konj">un</sone><sone id="l33_s9" lk="128" lemma="sūol" tahendus="sool" ingl="salt" liik="S" vorm="sg.part.">suolə</sone><sone id="l33_s10" lk="128" lemma="ka" tahendus="ka" ingl="also" liik="ModAdv">ka</sone><sone id="l33_s11" lk="128" meta="vahemärk">.</sone></lause><lause id="l34"><sone id="l34_s1" lk="128" lemma="bet" tahendus="aga" ingl="but" liik="Konj">bet</sone><sone id="l34_s2" lk="128" lemma="ni" tahendus="nüüd" ingl="now" liik="Adv">ni</sone><sone id="l34_s3" lk="128" lemma="tämā" tahendus="tema" ingl="he, she" liik="ProS" vorm="sg.nom.">ta</sone><sone id="l34_s4" lk="128" lemma="tǭ’dõ" tahendus="tahta" ingl="want" liik="V" vorm="pers.ind.pr.sg.3.">tå̄’b</sone><sone id="l34_s5" lk="128" lemma="nǟ’dõ" tahendus="näha" ingl="see" liik="V" vorm="inf.">nǟ’də</sone><sone id="l34_s6" lk="128" lemma="sǭdõ" tahendus="saada" ingl="get" liik="V" vorm="inf.">så̄də</sone><sone id="l34_s7" lk="128" lemma="riktig" tahendus="õieti" ingl="really" liik="Adv">rikt́ig</sone><sone id="l34_s8" lk="128" lemma="jõvīst" tahendus="hästi" ingl="well" liik="Adv">ji̮vīst</sone><sone id="l34_s9" lk="128" lemma="mis" tahendus="mis" ingl="what" liik="Intr" vorm="sg.nom.">mis</sone><sone id="l34_s10" lk="128" lemma="ne" tahendus="nemad" ingl="they" liik="ProS" vorm="pl.nom.">ne</sone><sone id="l34_s11" lk="128" lemma="tī’edõ" tahendus="teha" ingl="do" liik="V" vorm="pers.ind.pr.pl.3.">ti’ebəd</sone><sone id="l34_s12" lk="128" meta="vahemärk">,</sone><sone id="l34_s13" lk="128" lemma="bet" tahendus="aga" ingl="but" liik="Konj">bet</sone><sone id="l34_s14" lk="128" lemma="tämā" tahendus="tema" ingl="he, she" liik="ProS" vorm="sg.nom.">ta</sone><sone id="l34_s15" lk="128" lemma="ä’b" tahendus="ei" ingl="not" liik="Mn" vorm="pr.sg.3.">äb</sone><sone id="l34_s16" lk="128" lemma="vȱlda" tahendus="olla" ingl="be" liik="Va" vorm="pers.ind.sg.3.neg.">uo</sone><sone id="l34_s17" lk="128" lemma="sǭdõ" tahendus="saada" ingl="can" liik="V" vorm="nud.sg.">så̄nd</sone><sone id="l34_s18" lk="128" lemma="nǟ’dõ" tahendus="näha" ingl="see" liik="V" vorm="inf.">nǟ’də</sone><sone id="l34_s19" lk="128" meta="vahemärk">.</sone></lause><lause id="l35"><sone id="l35_s1" lk="128" lemma="ni" tahendus="nüüd" ingl="now" liik="Adv">ni</sone><sone id="l35_s2" lk="128" lemma="tämā" tahendus="tema" ingl="he, she" liik="ProS" vorm="sg.nom.">ta</sone><sone id="l35_s3" lk="128" lemma="pī’lõ" tahendus="seista" ingl="stand" liik="V" vorm="nud.sg.">pī’lən</sone><sone id="l35_s4" lk="128" lemma="se" tahendus="see" ingl="this" liik="ProS" vorm="sg.gen.">sie</sone><sone id="l35_s5" lk="128" lemma="dēļ" tahendus="laud" ingl="board" liik="S" vorm="sg.gen.">dēĺ</sone><sone id="l35_s6" lk="128" lemma="pǟl" tahendus="peal" ingl="on" liik="Post">pǟl</sone><sone id="l35_s7" lk="128" lemma="un" tahendus="ja" ingl="and" liik="Konj">un</sone><sone id="l35_s8" lk="128" lemma="vie’ntõ" tahendus="venitada" ingl="stretch" liik="V" vorm="nud.sg.">vⁱen’tən</sone><sone id="l35_s9" lk="128" lemma="se" tahendus="see" ingl="this" liik="ProS" vorm="sg.part.">sⁱedā</sone><sone id="l35_s10" lk="128" lemma="ka’ggõl" tahendus="kael" ingl="neck" liik="S" vorm="sg.part.">ka’ggl̥t</sone><sone id="l35_s11" lk="128">jo</sone><sone id="l35_s12" lk="128">pitkāld</sone><sone id="l35_s13" lk="128" lemma="la’z" tahendus="las" ingl="let" liik="ModAdv">las</sone><sone id="l35_s14" lk="128" lemma="sǭdõ" tahendus="saada" ingl="can" liik="V" vorm="pers.jus.pr.sg.3.">så̄g</sone><sone id="l35_s15" lk="128" lemma="nǟ’dõ" tahendus="näha" ingl="see" liik="V" vorm="inf.">nǟ’də</sone><sone id="l35_s16" lk="128" lemma="un" tahendus="ja" ingl="and" liik="Konj">un</sone><sone id="l35_s17" lk="128" lemma="ni" tahendus="nüüd" ingl="now" liik="Adv">ni</sone><sone id="l35_s18" lk="128" lemma="sa’ddõ" tahendus="kukkuda" ingl="fall" liik="V" vorm="nud.sg.">sa’ddən</sone><sone id="l35_s19" lk="128" lemma="se" tahendus="see" ingl="this" liik="ProS" vorm="sg.nom.">se</sone><sone id="l35_s20" lk="128" lemma="dēļ" tahendus="laud" ingl="board" liik="S" vorm="sg.nom.">dēĺ</sone><sone id="l35_s21" lk="128" lemma="mǭ’zõ" tahendus="maha" ingl="down" liik="Adv" kommentaar="?">må̄’z</sone><sone id="l35_s22" lk="128" meta="vahemärk">.</sone></lause><lause id="l36"><sone id="l36_s1" lk="128" lemma="ni" tahendus="nüüd" ingl="now" liik="Adv">ni</sone><sone id="l36_s2" lk="128" lemma="akkõ" tahendus="hakata" ingl="start" liik="V" vorm="nud.pl.">akkənd</sone><sone id="l36_s3" lk="128" lemma="räukõ" tahendus="röökida" ingl="scream" liik="V" vorm="sup.">rävkəm</sone><sone id="l36_s4" lk="128" lemma="un" tahendus="ja" ingl="and" liik="Konj">un</sone><sone id="l36_s5" lk="128">ra’bbən</sone><sone id="l36_s6" lk="128" lemma="sidām" tahendus="süda" ingl="heart" liik="S" vorm="sg.gen.">sidām</sone><sone id="l36_s7" lk="128" lemma="jarā" tahendus="ära" ingl="away" liik="Adva">jarā</sone><sone id="l36_s8" lk="128" meta="vahemärk">.</sone></lause><lause id="l37"><sone id="l37_s1" lk="128" lemma="ni" tahendus="nüüd" ingl="now" liik="Adv">ni</sone><sone id="l37_s2" lk="128" lemma="ne" tahendus="need" ingl="these" liik="ProS" vorm="pl.nom.">ne</sone><sone id="l37_s3" lk="128" lemma="neitst" tahendus="neiu" ingl="maiden" liik="S" vorm="sg.nom.">neitst</sone><sone id="l37_s4" lk="128" lemma="pȯis" tahendus="poiss" ingl="boy" liik="S" vorm="sg.instl.">pᵘe̮isəks</sone><sone id="l37_s5" lk="128" lemma="ulzõ" tahendus="välja" ingl="out" liik="Adv">ulzə</sone><sone id="l37_s6" lk="128" lemma="je’ds+pēḑõn" tahendus="ära" ingl="away" liik="Adv">je̮’dspēd́ən</sone><sone id="l37_s7" lk="128" lemma="tubā" tahendus="tuba" ingl="room" liik="S" vorm="sg.ill.">tu’bbə</sone><sone id="l37_s8" lk="128" lemma="perī+mīez" tahendus="peremees" ingl="master of the house" liik="S" vorm="sg.gen.">perī+mi’e</sone><sone id="l37_s9" lk="128" lemma="jū’rõ" tahendus="juurde" ingl="to" liik="Post">jū’r</sone><sone id="l37_s10" lk="128" lemma="kītõ" tahendus="öelda" ingl="say" liik="V" vorm="sup.">kītəm</sone><sone id="l37_s11" lk="128" meta="vahemärk">,</sone><sone id="l37_s12" lk="128" lemma="ku" tahendus="et" ingl="that" liik="Konj">ku</sone><sone id="l37_s13" lk="128" lemma="kuŗē" tahendus="kurat" ingl="devil" liik="S" vorm="sg.nom.">kurē</sone><sone id="l37_s14" lk="128" lemma="vȱlda" tahendus="olla" ingl="be" liik="V" vorm="pers.ind.ipf.sg.3.">ve̮ĺ’</sone><sone id="l37_s15" lk="128" lemma="rī’j" tahendus="rehi" ingl="threshing barn" liik="S" vorm="sg.in.">rī’s</sone><sone id="l37_s16" lk="128" meta="vahemärk">.</sone></lause><lause id="l38"><sone id="l38_s1" lk="128" lemma="ni" tahendus="nüüd" ingl="now" liik="Adv">ni</sone><sone id="l38_s2" lk="128" lemma="tämā" tahendus="tema" ingl="he, she" liik="ProS" vorm="sg.nom.">ta</sone><sone id="l38_s3" lk="128" lemma="võttõ" tahendus="võtta" ingl="take" liik="V" vorm="nud.sg.">vi̮ttənd</sone><sone id="l38_s4" lk="128" meta="vahemärk">(</sone><sone id="l38_s5" lk="128" meta="kommentaar">pro</sone><sone id="l38_s6" lk="128" meta="kommentaar">vi̮ttən</sone><sone id="l38_s7" lk="128" meta="vahemärk">)</sone><sone id="l38_s8" lk="128" lemma="se" tahendus="see" ingl="this" liik="ProS" vorm="sg.gen.">sie</sone><sone id="l38_s9" lk="128" lemma="brāndiļ" tahendus="viin" ingl="vodka" liik="S" vorm="sg.gen.">brāndil</sone><sone id="l38_s10" lk="128" lemma="potīļ" tahendus="pudel" ingl="bottle" liik="S" vorm="sg.gen.">potīĺ</sone><sone id="l38_s11" lk="128" lemma="un" tahendus="ja" ingl="and" liik="Konj">un</sone><sone id="l38_s12" lk="128" lemma="lēba" tahendus="leib" ingl="bread" liik="S" vorm="sg.gen.">lēba</sone><sone id="l38_s13" lk="128" lemma="kukīļ" tahendus="päts" ingl="loaf" liik="S" vorm="sg.gen.">kukīĺ</sone><sone id="l38_s14" lk="128" lemma="un" tahendus="ja" ingl="and" liik="Konj">un</sone><sone id="l38_s15" lk="128" lemma="ne" tahendus="need" ingl="these" liik="ProS" vorm="pl.nom.">ne</sone><sone id="l38_s16" lk="128" lemma="ǭ’rõnd" tahendus="riided" ingl="clothes" liik="S" vorm="pl.nom.">å̄’rənd</sone><sone id="l38_s17" lk="128" meta="vahemärk">,</sone><sone id="l38_s18" lk="128" lemma="mis" tahendus="mis" ingl="what" liik="Intr" vorm="sg.nom.">mis</sone><sone id="l38_s19" lk="128" lemma="sǟ’l" tahendus="seal" ingl="there" liik="ProAdv">sǟ’l</sone><sone id="l38_s20" lk="128" lemma="vȱlda" tahendus="olla" ingl="be" liik="V" vorm="pers.ind.ipf.pl.3.">ve̮ĺ’t</sone><sone id="l38_s21" lk="128" meta="vahemärk">.</sone></lause><lause id="l39"><sone id="l39_s1" lk="128" lemma="ni" tahendus="nüüd" ingl="now" liik="Adv">ni</sone><sone id="l39_s2" lk="128" lemma="tämā" tahendus="tema" ingl="he, she" liik="ProS" vorm="sg.nom.">ta</sone><sone lk="128" keel="eesti" id="l39_s3" meta="vahemärk">=</sone><sone lk="128" keel="eesti" id="l39_s4" lemma="vȱlda" tahendus="olla" ingl="be" liik="Va" vorm="pers.ind.pr.sg.3.">m’</sone><sone id="l39_s5" lk="128" lemma="mõtlõ" tahendus="mõelda" ingl="think" liik="V" vorm="nud.sg.">mi̮tlən</sone><sone id="l39_s6" lk="128" meta="vahemärk">:</sone><sone id="l39_s7" lk="128" meta="vahemärk">”</sone><sone lk="128" keel="eesti" id="l39_s8" lemma="ni" tahendus="nüüd" ingl="now" liik="Adv">ni</sone><sone id="l39_s9" lk="128" lemma="minā" tahendus="mina" ingl="I" liik="ProS" vorm="sg.nom.">ma</sone><sone id="l39_s10" lk="128" meta="vahemärk">[</sone><sone id="l39_s11" lk="128" lemma="nǟ’dõ" tahendus="näha" ingl="see" liik="V" vorm="pers.ind.pr.sg.1.">nǟ’b</sone><sone id="l39_s12" lk="128" meta="vahemärk"> &gt;</sone><sone id="l39_s13" lk="128" meta="vahemärk">]</sone><sone id="l39_s14" lk="128" lemma="nǟ’dõ" tahendus="näha" ingl="see" liik="V" vorm="pers.ind.pr.sg.1.">nǟb</sone><sone id="l39_s15" lk="128" lemma="ku" tahendus="et" ingl="that" liik="Konj">ku</sone><sone id="l39_s16" lk="128" lemma="se" tahendus="see" ingl="this" liik="ProS" vorm="sg.in.">sies</sone><sone id="l39_s17" lk="128" lemma="kǭrand" tahendus="talu" ingl="farm" liik="S" vorm="sg.in.">kå̄rands</sone><sone id="l39_s18" lk="128" lemma="arm" tahendus="rahu" ingl="peace" liik="S" vorm="sg.part.">armə</sone><sone id="l39_s19" lk="128" lemma="ä’b" tahendus="ei" ingl="not" liik="Mn" vorm="pr.sg.3.">äb</sone><sone id="l39_s20" lk="128" lemma="sǭdõ" tahendus="saada" ingl="get" liik="V" vorm="pers.ind.sg.3.neg.">så̄</sone><sone lk="128" keel="eesti" id="l39_s21" meta="vahemärk">.</sone><sone id="l39_s22" lk="128" meta="vahemärk">”</sone></lause><lause id="l40"><sone id="l40_s1" lk="128" lemma="ni" tahendus="nüüd" ingl="now" liik="Adv">ni</sone><sone id="l40_s2" lk="128" lemma="tämā" tahendus="tema" ingl="he, she" liik="ProS" vorm="sg.nom.">ta</sone><sone id="l40_s3" lk="128" lemma="mõtlõ" tahendus="mõelda" ingl="think" liik="V" vorm="nud.sg.">mi̮tlən</sone><sone id="l40_s4" lk="128" meta="vahemärk">,</sone><sone id="l40_s5" lk="128" lemma="kus" tahendus="kuhu" ingl="where" liik="Intr">kus</sone><sone id="l40_s6" lk="128" lemma="ni" tahendus="nüüd" ingl="now" liik="Adv">ni</sone><sone id="l40_s7" lk="128" lemma="la’z" tahendus="las" ingl="let" liik="ModAdv">laz</sone><sone id="l40_s8" lk="128" lemma="lǟ’dõ" tahendus="minna" ingl="go" liik="V" vorm="pers.jus.pr.sg.3.">läk</sone><sone id="l40_s9" lk="128" meta="vahemärk">.</sone></lause><lause id="l41"><sone id="l41_s1" lk="128" lemma="tämā" tahendus="tema" ingl="he, she" liik="ProS" vorm="sg.nom.">ta</sone><sone lk="128" keel="eesti" id="l41_s2" meta="vahemärk">=</sone><sone lk="128" keel="eesti" id="l41_s3" lemma="vȱlda" tahendus="olla" ingl="be" liik="Va" vorm="pers.ind.pr.sg.3.">m’</sone><sone id="l41_s4" lk="128" lemma="lǟ’dõ" tahendus="minna" ingl="go" liik="V" vorm="nud.sg.">lǟ’nd</sone><sone id="l41_s5" lk="128" lemma="mõtsā" tahendus="mets" ingl="forest" liik="S" vorm="sg.ill.">mi̮tsə</sone><sone id="l41_s6" lk="128" meta="vahemärk">,</sone><sone id="l41_s7" lk="128" lemma="vȱlda" tahendus="olla" ingl="be" liik="V" vorm="nud.sg.">ve̮nd</sone><sone id="l41_s8" lk="128" lemma="sieldõ" tahendus="selge" ingl="clear" liik="A" vorm="sg.nom.">sⁱeldə</sone><sone id="l41_s9" lk="128" lemma="kū+va’l" tahendus="kuuvalge" ingl="moonlight" liik="S" vorm="sg.gen.">kū+val’</sone><sone id="l41_s10" lk="128" lemma="āiga" tahendus="aeg" ingl="time" liik="S" vorm="sg.nom.">āiga</sone><sone id="l41_s11" lk="128" meta="vahemärk">,</sone><sone id="l41_s12" lk="128" lemma="tämā" tahendus="tema" ingl="he, she" liik="ProS" vorm="sg.nom.">ta</sone><sone id="l41_s13" lk="128" lemma="nǟ’dõ" tahendus="näha" ingl="see" liik="V" vorm="nud.sg.">nǟnd</sone><sone id="l41_s14" lk="128" meta="vahemärk">,</sone><sone id="l41_s15" lk="128" lemma="kus" tahendus="kus" ingl="where" liik="Intr">kus</sone><sone id="l41_s16" lk="128" lemma="vȱlda" tahendus="olla" ingl="be" liik="V" vorm="nud.sg.">ve̮nd</sone><sone id="l41_s17" lk="128" lemma="ikš" tahendus="üks" ingl="one" liik="ProS" vorm="sg.nom.">ikš</sone><sone id="l41_s18" lk="128" lemma="āina" tahendus="hein" ingl="hay" liik="S" vorm="pl.gen.">āinad</sone><sone id="l41_s19" lk="128" lemma="kū’j" tahendus="kuhi" ingl="stack" liik="S" vorm="sg.nom.">kū’i</sone><sone id="l41_s20" lk="128" meta="vahemärk">.</sone></lause><lause id="l42"><sone id="l42_s1" lk="128" lemma="ni" tahendus="nüüd" ingl="now" liik="Adv">ni</sone><sone id="l42_s2" lk="128" lemma="tämā" tahendus="tema" ingl="he, she" liik="ProS" vorm="sg.nom.">ta</sone><sone id="l42_s3" lk="128" lemma="lǟ’dõ" tahendus="minna" ingl="go" liik="V" vorm="nud.sg.">lǟ’nd</sone><sone id="l42_s4" lk="128" lemma="se" tahendus="see" ingl="this" liik="ProS" vorm="sg.gen.">sie</sone><sone id="l42_s5" lk="128" lemma="āina" tahendus="hein" ingl="hay" liik="S" vorm="pl.gen.">āinad</sone><sone id="l42_s6" lk="128" lemma="kū’j" tahendus="kuhi" ingl="stack" liik="S" vorm="sg.gen.">kū’i</sone><sone id="l42_s7" lk="128" lemma="jū’rõ" tahendus="juurde" ingl="to" liik="Post">jū’rə</sone><sone id="l42_s8" lk="128" lemma="un" tahendus="ja" ingl="and" liik="Konj">un</sone><sone id="l42_s9" lk="128" lemma="grēbõ" tahendus="ronida" ingl="climb" liik="V" vorm="nud.sg.">grē’bən</sone><sone id="l42_s10" lk="128" lemma="i’lzõ" tahendus="üles" ingl="up" liik="Adv">il’zə</sone><sone id="l42_s11" lk="128">itt</sone><sone id="l42_s12" lk="128" lemma="se" tahendus="see" ingl="this" liik="ProS" vorm="sg.ill.">si’ezə</sone><sone id="l42_s13" lk="128" lemma="spitš" tahendus="tipp" ingl="top" liik="S" vorm="sg.ill.">spitšəz</sone><sone id="l42_s14" lk="128" meta="vahemärk">.</sone></lause><lause id="l43"><sone id="l43_s1" lk="128" lemma="ni" tahendus="nüüd" ingl="now" liik="Adv">ni</sone><sone id="l43_s2" lk="128" lemma="tämā" tahendus="tema" ingl="he, she" liik="ProS" vorm="sg.nom.">ta</sone><sone lk="128" keel="eesti" id="l43_s3" meta="vahemärk">=</sone><sone lk="128" keel="eesti" id="l43_s4" lemma="vȱlda" tahendus="olla" ingl="be" liik="Va" vorm="pers.ind.pr.sg.3.">m’</sone><sone id="l43_s5" lk="128" lemma="nǟ’dõ" tahendus="näha" ingl="see" liik="V" vorm="nud.sg.">nǟnd</sone><sone id="l43_s6" lk="128" meta="vahemärk">,</sone><sone id="l43_s7" lk="128" lemma="ku" tahendus="et" ingl="that" liik="Konj">ku</sone><sone id="l43_s8" lk="128" lemma="kakš" tahendus="kaks" ingl="two" liik="Nump" vorm="sg.nom.">kakš</sone><sone id="l43_s9" lk="128" lemma="vȱlda" tahendus="olla" ingl="be" liik="Va" vorm="pers.ind.pr.pl.3.">a’dtə</sone><sone id="l43_s10" lk="128" lemma="tūlda" tahendus="tulla" ingl="come" liik="V" vorm="nud.pl.">tunnəd</sone><sone id="l43_s11" lk="128" lemma="un" tahendus="ja" ingl="and" liik="Konj">un</sone><sone id="l43_s12" lk="128" lemma="vie’ddõ" tahendus="tõmmata" ingl="pull" liik="V" vorm="nud.pl.">vⁱe’ddənd</sone><sone id="l43_s13" lk="128" lemma="riek" tahendus="tee" ingl="path" liik="S" vorm="sg.gen.">rⁱek</sone><sone id="l43_s14" lk="128" lemma="se" tahendus="see" ingl="this" liik="ProS" vorm="sg.gen.">sie</sone><sone id="l43_s15" lk="128" lemma="kū’j" tahendus="hunnik" ingl="stack" liik="S" vorm="sg.gen.">kū’i</sone><sone id="l43_s16" lk="128" lemma="pie’rrõ" tahendus="järgi" ingl="after" liik="Post">pⁱer’rə</sone><sone id="l43_s17" lk="128" meta="vahemärk">.</sone></lause><lause id="l44"><sone id="l44_s1" lk="128" lemma="ni" tahendus="nüüd" ingl="now" liik="Adv">ni</sone><sone id="l44_s2" lk="128" lemma="vȱlda" tahendus="olla" ingl="be" liik="Va" vorm="pers.ind.pr.pl.3.">a’dtə</sone><sone id="l44_s3" lk="128" lemma="tūlda" tahendus="tulla" ingl="come" liik="V" vorm="nud.pl.">tund</sone><sone id="l44_s4" lk="128" lemma="sīnõ" tahendus="sinna" ingl="there" liik="ProAdv">sīn</sone><sone id="l44_s5" lk="128" lemma="se" tahendus="see" ingl="this" liik="ProS" vorm="sg.gen.">sie</sone><sone id="l44_s6" lk="128" lemma="kū’j" tahendus="kuhi" ingl="stack" liik="S" vorm="sg.gen.">kū’i</sone><sone id="l44_s7" lk="129" lemma="jū’rõ" tahendus="juurde" ingl="to" liik="Post">jū’r</sone><sone id="l44_s8" lk="129" meta="vahemärk">.</sone></lause><lause id="l45"><sone id="l45_s1" lk="129" lemma="ni" tahendus="nüüd" ingl="now" liik="Adv">ni</sone><sone id="l45_s2" lk="129" lemma="tämā" tahendus="tema" ingl="he, she" liik="ProS" vorm="sg.nom.">ta</sone><sone id="l45_s3" lk="129" lemma="vaņțlõ" tahendus="vaadata" ingl="look" liik="V" vorm="nud.sg.">vańḱĺən</sone><sone id="l45_s4" lk="129" meta="vahemärk">,</sone><sone id="l45_s5" lk="129" lemma="kus" tahendus="kuhu" ingl="where" liik="Intr">kus</sone><sone id="l45_s6" lk="129" lemma="ne" tahendus="nemad" ingl="they" liik="ProS" vorm="pl.nom.">ne</sone><sone id="l45_s7" lk="129" lemma="lǟ’dõ" tahendus="minna" ingl="go" liik="V" vorm="pers.ind.pr.pl.3.">lǟ’bəd</sone><sone id="l45_s8" lk="129" lemma="un" tahendus="ja" ingl="and" liik="Konj">un</sone><sone id="l45_s9" lk="129" lemma="mis" tahendus="mis" ingl="what" liik="Intr" vorm="sg.nom.">mis</sone><sone id="l45_s10" lk="129" lemma="ne" tahendus="nemad" ingl="they" liik="ProS" vorm="pl.nom.">ne</sone><sone id="l45_s11" lk="129" lemma="tī’edõ" tahendus="teha" ingl="do" liik="V" vorm="pers.ind.pr.pl.3.">ti’ebəd</sone><sone id="l45_s12" lk="129" meta="vahemärk">.</sone></lause><lause id="l46"><sone id="l46_s1" lk="129" lemma="ni" tahendus="nüüd" ingl="now" liik="Adv">ni</sone><sone id="l46_s2" lk="129" lemma="ne" tahendus="nemad" ingl="they" liik="ProS" vorm="pl.nom.">ne</sone><sone id="l46_s3" lk="129" lemma="vȱlda" tahendus="olla" ingl="be" liik="Va" vorm="pers.ind.pr.pl.3.">a’dtə</sone><sone id="l46_s4" lk="129" lemma="lǟ’dõ" tahendus="minna" ingl="go" liik="V" vorm="nud.pl.">lǟ’nəd</sone><sone id="l46_s5" lk="129" lemma="sidāmt" tahendus="keskele" ingl="to the middle" liik="Pre">sidāmt</sone><sone id="l46_s6" lk="129" lemma="kū’j" tahendus="kuhi" ingl="stack" liik="S" vorm="sg.gen.">kū’i</sone><sone id="l46_s7" lk="129" lemma="un" tahendus="ja" ingl="and" liik="Konj">un</sone><sone id="l46_s8" lk="129" lemma="ni" tahendus="nüüd" ingl="now" liik="Adv">ni</sone><sone id="l46_s9" lk="129" lemma="vȱlda" tahendus="olla" ingl="be" liik="Va" vorm="pers.ind.pr.pl.3.">a’dtə</sone><sone id="l46_s10" lk="129" lemma="ma’ggõ" tahendus="sugulises vahekorras olla" ingl="have a sexual intercourse" liik="V" vorm="nud.pl.">ma’ggənd</sone><sone id="l46_s11" lk="129" meta="vahemärk">.</sone></lause><lause id="l47"><sone id="l47_s1" lk="129" lemma="bet" tahendus="aga" ingl="but" liik="Konj">bet</sone><sone id="l47_s2" lk="129" lemma="ni" tahendus="nüüd" ingl="now" liik="Adv">ni</sone><sone id="l47_s3" lk="129" lemma="ne" tahendus="nemad" ingl="they" liik="ProS" vorm="pl.dat.">näntən</sone><sone id="l47_s4" lk="129" lemma="vȱlda" tahendus="olla" ingl="be" liik="V" vorm="nud.sg.">ve̮nd</sone><sone id="l47_s5" lk="129" lemma="seļļi" tahendus="selline" ingl="this kind of" liik="ProA" vorm="sg.nom.">seĺĺi</sone><sone id="l47_s6" lk="129" lemma="rõk" tahendus="jutt" ingl="talk" liik="S" vorm="sg.nom.">ri̮k</sone><sone id="l47_s7" lk="129" meta="vahemärk">,</sone><sone id="l47_s8" lk="129" lemma="se" tahendus="see" ingl="this" liik="ProS" vorm="sg.nom.">se</sone><sone id="l47_s9" lk="129" lemma="reiznikā" tahendus="reisiline" ingl="traveler" liik="S" vorm="sg.nom.">reiznikā</sone><sone id="l47_s10" lk="129" lemma="vȱlda" tahendus="olla" ingl="be" liik="Va" vorm="pers.ind.pr.sg.3.">um</sone><sone id="l47_s11" lk="129" lemma="kūldõ" tahendus="kuulata" ingl="listen" liik="V" vorm="nud.sg.">kūldən</sone><sone id="l47_s12" lk="129" meta="vahemärk">,</sone><sone id="l47_s13" lk="129" lemma="ikš" tahendus="üks" ingl="one" liik="ProS" vorm="sg.nom.">ikš</sone><sone id="l47_s14" lk="129" lemma="kõrd" tahendus="kord" ingl="time" liik="Adv">ki̮rd</sone><sone id="l47_s15" lk="129" lemma="se" tahendus="see" ingl="this" liik="ProS" vorm="sg.nom.">se</sone><sone id="l47_s16" lk="129" lemma="neitst" tahendus="neiu" ingl="maiden" liik="S" vorm="sg.nom.">neitst</sone><sone id="l47_s17" lk="129" lemma="nuttõ" tahendus="hüüda" ingl="call out" liik="V" vorm="nud.sg.">nuttən</sone><sone id="l47_s18" lk="129" meta="vahemärk">:</sone><sone id="l47_s19" lk="129" meta="vahemärk">”</sone><sone lk="129" keel="eesti" id="l47_s20" lemma="kis" tahendus="kes" ingl="who" liik="Intr" vorm="sg.nom.">kis</sone><sone id="l47_s21" lk="129" lemma="se" tahendus="see" ingl="this" liik="ProS" vorm="sg.gen.">sie</sone><sone id="l47_s22" lk="129" lemma="läpš" tahendus="laps" ingl="child" liik="S" vorm="sg.dat.">lapsən</sone><sone id="l47_s23" lk="129" lemma="lēba" tahendus="leib" ingl="bread" liik="S" vorm="sg.part.">leibə</sone><sone id="l47_s24" lk="129" lemma="andõ" tahendus="anda" ingl="give" liik="V" vorm="pers.ind.pr.sg.3.">āndab</sone><sone lk="129" keel="eesti" id="l47_s25" meta="vahemärk">?</sone><sone id="l47_s26" lk="129" meta="vahemärk">”</sone></lause><lause id="l48"><sone id="l48_s1" lk="129" lemma="ne’i" tahendus="nii" ingl="so" liik="ProAdv">nei’</sone><sone id="l48_s2" lk="129" lemma="se" tahendus="see" ingl="this" liik="ProS" vorm="sg.nom.">se</sone><sone id="l48_s3" lk="129" lemma="pȯis" tahendus="poiss" ingl="boy" liik="S" vorm="sg.nom.">pᵘe̮is</sone><sone id="l48_s4" lk="129" lemma="kītõ" tahendus="öelda" ingl="say" liik="V" vorm="nud.sg.">kītən</sone><sone id="l48_s5" lk="129" meta="vahemärk">:</sone><sone id="l48_s6" lk="129" meta="vahemärk">”</sone><sone id="l48_s7" lk="129" lemma="kis" tahendus="kes" ingl="who" liik="Intr" vorm="sg.nom.">kis</sone><sone id="l48_s8" lk="129" lemma="i’llõ" tahendus="üleval" ingl="up" liik="Adv">il’l</sone><sone id="l48_s9" lk="129" lemma="vȱlda" tahendus="olla" ingl="be" liik="V" vorm="pers.ind.pr.sg.3.">um’</sone><sone lk="129" keel="eesti" id="l48_s10" meta="vahemärk">!</sone><sone id="l48_s11" lk="129" meta="vahemärk">”</sone></lause><lause id="l49"><sone id="l49_s1" lk="129" lemma="ne’i" tahendus="nii" ingl="so" liik="ProAdv">nei’</sone><sone id="l49_s2" lk="129" lemma="se" tahendus="see" ingl="this" liik="ProS" vorm="sg.nom.">se</sone><sone id="l49_s3" lk="129" lemma="reiznikā" tahendus="reisiline" ingl="traveler" liik="S" vorm="sg.nom.">reiznikā</sone><sone id="l49_s4" lk="129" lemma="ouŗõ" tahendus="karjuda" ingl="shout" liik="V" vorm="nud.sg.">ourən</sone><sone id="l49_s5" lk="129" meta="vahemärk">:</sone><sone id="l49_s6" lk="129" meta="vahemärk">”</sone><sone lk="129" keel="eesti" id="l49_s7">ja</sone><sone id="l49_s8" lk="129" lemma="tēg" tahendus="teie" ingl="you" liik="ProS" vorm="pl.nom.">tēg</sone><sone id="l49_s9" lk="129" lemma="rakkõrz" tahendus="raisk" liik="S" vorm="pl.nom." kommentaar="?">rakkərd</sone><sone id="l49_s10" lk="129" meta="vahemärk">,</sone><sone id="l49_s11" lk="129" lemma="ku" tahendus="et" ingl="that" liik="Konj">ku</sone><sone id="l49_s12" lk="129" lemma="minā" tahendus="mina" ingl="I" liik="ProS" vorm="sg.dat.">min’</sone><sone id="l49_s13" lk="129" lemma="tēg" tahendus="teie" ingl="you" liik="ProS" vorm="pl.gen.">tä’d</sone><sone id="l49_s14" lk="129" lemma="läpš" tahendus="laps" ingl="child" liik="S" vorm="sg.dat.">lapsən</sone><sone id="l49_s15" lk="129" lemma="lēba" tahendus="leib" ingl="bread" liik="S" vorm="sg.part.">leibə</sone><sone id="l49_s16" lk="129" lemma="andõ" tahendus="anda" ingl="give" liik="V" vorm="deb.">āndaməst</sone><sone lk="129" keel="eesti" id="l49_s17" meta="vahemärk">.</sone><sone id="l49_s18" lk="129" meta="vahemärk">”</sone></lause><lause id="l50"><sone id="l50_s1" lk="129" lemma="ne’i" tahendus="nii" ingl="so" liik="ProAdv">nei’</sone><sone id="l50_s2" lk="129" lemma="tämā" tahendus="tema" ingl="he, she" liik="ProS" vorm="sg.nom.">ta</sone><sone id="l50_s3" lk="129" lemma="võttõ" tahendus="võtta" ingl="take" liik="V" vorm="nud.sg.">vi̮ttən</sone><sone id="l50_s4" lk="129" lemma="se" tahendus="see" ingl="this" liik="ProS" vorm="sg.gen.">sie</sone><sone id="l50_s5" lk="129" lemma="lēba" tahendus="leib" ingl="bread" liik="S" vorm="sg.gen.">lēba</sone><sone id="l50_s6" lk="129" lemma="kukīļ" tahendus="päts" ingl="loaf" liik="S" vorm="sg.gen.">kukīĺ</sone><sone id="l50_s7" lk="129" lemma="un" tahendus="ja" ingl="and" liik="Konj">un</sone><sone id="l50_s8" lk="129" lemma="viskõ" tahendus="visata" ingl="throw" liik="V" vorm="nud.sg.">viskən</sone><sone id="l50_s9" lk="129" lemma="ne" tahendus="nemad" ingl="they" liik="ProS" vorm="pl.dat.">näntən</sone><sone id="l50_s10" lk="129" lemma="sǟlga" tahendus="selg" ingl="back" liik="S" vorm="sg.ill.">sälgə</sone><sone id="l50_s11" lk="129" meta="vahemärk">.</sone></lause><lause id="l51"><sone id="l51_s1" lk="129" lemma="ne’i" tahendus="nii" ingl="so" liik="ProAdv">nei’</sone><sone id="l51_s2" lk="129" lemma="vȱlda" tahendus="olla" ingl="be" liik="Va" vorm="pers.ind.pr.pl.3.">a’dt</sone><sone id="l51_s3" lk="129" lemma="lǟ’dõ" tahendus="minna" ingl="go" liik="V" vorm="nud.pl.">lǟ’nəd</sone><sone id="l51_s4" lk="129" lemma="je’ds+pēḑõn" tahendus="ära" ingl="away" liik="Adva">je’dspēd́ən</sone><sone id="l51_s5" lk="129" lemma="un" tahendus="ja" ingl="and" liik="Konj">un</sone><sone id="l51_s6" lk="129" lemma="ni" tahendus="nüüd" ingl="now" liik="Adv">ni</sone><sone id="l51_s7" lk="129" lemma="vȱlda" tahendus="olla" ingl="be" liik="Va" vorm="pers.ind.pr.sg.3.">um</sone><sone id="l51_s8" lk="129" lemma="vȱlda" tahendus="olla" ingl="be" liik="V" vorm="nud.sg.">ve̮nd</sone><sone id="l51_s9" lk="129" lemma="pǟva" tahendus="päike, päev" ingl="day, sun" liik="S" vorm="sg.nom.">pǟva</sone><sone id="l51_s10" lk="129" lemma="ullõ" tahendus="väljas" ingl="out" liik="Adv">ull</sone><sone id="l51_s11" lk="129" meta="vahemärk">,</sone><sone id="l51_s12" lk="129" lemma="un" tahendus="ja" ingl="and" liik="Konj">un</sone><sone id="l51_s13" lk="129" lemma="se" tahendus="see" ingl="this" liik="ProS" vorm="sg.nom.">se</sone><sone id="l51_s14" lk="129" lemma="reiznikā" tahendus="reisiline" ingl="traveler" liik="S" vorm="sg.nom.">reiznikā</sone><sone id="l51_s15" lk="129" lemma="reizõ" tahendus="reisida" ingl="travel" liik="V" vorm="nud.sg.">reizən</sone><sone id="l51_s16" lk="129">jo</sone><sone id="l51_s17" lk="129" lemma="kōgaz" tahendus="kaugele" ingl="far" liik="Adv">kōgaz</sone><sone id="l51_s18" lk="129" meta="vahemärk">.</sone></lause></sisu>
</liivike>
