<?xml version="1.0" encoding="UTF-8"?>
<?xml-stylesheet type="text/xsl" href="liivike_tekst.xsl"?>
<liivike>
	<info><tyyp>kirjalik</tyyp><teema>Satuja 46</teema><keel>liivi</keel><murre>idaliivi</murre><kirjaviis>foneetiline transkriptsioon</kirjaviis><kyla longituud="22.317266" latituud="57.68167">Irē</kyla><teos pealkiri="Näytteitä liivin kielestä" aasta="1953" koht="Helsinki">E. N. Setälä</teos><keelejuht id="AD" haridus="" synniaasta="" synnikoht="" vanus="" sugu="M">Andrõks Dembergt</keelejuht></info><sisu id="Set_Sat_46">
		<lause id="l1">
			<sone id="l1_s1" lk="245" meta="number">46</sone>
			<sone id="l1_s2" lk="245" meta="vahemärk">.</sone></lause>
		<lause id="l2"><sone id="l2_s1" lk="245" meta="kommentaar">Ire</sone><sone id="l2_s2" lk="245" meta="vahemärk">,</sone><sone id="l2_s3" lk="245" meta="kommentaar">Ańdrəks</sone><sone id="l2_s4" lk="245" meta="kommentaar">Dembergt</sone><sone id="l2_s5" lk="245" meta="vahemärk">.</sone></lause><lause id="l3"><sone id="l3_s1" lk="245" lemma="ikš+kõrd" tahendus="ükskord" ingl="once" liik="ProAdv">ikš+ki̮rd</sone><sone id="l3_s2" lk="245" lemma="vȱlda" tahendus="olla" ingl="be" liik="Va" vorm="pers.ind.pr.sg.3.">um’</sone><sone id="l3_s3" lk="245" lemma="je’llõ" tahendus="elada" ingl="live" liik="V" vorm="nud.sg.">je̮l’lən</sone><sone id="l3_s4" lk="245" lemma="ikš" tahendus="üks" ingl="one" liik="ProS" vorm="sg.nom.">ikš</sone><sone id="l3_s5" lk="245" lemma="kaļāj" tahendus="sepp" ingl="blacksmith" liik="S" vorm="sg.nom.">kaĺāi</sone><sone id="l3_s6" lk="245" lemma="un" tahendus="ja" ingl="and" liik="Konj">un</sone><sone id="l3_s7" lk="245" lemma="tämā" tahendus="tema" ingl="he" liik="ProS" vorm="sg.nom.">ta</sone><sone lk="245" keel="eesti" id="l3_s8" meta="vahemärk">=</sone><sone lk="245" keel="eesti" id="l3_s9" lemma="vȱlda" tahendus="olla" ingl="be" liik="Va" vorm="pers.ind.pr.sg.3.">m’</sone><sone id="l3_s10" lk="245" lemma="je’llõ" tahendus="elada" ingl="live" liik="V" vorm="nud.sg.">je̮l’lən</sone><sone id="l3_s11" lk="245" lemma="zingõ" tahendus="laulda ilmalikku laulu" ingl="sing" liik="V" vorm="ger.">ziŋgəs</sone><sone id="l3_s12" lk="245" lemma="ī’d" tahendus="üha" ingl="only" liik="Adv">ī’d</sone><sone id="l3_s13" lk="245" lemma="jegā" tahendus="iga" ingl="every" liik="ProS" vorm="sg.gen.">je̮gā</sone><sone id="l3_s14" lk="245" lemma="pǟva" tahendus="päev" ingl="day" liik="S" vorm="sg.gen.">pǟva</sone><sone id="l3_s15" lk="245" meta="vahemärk">.</sone></lause><lause id="l4"><sone id="l4_s1" lk="245" lemma="un" tahendus="ja" ingl="and" liik="Konj">un</sone><sone id="l4_s2" lk="245" lemma="tämā" tahendus="tema" ingl="he" liik="ProS" vorm="sg.nom.">ta</sone><sone id="l4_s3" lk="245" lemma="ä’b" tahendus="ei" ingl="not" liik="Mn" vorm="pers.ind.pr.sg.3.">äb</sone><sone id="l4_s4" lk="245" lemma="vȱlda" tahendus="olla" ingl="be" liik="Va" vorm="pers.ind.sg.3.neg.">uo</sone><sone id="l4_s5" lk="245" lemma="tieudõ" tahendus="teada" ingl="know" liik="V" vorm="nud.sg.">tⁱewdən</sone><sone id="l4_s6" lk="245" lemma="ä’b+jõvā" tahendus="kuri" ingl="evil" liik="A" vorm="sg.el.">äb+ji̮vāst</sone><sone id="l4_s7" lk="245" lemma="mittõ" tahendus="mitte" ingl="not" liik="Mn">mittə</sone><sone id="l4_s8" lk="245" lemma="midāgõd" tahendus="miski" ingl="anything" liik="ProAdv" vorm="sg.part.">midāgist</sone><sone id="l4_s9" lk="245" meta="vahemärk">.</sone></lause><lause id="l5"><sone id="l5_s1" lk="245" lemma="ni" tahendus="nii" ingl="now" liik="ProAdv">ni</sone><sone id="l5_s2" lk="245" lemma="tämā" tahendus="tema" ingl="he" liik="ProS" vorm="sg.dat.">täm’mən</sone><sone id="l5_s3" lk="245" lemma="vȱlda" tahendus="olla" ingl="be" liik="Va" vorm="pers.ips.ind.pr.pl.3.">umāt</sone><sone id="l5_s4" lk="245" lemma="kītõ" tahendus="öelda" ingl="say" liik="V" vorm="nud.pl.">kītənəd</sone><sone id="l5_s5" lk="245" meta="vahemärk">,</sone><sone id="l5_s6" lk="245" lemma="ku" tahendus="et" ingl="that" liik="Konj">ku</sone><sone id="l5_s7" lk="245" lemma="pasouļ" tahendus="maailm" ingl="world" liik="S" vorm="sg.gen.">passouĺ</sone><sone id="l5_s8" lk="245" lemma="pǟl " tahendus="peal" ingl="on" liik="Post">pǟl</sone><sone id="l5_s9" lk="245" lemma="vȱlda" tahendus="olla" ingl="be" liik="V" vorm="pers.ind.pr.sg.3.">um’</sone><sone id="l5_s10" lk="245" lemma="ä’b+jõvā" tahendus="kuri" ingl="evil" liik="A" vorm="sg.el.">äb+ji̮vāst</sone><sone id="l5_s11" lk="245" meta="vahemärk">(</sone><sone id="l5_s12" lk="245" meta="kommentaar">pro</sone><sone id="l5_s13" lk="245" lemma="ä’b+jõvā" tahendus="kurat" ingl="devil" liik="S" vorm="sg.nom.">äb+ji̮vā</sone><sone id="l5_s14" lk="245" meta="vahemärk">)</sone><sone id="l5_s15" lk="245" lemma="un" tahendus="ja" ingl="and" liik="Konj">un</sone><sone id="l5_s16" lk="245" lemma="ni" tahendus="nüüd" ingl="now" liik="Adv">ni</sone><sone id="l5_s17" lk="245" lemma="tämā" tahendus="tema" ingl="he" liik="ProS" vorm="sg.nom.">ta</sone><sone lk="245" keel="eesti" id="l5_s18" meta="vahemärk">=</sone><sone lk="245" keel="eesti" id="l5_s19" lemma="vȱlda" tahendus="olla" ingl="be" liik="Va" vorm="pers.ind.pr.sg.3.">m’</sone><sone id="l5_s20" lk="245" lemma="lǟʼdõ" tahendus="minna" ingl="go" liik="V" vorm="nud.sg.">lǟ’nd</sone><sone id="l5_s21" lk="245" lemma="ä’b+jõvā" tahendus="kurat" ingl="devil" liik="S" vorm="sg.part.">äb+ji̮v’və</sone><sone id="l5_s22" lk="245" lemma="vȯtšõ" tahendus="otsida" ingl="look for" liik="V" vorm="sup.">ve̮t́šəm</sone><sone id="l5_s23" lk="245" meta="vahemärk">.</sone></lause><lause id="l6"><sone id="l6_s1" lk="245" lemma="tämā" tahendus="tema" ingl="he" liik="ProS" vorm="sg.nom.">ta</sone><sone lk="245" keel="eesti" id="l6_s2" meta="vahemärk">=</sone><sone lk="245" keel="eesti" id="l6_s3" lemma="vȱlda" tahendus="olla" ingl="be" liik="Va" vorm="pers.ind.pr.sg.3.">m’</sone><sone id="l6_s4" lk="245" lemma="lǟʼdõ" tahendus="minna" ingl="go" liik="V" vorm="nud.sg.">lǟ’nd</sone><sone id="l6_s5" lk="245" lemma="sūr" tahendus="suur" ingl="big" liik="A" vorm="sg.ill.">sūrə</sone><sone id="l6_s6" lk="245" lemma="mõtsā" tahendus="mets" ingl="forest" liik="S" vorm="sg.ill.">mi̮tsə</sone><sone id="l6_s7" lk="245" lemma="un" tahendus="ja" ingl="and" liik="Konj">un</sone><sone id="l6_s8" lk="245" lemma="ni" tahendus="nüüd" ingl="now" liik="Adv">ni</sone><sone id="l6_s9" lk="245" lemma="vȱlda" tahendus="olla" ingl="be" liik="V" vorm="nud.sg.">ve̮nd</sone><sone id="l6_s10" lk="245" lemma="pi’mdi" tahendus="pime" ingl="dark" liik="A" vorm="sg.nom.">pim’di</sone><sone id="l6_s11" lk="245" lemma="ka" tahendus="ka" ingl="also" liik="ModAdv">ka</sone><sone id="l6_s12" lk="245" lemma="jūs" tahendus="juures" ingl="by" liik="Adv">jūs</sone><sone id="l6_s13" lk="245" meta="vahemärk">.</sone></lause><lause id="l7"><sone id="l7_s1" lk="245" lemma="un" tahendus="ja" ingl="and" liik="Konj">un</sone><sone id="l7_s2" lk="245" lemma="ni" tahendus="nüüd" ingl="now" liik="Adv">ni</sone><sone id="l7_s3" lk="245" lemma="tämā" tahendus="tema" ingl="he" liik="ProS" vorm="sg.nom.">ta</sone><sone lk="245" keel="eesti" id="l7_s4" meta="vahemärk">=</sone><sone lk="245" keel="eesti" id="l7_s5" lemma="vȱlda" tahendus="olla" ingl="be" liik="Va" vorm="pers.ind.pr.sg.3.">m’</sone><sone id="l7_s6" lk="245" lemma="vȯtšõ" tahendus="otsida" ingl="look for" liik="V" vorm="nud.sg.">ve̮t́šən</sone><sone id="l7_s7" lk="245" lemma="või" tahendus="kas" ingl="if" liik="Intr">vi̮i’</sone><sone id="l7_s8" lk="245" lemma="tämā" tahendus="tema" ingl="he" liik="ProS" vorm="sg.nom.">ta</sone><sone id="l7_s9" lk="245" lemma="ä’b" tahendus="ei" ingl="not" liik="Mn" vorm="pers.ind.pr.sg.3.">äb</sone><sone id="l7_s10" lk="245" lemma="lieudõ" tahendus="leida" ingl="find" liik="V" vorm="pers.ind.sg.3.neg.">lieda</sone><sone id="l7_s11" lk="245" lemma="mingi" tahendus="mingi" ingl="some" liik="ProS" vorm="pl.part.">miŋgiži</sone><sone id="l7_s12" lk="245" lemma="tubā" tahendus="tare" ingl="cottage" liik="S" vorm="pl.part.">tu’bd́i</sone><sone id="l7_s13" lk="245" meta="vahemärk">,</sone><sone id="l7_s14" lk="245" lemma="kus" tahendus="kus" ingl="where" liik="Intr">kus</sone><sone id="l7_s15" lk="245" lemma="sǭdõ" tahendus="saada" ingl="get" liik="V" vorm="pers.knd.pr.sg.3.">så̄ks</sone><sone id="l7_s16" lk="245" lemma="īe+mǭj" tahendus="öömaja" ingl="shelter for the night" liik="S" vorm="sg.part.">ie+må̄jə</sone><sone id="l7_s17" lk="245" lemma="un" tahendus="ja" ingl="and" liik="Konj">un</sone><sone id="l7_s18" lk="245" lemma="ni" tahendus="nüüd" ingl="now" liik="Adv">ni</sone><sone id="l7_s19" lk="245" lemma="tämā" tahendus="tema" ingl="he" liik="ProS" vorm="sg.nom.">ta</sone><sone lk="245" keel="eesti" id="l7_s20" meta="vahemärk">=</sone><sone lk="245" keel="eesti" id="l7_s21" lemma="vȱlda" tahendus="olla" ingl="be" liik="Va" vorm="pers.ind.pr.sg.3.">m’</sone><sone id="l7_s22" lk="245" lemma="vaņțlõ" tahendus="vaadata" ingl="look" liik="V" vorm="nud.sg.">vańḱĺən</sone><sone id="l7_s23" lk="245" lemma="un" tahendus="ja" ingl="and" liik="Konj">un</sone><sone id="l7_s24" lk="245" lemma="si’z" tahendus="siis" ingl="then" liik="ProAdv">siz</sone><sone id="l7_s25" lk="245" lemma="tämā" tahendus="tema" ingl="he" liik="ProS" vorm="sg.nom.">ta</sone><sone lk="245" keel="eesti" id="l7_s26" meta="vahemärk">=</sone><sone lk="245" keel="eesti" id="l7_s27" lemma="vȱlda" tahendus="olla" ingl="be" liik="Va" vorm="pers.ind.pr.sg.3.">m’</sone><sone id="l7_s28" lk="245" lemma="ie+nǟ’dõ" tahendus="näha" ingl="see" liik="V" vorm="nud.sg.prf.">i’e+nǟnd</sone><sone id="l7_s29" lk="245" lemma="tu’ļ" tahendus="tuli" ingl="light" liik="S" vorm="sg.part.">tūlda</sone><sone id="l7_s30" lk="245" lemma="un" tahendus="ja" ingl="and" liik="Konj">un</sone><sone id="l7_s31" lk="245" lemma="ni" tahendus="nüüd" ingl="now" liik="Adv">ni</sone><sone id="l7_s32" lk="245" lemma="tämā" tahendus="tema" ingl="he" liik="ProS" vorm="sg.nom.">ta</sone><sone lk="245" keel="eesti" id="l7_s33" meta="vahemärk">=</sone><sone lk="245" keel="eesti" id="l7_s34" lemma="vȱlda" tahendus="olla" ingl="be" liik="Va" vorm="pers.ind.pr.sg.3.">m’</sone><sone id="l7_s35" lk="245" lemma="lǟʼdõ" tahendus="minna" ingl="go" liik="V" vorm="nud.sg.">lǟ’nd</sone><sone id="l7_s36" lk="245" lemma="jū’rõ" tahendus="juurde" ingl="by" liik="Adva">jū’rə</sone><sone id="l7_s37" lk="245" lemma="un" tahendus="ja" ingl="and" liik="Konj">un</sone><sone id="l7_s38" lk="245" lemma="si’z" tahendus="siis" ingl="then" liik="ProAdv">siz</sone><sone id="l7_s39" lk="245" lemma="tämā" tahendus="tema" ingl="he" liik="ProS" vorm="sg.nom.">ta</sone><sone lk="245" keel="eesti" id="l7_s40" meta="vahemärk">=</sone><sone lk="245" keel="eesti" id="l7_s41" lemma="vȱlda" tahendus="olla" ingl="be" liik="Va" vorm="pers.ind.pr.sg.3.">m’</sone><sone id="l7_s42" lk="245" lemma="ie+nǟ’dõ" tahendus="näha" ingl="see" liik="V" vorm="nud.sg.prf.">i’e+nǟnd</sone><sone id="l7_s43" lk="245" meta="vahemärk">,</sone><sone id="l7_s44" lk="245" lemma="ku" tahendus="et" ingl="that" liik="Konj">ku</sone><sone id="l7_s45" lk="245" lemma="se" tahendus="see" ingl="this" liik="ProS" vorm="sg.nom.">se</sone><sone id="l7_s46" lk="245" lemma="tu’ļ" tahendus="tuli" ingl="light" liik="S" vorm="sg.nom.">tuĺ’</sone><sone id="l7_s47" lk="245" lemma="vȱlda" tahendus="olla" ingl="be" liik="Va" vorm="pers.ind.pr.sg.3.">um’</sone><sone id="l7_s48" lk="245" lemma="vȱlda" tahendus="olla" ingl="be" liik="V" vorm="nud.sg.">ve̮nd</sone><sone id="l7_s49" lk="245" lemma="tubā" tahendus="tare" ingl="cottage" liik="S" vorm="sg.in.">tubās</sone><sone id="l7_s50" lk="245" meta="vahemärk">.</sone></lause><lause id="l8"><sone id="l8_s1" lk="245" lemma="ni" tahendus="nüüd" ingl="now" liik="Adv">ni</sone><sone id="l8_s2" lk="245" lemma="tämā" tahendus="tema" ingl="he" liik="ProS" vorm="sg.nom.">ta</sone><sone lk="245" keel="eesti" id="l8_s3" meta="vahemärk">=</sone><sone lk="245" keel="eesti" id="l8_s4" lemma="vȱlda" tahendus="olla" ingl="be" liik="Va" vorm="pers.ind.pr.sg.3.">m’</sone><sone id="l8_s5" lk="245" lemma="lǟʼdõ" tahendus="minna" ingl="go" liik="V" vorm="nud.sg.">lǟ’nd</sone><sone id="l8_s6" lk="245" lemma="tubā" tahendus="tare" ingl="cottage" liik="S" vorm="sg.ill.">tu’bbə</sone><sone id="l8_s7" lk="245" lemma="si’zzõl" tahendus="sisse" ingl="into" liik="Adva">si’zzəl</sone><sone id="l8_s8" lk="245" lemma="un" tahendus="ja" ingl="and" liik="Konj">un</sone><sone id="l8_s9" lk="245" lemma="mit+ikš" tahendus="mitte ükski" ingl="not one" liik="ProS" vorm="sg.part.">mit+ī’tə</sone><sone id="l8_s10" lk="245" lemma="rištīng" tahendus="inimene" ingl="person" liik="S" vorm="sg.part.">rištīŋgt</sone><sone id="l8_s11" lk="245" lemma="ä’b" tahendus="ei" ingl="not" liik="Mn" vorm="pers.ind.pr.sg.3.">äb</sone><sone id="l8_s12" lk="245" lemma="vȱlda" tahendus="olla" ingl="be" liik="Va" vorm="pers.ind.sg.3.neg.">uo</sone><sone id="l8_s13" lk="245" lemma="vȱlda" tahendus="olla" ingl="be" liik="V" vorm="nud.sg.">ve̮nd</sone><sone id="l8_s14" lk="245" lemma="tubā" tahendus="tare" ingl="cottage" liik="S" vorm="sg.in.">tubās</sone><sone id="l8_s15" lk="245" meta="vahemärk">.</sone></lause><lause id="l9"><sone id="l9_s1" lk="245" lemma="ni" tahendus="nüüd" ingl="now" liik="Adv">ni</sone><sone id="l9_s2" lk="245" lemma="tämā" tahendus="tema" ingl="he" liik="ProS" vorm="sg.nom.">ta</sone><sone id="l9_s3" lk="245" lemma="mõtlõ" tahendus="mõelda" ingl="think" liik="V" vorm="nud.sg.">mi̮tlən</sone><sone id="l9_s4" lk="245" lemma="mis" tahendus="mis" ingl="what" liik="Intr" vorm="sg.nom.">mis</sone><sone id="l9_s5" lk="245" lemma="tämā" tahendus="tema" ingl="he" liik="ProS" vorm="sg.nom.">ta</sone><sone id="l9_s6" lk="245" lemma="tī’edõ" tahendus="teha" ingl="do" liik="V" vorm="pers.knd.pr.sg.3.">ti’eks</sone><sone id="l9_s7" lk="245" meta="vahemärk">.</sone></lause><lause id="l10"><sone id="l10_s1" lk="245" lemma="se" tahendus="see" ingl="this" liik="ProS" vorm="sg.nom.">se</sone><sone id="l10_s2" lk="245" lemma="tubā" tahendus="tare" ingl="cottage" liik="S" vorm="sg.nom.">tubā</sone><sone id="l10_s3" lk="246" lemma="vȱlda" tahendus="olla" ingl="be" liik="Va" vorm="pers.ind.pr.sg.3.">um’</sone><sone id="l10_s4" lk="246" lemma="vȱlda" tahendus="olla" ingl="be" liik="V" vorm="nud.sg.">ve̮nd</sone><sone id="l10_s5" lk="246" lemma="pi’mdi" tahendus="pime" ingl="dark" liik="A" vorm="sg.nom.">pim’di</sone><sone id="l10_s6" lk="246" meta="vahemärk">,</sone><sone id="l10_s7" lk="246" lemma="se" tahendus="see" ingl="this" liik="ProS" vorm="sg.nom.">se</sone><sone id="l10_s8" lk="246" lemma="tu’ļ" tahendus="tuli" ingl="light" liik="S" vorm="sg.nom.">tuĺ’</sone><sone id="l10_s9" lk="246" lemma="vȱlda" tahendus="olla" ingl="be" liik="Va" vorm="pers.ind.pr.sg.3.">um’</sone><sone id="l10_s10" lk="246" lemma="kistõ" tahendus="kustuda" ingl="go out" liik="V" vorm="nud.sg.">kistən</sone><sone id="l10_s11" lk="246" lemma="seņtš" tahendus="seni" ingl="as long as " liik="ProAdv">seńt́š</sone><sone id="l10_s12" lk="246" lemma="jarā" tahendus="ära" ingl="off" liik="Adva">je̮rā</sone><sone id="l10_s13" lk="246" meta="vahemärk">,</sone><sone id="l10_s14" lk="246" lemma="koņtš" tahendus="kuni" ingl="as long as" liik="Konj">końt́š</sone><sone id="l10_s15" lk="246" lemma="tämā" tahendus="tema" ingl="he" liik="ProS" vorm="sg.nom.">ta</sone><sone lk="246" keel="eesti" id="l10_s16" meta="vahemärk">=</sone><sone lk="246" keel="eesti" id="l10_s17" lemma="vȱlda" tahendus="olla" ingl="be" liik="Va" vorm="pers.ind.pr.sg.3.">m’</sone><sone id="l10_s18" lk="246" lemma="lǟʼdõ" tahendus="minna" ingl="go" liik="V" vorm="nud.sg.">lǟ’nd</sone><sone id="l10_s19" lk="246" lemma="tubā" tahendus="tare" ingl="cottage" liik="S" vorm="sg.ill.">tu’bbə</sone><sone id="l10_s20" lk="246" meta="vahemärk">.</sone></lause><lause id="l11"><sone id="l11_s1" lk="246" lemma="ni" tahendus="nüüd" ingl="now" liik="Adv">ni</sone><sone id="l11_s2" lk="246" lemma="tämā" tahendus="tema" ingl="he" liik="ProS" vorm="sg.nom.">ta</sone><sone lk="246" keel="eesti" id="l11_s3" meta="vahemärk">=</sone><sone lk="246" keel="eesti" id="l11_s4" lemma="vȱlda" tahendus="olla" ingl="be" liik="Va" vorm="pers.ind.pr.sg.3.">m’</sone><sone id="l11_s5" lk="246" lemma="laskõ " tahendus="heita" ingl="lie" liik="V" vorm="nud.sg.">laškən</sone><sone id="l11_s6" lk="246" lemma="ǭ’j" tahendus="ahi" ingl="oven" liik="S" vorm="sg.gen.">å̄’i</sone><sone id="l11_s7" lk="246" lemma="pǟl " tahendus="peale" ingl="on" liik="Post">pǟl</sone><sone id="l11_s8" lk="246" lemma="ma’ggõ" tahendus="magada" ingl="sleep" liik="V" vorm="sup.">ma’ggəm</sone><sone id="l11_s9" lk="246" lemma="un" tahendus="ja" ingl="and" liik="Konj">un</sone><sone id="l11_s10" lk="246" lemma="i’nnõ" tahendus="uinuda" ingl="doze off" liik="V" vorm="nud.sg.">in’nən</sone><sone id="l11_s11" lk="246" lemma="ma’ggõ" tahendus="magada" ingl="sleep" liik="V" vorm="sup.">ma’ggəm</sone><sone id="l11_s12" lk="246" meta="vahemärk">.</sone></lause><lause id="l12"><sone id="l12_s1" lk="246" lemma="ku" tahendus="kui" ingl="when" liik="Konj" vorm="nud.sg.">ku</sone><sone id="l12_s2" lk="246" lemma="ni" tahendus="nüüd" ingl="now" liik="Adv">ni</sone><sone id="l12_s3" lk="246" lemma="vȱlda" tahendus="olla" ingl="be" liik="V" vorm="nud.sg.">ve̮nd</sone><sone id="l12_s4" lk="246" lemma="īe+sidām" tahendus="südaöö" ingl="midnight" liik="S" vorm="sg.gen.">ie+sidām</sone><sone id="l12_s5" lk="246" lemma="āiga" tahendus="aeg" ingl="time" liik="S" vorm="sg.nom.">āiga</sone><sone id="l12_s6" lk="246" meta="vahemärk">,</sone><sone id="l12_s7" lk="246" lemma="si’z" tahendus="siis" ingl="then" liik="ProAdv">siz</sone><sone id="l12_s8" lk="246" lemma="tämā" tahendus="tema" ingl="he" liik="ProS" vorm="sg.nom.">ta</sone><sone lk="246" keel="eesti" id="l12_s9" meta="vahemärk">=</sone><sone lk="246" keel="eesti" id="l12_s10" lemma="vȱlda" tahendus="olla" ingl="be" liik="Va" vorm="pers.ind.pr.sg.3.">m’</sone><sone id="l12_s11" lk="246" lemma="sǭdõ" tahendus="saada" ingl="get" liik="V" vorm="nud.sg.">så̄nd</sone><sone id="l12_s12" lk="246" lemma="virgõ" tahendus="virgeks" ingl="awaken" liik="Adv">virgə</sone><sone id="l12_s13" lk="246" lemma="un" tahendus="ja" ingl="and" liik="Konj">un</sone><sone id="l12_s14" lk="246" lemma="tämā" tahendus="tema" ingl="he" liik="ProS" vorm="sg.nom.">ta</sone><sone lk="246" keel="eesti" id="l12_s15" meta="vahemärk">=</sone><sone lk="246" keel="eesti" id="l12_s16" lemma="vȱlda" tahendus="olla" ingl="be" liik="Va" vorm="pers.ind.pr.sg.3.">m’</sone><sone id="l12_s17" lk="246" lemma="kūlõ" tahendus="kuulda" ingl="hear" liik="V" vorm="nud.sg.">kūlən</sone><sone id="l12_s18" lk="246" lemma="sūr" tahendus="suur" ingl="big" liik="A" vorm="sg.part.">sūrdə</sone><sone id="l12_s19" lk="246" lemma="dump" tahendus="mäss" liik="S" vorm="sg.part." ingl="riot">dumpə</sone><sone id="l12_s20" lk="246" meta="vahemärk">[</sone><sone id="l12_s21" lk="246" lemma="märā" tahendus="lärm" ingl="noise" liik="S" vorm="sg.part.">mär’rə</sone><sone lk="246" keel="eesti" id="l12_s22" meta="vahemärk">]</sone><sone id="l12_s23" lk="246" meta="vahemärk">.</sone></lause><lause id="l13"><sone id="l13_s1" lk="246" lemma="ne’i" tahendus="nii" ingl="so" liik="ProAdv">nei’</sone><sone id="l13_s2" lk="246" lemma="vȱlda" tahendus="olla" ingl="be" liik="Va" vorm="pers.ind.pr.sg.3.">um’</sone><sone id="l13_s3" lk="246" lemma="lǟʼdõ" tahendus="minna" ingl="go" liik="V" vorm="nud.sg.">lǟ’nd</sone><sone id="l13_s4" lk="246" lemma="se" tahendus="see" ingl="this" liik="ProS" vorm="sg.nom.">se</sone><sone id="l13_s5" lk="246" lemma="ukš" tahendus="uks" ingl="door" liik="S" vorm="sg.nom.">ukš</sone><sone id="l13_s6" lk="246" lemma="vāldiž" tahendus="lahti" ingl="open" liik="Adva">vāldiž</sone><sone id="l13_s7" lk="246" lemma="un" tahendus="ja" ingl="and" liik="Konj">un</sone><sone id="l13_s8" lk="246" lemma="si’z" tahendus="siis" ingl="then" liik="ProAdv">siz</sone><sone id="l13_s9" lk="246" lemma="tūlda" tahendus="tulla" ingl="come" liik="V" vorm="pers.ind.ipf.sg.3.">tuĺ’</sone><sone id="l13_s10" lk="246" lemma="ikš" tahendus="üks" ingl="one" liik="ProS" vorm="sg.nom.">ikš</sone><sone id="l13_s11" lk="246" lemma="vanā" tahendus="vana" ingl="old" liik="A" vorm="sg.nom.">vanā</sone><sone id="l13_s12" lk="246" lemma="ī’d+siļmi" tahendus="ühesilmaline" ingl="one-eyed" liik="A" vorm="sg.nom.">ī’d+siĺmi</sone><sone id="l13_s13" lk="246" lemma="nai" tahendus="naine" ingl="woman" liik="S" vorm="sg.nom.">nai</sone><sone id="l13_s14" lk="246" lemma="si’zzõl" tahendus="sisse" ingl="into" liik="Adva">si’zzəl</sone><sone id="l13_s15" lk="246" lemma="un" tahendus="ja" ingl="and" liik="Konj">un</sone><sone id="l13_s16" lk="246" lemma="nūškõ" tahendus="nuusutada" ingl="sniff" liik="V" vorm="pers.ind.ipf.sg.3.">nūškiz</sone><sone id="l13_s17" lk="246" lemma="un" tahendus="ja" ingl="and" liik="Konj">un</sone><sone id="l13_s18" lk="246" lemma="kītõ" tahendus="öelda" ingl="say" liik="V" vorm="pers.ind.ipf.sg.3.">kītiz</sone><sone id="l13_s19" lk="246" meta="vahemärk">:</sone><sone id="l13_s20" lk="246" meta="vahemärk">”</sone><sone lk="246" keel="eesti" id="l13_s21" lemma="minā" tahendus="mina" ingl="I" liik="ProS" vorm="sg.dat.">min’</sone><sone id="l13_s22" lk="246" lemma="vȱlda" tahendus="olla" ingl="be" liik="Va" vorm="pers.ind.pr.sg.3.">um’</sone><sone id="l13_s23" lk="246" lemma="tūlda" tahendus="tulla" ingl="come" liik="V" vorm="nud.sg.">tund</sone><sone id="l13_s24" lk="246" lemma="ikš" tahendus="üks" ingl="one" liik="ProS" vorm="sg.nom.">ikš</sone><sone id="l13_s25" lk="246" lemma="vȭrõz" tahendus="võõras" ingl="stranger" liik="S" vorm="sg.nom.">vī̮rəz</sone><sone lk="246" keel="eesti" id="l13_s26" meta="vahemärk">.</sone><sone id="l13_s27" lk="246" meta="vahemärk">”</sone></lause><lause id="l14"><sone id="l14_s1" lk="246" lemma="ne’i" tahendus="nii" ingl="so" liik="ProAdv">nei</sone><sone id="l14_s2" lk="246" lemma="vanā" tahendus="vana" ingl="old" liik="A" vorm="sg.nom.">vanā</sone><sone id="l14_s3" lk="246" lemma="nai" tahendus="naine" ingl="woman" liik="S" vorm="sg.nom.">nai</sone><sone id="l14_s4" lk="246" lemma="võttõ" tahendus="võtta" ingl="take" liik="V" vorm="pers.ind.ipf.sg.3.">vi̮tīz</sone><sone id="l14_s5" lk="246" lemma="tu’ļ" tahendus="tuli" ingl="fire" liik="S" vorm="sg.part.">tūlda</sone><sone id="l14_s6" lk="246" lemma="un" tahendus="ja" ingl="and" liik="Konj">un</sone><sone id="l14_s7" lk="246" lemma="vie’ddõ" tahendus="tõmmata" ingl="pull" liik="V" vorm="pers.ind.ipf.sg.3.">vⁱedīz</sone><sone id="l14_s8" lk="246" lemma="kaļāj" tahendus="sepp" ingl="blacksmith" liik="S" vorm="sg.gen.">kaĺāi</sone><sone id="l14_s9" lk="246" lemma="ǭ’j" tahendus="ahi" ingl="oven" liik="S" vorm="sg.gen.">å̄’i</sone><sone id="l14_s10" lk="246" lemma="pǟldõ" tahendus="pealt" ingl="from the top" liik="Post">pǟldə</sone><sone id="l14_s11" lk="246" lemma="mǭ’zõ" tahendus="maha" ingl="down" liik="Adva">må̄’zə</sone><sone id="l14_s12" lk="246" lemma="un" tahendus="ja" ingl="and" liik="Konj">un</sone><sone id="l14_s13" lk="246" lemma="kǭ’ļõ" tahendus="katsuda" ingl="feel" liik="V" vorm="pers.ind.ipf.sg.3.">kå̄’ĺiz</sone><sone id="l14_s14" lk="246" meta="vahemärk">,</sone><sone id="l14_s15" lk="246" lemma="või" tahendus="kas" ingl="if" liik="Intr">vi̮i’</sone><sone id="l14_s16" lk="246" lemma="tämā" tahendus="tema" ingl="he" liik="ProS" vorm="sg.nom.">ta</sone><sone id="l14_s17" lk="246" lemma="vȱlda" tahendus="olla" ingl="be" liik="V" vorm="pers.ind.pr.sg.3.">um’</sone><sone id="l14_s18" lk="246" lemma="ka" tahendus="ka" ingl="also" liik="ModAdv">ka</sone><sone id="l14_s19" lk="246" lemma="lī’ebi" tahendus="rammus" ingl="fat" liik="A" vorm="sg.nom.">li’ebi</sone><sone id="l14_s20" lk="246" meta="vahemärk">.</sone></lause><lause id="l15"><sone id="l15_s1" lk="246" lemma="un" tahendus="ja" ingl="and" liik="Konj">un</sone><sone id="l15_s2" lk="246" lemma="ni" tahendus="nüüd" ingl="now" liik="Adv">ni</sone><sone id="l15_s3" lk="246" lemma="tämā" tahendus="tema" ingl="she" liik="ProS" vorm="sg.nom.">ta</sone><sone id="l15_s4" lk="246" lemma="kītõ" tahendus="öelda" ingl="say" liik="V" vorm="pers.ind.ipf.sg.3.">kītiz</sone><sone id="l15_s5" lk="246" meta="vahemärk">:</sone><sone id="l15_s6" lk="246" meta="vahemärk">”</sone><sone lk="246" keel="eesti" id="l15_s7" lemma="paldīņ" tahendus="praegu" ingl="at this moment" liik="Adv">paldīn</sone><sone id="l15_s8" lk="246" lemma="minā" tahendus="mina" ingl="I" liik="ProS" vorm="sg.nom.">ma</sone><sone id="l15_s9" lk="246" lemma="sinā" tahendus="sina" ingl="you" liik="ProS" vorm="sg.part.">sīnda</sone><sone id="l15_s10" lk="246" lemma="ä’b" tahendus="ei" ingl="not" liik="Mn" vorm="pers.ind.pr.sg.1.">äb</sone><sone id="l15_s11" lk="246" lemma="sīedõ" tahendus="süüa" ingl="eat" liik="V" vorm="pers.ind.sg.1.neg.">sie</sone><sone id="l15_s12" lk="246" meta="vahemärk">,</sone><sone id="l15_s13" lk="246" lemma="labākam" tahendus="parem" ingl="better" liik="Adv">labākəm</sone><sone id="l15_s14" lk="246" lemma="minā" tahendus="mina" ingl="I" liik="ProS" vorm="sg.nom.">ma</sone><sone id="l15_s15" lk="246" lemma="sīedõ" tahendus="süüa" ingl="eat" liik="V" vorm="pers.ind.pr.sg.1.">sieb</sone><sone id="l15_s16" lk="246" lemma="sinā" tahendus="sina" ingl="you" liik="ProS" vorm="sg.part.">sīnda</sone><sone id="l15_s17" lk="246" lemma="ūoņdžõl" tahendus="hommikul" ingl="in the morning" liik="Adv">uońdžəl</sone><sone id="l15_s18" lk="246" lemma="brūokst" tahendus="hommikusöök" ingl="breakfast" liik="S" vorm="sg.tr.">bruokstəks</sone><sone lk="246" keel="eesti" id="l15_s19" meta="vahemärk">.</sone><sone id="l15_s20" lk="246" meta="vahemärk">”</sone></lause><lause id="l16"><sone id="l16_s1" lk="246" lemma="ni" tahendus="nüüd" ingl="now" liik="Adv">ni</sone><sone id="l16_s2" lk="246" lemma="tämā" tahendus="tema" ingl="she" liik="ProS" vorm="sg.nom.">ta</sone><sone id="l16_s3" lk="246" lemma="võttõ" tahendus="võtta" ingl="take" liik="V" vorm="pers.ind.ipf.sg.3.">vi̮tīz</sone><sone id="l16_s4" lk="246" lemma="un" tahendus="ja" ingl="and" liik="Konj">un</sone><sone id="l16_s5" lk="246" lemma="tī’edõ" tahendus="teha" ingl="make" liik="V" vorm="pers.ind.ipf.sg.3.">tei</sone><sone id="l16_s6" lk="246" lemma="ī’ž" tahendus="ise" ingl="self" liik="ProS" vorm="sg.dat.">eńt́šən</sone><sone id="l16_s7" lk="246" lemma="ȭ’dõgizt" tahendus="õhtusöök" ingl="dinner" liik="S" vorm="pl.part.">ī̮’dəgiži</sone><sone id="l16_s8" lk="246" meta="vahemärk">.</sone></lause><lause id="l17"><sone id="l17_s1" lk="246" lemma="tämā" tahendus="tema" ingl="she" liik="ProS" vorm="sg.nom.">ta</sone><sone id="l17_s2" lk="246" lemma="vȱlda" tahendus="olla" ingl="be" liik="Va" vorm="pers.ind.ipf.sg.3.">ve̮ĺ’</sone><sone id="l17_s3" lk="246" lemma="a’jjõ" tahendus="ajada" ingl="drive" liik="V" vorm="nud.sg.">ai’jən</sone><sone id="l17_s4" lk="246" lemma="sūr" tahendus="avar" ingl="big" liik="A" vorm="sg.gen.">sūr</sone><sone id="l17_s5" lk="246" lemma="barā" tahendus="kari" ingl="herd" liik="S" vorm="sg.gen.">barā</sone><sone id="l17_s6" lk="246" lemma="jǭsõ" tahendus="jäär" ingl="ram" liik="S" vorm="pl.part.">jå̄sidi</sone><sone id="l17_s7" lk="246" lemma="tubā" tahendus="tare" ingl="cottage" liik="S" vorm="sg.ill.">tu’bbə</sone><sone id="l17_s8" lk="246" meta="vahemärk">,</sone><sone id="l17_s9" lk="246" lemma="tämā" tahendus="tema" ingl="she" liik="ProS" vorm="sg.nom.">ta</sone><sone id="l17_s10" lk="246" lemma="võttõ" tahendus="võtta" ingl="take" liik="V" vorm="pers.ind.ipf.sg.3.">vi̮tīz</sone><sone id="l17_s11" lk="246" lemma="ikš" tahendus="üks" ingl="one" liik="ProS" vorm="sg.gen.">ī’d</sone><sone id="l17_s12" lk="246" lemma="jǭsõ" tahendus="jäär" ingl="ram" liik="S" vorm="sg.gen.">jå̄sə</sone><sone id="l17_s13" lk="246" meta="vahemärk">,</sone><sone id="l17_s14" lk="246" lemma="tappõ" tahendus="tappa" ingl="kill" liik="V" vorm="pers.ind.ipf.sg.3.">tapīz</sone><sone id="l17_s15" lk="246" lemma="mǭ’zõ" tahendus="maha" ingl="down" liik="Adva">må̄’zə</sone><sone id="l17_s16" lk="246" lemma="un" tahendus="ja" ingl="and" liik="Konj">un</sone><sone id="l17_s17" lk="246" lemma="ūdõ" tahendus="küpsetada" ingl="cook" liik="V" vorm="pers.ind.ipf.sg.3.">ūdiz</sone><sone id="l17_s18" lk="246" lemma="jarā" tahendus="ära" ingl="off" liik="Adva">je̮rā</sone><sone id="l17_s19" lk="246" meta="vahemärk">,</sone><sone id="l17_s20" lk="246" lemma="pānda" tahendus="panna" ingl="put" liik="V" vorm="pers.ind.ipf.sg.3.">pań’</sone><sone id="l17_s21" lk="246" lemma="lōda" tahendus="laud" ingl="table" liik="S" vorm="sg.gen.">lōda</sone><sone id="l17_s22" lk="246" lemma="pǟl " tahendus="peale" ingl="on" liik="Post">pǟl</sone><sone id="l17_s23" lk="246" lemma="un" tahendus="ja" ingl="and" liik="Konj">un</sone><sone id="l17_s24" lk="246" lemma="kītõ" tahendus="öelda" ingl="say" liik="V" vorm="pers.ind.ipf.sg.3.">kītiz</sone><sone id="l17_s25" lk="246" lemma="kaļāj" tahendus="sepp" ingl="blacksmith" liik="S" vorm="sg.dat.">kaĺājən</sone><sone id="l17_s26" lk="246" meta="vahemärk">,</sone><sone id="l17_s27" lk="246" lemma="la’z" tahendus="las" ingl="let" liik="ModAdv">laz</sone><sone id="l17_s28" lk="246" lemma="tūlda" tahendus="tulla" ingl="come" liik="V" vorm="pers.jus.pr.sg.3.">tulgə</sone><sone id="l17_s29" lk="246" lemma="sīedõ" tahendus="süüa" ingl="eat" liik="V" vorm="sup.">siemə</sone><sone id="l17_s30" lk="246" meta="vahemärk">.</sone></lause><lause id="l18"><sone id="l18_s1" lk="246" lemma="ne’i" tahendus="nii" ingl="so" liik="ProAdv">nei’</sone><sone id="l18_s2" lk="246" lemma="tämā" tahendus="tema" ingl="she" liik="ProS" vorm="sg.nom.">ta</sone><sone id="l18_s3" lk="246" lemma="ki’zzõ" tahendus="küsida" ingl="ask" liik="V" vorm="pers.ind.ipf.sg.3.">kizīz</sone><sone id="l18_s4" lk="246" meta="vahemärk">,</sone><sone id="l18_s5" lk="246" lemma="kustõ" tahendus="kust" ingl="where from" liik="Intr">kust</sone><sone id="l18_s6" lk="246" lemma="tämā" tahendus="tema" ingl="he" liik="ProS" vorm="sg.nom.">ta</sone><sone id="l18_s7" lk="246" lemma="vȱlda" tahendus="olla" ingl="be" liik="V" vorm="pers.ind.pr.sg.3.">um’</sone><sone id="l18_s8" lk="246" lemma="perīņ" tahendus="pärit" ingl="from" liik="Adv">perīń</sone><sone id="l18_s9" lk="246" meta="vahemärk">.</sone></lause><lause id="l19"><sone id="l19_s1" lk="246" lemma="tämā" tahendus="tema" ingl="he" liik="ProS" vorm="sg.nom.">ta</sone><sone id="l19_s2" lk="246" lemma="kītõ" tahendus="öelda" ingl="say" liik="V" vorm="pers.ind.ipf.sg.3.">kītiz</sone><sone id="l19_s3" lk="246" meta="vahemärk">,</sone><sone id="l19_s4" lk="246" lemma="ku" tahendus="et" ingl="that" liik="Konj">ku</sone><sone id="l19_s5" lk="246" lemma="tämā" tahendus="tema" ingl="he" liik="ProS" vorm="sg.nom.">ta</sone><sone id="l19_s6" lk="246" lemma="vȱlda" tahendus="olla" ingl="be" liik="V" vorm="pers.ind.pr.sg.3.">um’</sone><sone id="l19_s7" lk="246" lemma="kaļāj" tahendus="sepp" ingl="blacksmith" liik="S" vorm="sg.nom.">kaĺāi</sone><sone id="l19_s8" lk="246" lemma="un" tahendus="ja" ingl="and" liik="Konj">un</sone><sone id="l19_s9" lk="246" lemma="ku" tahendus="et" ingl="that" liik="Konj">ku</sone><sone id="l19_s10" lk="246" lemma="tämā" tahendus="tema" ingl="he" liik="ProS" vorm="sg.nom.">ta</sone><sone id="l19_s11" lk="246" lemma="ä’b" tahendus="ei" ingl="not" liik="Mn" vorm="pers.ind.pr.sg.3.">äb</sone><sone id="l19_s12" lk="246" lemma="vȱlda" tahendus="olla" ingl="be" liik="Va" vorm="pers.ind.sg.3.neg.">uo</sone><sone id="l19_s13" lk="246" lemma="tästā" tahendus="siit" ingl="from here" liik="ProAdv">tästā</sone><sone id="l19_s14" lk="246" lemma="kougõn" tahendus="kaugel" ingl="far" liik="Adv">kougən</sone><sone id="l19_s15" lk="246" meta="vahemärk">.</sone></lause><lause id="l20"><sone id="l20_s1" lk="246" lemma="ni" tahendus="nüüd" ingl="now" liik="Adv">ni</sone><sone id="l20_s2" lk="246" lemma="kītõ" tahendus="öelda" ingl="say" liik="V" vorm="pers.ind.ipf.sg.3.">kītiz</sone><sone id="l20_s3" lk="246" lemma="se" tahendus="see" ingl="this" liik="ProS" vorm="sg.nom.">se</sone><sone id="l20_s4" lk="246" lemma="vanā" tahendus="vana" ingl="old" liik="A" vorm="sg.nom.">vanā</sone><sone id="l20_s5" lk="246" lemma="nai" tahendus="naine" ingl="woman" liik="S" vorm="sg.nom.">nai</sone><sone id="l20_s6" lk="246" meta="vahemärk">,</sone><sone id="l20_s7" lk="246" lemma="ku" tahendus="et" ingl="that" liik="Konj">ku</sone><sone id="l20_s8" lk="246" lemma="tämā" tahendus="tema" ingl="she" liik="ProS" vorm="sg.dat.">täm’mən</sone><sone id="l20_s9" lk="246" lemma="vȱlda" tahendus="olla" ingl="be" liik="V" vorm="pers.knd.pr.sg.3.">ve̮lks</sone><sone id="l20_s10" lk="246" lemma="ka" tahendus="ka" ingl="also" liik="ModAdv">ka</sone><sone id="l20_s11" lk="246" lemma="jõvā" tahendus="hea" ingl="good" liik="A" vorm="sg.nom.">ji̮vā</sone><sone id="l20_s12" lk="246" lemma="jelāmi" tahendus="elamine" ingl="life" liik="S" vorm="sg.nom.">je̮lāmi</sone><sone id="l20_s13" lk="246" meta="vahemärk">,</sone><sone id="l20_s14" lk="246" lemma="bet" tahendus="aga" ingl="but" liik="Konj">bet</sone><sone id="l20_s15" lk="246" lemma="tämā" tahendus="tema" ingl="she" liik="ProS" vorm="sg.nom.">tämā</sone><sone id="l20_s16" lk="246" lemma="vȱlda" tahendus="olla" ingl="be" liik="V" vorm="pers.ind.pr.sg.3.">um’</sone><sone id="l20_s17" lk="246" lemma="ī’d+siļmi" tahendus="ühesilmaline" ingl="one-eyed" liik="A" vorm="sg.nom.">ī’d+siĺmi</sone><sone id="l20_s18" lk="246" meta="vahemärk">.</sone></lause><lause id="l21"><sone id="l21_s1" lk="246" lemma="ni" tahendus="nüüd" ingl="now" liik="Adv">ni</sone><sone id="l21_s2" lk="246" lemma="kaļāj" tahendus="sepp" ingl="blacksmith" liik="S" vorm="sg.nom.">kaĺāi</sone><sone id="l21_s3" lk="246" lemma="kītõ" tahendus="öelda" ingl="say" liik="V" vorm="pers.ind.ipf.sg.3.">kītiz</sone><sone id="l21_s4" lk="246" meta="vahemärk">,</sone><sone id="l21_s5" lk="246" lemma="ku" tahendus="et" ingl="that" liik="Konj">ku</sone><sone id="l21_s6" lk="246">ta</sone><sone id="l21_s7" lk="246" lemma="uz+võttõ" tahendus="võtta" ingl="take" liik="V" vorm="pers.ind.pr.sg.3.prf.">ū’z+vi̮tāb</sone><sone id="l21_s8" lk="246" lemma="ta’ggõ" tahendus="taguda" ingl="hammer" liik="V" vorm="inf.">ta’ggə</sone><sone id="l21_s9" lk="246" lemma="tämā" tahendus="tema" ingl="she" liik="ProS" vorm="sg.dat.">täm’mən</sone><sone id="l21_s10" lk="246" lemma="ūž" tahendus="uus" ingl="new" liik="A" vorm="pl.gen.">ūd</sone><sone id="l21_s11" lk="246" lemma="sīlma" tahendus="silm" ingl="eye" liik="S" vorm="sg.gen.">sīlma</sone><sone id="l21_s12" lk="246" lemma="jõvīst" tahendus="hästi" ingl="well" liik="Adv">ji̮vīst</sone><sone id="l21_s13" lk="246" meta="vahemärk">.</sone></lause><lause id="l22"><sone id="l22_s1" lk="246" lemma="ni" tahendus="nüüd" ingl="now" liik="Adv">ni</sone><sone id="l22_s2" lk="246" lemma="nai" tahendus="naine" ingl="woman" liik="S" vorm="sg.nom.">nai</sone><sone id="l22_s3" lk="246" lemma="kītõ" tahendus="öelda" ingl="say" liik="V" vorm="pers.ind.ipf.sg.3.">kītiz</sone><sone id="l22_s4" lk="246" meta="vahemärk">,</sone><sone id="l22_s5" lk="246" lemma="la’z" tahendus="las" ingl="let" liik="ModAdv">laz</sone><sone id="l22_s6" lk="246" lemma="tämā" tahendus="tema" ingl="he" liik="ProS" vorm="sg.nom.">ta</sone><sone id="l22_s7" lk="246" lemma="ta’ggõ" tahendus="taguda" ingl="hammer" liik="V" vorm="pers.jus.pr.sg.3.">tagāg</sone><sone id="l22_s8" lk="246" meta="vahemärk">.</sone></lause><lause id="l23"><sone id="l23_s1" lk="246" lemma="bet" tahendus="aga" ingl="but" liik="Konj">bet</sone><sone id="l23_s2" lk="246" lemma="pȯis" tahendus="poiss" ingl="boy" liik="S" vorm="sg.nom.">pe̮is</sone><sone id="l23_s3" lk="246" lemma="kītõ" tahendus="öelda" ingl="say" liik="V" vorm="pers.ind.ipf.sg.3.">kītiz</sone><sone id="l23_s4" lk="246" meta="vahemärk">,</sone><sone id="l23_s5" lk="246" lemma="la’z" tahendus="las" ingl="let" liik="ModAdv">laz</sone><sone id="l23_s6" lk="246" lemma="tämā" tahendus="tema" ingl="she" liik="ProS" vorm="sg.nom.">ta</sone><sone id="l23_s7" lk="246" lemma="tūodõ" tahendus="tuua" ingl="bring" liik="V" vorm="pers.jus.pr.sg.3.">tuogə</sone><sone id="l23_s8" lk="246" lemma="roudi" tahendus="raudne" ingl="iron" liik="A" vorm="sg.gen.">roudiz</sone><sone id="l23_s9" lk="246" lemma="vīrba" tahendus="varras" ingl="rod" liik="S" vorm="sg.gen.">vīrba</sone><sone id="l23_s10" lk="246" lemma="un" tahendus="ja" ingl="and" liik="Konj">un</sone><sone id="l23_s11" lk="246" lemma="sūr" tahendus="suur" ingl="great" liik="A" vorm="sg.gen.">sūr</sone><sone id="l23_s12" lk="246" lemma="pǟgiņ" tahendus="palju" ingl="much" liik="Adv">pǟgiń</sone><sone id="l23_s13" lk="246" lemma="kieuž" tahendus="köis" ingl="rope" liik="S" vorm="sg.part.">kieta</sone><sone id="l23_s14" lk="246" meta="vahemärk">.</sone></lause><lause id="l24"><sone id="l24_s1" lk="246" lemma="ni" tahendus="nüüd" ingl="now" liik="Adv">ni</sone><sone id="l24_s2" lk="246" lemma="se" tahendus="see" ingl="this" liik="ProS" vorm="sg.nom.">se</sone><sone id="l24_s3" lk="246" lemma="vanā" tahendus="vana" ingl="old" liik="A" vorm="sg.nom.">vanā</sone><sone id="l24_s4" lk="246" lemma="nai" tahendus="naine" ingl="woman" liik="S" vorm="sg.nom.">nai</sone><sone id="l24_s5" lk="246" lemma="tūodõ" tahendus="tuua" ingl="bring" liik="V" vorm="pers.ind.ipf.sg.3.">tᵘoi</sone><sone id="l24_s6" lk="246" lemma="kakš" tahendus="kaks" ingl="two" liik="Nump" vorm="sg.nom.">kakš</sone><sone id="l24_s7" lk="246" lemma="kabāl" tahendus="tükk" ingl="piece" liik="S" vorm="sg.part.">kabālt</sone><sone id="l24_s8" lk="246" lemma="kieuž" tahendus="köis" ingl="rope" liik="S" vorm="sg.part.">kieta</sone><sone id="l24_s9" lk="246" meta="vahemärk">,</sone><sone id="l24_s10" lk="246" lemma="ikš" tahendus="üks" ingl="one" liik="ProS" vorm="sg.nom.">ikš</sone><sone id="l24_s11" lk="246" lemma="vȱlda" tahendus="olla" ingl="be" liik="V" vorm="pers.ind.ipf.sg.3.">ve̮ĺ’</sone><sone id="l24_s12" lk="246" lemma="jo" tahendus="enam (eessõna keskvõrde moodustamiseks)" ingl="more" liik="Pre">jo</sone><sone id="l24_s13" lk="246" lemma="pīentõ" tahendus="peen" ingl="fine" liik="A" vorm="sg.nom.">pientə</sone><sone id="l24_s14" lk="247" lemma="un" tahendus="ja" ingl="and" liik="Konj">un</sone><sone id="l24_s15" lk="247" lemma="tuoi" tahendus="teine" ingl="other" liik="ProS" vorm="sg.nom.">tᵘoi</sone><sone id="l24_s16" lk="247" lemma="jo" tahendus="enam (eessõna keskvõrde moodustamiseks)" ingl="more" liik="Pre">jo</sone><sone id="l24_s17" lk="247" lemma="ja’mdõ" tahendus="jäme" ingl="thick" liik="A" vorm="sg.nom.">jam’də</sone><sone id="l24_s18" lk="247" meta="vahemärk">.</sone></lause><lause id="l25"><sone id="l25_s1" lk="247" lemma="kaļāj" tahendus="sepp" ingl="blacksmith" liik="S" vorm="sg.nom.">kaĺāi</sone><sone id="l25_s2" lk="247" lemma="võttõ" tahendus="võtta" ingl="take" liik="V" vorm="pers.ind.ipf.sg.3.">vi̮tīz</sone><sone id="l25_s3" lk="247" lemma="se" tahendus="see" ingl="this" liik="ProS" vorm="sg.gen.">sie</sone><sone id="l25_s4" lk="247" lemma="pīenti" tahendus="peen" ingl="fine" liik="A" vorm="sg.gen.">pientiz</sone><sone id="l25_s5" lk="247" lemma="kieuž" tahendus="köis" ingl="rope" liik="S" vorm="sg.gen.">kⁱewd</sone><sone id="l25_s6" lk="247" lemma="un" tahendus="ja" ingl="and" liik="Konj">un</sone><sone id="l25_s7" lk="247" lemma="si’ddõ" tahendus="siduda" ingl="tie" liik="V" vorm="pers.ind.ipf.sg.3.">sidīz</sone><sone id="l25_s8" lk="247" lemma="se" tahendus="see" ingl="this" liik="ProS" vorm="sg.gen.">sie</sone><sone id="l25_s9" lk="247" lemma="vanā" tahendus="vana" ingl="old" liik="A" vorm="sg.gen.">vanā</sone><sone id="l25_s10" lk="247" lemma="nai" tahendus="naine" ingl="woman" liik="S" vorm="sg.gen.">naiz</sone><sone id="l25_s11" lk="247" lemma="vi’zzõ" tahendus="kinni" ingl="fastened" liik="Adv">vi’zzə</sone><sone id="l25_s12" lk="247" lemma="un" tahendus="ja" ingl="and" liik="Konj">un</sone><sone id="l25_s13" lk="247" lemma="kītõ" tahendus="öelda" ingl="say" liik="V" vorm="pers.ind.ipf.sg.3.">kītiz</sone><sone id="l25_s14" lk="247" meta="vahemärk">,</sone><sone id="l25_s15" lk="247" lemma="la’z" tahendus="las" ingl="let" liik="ModAdv">laz</sone><sone id="l25_s16" lk="247" lemma="tämā" tahendus="tema" ingl="she" liik="ProS" vorm="sg.nom.">ta</sone><sone id="l25_s17" lk="247" lemma="kīerõ" tahendus="keerata" ingl="turn" liik="V" vorm="pers.jus.pr.sg.3.">kierəg</sone><sone id="l25_s18" lk="247" lemma="immõr" tahendus="ümber" ingl="around" liik="Adv">immər</sone><sone id="l25_s19" lk="247" meta="vahemärk">.</sone></lause><lause id="l26"><sone id="l26_s1" lk="247" lemma="vanā" tahendus="vana" ingl="old" liik="A" vorm="sg.nom.">vanā</sone><sone id="l26_s2" lk="247" lemma="nai" tahendus="naine" ingl="woman" liik="S" vorm="sg.nom.">nai</sone><sone id="l26_s3" lk="247" lemma="kīerõ" tahendus="keerata" ingl="turn" liik="V" vorm="pers.ind.ipf.sg.3.">kieriz</sone><sone id="l26_s4" lk="247" lemma="immõr" tahendus="ümber" ingl="around" liik="Adv">immər</sone><sone id="l26_s5" lk="247" lemma="un" tahendus="ja" ingl="and" liik="Konj">un</sone><sone id="l26_s6" lk="247" lemma="kīskõ" tahendus="rebida" ingl="rip" liik="V" vorm="pers.ind.ipf.sg.3.">kīskiz</sone><sone id="l26_s7" lk="247" lemma="kieuž" tahendus="köis" ingl="rope" liik="S" vorm="sg.gen.">kⁱewd</sone><sone id="l26_s8" lk="247" lemma="kațki" tahendus="katki" ingl="broken" liik="Adv">kat́ki</sone><sone id="l26_s9" lk="247" meta="vahemärk">.</sone></lause><lause id="l27"><sone id="l27_s1" lk="247" lemma="kaļāj" tahendus="sepp" ingl="blacksmith" liik="S" vorm="sg.nom.">kaĺāi</sone><sone id="l27_s2" lk="247" lemma="si’ddõ" tahendus="siduda" ingl="tie" liik="V" vorm="pers.ind.ipf.sg.3.">sidīz</sone><sone id="l27_s3" lk="247" lemma="tegīž" tahendus="jälle" ingl="again" liik="Adv">tegīž</sone><sone id="l27_s4" lk="247" lemma="se" tahendus="see" ingl="this" liik="ProS" vorm="sg.gen.">sie</sone><sone id="l27_s5" lk="247" lemma="nai" tahendus="naine" ingl="woman" liik="S" vorm="sg.gen.">naiz</sone><sone id="l27_s6" lk="247" lemma="vi’zzõ" tahendus="kinni" ingl="fastened" liik="Adv">vi’zzə</sone><sone id="l27_s7" lk="247" lemma="un" tahendus="ja" ingl="and" liik="Konj">un</sone><sone id="l27_s8" lk="247" lemma="kītõ" tahendus="öelda" ingl="say" liik="V" vorm="pers.ind.ipf.sg.3.">kītiz</sone><sone id="l27_s9" lk="247" meta="vahemärk">,</sone><sone id="l27_s10" lk="247" lemma="la’z" tahendus="las" ingl="let" liik="ModAdv">laz</sone><sone id="l27_s11" lk="247" lemma="tämā" tahendus="tema" ingl="she" liik="ProS" vorm="sg.nom.">ta</sone><sone id="l27_s12" lk="247" lemma="kīerõ" tahendus="keerata" ingl="turn" liik="V" vorm="pers.jus.pr.sg.3.">kierəg</sone><sone id="l27_s13" lk="247" lemma="immõr" tahendus="ümber" ingl="around" liik="Adv">immər</sone><sone id="l27_s14" lk="247" meta="vahemärk">.</sone></lause><lause id="l28"><sone id="l28_s1" lk="247" lemma="vanā" tahendus="vana" ingl="old" liik="A" vorm="sg.nom.">vanā</sone><sone id="l28_s2" lk="247" lemma="nai" tahendus="naine" ingl="woman" liik="S" vorm="sg.nom.">nai</sone><sone id="l28_s3" lk="247" lemma="kīerõ" tahendus="keerata" ingl="turn" liik="V" vorm="pers.ind.ipf.sg.3.">kieriz</sone><sone id="l28_s4" lk="247" lemma="immõr" tahendus="ümber" ingl="around" liik="Adv">immər</sone><sone id="l28_s5" lk="247" meta="vahemärk">,</sone><sone id="l28_s6" lk="247" lemma="bet" tahendus="aga" ingl="but" liik="Konj">bet</sone><sone id="l28_s7" lk="247" lemma="ni" tahendus="nüüd" ingl="now" liik="Adv">ni</sone><sone id="l28_s8" lk="247" lemma="i’z" tahendus="ei" ingl="not" liik="Mn" vorm="pers.ind.ipf.sg.3.">iz</sone><sone id="l28_s9" lk="247" lemma="no+kīskõ" tahendus="rebida" ingl="rip " liik="V" vorm="pers.ind.sg.3.prf.neg.">no+kīsk</sone><sone id="l28_s10" lk="247" lemma="kieuž" tahendus="köis" ingl="rope" liik="S" vorm="sg.part.">kieta</sone><sone id="l28_s11" lk="247" lemma="kațki" tahendus="katki" ingl="broken" liik="Adv">kat́ki</sone><sone id="l28_s12" lk="247" meta="vahemärk">.</sone></lause><lause id="l29"><sone id="l29_s1" lk="247" lemma="ni" tahendus="nüüd" ingl="now" liik="Adv">ni</sone><sone id="l29_s2" lk="247" lemma="kaļāj" tahendus="sepp" ingl="blacksmith" liik="S" vorm="sg.nom.">kaĺāi</sone><sone id="l29_s3" lk="247" lemma="võttõ" tahendus="võtta" ingl="take" liik="V" vorm="pers.ind.ipf.sg.3.">vi̮tīz</sone><sone id="l29_s4" lk="247" lemma="roudi" tahendus="raudne" ingl="iron" liik="A" vorm="sg.gen.">roudiz</sone><sone id="l29_s5" lk="247" lemma="vīrba" tahendus="varras" ingl="rod" liik="S" vorm="sg.gen.">vīrba</sone><sone id="l29_s6" lk="247" meta="vahemärk">,</sone><sone id="l29_s7" lk="247" lemma="pānda" tahendus="panna" ingl="put" liik="V" vorm="pers.ind.ipf.sg.3.">pań’</sone><sone id="l29_s8" lk="247" lemma="tu’ļ" tahendus="tuli" ingl="fire" liik="S" vorm="sg.ill.">tul’lə</sone><sone id="l29_s9" lk="247" meta="vahemärk">,</sone><sone id="l29_s10" lk="247" lemma="ne’i" tahendus="nii" ingl="so" liik="ProAdv">nei’</sone><sone id="l29_s11" lk="247" lemma="ku" tahendus="et" ingl="that" liik="Konj">ku</sone><sone id="l29_s12" lk="247" lemma="se" tahendus="see" ingl="this" liik="ProS" vorm="sg.nom.">se</sone><sone id="l29_s13" lk="247" lemma="vīrba" tahendus="varras" ingl="rod" liik="S" vorm="sg.nom.">vīrba</sone><sone id="l29_s14" lk="247" lemma="ni" tahendus="nüüd" ingl="now" liik="Adv">ni</sone><sone id="l29_s15" lk="247" lemma="vȱlda" tahendus="olla" ingl="be" liik="V" vorm="pers.ind.ipf.sg.3.">ve̮ĺ’</sone><sone id="l29_s16" lk="247" lemma="pu’nni" tahendus="punane" ingl="red" liik="A" vorm="sg.nom.">pun’ni</sone><sone id="l29_s17" lk="247" meta="vahemärk">.</sone></lause><lause id="l30"><sone id="l30_s1" lk="247" lemma="ni" tahendus="nüüd" ingl="now" liik="Adv">ni</sone><sone id="l30_s2" lk="247" lemma="kaļāj" tahendus="sepp" ingl="blacksmith" liik="S" vorm="sg.nom.">kaĺāi</sone><sone id="l30_s3" lk="247" lemma="võttõ" tahendus="võtta" ingl="take" liik="V" vorm="pers.ind.ipf.sg.3.">vi̮tīz</sone><sone id="l30_s4" lk="247" lemma="ikš" tahendus="üks" ingl="one" liik="ProS" vorm="sg.ill.">ī’də</sone><sone id="l30_s5" lk="247" lemma="ke’ž" tahendus="käsi" ingl="hand" liik="S" vorm="sg.ill.">kä’ddə</sone><sone id="l30_s6" lk="247" lemma="vīrba" tahendus="varras" ingl="rod" liik="S" vorm="sg.gen.">vīrba</sone><sone id="l30_s7" lk="247" lemma="un" tahendus="ja" ingl="and" liik="Konj">un</sone><sone id="l30_s8" lk="247" lemma="tuoi" tahendus="teine" ingl="other" liik="ProS" vorm="sg.ill.">tᵘoizə</sone><sone id="l30_s9" lk="247" lemma="ke’ž" tahendus="käsi" ingl="hand" liik="S" vorm="sg.ill.">kä’ddə</sone><sone id="l30_s10" lk="247" lemma="vazār" tahendus="vasar" ingl="hammer" liik="S" vorm="sg.gen.">vazār</sone><sone id="l30_s11" lk="247" lemma="un" tahendus="ja" ingl="and" liik="Konj">un</sone><sone id="l30_s12" lk="247" lemma="ni" tahendus="nüüd" ingl="now" liik="Adv">ni</sone><sone id="l30_s13" lk="247" lemma="pānda" tahendus="panna" ingl="put" liik="V" vorm="pers.ind.ipf.sg.3.">pań’</sone><sone id="l30_s14" lk="247" lemma="se" tahendus="see" ingl="this" liik="ProS" vorm="sg.gen.">sie</sone><sone id="l30_s15" lk="247" lemma="vīrba" tahendus="varras" ingl="rod" liik="S" vorm="sg.gen.">vīrba</sone><sone id="l30_s16" lk="247" lemma="se" tahendus="see" ingl="this" liik="ProS" vorm="sg.gen.">sie</sone><sone id="l30_s17" lk="247" lemma="vanā" tahendus="vana" ingl="old" liik="A" vorm="sg.gen.">vanā</sone><sone id="l30_s18" lk="247" lemma="nai" tahendus="naine" ingl="woman" liik="S" vorm="sg.dat.">naizən</sone><sone id="l30_s19" lk="247" lemma="se" tahendus="see" ingl="this" liik="ProS" vorm="sg.gen.">sie</sone><sone id="l30_s20" lk="247" lemma="tīera" tahendus="terve" ingl="well" liik="A" vorm="sg.gen.">tiera</sone><sone id="l30_s21" lk="247" lemma="sīlma" tahendus="silm" ingl="eye" liik="S" vorm="sg.gen.">sīlma</sone><sone id="l30_s22" lk="247" lemma="pǟl " tahendus="peale" ingl="on" liik="Post">pǟl</sone><sone id="l30_s23" lk="247" lemma="un" tahendus="ja" ingl="and" liik="Konj">un</sone><sone id="l30_s24" lk="247" lemma="ra’bbõ" tahendus="lüüa" ingl="hit" liik="V" vorm="pers.ind.ipf.sg.3.">rabīz</sone><sone id="l30_s25" lk="247" lemma="vazār" tahendus="vasar" ingl="hammer" liik="S" vorm="sg.instl.">vazārəks</sone><sone id="l30_s26" lk="247" lemma="pǟlõ" tahendus="peale" ingl="onto" liik="Adv">pǟlə</sone><sone id="l30_s27" lk="247" meta="vahemärk">,</sone><sone id="l30_s28" lk="247" lemma="un" tahendus="ja" ingl="and" liik="Konj">un</sone><sone id="l30_s29" lk="247" lemma="ni" tahendus="nüüd" ingl="now" liik="Adv">ni</sone><sone id="l30_s30" lk="247" lemma="se" tahendus="see" ingl="this" liik="ProS" vorm="sg.nom.">se</sone><sone id="l30_s31" lk="247" lemma="sīlma" tahendus="silm" ingl="eye" liik="S" vorm="sg.nom.">sīlma</sone><sone id="l30_s32" lk="247" lemma="no+tširīkšõ" tahendus="säriseda" ingl="sizzle" liik="V" vorm="pers.ind.ipf.sg.3.prf.">nu’o+tširīkšiz</sone><sone id="l30_s33" lk="247" meta="vahemärk">.</sone></lause><lause id="l31"><sone id="l31_s1" lk="247" lemma="ni" tahendus="nüüd" ingl="now" liik="Adv">ni</sone><sone id="l31_s2" lk="247" lemma="vanā" tahendus="vana" ingl="old" liik="A" vorm="sg.nom.">vanā</sone><sone id="l31_s3" lk="247" lemma="nai" tahendus="naine" ingl="woman" liik="S" vorm="sg.nom.">nai</sone><sone id="l31_s4" lk="247" lemma="īekõ" tahendus="hüpata" ingl="jump" liik="V" vorm="pers.ind.ipf.sg.3.">iekiz</sone><sone id="l31_s5" lk="247" lemma="ne+ka" tahendus="nagu" ingl="like" liik="Konj">ne+ka</sone><sone id="l31_s6" lk="247" lemma="mu’ļki" tahendus="loll" ingl="silly" liik="A" vorm="sg.nom.">muĺ’ki</sone><sone id="l31_s7" lk="247" lemma="un" tahendus="ja" ingl="and" liik="Konj">un</sone><sone id="l31_s8" lk="247" lemma="kīskõ" tahendus="rebida" ingl="rip" liik="V" vorm="pers.ind.ipf.sg.3.">kīskiz</sone><sone id="l31_s9" lk="247" lemma="kieuž" tahendus="köis" ingl="rope" liik="S" vorm="sg.gen.">kⁱewd</sone><sone id="l31_s10" lk="247" lemma="kațki" tahendus="katki" ingl="to pieces" liik="Adv" vorm="sg.nom.">kat́ki</sone><sone id="l31_s11" lk="247" lemma="un" tahendus="ja" ingl="and" liik="Konj">un</sone><sone id="l31_s12" lk="247" lemma="a’ilõ" tahendus="joosta" ingl="run" liik="V" vorm="pers.ind.ipf.sg.3.">ai’liz</sone><sone id="l31_s13" lk="247" lemma="ukš" tahendus="uks" ingl="door" liik="S" vorm="sg.gen.">uks</sone><sone id="l31_s14" lk="247" lemma="jūr" tahendus="juurde" ingl="to" liik="Post">jū’r</sone><sone id="l31_s15" lk="247" lemma="un" tahendus="ja" ingl="and" liik="Konj">un</sone><sone id="l31_s16" lk="247" lemma="istõ" tahendus="istuda" ingl="sit" liik="V" vorm="pers.ind.ipf.sg.3.">istīz</sone><sone id="l31_s17" lk="247" lemma="se" tahendus="see" ingl="this" liik="ProS" vorm="sg.gen.">sie</sone><sone id="l31_s18" lk="247" lemma="ukš" tahendus="uks" ingl="door" liik="S" vorm="sg.gen.">uks</sone><sone id="l31_s19" lk="247" lemma="täpān" tahendus="lävepakk" ingl="threshold" liik="S" vorm="sg.gen." kommentaar="?">täpāń</sone><sone id="l31_s20" lk="247" meta="vahemärk">[</sone><sone id="l31_s21" lk="247" lemma="kīndõks" tahendus="lävi" ingl="threshold" liik="S" vorm="sg.gen.">kīndəks</sone><sone id="l31_s22" lk="247" meta="vahemärk">]</sone><sone id="l31_s23" lk="247" lemma="pǟl " tahendus="peale" ingl="on" liik="Post">pǟl</sone><sone id="l31_s24" lk="247" lemma="mǭ’zõ" tahendus="maha" ingl="down" liik="Adva">må̄’zə</sone><sone id="l31_s25" lk="247" lemma="un" tahendus="ja" ingl="and" liik="Konj">un</sone><sone id="l31_s26" lk="247" lemma="kītõ" tahendus="öelda" ingl="say" liik="V" vorm="pers.ind.ipf.sg.3.">kītiz</sone><sone id="l31_s27" lk="247" lemma="se" tahendus="see" ingl="this" liik="ProS" vorm="sg.gen.">sie</sone><sone id="l31_s28" lk="247" lemma="kaļāj" tahendus="sepp" ingl="blacksmith" liik="S" vorm="sg.dat.">kaĺājən</sone><sone id="l31_s29" lk="247" meta="vahemärk">:</sone><sone id="l31_s30" lk="247" meta="vahemärk">”</sone><sone lk="247" keel="eesti" id="l31_s31" lemma="ni" tahendus="nüüd" ingl="now" liik="Adv">ni</sone><sone id="l31_s32" lk="247" lemma="sinā" tahendus="sina" ingl="you" liik="ProS" vorm="sg.nom.">sa</sone><sone id="l31_s33" lk="247" lemma="ki’l" tahendus="küll" ingl="surely" liik="ModAdv">kil</sone><sone id="l31_s34" lk="247" lemma="minā" tahendus="mina" ingl="I" liik="ProS" vorm="sg.gen.">min</sone><sone id="l31_s35" lk="247" lemma="kīņtš" tahendus="küüs" ingl="nail" liik="S" vorm="pl.gen.">kīndəd</sone><sone id="l31_s36" lk="247" lemma="va’ild" tahendus="vahelt" ingl="between" liik="Post">vai’ld</sone><sone id="l31_s37" lk="247" lemma="ä’d" tahendus="ei" ingl="not" liik="Mn" vorm="pers.ind.pr.sg.2.">äd</sone><sone id="l31_s38" lk="247" lemma="pä’zzõ" tahendus="pääseda" ingl="escape" liik="V" vorm="pers.ind.sg.2.neg.">pä’zz</sone><sone id="l31_s39" lk="247" lemma="ulz" tahendus="välja" ingl="out" liik="Adva">ulz</sone><sone lk="247" keel="eesti" id="l31_s40" meta="vahemärk">.</sone><sone id="l31_s41" lk="247" meta="vahemärk">”</sone></lause><lause id="l32"><sone id="l32_s1" lk="247" lemma="ni" tahendus="nüüd" ingl="now" liik="Adv">ni</sone><sone id="l32_s2" lk="247" lemma="se" tahendus="see" ingl="this" liik="ProS" vorm="sg.nom.">se</sone><sone id="l32_s3" lk="247" lemma="kaļāj" tahendus="sepp" ingl="blacksmith" liik="S" vorm="sg.nom.">kaĺāi</sone><sone id="l32_s4" lk="247" lemma="vȱlda" tahendus="olla" ingl="be" liik="Va" vorm="pers.ind.ipf.sg.3.">ve̮ĺ’</sone><sone id="l32_s5" lk="247" lemma="ne’i" tahendus="nii" ingl="so" liik="ProAdv">nei’</sone><sone id="l32_s6" lk="247" lemma="jarā" tahendus="ära" ingl="off" liik="Adva">je̮rā</sone><sone id="l32_s7" lk="247" lemma="ädāgõ" tahendus="ehmuda" ingl="be startled" liik="V" vorm="nud.sg.">ädāgən</sone><sone id="l32_s8" lk="247" meta="vahemärk">,</sone><sone id="l32_s9" lk="247" lemma="ku" tahendus="et" ingl="that" liik="Konj">ku</sone><sone id="l32_s10" lk="247" lemma="tämā" tahendus="tema" ingl="he" liik="ProS" vorm="sg.nom.">ta</sone><sone id="l32_s11" lk="247" lemma="i’z" tahendus="ei" ingl="not" liik="Mn" vorm="pers.ind.ipf.sg.3.">iz</sone><sone id="l32_s12" lk="247" lemma="tieudõ" tahendus="teada" ingl="know" liik="V" vorm="pers.ind.sg.3.neg.">tieda</sone><sone id="l32_s13" lk="247" meta="vahemärk">,</sone><sone id="l32_s14" lk="247" lemma="mis" tahendus="mis" ingl="what" liik="Intr" vorm="sg.nom.">mis</sone><sone id="l32_s15" lk="247" lemma="tämā" tahendus="tema" ingl="he" liik="ProS" vorm="sg.nom.">ta</sone><sone id="l32_s16" lk="247" lemma="ni" tahendus="nüüd" ingl="now" liik="Adv">ni</sone><sone id="l32_s17" lk="247" lemma="tī’edõ" tahendus="teha" ingl="do" liik="V" vorm="pers.ind.pr.sg.3.">ti’eb</sone><sone id="l32_s18" lk="247" meta="vahemärk">.</sone></lause><lause id="l33"><sone id="l33_s1" lk="247" lemma="se" tahendus="see" ingl="this" liik="ProS" vorm="sg.nom.">se</sone><sone id="l33_s2" lk="247" lemma="kaļāj" tahendus="sepp" ingl="blacksmith" liik="S" vorm="sg.nom.">kaĺāi</sone><sone id="l33_s3" lk="247" lemma="pī’lõ" tahendus="püsida" ingl="stay" liik="V" vorm="pers.ind.ipf.sg.3.">pī’liz</sone><sone id="l33_s4" lk="247" lemma="pistõ" tahendus="püsti" ingl="up" liik="Adv">pistə</sone><sone id="l33_s5" lk="247" lemma="amā" tahendus="kogu" ingl="whole" liik="ProS" vorm="sg.gen.">amā</sone><sone id="l33_s6" lk="247" lemma="īe" tahendus="öö" ingl="night" liik="S" vorm="sg.gen.">ie</sone><sone id="l33_s7" lk="247" meta="vahemärk">,</sone><sone id="l33_s8" lk="247" lemma="i’z" tahendus="ei" ingl="not" liik="Mn" vorm="pers.ind.ipf.sg.3.">iz</sone><sone id="l33_s9" lk="247" lemma="sīedõ" tahendus="süüa" ingl="eat" liik="V" vorm="nud.sg.">siend</sone><sone id="l33_s10" lk="247" lemma="i’z" tahendus="ei" ingl="not" liik="Mn" vorm="pers.ind.ipf.sg.3.">iz</sone><sone id="l33_s11" lk="247" lemma="ma’ggõ" tahendus="magada" ingl="sleep" liik="V" vorm="nud.sg.">ma’ggən</sone><sone id="l33_s12" lk="247" lemma="un" tahendus="ja" ingl="and" liik="Konj">un</sone><sone id="l33_s13" lk="247" lemma="pī’lõ" tahendus="püsida" ingl="stay" liik="V" vorm="pers.ind.ipf.sg.3.">pī’liz</sone><sone id="l33_s14" lk="247" lemma="pāikal" tahendus="paigal" ingl="in place" liik="Adv">pāikal</sone><sone id="l33_s15" lk="247" lemma="ne+ka" tahendus="nagu" ingl="like" liik="Konj">ne+ka</sone><sone id="l33_s16" lk="247" lemma="pū" tahendus="puu" ingl="tree" liik="S" vorm="sg.nom.">pū</sone><sone id="l33_s17" lk="247" meta="vahemärk">.</sone></lause><lause id="l34"><sone id="l34_s1" lk="247" lemma="ni" tahendus="nüüd" ingl="now" liik="Adv">ni</sone><sone id="l34_s2" lk="247" lemma="tūlda" tahendus="tulla" ingl="come" liik="V" vorm="pers.ind.ipf.sg.3.">tuĺ’</sone><sone id="l34_s3" lk="247" lemma="ūomõg" tahendus="hommik" ingl="morning" liik="S" vorm="sg.nom.">uoməg</sone><sone id="l34_s4" lk="247" meta="vahemärk">.</sone></lause><lause id="l35"><sone id="l35_s1" lk="247" lemma="ni" tahendus="nüüd" ingl="now" liik="Adv">ni</sone><sone id="l35_s2" lk="247" lemma="se" tahendus="see" ingl="this" liik="ProS" vorm="sg.nom.">se</sone><sone id="l35_s3" lk="247" lemma="kuŗē" tahendus="kurat" ingl="devil" liik="S" vorm="sg.gen.">kurē</sone><sone id="l35_s4" lk="247" lemma="jemā" tahendus="ema" ingl="mother" liik="S" vorm="sg.nom.">je̮mā</sone><sone id="l35_s5" lk="247" lemma="laskõ " tahendus="lasta" ingl="let" liik="V" vorm="pers.ind.ipf.sg.3.">laskīz</sone><sone id="l35_s6" lk="247" lemma="ne" tahendus="need" ingl="these" liik="ProS" vorm="pl.nom.">ne</sone><sone id="l35_s7" lk="247" lemma="jǭsõ" tahendus="jäär" ingl="ram" liik="S" vorm="pl.gen.">jå̄səd</sone><sone id="l35_s8" lk="247" lemma="ulzõ" tahendus="välja" ingl="out" liik="Adva">ulzə</sone><sone id="l35_s9" lk="247" lemma="sīedõ" tahendus="süüa" ingl="eat" liik="V" vorm="sup.">siemə</sone><sone id="l35_s10" lk="247" meta="vahemärk">.</sone></lause><lause id="l36"><sone id="l36_s1" lk="247" lemma="tämā" tahendus="tema" ingl="she" liik="ProS" vorm="sg.nom.">tämā</sone><sone id="l36_s2" lk="247" lemma="mõitõz" tahendus="muidu" ingl="otherwise" liik="Adv">mi̮itiz</sone><sone id="l36_s3" lk="247" lemma="i’z" tahendus="ei" ingl="not" liik="Mn" vorm="pers.ind.ipf.sg.3.">iz</sone><sone id="l36_s4" lk="247" lemma="laskõ " tahendus="lasta" ingl="let" liik="V" vorm="pers.ind.sg.3.neg.">lask</sone><sone id="l36_s5" lk="247" lemma="ne" tahendus="nemad" ingl="they" liik="ProS" vorm="pl.gen.">nänt</sone><sone id="l36_s6" lk="247" lemma="ulz" tahendus="välja" ingl="out" liik="Adva">ulz</sone><sone id="l36_s7" lk="247" meta="vahemärk">,</sone><sone id="l36_s8" lk="247" lemma="ku" tahendus="kui" ingl="but" liik="Konj">ku</sone><sone id="l36_s9" lk="247" lemma="kǭ’ļõ" tahendus="katsuda" ingl="feel" liik="V" vorm="pers.ind.ipf.sg.3.">kå̄’ĺiz</sone><sone id="l36_s10" lk="247" meta="vahemärk">,</sone><sone id="l36_s11" lk="247" lemma="või" tahendus="kas" ingl="if" liik="Intr">vi̮i</sone><sone id="l36_s12" lk="247" lemma="nämād" tahendus="nemad" ingl="they" liik="ProS" vorm="pl.dat.">näntən</sone><sone id="l36_s13" lk="247" lemma="vȱlda" tahendus="olla" ingl="be" liik="V" vorm="pers.ind.pr.sg.3.">um’</sone><sone id="l36_s14" lk="247" lemma="amād" tahendus="kõik" ingl="all" liik="ProS" vorm="pl.dat.">amādən</sone><sone id="l36_s15" lk="247" lemma="karri" tahendus="karvane" ingl="hairy" liik="A" vorm="sg.nom.">karri</sone><sone id="l36_s16" lk="247" lemma="sǟlga" tahendus="selg" ingl="back" liik="S" vorm="sg.nom.">sǟlga</sone><sone id="l36_s17" lk="247" meta="vahemärk">,</sone><sone id="l36_s18" lk="247" lemma="ku" tahendus="et" ingl="that" liik="Konj">ku</sone><sone id="l36_s19" lk="247" lemma="set" tahendus="ainult" ingl="only" liik="ModAdv">set</sone><sone id="l36_s20" lk="247" lemma="nätīšõm" tahendus="tahtmatult" ingl="unintentionally" liik="Adv">nätīšəm</sone><sone id="l36_s21" lk="247" lemma="ä’b" tahendus="ei" ingl="not" liik="Mn" vorm="pers.ind.pr.sg.3.">äb</sone><sone id="l36_s22" lk="247" lemma="no+laskõ" tahendus="lasta" ingl="let" liik="V" vorm="pers.ind.sg.3.prf.neg.">no+lask</sone><sone id="l36_s23" lk="247" lemma="se" tahendus="see" ingl="this" liik="ProS" vorm="sg.gen.">sie</sone><sone id="l36_s24" lk="247" lemma="kaļāj" tahendus="sepp" ingl="blacksmith" liik="S" vorm="sg.gen.">kaĺāi</sone><sone id="l36_s25" lk="247" lemma="ka" tahendus="ka" ingl="also" liik="ModAdv">ka</sone><sone id="l36_s26" lk="247" lemma="ulz" tahendus="välja" ingl="out" liik="Adva">ulz</sone><sone id="l36_s27" lk="247" meta="vahemärk">.</sone></lause><lause id="l37"><sone id="l37_s1" lk="247" lemma="kaļāj" tahendus="sepp" ingl="blacksmith" liik="S" vorm="sg.nom.">kaĺāi</sone><sone id="l37_s2" lk="247" lemma="mõtlõ" tahendus="mõelda" ingl="think" liik="V" vorm="pers.ind.ipf.sg.3.">mi̮tliz</sone><sone id="l37_s3" lk="247" meta="vahemärk">,</sone><sone id="l37_s4" lk="247" lemma="mis" tahendus="mis" ingl="what" liik="Intr" vorm="sg.nom.">mis</sone><sone id="l37_s5" lk="247" lemma="tämā" tahendus="tema" ingl="he" liik="ProS" vorm="sg.nom.">ta</sone><sone id="l37_s6" lk="247" lemma="ni" tahendus="nüüd" ingl="now" liik="Adv">ni</sone><sone id="l37_s7" lk="247" lemma="tī’edõ" tahendus="teha" ingl="do" liik="V" vorm="pers.ind.pr.sg.3.">ti’eb</sone><sone id="l37_s8" lk="247" meta="vahemärk">.</sone><sone id="l37_s9" lk="248" lemma="tämā" tahendus="tema" ingl="he" liik="ProS" vorm="sg.nom.">tämā</sone><sone id="l37_s10" lk="248" lemma="võttõ" tahendus="võtta" ingl="take" liik="V" vorm="pers.ind.ipf.sg.3.">vi̮tīz</sone><sone id="l37_s11" lk="248" lemma="eņtš" tahendus="oma" ingl="own" liik="ProS" vorm="sg.gen.">eńt́š</sone><sone id="l37_s12" lk="248" lemma="karri" tahendus="karvane" ingl="hairy" liik="A" vorm="sg.gen.">karriz</sone><sone id="l37_s13" lk="248" lemma="kǭ’skõ" tahendus="kasukas" ingl="coat" liik="S" vorm="sg.gen.">kå̄’skə</sone><sone id="l37_s14" lk="248" meta="vahemärk">,</sone><sone id="l37_s15" lk="248" lemma="kīerõ" tahendus="keerata" ingl="turn" liik="V" vorm="pers.ind.ipf.sg.3.">kieriz</sone><sone id="l37_s16" lk="248" lemma="pǭ’mi" tahendus="pahem" ingl="inner" liik="A" vorm="sg.gen.">på̄’miz</sone><sone id="l37_s17" lk="248" lemma="pūol" tahendus="pool" ingl="side" liik="Nump" vorm="sg.gen.">puol</sone><sone id="l37_s18" lk="248" lemma="pǟlõ" tahendus="peale" ingl="on" liik="Adv">pǟlə</sone><sone id="l37_s19" lk="248" lemma="un" tahendus="ja" ingl="and" liik="Konj">un</sone><sone id="l37_s20" lk="248" lemma="vie’ddõ" tahendus="tõmmata" ingl="pull" liik="V" vorm="pers.ind.ipf.sg.3.">vⁱedīz</sone><sone id="l37_s21" lk="248" lemma="sälgõ" tahendus="selga" ingl="on" liik="Adv">sälgə</sone><sone id="l37_s22" lk="248" lemma="un" tahendus="ja" ingl="and" liik="Konj">un</sone><sone id="l37_s23" lk="248" lemma="si’z" tahendus="siis" ingl="then" liik="ProAdv">siz</sone><sone id="l37_s24" lk="248" lemma="tämā" tahendus="tema" ingl="he" liik="ProS" vorm="sg.nom.">ta</sone><sone id="l37_s25" lk="248" lemma="lǟ’dõ" tahendus="minna" ingl="go" liik="V" vorm="pers.ind.ipf.sg.3.">lekš</sone><sone id="l37_s26" lk="248" lemma="nēļa+tēriņtš" tahendus="neljatöllakil" ingl="on four limbs" liik="Adv">nēĺa+terīńš</sone><sone id="l37_s27" lk="248" lemma="ne+ka" tahendus="nagu" ingl="like" liik="Konj">ne+ka</sone><sone id="l37_s28" lk="248" lemma="jǭsõ" tahendus="jäär" ingl="ram" liik="S" vorm="sg.nom.">jå̄sə</sone><sone id="l37_s29" lk="248" meta="vahemärk">.</sone></lause><lause id="l38"><sone id="l38_s1" lk="248" lemma="tämā" tahendus="tema" ingl="he" liik="ProS" vorm="sg.nom.">tämā</sone><sone id="l38_s2" lk="248" lemma="vȱlda" tahendus="olla" ingl="be" liik="Va" vorm="pers.ind.ipf.sg.3.">ve̮ĺ’</sone><sone id="l38_s3" lk="248" lemma="ki’l" tahendus="küll" ingl="though" liik="ModAdv">kil</sone><sone id="l38_s4" lk="248" lemma="jarā" tahendus="ära" ingl="off" liik="Adva">je̮rā</sone><sone id="l38_s5" lk="248" lemma="ädāgõ" tahendus="ehmuda" ingl="be startled" liik="V" vorm="nud.sg.">ädāgən</sone><sone id="l38_s6" lk="248" meta="vahemärk">,</sone><sone id="l38_s7" lk="248" lemma="bet" tahendus="aga" ingl="but" liik="Konj">bet</sone><sone id="l38_s8" lk="248" lemma="tämā" tahendus="tema" ingl="he" liik="ProS" vorm="sg.nom.">tämā</sone><sone id="l38_s9" lk="248" lemma="mõtlõ" tahendus="mõelda" ingl="think" liik="V" vorm="pers.ind.ipf.sg.3.">mi̮tliz</sone><sone id="l38_s10" lk="248" lemma="agā" tahendus="ehk" ingl="maybe" liik="Konj">aga</sone><sone id="l38_s11" lk="248" lemma="se" tahendus="see" ingl="this" liik="ProS" vorm="sg.nom.">se</sone><sone id="l38_s12" lk="248" lemma="kuŗē" tahendus="kurat" ingl="devil" liik="S" vorm="sg.gen.">kurē</sone><sone id="l38_s13" lk="248" lemma="jemā" tahendus="ema" ingl="mother" liik="S" vorm="sg.nom.">je̮mā</sone><sone id="l38_s14" lk="248" meta="vahemärk">,</sone><sone id="l38_s15" lk="248" lemma="ku" tahendus="kui" ingl="when" liik="Konj">ku</sone><sone id="l38_s16" lk="248" lemma="tämā" tahendus="tema" ingl="she" liik="ProS" vorm="sg.nom.">ta</sone><sone id="l38_s17" lk="248" lemma="pānda" tahendus="panna" ingl="put" liik="V" vorm="pers.ind.pr.sg.3.">panāb</sone><sone id="l38_s18" lk="248" lemma="eņtš" tahendus="oma" ingl="own" liik="ProS" vorm="sg.gen.">eńt́š</sone><sone id="l38_s19" lk="248" lemma="ke’ž" tahendus="käsi" ingl="hand" liik="S" vorm="sg.gen.">kä’d</sone><sone id="l38_s20" lk="248" lemma="tämā" tahendus="tema" ingl="he" liik="ProS" vorm="sg.dat.">täm’mən</sone><sone id="l38_s21" lk="248" lemma="sǟlga" tahendus="selg" ingl="back" liik="S" vorm="sg.gen.">sǟlga</sone><sone id="l38_s22" lk="248" lemma="pǟl " tahendus="peale" ingl="on" liik="Post">pǟl</sone><sone id="l38_s23" lk="248" lemma="un" tahendus="ja" ingl="and" liik="Konj">un</sone><sone id="l38_s24" lk="248" lemma="tundõ" tahendus="tunda" ingl="feel" liik="V" vorm="pers.ind.pr.sg.3.">tūndəb</sone><sone id="l38_s25" lk="248" meta="vahemärk">,</sone><sone id="l38_s26" lk="248" lemma="ku" tahendus="et" ingl="that" liik="Konj">ku</sone><sone id="l38_s27" lk="248" lemma="tämā" tahendus="tema" ingl="he" liik="ProS" vorm="sg.nom.">tämā</sone><sone id="l38_s28" lk="248" lemma="vȱlda" tahendus="olla" ingl="be" liik="V" vorm="pers.ind.pr.sg.3.">um’</sone><sone id="l38_s29" lk="248" lemma="karri" tahendus="karvane" ingl="hairy" liik="A" vorm="sg.nom.">karri</sone><sone id="l38_s30" lk="248" meta="vahemärk">,</sone><sone id="l38_s31" lk="248" lemma="si’z" tahendus="siis" ingl="then" liik="ProAdv">siz</sone><sone id="l38_s32" lk="248" lemma="tämā" tahendus="tema" ingl="she" liik="ProS" vorm="sg.nom.">ta</sone><sone id="l38_s33" lk="248" lemma="viskõ" tahendus="visata" ingl="throw" liik="V" vorm="pers.ind.pr.sg.3.">viskūb</sone><sone id="l38_s34" lk="248" lemma="tämā" tahendus="tema" ingl="he" liik="ProS" vorm="sg.part.">tǟnda</sone><sone id="l38_s35" lk="248" lemma="ne’i+ī’ž" tahendus="samuti" ingl="in the same way" liik="ProAdv">nei’+ī’ž</sone><sone id="l38_s36" lk="248" lemma="ne+ka" tahendus="nagu" ingl="like" liik="Konj">ne+ka</sone><sone id="l38_s37" lk="248" lemma="ne" tahendus="need" ingl="these" liik="ProS" vorm="pl.part.">nēd́i</sone><sone id="l38_s38" lk="248" lemma="jǭsõ" tahendus="jäär" ingl="ram" liik="S" vorm="pl.part.">jå̄sidi</sone><sone id="l38_s39" lk="248" lemma="ulz" tahendus="välja" ingl="out" liik="Adva">ulz</sone><sone id="l38_s40" lk="248" meta="vahemärk">.</sone></lause><lause id="l39"><sone id="l39_s1" lk="248" lemma="kaļāj" tahendus="sepp" ingl="blacksmith" liik="S" vorm="sg.nom.">kaĺāi</sone><sone id="l39_s2" lk="248" lemma="lǟ’dõ" tahendus="minna" ingl="go" liik="V" vorm="pers.ind.ipf.sg.3.">lekš</sone><sone id="l39_s3" lk="248" lemma="nēļa+tēriņtš" tahendus="neljatöllakil" ingl="on four limbs" liik="Adv">nēĺa+terīnš</sone><sone id="l39_s4" lk="248" meta="vahemärk">[</sone><sone id="l39_s5" lk="248" meta="kommentaar">tärīnš</sone><sone id="l39_s6" lk="248" meta="vahemärk">]</sone><sone id="l39_s7" lk="248" lemma="un" tahendus="ja" ingl="and" liik="Konj">un</sone><sone id="l39_s8" lk="248" lemma="akurāt" tahendus="täpselt" ingl="exactly" liik="Adv">akkurāt</sone><sone id="l39_s9" lk="248" lemma="kuŗē" tahendus="kurat" ingl="devil" liik="S" vorm="sg.gen.">kurē</sone><sone id="l39_s10" lk="248" lemma="jemā" tahendus="ema" ingl="mother" liik="S" vorm="sg.nom.">je̮mā</sone><sone id="l39_s11" lk="248" lemma="kǭ’ļõ" tahendus="katsuda" ingl="feel" liik="V" vorm="pers.ind.ipf.sg.3.">kå̄’ĺiz</sone><sone id="l39_s12" lk="248" lemma="ku" tahendus="et" ingl="that" liik="Konj">ku</sone><sone id="l39_s13" lk="248" lemma="tämā" tahendus="tema" ingl="he" liik="ProS" vorm="sg.dat.">täm’mən</sone><sone id="l39_s14" lk="248" lemma="vȱlda" tahendus="olla" ingl="be" liik="V" vorm="pers.ind.pr.sg.3.">um’</sone><sone id="l39_s15" lk="248" lemma="karri" tahendus="karvane" ingl="hairy" liik="A" vorm="sg.nom.">karri</sone><sone id="l39_s16" lk="248" lemma="sǟlga" tahendus="selg" ingl="back" liik="S" vorm="sg.nom.">sǟlga</sone><sone id="l39_s17" lk="248" lemma="un" tahendus="ja" ingl="and" liik="Konj">un</sone><sone id="l39_s18" lk="248" lemma="akkõ" tahendus="haarata" ingl="grab" liik="V" vorm="pers.ind.ipf.sg.3.">akīz</sone><sone id="l39_s19" lk="248" lemma="kǭra" tahendus="karv" ingl="hair" liik="S" vorm="sg.part.">karrə</sone><sone id="l39_s20" lk="248" lemma="vi’zzõ" tahendus="kinni" ingl="hold of" liik="Adv">vi’zzə</sone><sone id="l39_s21" lk="248" lemma="un" tahendus="ja" ingl="and" liik="Konj">un</sone><sone id="l39_s22" lk="248" lemma="viskõ" tahendus="visata" ingl="throw" liik="V" vorm="pers.ind.ipf.sg.3.">viskīz</sone><sone id="l39_s23" lk="248" lemma="kaļāj" tahendus="sepp" ingl="blacksmith" liik="S" vorm="sg.gen.">kaĺāi</sone><sone id="l39_s24" lk="248" lemma="ukš" tahendus="uks" ingl="door" liik="S" vorm="sg.el.">ukst</sone><sone id="l39_s25" lk="248" lemma="ulzõ" tahendus="välja" ingl="out" liik="Adva">ulzə</sone><sone id="l39_s26" lk="248" meta="vahemärk">.</sone></lause><lause id="l40"><sone id="l40_s1" lk="248" lemma="kaļāj" tahendus="sepp" ingl="blacksmith" liik="S" vorm="sg.nom.">kaĺāi</sone><sone id="l40_s2" lk="248" lemma="nūzõ" tahendus="tõusta" ingl="rise" liik="V" vorm="pers.ind.ipf.sg.3.">nūziz</sone><sone id="l40_s3" lk="248" lemma="i’lzõ" tahendus="üles" ingl="up" liik="Adva">iĺ’zə</sone><sone id="l40_s4" lk="248" meta="vahemärk">,</sone><sone id="l40_s5" lk="248" lemma="vie’ddõ" tahendus="tõmmata" ingl="pull" liik="V" vorm="pers.ind.ipf.sg.3.">vⁱedīz</sone><sone id="l40_s6" lk="248" lemma="kǭ’skõ" tahendus="kasukas" ingl="coat" liik="S" vorm="sg.gen.">kå̄sk</sone><sone id="l40_s7" lk="248" lemma="jõvīst" tahendus="hästi" ingl="well" liik="Adv">ji̮vīst</sone><sone id="l40_s8" lk="248" lemma="sälgõ" tahendus="selga" ingl="on" liik="Adv">sälgə</sone><sone id="l40_s9" lk="248" lemma="un" tahendus="ja" ingl="and" liik="Konj">un</sone><sone id="l40_s10" lk="248" lemma="eitõ" tahendus="visata" ingl="throw" liik="V" vorm="pers.ind.ipf.sg.3.">ēt́iz</sone><sone id="l40_s11" lk="248" lemma="rišt" tahendus="rist" ingl="cross" liik="S" vorm="sg.gen.">rišt</sone><sone id="l40_s12" lk="248" lemma="je’ddõ" tahendus="ette" ingl="in front" liik="Adva">je̮’ddə</sone><sone id="l40_s13" lk="248" lemma="un" tahendus="ja" ingl="and" liik="Konj">un</sone><sone id="l40_s14" lk="248" lemma="kītõ" tahendus="öelda" ingl="say" liik="V" vorm="pers.ind.ipf.sg.3.">kītiz</sone><sone id="l40_s15" lk="248" lemma="ī’ž" tahendus="ise" ingl="self" liik="ProS" vorm="sg.nom.">ī’ž</sone><sone id="l40_s16" lk="248" lemma="ī’ž" tahendus="ise" ingl="self" liik="ProS" vorm="sg.gen.">eńt́š</sone><sone id="l40_s17" lk="248" lemma="jūs" tahendus="juures" ingl="by" liik="Post">jūs</sone><sone id="l40_s18" lk="248" meta="vahemärk">:</sone><sone id="l40_s19" lk="248" meta="vahemärk">”</sone><sone lk="248" keel="eesti" id="l40_s20" lemma="andõ" tahendus="anda" ingl="give" liik="V" vorm="pers.imp.pr.sg.2.">ānda</sone><sone id="l40_s21" lk="248" lemma="jumāl" tahendus="jumal" ingl="god" liik="S" vorm="sg.nom.">jumāl</sone><sone id="l40_s22" lk="248" lemma="minā" tahendus="mina" ingl="I" liik="ProS" vorm="sg.dat.">min</sone><sone id="l40_s23" lk="248" lemma="jõvā" tahendus="hea" ingl="good" liik="A" vorm="pl.gen.">ji̮vād</sone><sone id="l40_s24" lk="248" lemma="jālga" tahendus="jalg" ingl="leg" liik="S" vorm="pl.gen.">jālgad</sone><sone id="l40_s25" lk="248" meta="vahemärk">,</sone><sone id="l40_s26" lk="248" lemma="ku" tahendus="et" ingl="that" liik="Konj">ku</sone><sone id="l40_s27" lk="248" lemma="set" tahendus="ainult" ingl="only" liik="ModAdv">set</sone><sone id="l40_s28" lk="248" lemma="minā" tahendus="mina" ingl="I" liik="ProS" vorm="sg.nom.">ma</sone><sone id="l40_s29" lk="248" lemma="kuodāj" tahendus="koju" ingl="home" liik="Adv">kᵘodāi</sone><sone id="l40_s30" lk="248" lemma="sǭdõ" tahendus="saada" ingl="get" liik="V" vorm="pers.knd.pr.sg.1.">så̄ks</sone><sone lk="248" keel="eesti" id="l40_s31" meta="vahemärk">!</sone><sone id="l40_s32" lk="248" meta="vahemärk">”</sone></lause><lause id="l41"><sone id="l41_s1" lk="248" lemma="ni" tahendus="nüüd" ingl="now" liik="Adv">ni</sone><sone id="l41_s2" lk="248" lemma="tämā" tahendus="tema" ingl="he" liik="ProS" vorm="sg.nom.">ta</sone><sone id="l41_s3" lk="248" lemma="lǟ’dõ" tahendus="minna" ingl="go" liik="V" vorm="pers.ind.ipf.sg.3.">lekš</sone><sone id="l41_s4" lk="248" lemma="kuodāj" tahendus="koju" ingl="home" liik="Adv">kᵘodāi</sone><sone id="l41_s5" lk="248" meta="vahemärk">,</sone><sone id="l41_s6" lk="248" lemma="un" tahendus="ja" ingl="and" liik="Konj">un</sone><sone id="l41_s7" lk="248" lemma="ne" tahendus="need" ingl="these" liik="ProS" vorm="pl.nom.">ne</sone><sone id="l41_s8" lk="248" lemma="su’g" tahendus="sugulane" ingl="relative" liik="S" vorm="pl.nom.">sugūd</sone><sone id="l41_s9" lk="248" lemma="ki’zzõ" tahendus="küsida" ingl="ask" liik="V" vorm="pers.ind.ipf.pl.3.">kizīst</sone><sone id="l41_s10" lk="248" lemma="tämā" tahendus="tema" ingl="he" liik="ProS" vorm="sg.gen.">täm’</sone><sone id="l41_s11" lk="248" lemma="kä’dst" tahendus="käest" ingl="from" liik="Post">kä’dst</sone><sone id="l41_s12" lk="248" meta="vahemärk">,</sone><sone id="l41_s13" lk="248" lemma="mis" tahendus="mis" ingl="what" liik="Intr" vorm="sg.nom.">mis</sone><sone id="l41_s14" lk="248" lemma="tämā" tahendus="tema" ingl="he" liik="ProS" vorm="sg.nom.">ta</sone><sone id="l41_s15" lk="248" lemma="ni" tahendus="nüüd" ingl="now" liik="Adv">ni</sone><sone id="l41_s16" lk="248" lemma="vȱlda" tahendus="olla" ingl="be" liik="Va" vorm="pers.ind.pr.sg.3.">um’</sone><sone id="l41_s17" lk="248" lemma="nǟ’dõ" tahendus="näha" ingl="see" liik="V" vorm="nud.sg.">nǟnd</sone><sone id="l41_s18" lk="248" meta="vahemärk">.</sone></lause><lause id="l42"><sone id="l42_s1" lk="248" lemma="tämā" tahendus="tema" ingl="he" liik="ProS" vorm="sg.nom.">ta</sone><sone id="l42_s2" lk="248" lemma="kītõ" tahendus="öelda" ingl="say" liik="V" vorm="pers.ind.ipf.sg.3.">kītiz</sone><sone id="l42_s3" lk="248" meta="vahemärk">,</sone><sone id="l42_s4" lk="248" lemma="ku" tahendus="et" ingl="that" liik="Konj">ku</sone><sone id="l42_s5" lk="248" lemma="tämā" tahendus="tema" ingl="he" liik="ProS" vorm="sg.nom.">tämā</sone><sone id="l42_s6" lk="248" lemma="vȱlda" tahendus="olla" ingl="be" liik="Va" vorm="pers.ind.pr.sg.3.">um’</sone><sone id="l42_s7" lk="248" lemma="ä’b+jõvā" tahendus="kuri" ingl="evil" liik="A" vorm="sg.part.">äb+ji̮vāst</sone><sone id="l42_s8" lk="248" lemma="nǟ’dõ" tahendus="näha" ingl="see" liik="V" vorm="nud.sg.">nǟnd</sone><sone id="l42_s9" lk="248" lemma="un" tahendus="ja" ingl="and" liik="Konj">un</sone><sone id="l42_s10" lk="248" lemma="tämā" tahendus="tema" ingl="he" liik="ProS" vorm="sg.nom.">tämā</sone><sone id="l42_s11" lk="248" meta="vahemärk">[</sone><sone id="l42_s12" lk="248" lemma="e’mmit" tahendus="enam" ingl="anymore" liik="Adv">je̮m’bit</sone><sone id="l42_s13" lk="248" meta="vahemärk"> &gt;</sone><sone id="l42_s14" lk="248" lemma="e’mmit" tahendus="enam" ingl="anymore" liik="Adv">je̮m’mit</sone><sone id="l42_s15" lk="248" meta="vahemärk"> &gt;</sone><sone id="l42_s16" lk="248" meta="vahemärk">]</sone><sone id="l42_s17" lk="248" lemma="e’mmit" tahendus="enam" ingl="anymore" liik="Adv">em’mit</sone><sone id="l42_s18" lk="248" lemma="tuoi" tahendus="teine" ingl="second" liik="Numj" vorm="sg.part.">tuoista</sone><sone id="l42_s19" lk="248" lemma="kõrd" tahendus="kord" ingl="time" liik="S" vorm="sg.part.">ki̮rd</sone><sone id="l42_s20" lk="248" lemma="ä’b" tahendus="ei" ingl="not" liik="Mn" vorm="pers.ind.pr.sg.3.">äb</sone><sone id="l42_s21" lk="248" lemma="tǭ’dõ" tahendus="tahta" ingl="want" liik="V" vorm="pers.ind.sg.3.neg.">tå̄’</sone><sone id="l42_s22" lk="248" lemma="nǟ’dõ" tahendus="näha" ingl="see" liik="V" vorm="inf.">nǟ’də</sone><sone id="l42_s23" lk="248" meta="vahemärk">.</sone></lause></sisu>
</liivike>
