<?xml version="1.0" encoding="UTF-8"?>
<?xml-stylesheet type="text/xsl" href="liivike_tekst.xsl"?>
<liivike>
	<info><tyyp>kirjalik</tyyp><teema>Satuja 60</teema><keel>liivi</keel><murre>Īra</murre><kirjaviis>lihtsustatud transkriptsioon</kirjaviis><kyla longituud="22.116667" latituud="57.616667">Īra</kyla><teos pealkiri="Näytteitä liivin kielestä" aasta="1953" koht="Helsinki">E. N. Setälä</teos></info><sisu id="Set_Sat_60">
		<lause id="l1">
			<sone id="l1_s1" lk="303" meta="number">60</sone>
			<sone id="l1_s2" lk="303" meta="vahemärk">.</sone></lause>
		<lause id="l2"><sone id="l2_s1" lk="303" meta="kommentaar">Īra</sone><sone id="l2_s2" lk="303" meta="vahemärk">,</sone><sone id="l2_s3" lk="303" meta="kommentaar">Diedrich</sone><sone id="l2_s4" lk="303" meta="kommentaar">Belt</sone><sone id="l2_s5" lk="303" meta="vahemärk">.</sone></lause><lause id="l3"><sone id="l3_s1" lk="303" lemma="aigālist+ro’vz" tahendus="kilplased" liik="S" vorm="pl.nom.">aigālist+rou’ž</sone><sone id="l3_s2" lk="303" meta="vahemärk">–</sone><sone id="l3_s3" lk="303" lemma="ne" tahendus="nemad" ingl="they" liik="ProS" vorm="pl.nom.">ne</sone><sone id="l3_s4" lk="303" lemma="vȱlda" tahendus="olla" ingl="be" liik="Va" vorm="pers.ind.pr.pl.3.">ā’t</sone><sone id="l3_s5" lk="303" lemma="tubā" tahendus="tare" ingl="cottage" liik="S" vorm="sg.part.">tu’bbə</sone><sone id="l3_s6" lk="303" lemma="irgõ" tahendus="hakata" ingl="begin" liik="V" vorm="nud.pl.">ürgənəd</sone><sone id="l3_s7" lk="303" lemma="tī’edõ" tahendus="teha" ingl="make" liik="V" vorm="inf.">ti’edə</sone><sone id="l3_s8" lk="303" meta="vahemärk">.</sone></lause><lause id="l4"><sone id="l4_s1" lk="303" lemma="si’z" tahendus="siis" ingl="then" liik="ProAdv">siz</sone><sone id="l4_s2" lk="303" lemma="ne" tahendus="nemad" ingl="they" liik="ProS" vorm="pl.nom.">ne</sone><sone id="l4_s3" lk="303" lemma="ä’b" tahendus="ei" ingl="not" liik="Mn" vorm="pers.ind.pr.pl.3.">äb</sone><sone id="l4_s4" lk="303" lemma="vȱlda" tahendus="olla" ingl="be" liik="Va" vorm="pers.ind.pl.3.neg.">ue̮t</sone><sone id="l4_s5" lk="303" lemma="mit+ikš" tahendus="mitte ükski" ingl="not one" liik="ProS" vorm="sg.part.">mit+ǖ’tə</sone><sone id="l4_s6" lk="303" lemma="lä’b" tahendus="aken" ingl="window" liik="S" vorm="sg.part.">lä’bbə</sone><sone id="l4_s7" lk="303" lemma="tī’edõ" tahendus="teha" ingl="make" liik="V" vorm="nud.pl.">tienəd</sone><sone id="l4_s8" lk="303" meta="vahemärk">,</sone><sone id="l4_s9" lk="303" lemma="agā" tahendus="aga" ingl="but" liik="Konj">agā</sone><sone id="l4_s10" lk="303" lemma="tubā" tahendus="tare" ingl="cottage" liik="S" vorm="sg.nom.">tubā</sone><sone id="l4_s11" lk="303" lemma="vȱlda" tahendus="olla" ingl="be" liik="Va" vorm="pers.ind.pr.sg.3.">um’</sone><sone id="l4_s12" lk="303" lemma="vȱlda" tahendus="olla" ingl="be" liik="V" vorm="nud.sg.">ve̮nd</sone><sone id="l4_s13" lk="303" lemma="pi’mdõ" tahendus="pime" ingl="dark" liik="A" vorm="sg.nom.">pim’də</sone><sone id="l4_s14" lk="303" meta="vahemärk">.</sone></lause><lause id="l5"><sone id="l5_s1" lk="303" lemma="si’z" tahendus="siis" ingl="then" liik="ProAdv">siz</sone><sone id="l5_s2" lk="303" lemma="ne" tahendus="nemad" ingl="they" liik="ProS" vorm="pl.nom.">ne</sone><sone id="l5_s3" lk="303" lemma="vȱlda" tahendus="olla" ingl="be" liik="Va" vorm="pers.ind.pr.pl.3.">ā’t</sone><sone id="l5_s4" lk="303" lemma="nustõ" tahendus="ärgitada" ingl="raise" liik="V" vorm="nud.pl.">nustānəd</sone><sone id="l5_s5" lk="303" lemma="tī’es+mīez" tahendus="kohtumees" ingl="court man" liik="S" vorm="pl.gen.">ti’esə+mi’ed</sone><sone id="l5_s6" lk="303" meta="vahemärk">,</sone><sone id="l5_s7" lk="303" lemma="la’z" tahendus="las" ingl="let" liik="ModAdv">las</sone><sone id="l5_s8" lk="303" lemma="tī’es+mīez" tahendus="kohtumees" ingl="court man" liik="S" vorm="pl.nom.">ti’esə+mi’ed</sone><sone id="l5_s9" lk="303" lemma="sprī’ezõ" tahendus="arutada" ingl="discuss" liik="V" vorm="pers.jus.pr.pl.3.">spri’ežəgəd</sone><sone id="l5_s10" lk="303" meta="vahemärk">,</sone><sone id="l5_s11" lk="303" lemma="kui" tahendus="kuidas" ingl="how" liik="Intr">kui’</sone><sone id="l5_s12" lk="303" lemma="tubā" tahendus="tare" ingl="cottage" liik="S" vorm="sg.ill.">tu’bbə</sone><sone id="l5_s13" lk="303" lemma="vālda" tahendus="valge" ingl="light" liik="S" vorm="sg.nom.">vå̄lda</sone><sone id="l5_s14" lk="303" lemma="sǭdõ" tahendus="saada" ingl="get" liik="V" vorm="pers.ind.pr.sg.3.">så̄b</sone><sone id="l5_s15" lk="303" lemma="si’zzõl" tahendus="sisse" ingl="into" liik="Adva">si’zzəl</sone><sone id="l5_s16" lk="303" meta="vahemärk">.</sone></lause><lause id="l6"><sone id="l6_s1" lk="303" lemma="si’z" tahendus="siis" ingl="then" liik="ProAdv" vorm="sg.nom.">sis</sone><sone id="l6_s2" lk="303" lemma="tī’es+mīez" tahendus="kohtumees" ingl="court man" liik="S" vorm="pl.nom.">ti’esə+mi’ed</sone><sone id="l6_s3" lk="303" lemma="vȱlda" tahendus="olla" ingl="be" liik="Va" vorm="pers.ind.pr.pl.3.">ā’t</sone><sone id="l6_s4" lk="303" lemma="kītõ" tahendus="öelda" ingl="say" liik="V" vorm="nud.pl.">kītənəd</sone><sone id="l6_s5" lk="303" meta="vahemärk">,</sone><sone id="l6_s6" lk="303" lemma="la’z" tahendus="las" ingl="let" liik="ModAdv">laz</sone><sone id="l6_s7" lk="303" lemma="võttõ" tahendus="võtta" ingl="take" liik="V" vorm="pers.jus.pr.sg.3.">vi̮tāg</sone><sone id="l6_s8" lk="303" lemma="jegā+ikš" tahendus="igaüks" ingl="everyone" liik="ProS" vorm="sg.nom.">jegā+ükš</sone><sone id="l6_s9" lk="303" lemma="ikš" tahendus="üks" ingl="one" liik="Nump" vorm="sg.gen.">ǖ’d</sone><sone id="l6_s10" lk="303" lemma="kuoț" tahendus="kott" ingl="bag" liik="S" vorm="sg.gen.">kᵘe̮t́t́</sone><sone id="l6_s11" lk="303" lemma="un" tahendus="ja" ingl="and" liik="Konj">un</sone><sone id="l6_s12" lk="303" lemma="la’z" tahendus="las" ingl="let" liik="ModAdv">laz</sone><sone id="l6_s13" lk="303" lemma="lǟ’dõ" tahendus="minna" ingl="go" liik="V" vorm="pers.jus.pr.pl.3.">läkkəd</sone><sone id="l6_s14" lk="303" lemma="ulzõ" tahendus="välja" ingl="out" liik="Adva">ulzə</sone><sone id="l6_s15" lk="303" meta="vahemärk">,</sone><sone id="l6_s16" lk="303" lemma="la’z" tahendus="las" ingl="let" liik="ModAdv">las</sone><sone id="l6_s17" lk="303" lemma="tī’edõ" tahendus="teha" ingl="make" liik="V" vorm="pers.jus.pr.pl.3.">tiegəd</sone><sone id="l6_s18" lk="303" lemma="kuoț" tahendus="kott" ingl="bag" liik="S" vorm="sg.gen.">kᵘe̮t́t́</sone><sone id="l6_s19" lk="303" lemma="sū" tahendus="suu" ingl="rim" liik="S" vorm="sg.gen." kommentaar="?">sū</sone><sone id="l6_s20" lk="303" lemma="vāldiņ" tahendus="lahti" ingl="open" liik="Adva">vå̄ldiń</sone><sone id="l6_s21" lk="303" meta="vahemärk">,</sone><sone id="l6_s22" lk="303" lemma="si’z" tahendus="siis" ingl="then" liik="ProAdv">siz</sone><sone id="l6_s23" lk="303" lemma="lǟʼdõ" tahendus="minna" ingl="go" liik="V" vorm="pers.ind.pr.sg.3.">lǟ’b</sone><sone id="l6_s24" lk="303" lemma="vālda" tahendus="valge" ingl="light" liik="S" vorm="sg.nom.">vå̄lda</sone><sone id="l6_s25" lk="303" lemma="kuoț" tahendus="kott" ingl="bag" liik="S" vorm="sg.gen.">kᵘe̮t́t́</sone><sone id="l6_s26" lk="303" lemma="si’zzõl" tahendus="sisse" ingl="into" liik="Post">si’zzəl</sone><sone id="l6_s27" lk="303" meta="vahemärk">,</sone><sone id="l6_s28" lk="303" lemma="un" tahendus="ja" ingl="and" liik="Konj">un</sone><sone id="l6_s29" lk="303" lemma="si’z" tahendus="siis" ingl="then" liik="ProAdv">siz</sone><sone id="l6_s30" lk="303" lemma="la’z" tahendus="las" ingl="let" liik="ModAdv">las</sone><sone id="l6_s31" lk="303" lemma="pānda" tahendus="panna" ingl="put" liik="V" vorm="pers.jus.pr.pl.3.">paŋgəd</sone><sone id="l6_s32" lk="303" lemma="vä’ggi" tahendus="väga" ingl="very" liik="Adv">vägi</sone><sone id="l6_s33" lk="303" lemma="aššõ" tahendus="kiiresti" ingl="quickly" liik="Adv">aššə</sone><sone id="l6_s34" lk="303" lemma="kuoț" tahendus="kott" ingl="bag" liik="S" vorm="sg.gen.">kᵘe̮t́t́</sone><sone id="l6_s35" lk="303" lemma="sū" tahendus="suu" ingl="rim" liik="S" vorm="sg.nom.">sū</sone><sone id="l6_s36" lk="303" lemma="vi’zzõ" tahendus="kinni" ingl="closed" liik="Adva">vi’zzə</sone><sone id="l6_s37" lk="303" meta="vahemärk">,</sone><sone id="l6_s38" lk="303" lemma="ku" tahendus="et" ingl="that" liik="Konj">ku</sone><sone id="l6_s39" lk="303" lemma="vālda" tahendus="valge" ingl="light" liik="S" vorm="sg.nom.">vå̄lda</sone><sone id="l6_s40" lk="303" lemma="ä’b" tahendus="ei" ingl="not" liik="Mn" vorm="pers.ind.pr.sg.3.">äb</sone><sone id="l6_s41" lk="303" lemma="lǟ’dõ" tahendus="minna" ingl="go" liik="V" vorm="pers.ind.sg.3.neg.">lǟ’</sone><sone id="l6_s42" lk="303" lemma="ulz" tahendus="välja" ingl="out" liik="Adva">ulz</sone><sone id="l6_s43" lk="303" meta="vahemärk">,</sone><sone id="l6_s44" lk="303" lemma="si’z" tahendus="siis" ingl="then" liik="ProAdv">siz</sone><sone id="l6_s45" lk="303" lemma="la’z" tahendus="las" ingl="let" liik="ModAdv">laz</sone><sone id="l6_s46" lk="303" lemma="vīdõ" tahendus="viia" ingl="take" liik="V" vorm="pers.jus.pr.pl.3.">vīgəd</sone><sone id="l6_s47" lk="303" lemma="tubā" tahendus="tare" ingl="cottage" liik="S" vorm="sg.ill.">tu’bbə</sone><sone id="l6_s48" lk="303" lemma="un" tahendus="ja" ingl="and" liik="Konj">un</sone><sone id="l6_s49" lk="303" lemma="la’z" tahendus="las" ingl="let" liik="ModAdv">laz</sone><sone id="l6_s50" lk="303" lemma="laskõ " tahendus="lasta" ingl="let" liik="V" vorm="pers.jus.pr.pl.3.">laskəgəd</sone><sone id="l6_s51" lk="303" lemma="kuoț" tahendus="kott" ingl="bag" liik="S" vorm="sg.gen.">kᵘe̮t́t́</sone><sone id="l6_s52" lk="303" lemma="sū" tahendus="suu" ingl="rim" liik="S" vorm="sg.nom.">sū</sone><sone id="l6_s53" lk="303" lemma="te’iž" tahendus="jälle" ingl="again" liik="Adv">täi’z</sone><sone id="l6_s54" lk="303" lemma="vāldiņ" tahendus="lahti" ingl="open" liik="Adva">vå̄ldiń</sone><sone id="l6_s55" lk="303" meta="vahemärk">,</sone><sone id="l6_s56" lk="303" lemma="si’z" tahendus="siis" ingl="then" liik="ProAdv">siz</sone><sone id="l6_s57" lk="303" lemma="līdõ" tahendus="olema saada" ingl="will be" liik="V" vorm="pers.kvt.pr.sg.3.">līji</sone><sone id="l6_s58" lk="303" lemma="tubā" tahendus="tare" ingl="cottage" liik="S" vorm="sg.nom.">tubā</sone><sone id="l6_s59" lk="303" lemma="vālda" tahendus="valge" ingl="bright" liik="A" vorm="sg.nom.">vå̄lda</sone><sone id="l6_s60" lk="303" meta="vahemärk">.</sone></lause><lause id="l7"><sone id="l7_s1" lk="303" lemma="agā" tahendus="aga" ingl="but" liik="Konj">agā</sone><sone id="l7_s2" lk="303" lemma="si’z" tahendus="siis" ingl="then" liik="ProAdv">siz</sone><sone id="l7_s3" lk="303" lemma="ne" tahendus="nemad" ingl="they" liik="ProS" vorm="pl.nom.">ne</sone><sone id="l7_s4" lk="303" lemma="vȱlda" tahendus="olla" ingl="be" liik="Va" vorm="pers.ind.pr.pl.3.">ā’t</sone><sone id="l7_s5" lk="303" lemma="kandõ" tahendus="kanda" ingl="carry" liik="V" vorm="nud.pl.">kå̄ndanəd</sone><sone id="l7_s6" lk="303" lemma="pǟva" tahendus="päev" ingl="day" liik="S" vorm="sg.gen.">pǟva</sone><sone id="l7_s7" lk="303" meta="vahemärk">[</sone><sone id="l7_s8" lk="303" lemma="le’b" tahendus="läbi" ingl="through" liik="Post">lö’b</sone><sone id="l7_s9" lk="303" meta="vahemärk"> &gt;</sone><sone id="l7_s10" lk="303" meta="vahemärk">]</sone><sone id="l7_s11" lk="303" lemma="le’b" tahendus="läbi" ingl="through" liik="Post">le’b</sone><sone id="l7_s12" lk="303" meta="vahemärk">:</sone><sone id="l7_s13" lk="303" lemma="tubā" tahendus="tare" ingl="cottage" liik="S" vorm="sg.nom.">tubā</sone><sone id="l7_s14" lk="303" lemma="kui" tahendus="nagu" ingl="as" liik="Konj">kui’</sone><sone id="l7_s15" lk="303" lemma="vȱlda" tahendus="olla" ingl="be" liik="V" vorm="nud.sg.">ve̮nd</sone><sone id="l7_s16" lk="303" lemma="ne’i" tahendus="nii" ingl="so" liik="ProAdv">nei’</sone><sone id="l7_s17" lk="303" lemma="vȱlda" tahendus="olla" ingl="be" liik="V" vorm="nud.sg.">ve̮nd</sone><sone id="l7_s18" lk="303" lemma="pi’mdõ" tahendus="pime" ingl="dark" liik="A" vorm="sg.nom.">pim’də</sone><sone id="l7_s19" lk="303" meta="vahemärk">.</sone></lause><lause id="l8"><sone id="l8_s1" lk="303" lemma="si’z" tahendus="siis" ingl="then" liik="ProAdv">siz</sone><sone id="l8_s2" lk="303" lemma="amā" tahendus="kõige" ingl="most" liik="Ms">amā</sone><sone id="l8_s3" lk="303" lemma="vanā" tahendus="vana" ingl="old" liik="A" vorm="sg.nom.">vanā</sone><sone id="l8_s4" lk="303" lemma="tī’es+mīez" tahendus="kohtumees" ingl="court man" liik="S" vorm="sg.nom.">ti’esə+miez</sone><sone id="l8_s5" lk="303" lemma="ie+vaņțlõ" tahendus="vaadata" ingl="look" liik="V" vorm="nud.sg.">i’e+vańt́ĺən</sone><sone id="l8_s6" lk="303" lemma="sāina" tahendus="sein" ingl="wall" liik="S" vorm="sg.gen.">så̄ina</sone><sone id="l8_s7" lk="303" lemma="va’ild" tahendus="vahelt" ingl="through" liik="Post">vai’ldə</sone><sone id="l8_s8" lk="303" lemma="ku" tahendus="et" ingl="that" liik="Konj">ku</sone><sone id="l8_s9" lk="303" lemma="sǟ’l" tahendus="seal" ingl="there" liik="ProAdv">sǟ’l</sone><sone id="l8_s10" lk="303" lemma="paistõ" tahendus="paista" ingl="shine" liik="V" vorm="nud.sg.">paistən</sone><sone id="l8_s11" lk="303" lemma="vālda" tahendus="valge" ingl="light" liik="S" vorm="sg.nom.">vå̄lda</sone><sone id="l8_s12" lk="303" meta="vahemärk">.</sone></lause><lause id="l9"><sone id="l9_s1" lk="303" lemma="si’z" tahendus="siis" ingl="then" liik="ProAdv">siz</sone><sone id="l9_s2" lk="303" lemma="se" tahendus="see" ingl="this" liik="ProS" vorm="sg.nom.">se</sone><sone id="l9_s3" lk="303" lemma="kītõ" tahendus="öelda" ingl="say" liik="V" vorm="nud.sg.">kītən</sone><sone id="l9_s4" lk="303" meta="vahemärk">,</sone><sone id="l9_s5" lk="303" lemma="la’z" tahendus="las" ingl="let" liik="ModAdv">laz</sone><sone id="l9_s6" lk="303" lemma="ra’dļõ" tahendus="raiuda" ingl="cut" liik="V" vorm="pers.jus.pr.pl.3.">ra’d́ĺəgəd</sone><sone id="l9_s7" lk="303" lemma="sūr" tahendus="suur" ingl="big" liik="A" vorm="pl.nom.">sūrd</sone><sone id="l9_s8" lk="303" lemma="ouk" tahendus="auk" ingl="hole" liik="S" vorm="pl.nom.">ōkud</sone><sone id="l9_s9" lk="303" lemma="sāina" tahendus="sein" ingl="wall" liik="S" vorm="sg.ill.">sainə</sone><sone id="l9_s10" lk="303" meta="vahemärk">,</sone><sone id="l9_s11" lk="303" lemma="si’z" tahendus="siis" ingl="then" liik="ProAdv">siz</sone><sone id="l9_s12" lk="303" lemma="līdõ" tahendus="olema saada" ingl="will be" liik="V" vorm="pers.kvt.pr.sg.3.">līji</sone><sone id="l9_s13" lk="303" lemma="vālda" tahendus="valge" ingl="light" liik="S" vorm="sg.nom.">vå̄lda</sone><sone id="l9_s14" lk="303" meta="vahemärk">.</sone><sone id="l9_s15" lk="303" lemma="un" tahendus="ja" ingl="and" liik="Konj">un</sone><sone id="l9_s16" lk="303" lemma="si’z" tahendus="siis" ingl="then" liik="ProAdv">siz</sone><sone id="l9_s17" lk="303" lemma="ne" tahendus="nemad" ingl="they" liik="ProS" vorm="pl.nom.">ne</sone><sone id="l9_s18" lk="303" lemma="vȱlda" tahendus="olla" ingl="be" liik="Va" vorm="pers.ind.pr.pl.3.">ā’t</sone><sone id="l9_s19" lk="303" lemma="ra’dļõ" tahendus="raiuda" ingl="cut" liik="V" vorm="nud.">ra’d́ĺənəd</sone><sone id="l9_s20" lk="303" lemma="un" tahendus="ja" ingl="and" liik="Konj">un</sone><sone id="l9_s21" lk="303" lemma="tubā" tahendus="tare" ingl="cottage" liik="S" vorm="sg.nom.">tubā</sone><sone id="l9_s22" lk="303" lemma="vȱlda" tahendus="olla" ingl="be" liik="Va" vorm="pers.ind.pr.sg.3.">um’</sone><sone id="l9_s23" lk="303" lemma="vȱlda" tahendus="olla" ingl="be" liik="Va" vorm="nud.sg.">ve̮nd</sone><sone id="l9_s24" lk="303" lemma="vālda" tahendus="valge" ingl="light" liik="A" vorm="sg.nom.">vå̄lda</sone><sone id="l9_s25" lk="303" meta="vahemärk">.</sone></lause><lause id="l10"><sone id="l10_s1" lk="304" lemma="si’z" tahendus="siis" ingl="then" liik="ProAdv">siz</sone><sone id="l10_s2" lk="304" lemma="vȱlda" tahendus="olla" ingl="be" liik="Va" vorm="pers.ind.pr.sg.3.">um’</sone><sone id="l10_s3" lk="304" lemma="vȱlda" tahendus="olla" ingl="be" liik="V" vorm="nud.sg.">ve̮nd</sone><sone id="l10_s4" lk="304" lemma="tubā" tahendus="tare" ingl="cottage" liik="S" vorm="sg.nom.">tubā</sone><sone id="l10_s5" lk="304" lemma="vä’ggi" tahendus="väga" ingl="very" liik="Adv">vägi</sone><sone id="l10_s6" lk="304" lemma="kīlma" tahendus="külm" ingl="cold" liik="A" vorm="sg.nom.">kǖlma</sone><sone id="l10_s7" lk="304" meta="vahemärk">.</sone></lause><lause id="l11"><sone id="l11_s1" lk="304" lemma="si’z" tahendus="siis" ingl="then" liik="ProAdv">sis</sone><sone id="l11_s2" lk="304" lemma="tī’es+mīez" tahendus="kohtumees" ingl="court man" liik="S" vorm="sg.nom.">ti’esə+miez</sone><sone id="l11_s3" lk="304" lemma="vȱlda" tahendus="olla" ingl="be" liik="Va" vorm="pers.ind.pr.sg.3.">um’</sone><sone id="l11_s4" lk="304" lemma="sprī’ezõ" tahendus="arutada" ingl="discuss" liik="V" vorm="nud.sg.">spri’ežən</sone><sone id="l11_s5" lk="304" meta="vahemärk">,</sone><sone id="l11_s6" lk="304" lemma="la’z" tahendus="las" ingl="let" liik="ModAdv">laz</sone><sone id="l11_s7" lk="304" lemma="mīrtõ" tahendus="müürida" ingl="build " liik="V" vorm="pers.jus.pr.pl.3.">mǖrtəgəd</sone><sone id="l11_s8" lk="304" lemma="ǭ’j" tahendus="ahi" ingl="oven" liik="S" vorm="sg.gen.">å̄’i</sone><sone id="l11_s9" lk="304" meta="vahemärk">.</sone></lause><lause id="l12"><sone id="l12_s1" lk="304" lemma="agā" tahendus="aga" ingl="but" liik="Konj">agā</sone><sone id="l12_s2" lk="304" lemma="si’z" tahendus="siis" ingl="then" liik="ProAdv">siz</sone><sone id="l12_s3" lk="304" lemma="ne" tahendus="nemad" ingl="they" liik="ProS" vorm="pl.nom.">n</sone><sone lk="304" keel="eesti" id="l12_s4" meta="vahemärk">=</sone><sone lk="304" keel="eesti" id="l12_s5" lemma="vȱlda" tahendus="olla" ingl="be" liik="Va" vorm="pers.ind.pr.pl.3.">ā’t</sone><sone id="l12_s6" lk="304" lemma="mīrtõ" tahendus="müürida" ingl="build " liik="V" vorm="nud.pl.">mǖrtənəd</sone><sone id="l12_s7" lk="304" meta="vahemärk">,</sone><sone id="l12_s8" lk="304" lemma="tubā" tahendus="tare" ingl="cottage" liik="S" vorm="sg.nom.">tubā</sone><sone id="l12_s9" lk="304" lemma="vȱlda" tahendus="olla" ingl="be" liik="Va" vorm="pers.ind.pr.sg.3.">um</sone><sone id="l12_s10" lk="304" lemma="vȱlda" tahendus="olla" ingl="be" liik="V" vorm="nud.sg.">ve̮nd</sone><sone id="l12_s11" lk="304" lemma="sīegid+pierāst" tahendus="sellegipärast" ingl="anyway" liik="ProAdv">siegid+pⁱerāst</sone><sone id="l12_s12" lk="304" lemma="kīlma" tahendus="külm" ingl="cold" liik="A" vorm="sg.nom.">kǖlma</sone><sone id="l12_s13" lk="304" meta="vahemärk">.</sone></lause><lause id="l13"><sone id="l13_s1" lk="304" lemma="si’z" tahendus="siis" ingl="then" liik="ProAdv">siz</sone><sone id="l13_s2" lk="304" lemma="vanā" tahendus="vana" ingl="old" liik="A" vorm="sg.nom.">vanā</sone><sone id="l13_s3" lk="304" lemma="tī’es+mīez" tahendus="kohtumees" ingl="court man" liik="S" vorm="sg.nom.">ti’esə+miez</sone><sone id="l13_s4" lk="304" lemma="kītõ" tahendus="öelda" ingl="say" liik="V" vorm="nud.sg.">kītən</sone><sone id="l13_s5" lk="304" meta="vahemärk">:</sone><sone id="l13_s6" lk="304" meta="vahemärk">”</sone><sone lk="304" keel="eesti" id="l13_s7" lemma="vie’ddõ" tahendus="tõmmata" ingl="pull" liik="V" vorm="pers.imp.pr.pl.2.">vⁱedāgid</sone><sone id="l13_s8" lk="304" lemma="villi" tahendus="villane" ingl="woollen" liik="A" vorm="sg.gen.">villiz</sone><sone id="l13_s9" lk="304" lemma="lānga" tahendus="lõng" ingl="yarn" liik="S" vorm="sg.gen.">lāŋga</sone><sone id="l13_s10" lk="304" lemma="immõr" tahendus="ümber" ingl="around" liik="Pre">ümmər</sone><sone id="l13_s11" lk="304" lemma="ǭ’j" tahendus="ahi" ingl="oven" liik="S" vorm="sg.gen.">å̄’i</sone><sone id="l13_s12" lk="304" meta="vahemärk">,</sone><sone id="l13_s13" lk="304" lemma="si’z" tahendus="siis" ingl="then" liik="ProAdv">siz</sone><sone id="l13_s14" lk="304" lemma="lem" tahendus="soojus" ingl="warmth" liik="S" vorm="sg.nom.">lem</sone><sone id="l13_s15" lk="304" lemma="ä’b" tahendus="ei" ingl="not" liik="Mn" vorm="pers.ind.pr.sg.3.">äb</sone><sone id="l13_s16" lk="304" lemma="lǟ’dõ" tahendus="minna" ingl="go" liik="V" vorm="pers.ind.sg.3.neg.">lǟ’</sone><sone id="l13_s17" lk="304" lemma="ulz" tahendus="välja" ingl="out" liik="Adva">ulz</sone><sone lk="304" keel="eesti" id="l13_s18" meta="vahemärk">!</sone><sone id="l13_s19" lk="304" meta="vahemärk">”</sone></lause><lause id="l14"><sone id="l14_s1" lk="304" lemma="si’z" tahendus="siis" ingl="then" liik="ProAdv">siz</sone><sone id="l14_s2" lk="304" lemma="ne" ingl="they" liik="ProS" vorm="pl.nom." tahendus="nemad">ne</sone><sone id="l14_s3" lk="304" lemma="vȱlda" tahendus="olla" ingl="be" liik="Va" vorm="pers.ind.pr.pl.3.">ā’t</sone><sone id="l14_s4" lk="304" lemma="vie’ddõ" tahendus="tõmmata" ingl="pull" liik="V" vorm="nud.pl.">vⁱedānəd</sone><sone id="l14_s5" lk="304" meta="vahemärk">,</sone><sone id="l14_s6" lk="304" lemma="agā" tahendus="aga" ingl="but" liik="Konj">agā</sone><sone id="l14_s7" lk="304" lemma="lem" tahendus="soojus" ingl="warmth" liik="S" vorm="sg.nom.">lem</sone><sone id="l14_s8" lk="304" lemma="vȱlda" tahendus="olla" ingl="be" liik="Va" vorm="pers.ind.pr.sg.3.">um’</sone><sone id="l14_s9" lk="304" lemma="lǟʼdõ" tahendus="minna" ingl="go" liik="V" vorm="nud.sg.">lǟ’nd</sone><sone id="l14_s10" lk="304" lemma="ulz" tahendus="välja" ingl="out" liik="Adva">ulz</sone><sone id="l14_s11" lk="304" meta="vahemärk">.</sone></lause><lause id="l15"><sone id="l15_s1" lk="304" lemma="si’z" tahendus="siis" ingl="then" liik="ProAdv">siz</sone><sone id="l15_s2" lk="304" lemma="vanā" tahendus="vana" ingl="old" liik="A" vorm="sg.nom.">vanā</sone><sone id="l15_s3" lk="304" lemma="tī’es+mīez" tahendus="kohtumees" ingl="court man" liik="S" vorm="sg.nom.">ti’esə+miez</sone><sone id="l15_s4" lk="304" lemma="kītõ" tahendus="öelda" ingl="say" liik="V" vorm="nud.sg.">kītən</sone><sone id="l15_s5" lk="304" meta="vahemärk">,</sone><sone id="l15_s6" lk="304" lemma="la’z" tahendus="las" ingl="let" liik="ModAdv">las</sone><sone id="l15_s7" lk="304" lemma="kittõ" tahendus="kütta" ingl="heat" liik="V" vorm="pers.jus.pr.pl.3.">kütāgəd</sone><sone id="l15_s8" lk="304" lemma="ǭ’j" tahendus="ahi" ingl="oven" liik="S" vorm="sg.part.">å̄’jə</sone><sone id="l15_s9" lk="304" meta="vahemärk">.</sone></lause><lause id="l16"><sone id="l16_s1" lk="304" lemma="si’z" tahendus="siis" ingl="then" liik="ProAdv">siz</sone><sone id="l16_s2" lk="304" lemma="ne" tahendus="nemad" ingl="they" liik="ProS" vorm="pl.nom.">ne</sone><sone id="l16_s3" lk="304" lemma="vȱlda" tahendus="olla" ingl="be" liik="Va" vorm="pers.ind.pr.pl.3.">ā’t</sone><sone id="l16_s4" lk="304" lemma="kittõ" tahendus="kütta" ingl="heat" liik="V" vorm="nud.pl.">kütānəd</sone><sone id="l16_s5" lk="304" meta="vahemärk">,</sone><sone id="l16_s6" lk="304" lemma="si’z" tahendus="siis" ingl="then" liik="ProAdv">sis</sone><sone id="l16_s7" lk="304" lemma="tubā" tahendus="tare" ingl="cottage" liik="S" vorm="sg.nom.">tubā</sone><sone id="l16_s8" lk="304" lemma="īedõ" tahendus="saada" ingl="get" liik="V" vorm="nud.sg.">iend</sone><sone id="l16_s9" lk="304" lemma="lem" tahendus="soe" ingl="warm" liik="A" vorm="sg.tr.">lemməks</sone><sone id="l16_s10" lk="304" meta="vahemärk">.</sone></lause><lause id="l17"><sone id="l17_s1" lk="304" lemma="si’z" tahendus="siis" ingl="then" liik="ProAdv">siz</sone><sone id="l17_s2" lk="304" lemma="vanā" tahendus="vana" ingl="old" liik="A" vorm="sg.nom.">vanā</sone><sone id="l17_s3" lk="304" lemma="tī’es+mīez" tahendus="kohtumees" ingl="court man" liik="S" vorm="sg.nom.">ti’esə+miez</sone><sone id="l17_s4" lk="304" lemma="kītõ" tahendus="öelda" ingl="say" liik="V" vorm="nud.sg.">kītən</sone><sone id="l17_s5" lk="304" meta="vahemärk">:</sone><sone id="l17_s6" lk="304" meta="vahemärk">”</sone><sone lk="304" keel="eesti" id="l17_s7" lemma="killõ" tahendus="külvata" ingl="sow" liik="V" vorm="pers.imp.pr.pl.2.">kǖlagid</sone><sone id="l17_s8" lk="304" lemma="sūol" tahendus="sool" ingl="salt" liik="S" vorm="sg.part.">sue̮lə</sone><sone lk="304" keel="eesti" id="l17_s9" meta="vahemärk">!</sone><sone id="l17_s10" lk="304" meta="vahemärk">”</sone><sone id="l17_s11" lk="304" lemma="si’z" tahendus="siis" ingl="then" liik="ProAdv">siz</sone><sone id="l17_s12" lk="304" lemma="ne" tahendus="nemad" ingl="they" liik="ProS" vorm="pl.nom.">ne</sone><sone id="l17_s13" lk="304" lemma="vȱlda" tahendus="olla" ingl="be" liik="Va" vorm="pers.ind.pr.pl.3.">ā’t</sone><sone id="l17_s14" lk="304" lemma="killõ" tahendus="külvata" ingl="sow" liik="V" vorm="nud.pl.">kǖlanəd</sone><sone id="l17_s15" lk="304" lemma="nuŗm" tahendus="põld" ingl="field" liik="S" vorm="sg.gen.">nurm</sone><sone id="l17_s16" lk="304" lemma="pǟl " tahendus="peale" ingl="on" liik="Post">pǟl</sone><sone id="l17_s17" lk="304" lemma="sūol" tahendus="sool" ingl="salt" liik="S" vorm="sg.part.">sue̮lə</sone><sone id="l17_s18" lk="304" meta="vahemärk">.</sone></lause><lause id="l18"><sone id="l18_s1" lk="304" lemma="si’z" tahendus="siis" ingl="then" liik="ProAdv">sis</sone><sone id="l18_s2" lk="304" lemma="pānda" tahendus="panna" ingl="put" liik="V" vorm="nud.pl.">pannəd</sone><sone id="l18_s3" lk="304" lemma="kūora" tahendus="kõrv" ingl="ear" liik="S" vorm="sg.gen.">kue̮ra</sone><sone id="l18_s4" lk="304" lemma="mǭ" tahendus="maa" ingl="ground" liik="S" vorm="sg.gen.">må̄</sone><sone id="l18_s5" lk="304" lemma="jūr" tahendus="juurde" ingl="near" liik="Post">jūr</sone><sone id="l18_s6" lk="304" lemma="un" tahendus="ja" ingl="and" liik="Konj">un</sone><sone id="l18_s7" lk="304" lemma="kūldõ" tahendus="kuulata" ingl="listen" liik="V" vorm="nud.pl.">kūldənəd</sone><sone id="l18_s8" lk="304" meta="vahemärk">,</sone><sone id="l18_s9" lk="304" lemma="kas" tahendus="kas" ingl="if" liik="Intr">kas</sone><sone id="l18_s10" lk="304" lemma="ka’zzõ" tahendus="kasvada" ingl="grow" liik="V" vorm="pers.kvt.pr.sg.3.">kazāji</sone><sone id="l18_s11" lk="304" lemma="ka" tahendus="ka" ingl="also" liik="ModAdv">ka</sone><sone id="l18_s12" lk="304" lemma="sūol" tahendus="sool" ingl="salt" liik="S" vorm="sg.part.">sue̮lə</sone><sone id="l18_s13" lk="304" meta="vahemärk">.</sone></lause><lause id="l19"><sone id="l19_s1" lk="304" lemma="vanā" tahendus="vana" ingl="old" liik="A" vorm="sg.nom.">vanā</sone><sone id="l19_s2" lk="304" lemma="tī’es+mīez" tahendus="kohtumees" ingl="court man" liik="S" vorm="sg.nom.">ti’esə+miez</sone><sone id="l19_s3" lk="304" lemma="kītõ" tahendus="öelda" ingl="say" liik="V" vorm="nud.sg.">kītən</sone><sone id="l19_s4" lk="304" meta="vahemärk">,</sone><sone id="l19_s5" lk="304" lemma="ku" tahendus="et" ingl="that" liik="Konj">ku</sone><sone id="l19_s6" lk="304" lemma="ka’zzõ" tahendus="kasvada" ingl="grow" liik="V" vorm="pers.kvt.pr.sg.3.">kazāji</sone><sone id="l19_s7" lk="304" lemma="ki’l" tahendus="küll" ingl="indeed" liik="ModAdv">küll</sone><sone id="l19_s8" lk="304" meta="vahemärk">.</sone></lause><lause id="l20"><sone id="l20_s1" lk="304" lemma="si’z" tahendus="siis" ingl="then" liik="ProAdv">sis</sone><sone id="l20_s2" lk="304" lemma="ka’zzõ" tahendus="kasvada" ingl="grow" liik="V" vorm="nud.sg.">ka’zzən</sone><sone id="l20_s3" lk="304" lemma="sūr" tahendus="suur" ingl="big" liik="A" vorm="sg.nom.">sūr</sone><sone id="l20_s4" lk="304" lemma="sūol" tahendus="sool" ingl="salt" liik="S" vorm="sg.nom.">sue̮lə</sone><sone id="l20_s5" lk="304" meta="vahemärk">,</sone><sone id="l20_s6" lk="304" lemma="agā" tahendus="aga" ingl="but" liik="Konj">agā</sone><sone id="l20_s7" lk="304" lemma="seļļi" tahendus="selline" ingl="such" liik="ProA" vorm="sg.nom.">selli</sone><sone id="l20_s8" lk="304" meta="vahemärk">,</sone><sone id="l20_s9" lk="304" lemma="ku" tahendus="et" ingl="that" liik="Konj">ku</sone><sone id="l20_s10" lk="304" lemma="ke’ž" tahendus="käsi" ingl="hand" liik="S" vorm="pl.instl.">kädūdəks</sone><sone id="l20_s11" lk="304" lemma="ä’b" tahendus="ei" ingl="not" liik="Mn" vorm="pers.ind.pr.sg.3.">äb</sone><sone id="l20_s12" lk="304" lemma="võidõ" tahendus="võida" ingl="can" liik="V" vorm="pers.ind.sg.3.neg.">vi̮i</sone><sone id="l20_s13" lk="304" lemma="jū’rõ" tahendus="külge" ingl="at" liik="Adva">jūrə</sone><sone id="l20_s14" lk="304" lemma="akkõ" tahendus="haarata" ingl="grab" liik="V" vorm="inf.">akkə</sone><sone id="l20_s15" lk="304" meta="vahemärk">.</sone></lause><lause id="l21"><sone id="l21_s1" lk="304" lemma="si’z" tahendus="siis" ingl="then" liik="ProAdv">siz</sone><sone id="l21_s2" lk="304" lemma="vȱlda" tahendus="olla" ingl="be" liik="Va" vorm="pers.ind.pr.pl.3.">ā’t</sone><sone id="l21_s3" lk="304" lemma="lǟʼdõ" tahendus="minna" ingl="go" liik="V" vorm="nud.pl.">lǟ’nəd</sone><sone id="l21_s4" lk="304" lemma="nī’em" tahendus="lehm" ingl="cow" liik="S" vorm="pl.nom.">ni’eməd</sone><sone id="l21_s5" lk="304" lemma="sūol" tahendus="sool" ingl="salt" liik="S" vorm="sg.gen.">sue̮lə</sone><sone id="l21_s6" lk="304" lemma="pǟl " tahendus="peale" ingl="on" liik="Post">pǟl</sone><sone id="l21_s7" lk="304" meta="vahemärk">.</sone></lause><lause id="l22"><sone id="l22_s1" lk="304" lemma="si’z" tahendus="siis" ingl="then" liik="ProAdv">sis</sone><sone id="l22_s2" lk="304" lemma="tī’es+mīez" tahendus="kohtumees" ingl="court man" liik="S" vorm="sg.nom.">ti’esə+miez</sone><sone id="l22_s3" lk="304" lemma="vȱlda" tahendus="olla" ingl="be" liik="Va" vorm="pers.ind.pr.sg.3.">um’</sone><sone id="l22_s4" lk="304" lemma="sprī’ezõ" tahendus="arutada" ingl="discuss" liik="V" vorm="nud.sg.">spri’ežən</sone><sone id="l22_s5" lk="304" meta="vahemärk">,</sone><sone id="l22_s6" lk="304" lemma="kui" tahendus="kuidas" ingl="how" liik="Intr">kui’</sone><sone id="l22_s7" lk="304" lemma="nī’em" tahendus="lehm" ingl="cow" liik="S" vorm="pl.gen.">ni’eməd</sone><sone id="l22_s8" lk="304" lemma="jarā" tahendus="ära" ingl="off" liik="Adva">jerā</sone><sone id="l22_s9" lk="304" lemma="sǭdõ" tahendus="saada" ingl="get" liik="V" vorm="pers.ind.pr.sg.3.">så̄b</sone><sone id="l22_s10" lk="304" meta="vahemärk">.</sone></lause><lause id="l23"><sone id="l23_s1" lk="304" lemma="ni" tahendus="nüüd" ingl="now" liik="Adv">ni</sone><sone id="l23_s2" lk="304" lemma="ku" tahendus="kui" ingl="if" liik="Konj">ku</sone><sone id="l23_s3" lk="304" lemma="ī’ž" tahendus="ise" ingl="self" liik="Adv">ī’ž</sone><sone id="l23_s4" lk="304" lemma="lǟʼdõ" tahendus="minna" ingl="go" liik="V" vorm="ips.ind.pr.sg.3.">lǟ’b</sone><sone id="l23_s5" lk="304" lemma="a’jjõ" tahendus="ajada" ingl="drive" liik="V" vorm="sup.">ajām</sone><sone id="l23_s6" lk="304" meta="vahemärk">,</sone><sone id="l23_s7" lk="304" lemma="si’z" tahendus="siis" ingl="then" liik="ProAdv">siz</sone><sone id="l23_s8" lk="304" lemma="bre’ḑḑõ" tahendus="tallata" ingl="trample" liik="V" vorm="ips.ind.pr.sg.3.">bred́ūb</sone><sone id="l23_s9" lk="304" lemma="sūol" tahendus="sool" ingl="salt" liik="S" vorm="sg.gen.">sue̮lə</sone><sone id="l23_s10" lk="304" lemma="jarā" tahendus="ära" ingl="down" liik="Adva">jerā</sone><sone id="l23_s11" lk="304" meta="vahemärk">.</sone></lause><lause id="l24"><sone id="l24_s1" lk="304" lemma="agā" tahendus="aga" ingl="but" liik="Konj">agā</sone><sone id="l24_s2" lk="304" lemma="si’z" tahendus="siis" ingl="then" liik="ProAdv">siz</sone><sone id="l24_s3" lk="304" lemma="ne" tahendus="nemad" ingl="they" liik="ProS" vorm="pl.nom.">ne</sone><sone id="l24_s4" lk="304" lemma="vȱlda" tahendus="olla" ingl="be" liik="Va" vorm="pers.ind.pr.pl.3.">ā’t</sone><sone id="l24_s5" lk="304" lemma="pānda" tahendus="panna" ingl="put" liik="V" vorm="nud.pl.">pannəd</sone><sone id="l24_s6" lk="304" lemma="tī’es+mīez" tahendus="kohtumees" ingl="court man" liik="S" vorm="sg.gen.">ti’esə+mi’e</sone><sone id="l24_s7" lk="304" lemma="sūr" tahendus="suur" ingl="big" liik="A" vorm="sg.gen.">sūr</sone><sone id="l24_s8" lk="304" lemma="ra’j" tahendus="tool" ingl="seat" liik="S" vorm="sg.gen.">rai’</sone><sone id="l24_s9" lk="304" lemma="pǟl " tahendus="peale" ingl="on" liik="Post">pǟl</sone><sone id="l24_s10" lk="304" lemma="istõ" tahendus="istuda" ingl="sit" liik="V" vorm="sup.">istəm</sone><sone id="l24_s11" lk="304" lemma="un" tahendus="ja" ingl="and" liik="Konj">un</sone><sone id="l24_s12" lk="304" lemma="se" tahendus="see" ingl="this" liik="ProS" vorm="sg.dat.">sien</sone><sone id="l24_s13" lk="304" lemma="pǭtõg" tahendus="piits" ingl="whip" liik="S" vorm="sg.gen.">på̄təg</sone><sone id="l24_s14" lk="304" lemma="kä’ddõ" tahendus="kätte" ingl="into hands" liik="Adva">kä’ddə</sone><sone id="l24_s15" lk="304" meta="vahemärk">,</sone><sone id="l24_s16" lk="304" lemma="un" tahendus="ja" ingl="and" liik="Konj">un</sone><sone id="l24_s17" lk="304" lemma="si’z" tahendus="siis" ingl="then" liik="ProAdv">siz</sone><sone id="l24_s18" lk="304" lemma="nēļa" tahendus="neli" ingl="four" liik="Nump" vorm="sg.nom.">nēĺa</sone><sone id="l24_s19" lk="304" lemma="mīez" tahendus="mees" ingl="man" liik="S" vorm="sg.part.">miestə</sone><sone id="l24_s20" lk="304" lemma="kandõ" tahendus="kanda" ingl="carry" liik="V" vorm="nud.pl.">kå̄ndanəd</sone><sone id="l24_s21" lk="304" lemma="tämā" tahendus="tema" ingl="he" liik="ProS" vorm="sg.part.">tǟnda</sone><sone id="l24_s22" lk="304" meta="vahemärk">,</sone><sone id="l24_s23" lk="304" lemma="la’z" tahendus="las" ingl="let" liik="ModAdv">las</sone><sone id="l24_s24" lk="304" lemma="se" tahendus="see" ingl="this" liik="ProS" vorm="sg.nom.">se</sone><sone id="l24_s25" lk="304" lemma="a’jjõ" tahendus="ajada" ingl="drive" liik="V" vorm="pers.jus.pr.sg.3.">ajāg</sone><sone id="l24_s26" lk="304" lemma="nī’em" tahendus="lehm" ingl="cow" liik="S" vorm="pl.gen.">ni’eməd</sone><sone id="l24_s27" lk="304" lemma="jarā" tahendus="ära" ingl="away" liik="Adva">jerā</sone><sone id="l24_s28" lk="304" meta="vahemärk">.</sone></lause><lause id="l25"><sone id="l25_s1" lk="304" lemma="si’z" tahendus="siis" ingl="then" liik="ProAdv">siz</sone><sone id="l25_s2" lk="304" lemma="ne" tahendus="nemad" ingl="they" liik="ProS" vorm="pl.nom.">ne</sone><sone id="l25_s3" lk="304" lemma="vȱlda" tahendus="olla" ingl="be" liik="Va" vorm="pers.ind.pr.pl.3.">ā’t</sone><sone id="l25_s4" lk="304" lemma="irgõ" tahendus="hakata" ingl="begin" liik="V" vorm="nud.pl.">ürgənəd</sone><sone id="l25_s5" lk="304" lemma="sūol" tahendus="sool" ingl="salt" liik="S" vorm="sg.part.">sue̮lə</sone><sone id="l25_s6" lk="304" lemma="nītõ" tahendus="niita" ingl="cut" liik="V" vorm="inf.">nītə</sone><sone id="l25_s7" lk="304" meta="vahemärk">,</sone><sone id="l25_s8" lk="304" lemma="agā" tahendus="aga" ingl="but" liik="Konj">agā</sone><sone id="l25_s9" lk="304" lemma="ä’b" tahendus="ei" ingl="not" liik="Mn" vorm="pers.ind.pr.pl.3.">äb</sone><sone id="l25_s10" lk="304" lemma="vȱlda" tahendus="olla" ingl="be" liik="Va" vorm="pers.ind.pl.3.neg.">ue̮t</sone><sone id="l25_s11" lk="304" meta="vahemärk">[</sone><sone id="l25_s12" lk="304" lemma="võidõ" tahendus="võida" ingl="can" liik="V" vorm="nud.sg.">vuind</sone><sone id="l25_s13" lk="304" meta="vahemärk"> &gt;</sone><sone id="l25_s14" lk="304" meta="vahemärk">]</sone><sone id="l25_s15" lk="304" lemma="võidõ" tahendus="võida" ingl="can" liik="V" vorm="nud.pl.">vi̮inəd</sone><sone id="l25_s16" lk="304" lemma="no+nītõ" tahendus="niita" ingl="cut" liik="V" vorm="inf.prf.">nu’e̮+nītə</sone><sone id="l25_s17" lk="304" meta="vahemärk">–</sone><sone id="l25_s18" lk="304" lemma="nämād" tahendus="nemad" ingl="they" liik="ProS" vorm="pl.dat.">näntən</sone><sone id="l25_s19" lk="304" lemma="ä’b" tahendus="ei" ingl="not" liik="Mn" vorm="pers.ind.pr.sg.3.">äb</sone><sone id="l25_s20" lk="304" lemma="vȱlda" tahendus="olla" ingl="be" liik="Va" vorm="pers.ind.sg.3.neg.">ue̮</sone><sone id="l25_s21" lk="304" lemma="vȱlda" tahendus="olla" ingl="be" liik="V" vorm="nud.sg.">ve̮nd</sone><sone id="l25_s22" lk="304" lemma="vikāt" tahendus="vikat" ingl="scythe" liik="S" vorm="sg.part.">vikātə</sone><sone id="l25_s23" lk="304" meta="vahemärk">.</sone></lause><lause id="l26"><sone id="l26_s1" lk="304" lemma="si’z" tahendus="siis" ingl="then" liik="ProAdv">siz</sone><sone id="l26_s2" lk="304" lemma="vanā" tahendus="vana" ingl="old" liik="A" vorm="sg.nom.">vanā</sone><sone id="l26_s3" lk="304" lemma="tī’es+mīez" tahendus="kohtumees" ingl="court man" liik="S" vorm="sg.nom.">ti’esə+miez</sone><sone id="l26_s4" lk="304" lemma="kītõ" tahendus="öelda" ingl="say" liik="V" vorm="nud.sg.">kītən</sone><sone id="l26_s5" lk="304" meta="vahemärk">,</sone><sone id="l26_s6" lk="304" lemma="laskõ " tahendus="lasta" ingl="shoot" liik="V" vorm="pers.kvt.pr.sg.3.">lassiji</sone><sone id="l26_s7" lk="304" lemma="plint" tahendus="püss" ingl="gun" liik="S" vorm="sg.instl.">plīntaks</sone><sone id="l26_s8" lk="305" lemma="sūol" tahendus="sool" ingl="salt" liik="S" vorm="sg.gen.">sue̮lə</sone><sone id="l26_s9" lk="305" lemma="nuŗm" tahendus="põld" ingl="field" liik="S" vorm="sg.gen.">nurm</sone><sone id="l26_s10" lk="305" lemma="pǟldõ" tahendus="pealt" ingl="from the top" liik="Post">pǟld</sone><sone id="l26_s11" lk="305" lemma="jarā" tahendus="ära" ingl="off" liik="Adva">jerā</sone><sone id="l26_s12" lk="305" meta="vahemärk">.</sone></lause><lause id="l27"><sone id="l27_s1" lk="305" lemma="agā" tahendus="aga" ingl="but" liik="Konj">agā</sone><sone id="l27_s2" lk="305" lemma="si’z" tahendus="siis" ingl="then" liik="ProAdv">siz</sone><sone id="l27_s3" lk="305" lemma="ne" tahendus="nemad" ingl="they" liik="ProS" vorm="pl.nom.">ne</sone><sone id="l27_s4" lk="305" lemma="vȱlda" tahendus="olla" ingl="be" liik="Va" vorm="pers.ind.pr.pl.3.">ā’t</sone><sone id="l27_s5" lk="305" lemma="laskõ " tahendus="lasta" ingl="shoot" liik="V" vorm="nud.pl.">lassənəd</sone><sone id="l27_s6" lk="305" lemma="un" tahendus="ja" ingl="and" liik="Konj">un</sone><sone id="l27_s7" lk="305" lemma="ne" tahendus="nemad" ingl="they" liik="ProS" vorm="pl.nom.">ne</sone><sone id="l27_s8" lk="305" lemma="ä’b" tahendus="ei" ingl="not" liik="Mn" vorm="pers.ind.pr.pl.3.">äb</sone><sone id="l27_s9" lk="305" lemma="vȱlda" tahendus="olla" ingl="be" liik="Va" vorm="pers.ind.pl.3.neg.">ue̮t</sone><sone id="l27_s10" lk="305" lemma="no+laskõ" tahendus="ära lasta" ingl="shoot off" liik="V" vorm="nud.pl.prf.">nu’e̮+lassənəd</sone><sone id="l27_s11" lk="305" lemma="un" tahendus="ja" ingl="and" liik="Konj">un</sone><sone id="l27_s12" lk="305" lemma="ne" tahendus="nemad" ingl="they" liik="ProS" vorm="pl.nom.">ne</sone><sone id="l27_s13" lk="305" lemma="vȱlda" tahendus="olla" ingl="be" liik="Va" vorm="pers.ind.pr.pl.3.">ā’t</sone><sone id="l27_s14" lk="305" lemma="bäs" tahendus="ilma" ingl="without" liik="Pre">bäs</sone><sone id="l27_s15" lk="305" lemma="sūol" tahendus="sool" ingl="salt" liik="S" vorm="sg.gen.">sue̮lə</sone><sone id="l27_s16" lk="305" lemma="īedõ" tahendus="jääda" ingl="be left" liik="V" vorm="nud.pl.">ienəd</sone><sone id="l27_s17" lk="305" meta="vahemärk">.</sone></lause><lause id="l28"><sone id="l28_s1" lk="305" lemma="si’z" tahendus="siis" ingl="then" liik="ProAdv">siz</sone><sone id="l28_s2" lk="305" lemma="ne" tahendus="nemad" ingl="they" liik="ProS" vorm="pl.nom.">ne</sone><sone id="l28_s3" lk="305" lemma="vȱlda" tahendus="olla" ingl="be" liik="Va" vorm="pers.ind.pr.pl.3.">ā’t</sone><sone id="l28_s4" lk="305" lemma="tūodõ" tahendus="tuua" ingl="bring" liik="V" vorm="nud.pl.">tue̮nəd</sone><sone id="l28_s5" lk="305" lemma="lu’m" tahendus="lumi" ingl="snow" liik="S" vorm="sg.part.">lūnda</sone><sone id="l28_s6" lk="305" lemma="ǭ’j" tahendus="ahi" ingl="oven" liik="S" vorm="sg.gen.">å̄’i</sone><sone id="l28_s7" lk="305" lemma="pǟl " tahendus="peale" ingl="on" liik="Post">pǟl</sone><sone id="l28_s8" lk="305" lemma="un" tahendus="ja" ingl="and" liik="Konj">un</sone><sone id="l28_s9" lk="305" lemma="kūjastõ" tahendus="kuivatada" ingl="dry" liik="V" vorm="nud.pl.">kūjastənəd</sone><sone id="l28_s10" lk="305" lemma="se" tahendus="see" ingl="this" liik="ProS" vorm="sg.part.">sⁱedā</sone><sone id="l28_s11" lk="305" meta="vahemärk">,</sone><sone id="l28_s12" lk="305" lemma="la’z" tahendus="las" ingl="let" liik="ModAdv">laz</sone><sone id="l28_s13" lk="305" lemma="īedõ" tahendus="saada" ingl="become" liik="V" vorm="pers.jus.pr.sg.3.">ieg</sone><sone id="l28_s14" lk="305" lemma="pa" tahendus="millekski, kellekski" ingl="to" liik="Pre">pa</sone><sone id="l28_s15" lk="305" lemma="sūol" tahendus="sool" ingl="salt" liik="S" vorm="sg.tr.">sue̮ləks</sone><sone id="l28_s16" lk="305" meta="vahemärk">,</sone><sone id="l28_s17" lk="305" lemma="agā" tahendus="aga" ingl="but" liik="Konj">agā</sone><sone id="l28_s18" lk="305" lemma="se" tahendus="see" ingl="this" liik="ProS" vorm="sg.nom.">se</sone><sone id="l28_s19" lk="305" lemma="vȱlda" tahendus="olla" ingl="be" liik="Va" vorm="pers.ind.pr.sg.3.">um’</sone><sone id="l28_s20" lk="305" lemma="su’llõ" tahendus="sulada" ingl="melt" liik="V" vorm="nud.sg.">sul’lən</sone><sone id="l28_s21" lk="305" lemma="jarā" tahendus="ära" ingl="away" liik="Adva">jerā</sone><sone id="l28_s22" lk="305" meta="vahemärk">.</sone></lause><lause id="l29"><sone id="l29_s1" lk="305" lemma="si’z" tahendus="siis" ingl="then" liik="ProAdv">sis</sone><sone id="l29_s2" lk="305" lemma="tī’es+mīez" tahendus="kohtumees" ingl="court man" liik="S" vorm="pl.nom.">ti’esə+mi’ed</sone><sone id="l29_s3" lk="305" lemma="vȱlda" tahendus="olla" ingl="be" liik="Va" vorm="pers.ind.pr.pl.3.">ā’t</sone><sone id="l29_s4" lk="305" lemma="lǟʼdõ" tahendus="minna" ingl="go" liik="V" vorm="nud.pl.">lǟ’nəd</sone><sone id="l29_s5" lk="305" lemma="krūogõ" tahendus="kõrts" ingl="tavern" liik="S" vorm="sg.ill.">krue̮gə</sone><sone id="l29_s6" lk="305" meta="vahemärk">.</sone></lause><lause id="l30"><sone id="l30_s1" lk="305" lemma="sǟ’l" tahendus="seal" ingl="there" liik="ProAdv">sǟ’l</sone><sone id="l30_s2" lk="305" lemma="vȱlda" tahendus="olla" ingl="be" liik="Va" vorm="pers.ind.pr.sg.3.">um’</sone><sone id="l30_s3" lk="305" lemma="vȱlda" tahendus="olla" ingl="be" liik="V" vorm="nud.sg.">ve̮nd</sone><sone id="l30_s4" lk="305" lemma="ikš" tahendus="üks" ingl="one" liik="ProS" vorm="sg.nom.">ükš</sone><sone id="l30_s5" lk="305" meta="vahemärk">‿</sone><sone id="l30_s6" lk="305" lemma="sūr" tahendus="suur" ingl="big" liik="A" vorm="sg.nom.">šūr</sone><sone id="l30_s7" lk="305" lemma="runts" tahendus="kõuts" ingl="tomcat" liik="S" vorm="sg.nom.">runts</sone><sone id="l30_s8" lk="305" meta="vahemärk">.</sone></lause><lause id="l31"><sone id="l31_s1" lk="305" lemma="si’z" tahendus="siis" ingl="then" liik="ProAdv">siz</sone><sone id="l31_s2" lk="305" lemma="ne" tahendus="nemad" ingl="they" liik="ProS" vorm="pl.nom.">ne</sone><sone id="l31_s3" lk="305" lemma="vȱlda" tahendus="olla" ingl="be" liik="Va" vorm="pers.ind.pr.pl.3.">ā’t</sone><sone id="l31_s4" lk="305" lemma="ki’zzõ" tahendus="küsida" ingl="ask" liik="V" vorm="nud.pl.">kü’zzənəd</sone><sone id="l31_s5" lk="305" lemma="kui" tahendus="kuidas" ingl="how" liik="Intr">kui</sone><sone id="l31_s6" lk="305" lemma="se" tahendus="see" ingl="this" liik="ProS" vorm="sg.part.">sⁱedā</sone><sone id="l31_s7" lk="305" lemma="nuttõ" tahendus="kutsuda" ingl="call" liik="V" vorm="pers.kvt.pr.sg.3.">nutāji</sone><sone id="l31_s8" lk="305" meta="vahemärk">.</sone></lause><lause id="l32"><sone id="l32_s1" lk="305" lemma="krūogõnikā" tahendus="kõrtsmik" ingl="tavern keeper" liik="S" vorm="sg.nom.">krue̮gnikā</sone><sone id="l32_s2" lk="305" lemma="kītõ" tahendus="öelda" ingl="say" liik="V" vorm="nud.sg.">kītən</sone><sone id="l32_s3" lk="305" meta="vahemärk">,</sone><sone id="l32_s4" lk="305" lemma="se" tahendus="see" ingl="this" liik="ProS" vorm="sg.nom.">se</sone><sone id="l32_s5" lk="305" lemma="vȱlda" tahendus="olla" ingl="be" liik="V" vorm="pers.kvt.pr.sg.3.">ve̮ĺĺi</sone><sone id="l32_s6" lk="305" lemma="īr" tahendus="hiir" ingl="mouse" liik="S" vorm="pl.gen.">īrəd</sone><sone id="l32_s7" lk="305" lemma="izānd" tahendus="isand" ingl="lord" liik="S" vorm="sg.nom.">izānd</sone><sone id="l32_s8" lk="305" meta="vahemärk">.</sone></lause><lause id="l33"><sone id="l33_s1" lk="305" lemma="agā" tahendus="aga" ingl="but" liik="Konj">agā</sone><sone id="l33_s2" lk="305" lemma="nämād" tahendus="nemad" ingl="they" liik="ProS" vorm="pl.dat.">näntən</sone><sone id="l33_s3" lk="305" lemma="vȱlda" tahendus="olla" ingl="be" liik="Va" vorm="pers.ind.pr.sg.3.">um’</sone><sone id="l33_s4" lk="305" lemma="vȱlda" tahendus="olla" ingl="be" liik="V" vorm="nud.sg.">ve̮nd</sone><sone id="l33_s5" lk="305" lemma="vä’ggi" tahendus="väga" ingl="very" liik="Adv">vägi</sone><sone id="l33_s6" lk="305" lemma="je’nnõ" tahendus="palju" ingl="many" liik="Adv">jen’n</sone><sone id="l33_s7" lk="305" lemma="īr" tahendus="hiir" ingl="mouse" liik="S" vorm="pl.part.">īridi</sone><sone id="l33_s8" lk="305" meta="vahemärk">.</sone></lause><lause id="l34"><sone id="l34_s1" lk="305" lemma="vanā" tahendus="vana" ingl="old" liik="A" vorm="sg.nom.">vanā</sone><sone id="l34_s2" lk="305" lemma="tī’es+mīez" tahendus="kohtumees" ingl="court man" liik="S" vorm="sg.nom.">ti’esə+miez</sone><sone id="l34_s3" lk="305" lemma="ki’zzõ" tahendus="küsida" ingl="ask" liik="V" vorm="nud.sg.">kü’zzən</sone><sone id="l34_s4" lk="305" meta="vahemärk">:</sone><sone id="l34_s5" lk="305" meta="vahemärk">”</sone><sone lk="305" keel="eesti" id="l34_s6" lemma="kui" tahendus="kui" ingl="how" liik="Intr">kui’</sone><sone id="l34_s7" lk="305" lemma="je’nnõ" tahendus="palju" ingl="much" liik="Adv">jen’n</sone><sone id="l34_s8" lk="305" lemma="se" tahendus="see" ingl="this" liik="ProS" vorm="sg.nom.">se</sone><sone id="l34_s9" lk="305" lemma="maksõ" tahendus="maksta" ingl="cost" liik="V" vorm="pers.ind.pr.sg.3.">maksāb</sone><sone lk="305" keel="eesti" id="l34_s10" meta="vahemärk">?</sone><sone id="l34_s11" lk="305" meta="vahemärk">”</sone></lause><lause id="l35"><sone id="l35_s1" lk="305" lemma="krūogõnikā" tahendus="kõrtsmik" ingl="tavern keeper" liik="S" vorm="sg.nom.">krue̮gnikā</sone><sone id="l35_s2" lk="305" lemma="kītõ" tahendus="öelda" ingl="say" liik="V" vorm="nud.sg.">kītən</sone><sone id="l35_s3" lk="305" meta="vahemärk">:</sone><sone id="l35_s4" lk="305" meta="vahemärk">”</sone><sone lk="305" keel="eesti" id="l35_s5" lemma="kuolm+sadā" tahendus="komsada" ingl="three hundred" liik="Nump" vorm="sg.nom.">kᵘe̮lm+sadā</sone><sone id="l35_s6" lk="305" lemma="rubīļ" tahendus="rubla" ingl="ruble" liik="S" vorm="sg.part.">ru’bĺə</sone><sone lk="305" keel="eesti" id="l35_s7" meta="vahemärk">.</sone><sone id="l35_s8" lk="305" meta="vahemärk">”</sone></lause><lause id="l36"><sone id="l36_s1" lk="305" lemma="si’z" tahendus="siis" ingl="then" liik="ProAdv">siz</sone><sone id="l36_s2" lk="305" lemma="vanā" tahendus="vana" ingl="old" liik="A" vorm="sg.nom.">vanā</sone><sone id="l36_s3" lk="305" lemma="tī’es+mīez" tahendus="kohtumees" ingl="court man" liik="S" vorm="sg.nom.">ti’esə+miez</sone><sone id="l36_s4" lk="305" lemma="vȱlda" tahendus="olla" ingl="be" liik="Va" vorm="pers.ind.pr.sg.3.">um’</sone><sone id="l36_s5" lk="305" lemma="maksõ" tahendus="maksta" ingl="pay" liik="V" vorm="nud.sg.">maksən</sone><sone id="l36_s6" lk="305" meta="vahemärk">.</sone></lause><lause id="l37"><sone id="l37_s1" lk="305" lemma="agā" tahendus="aga" ingl="but" liik="Konj">agā</sone><sone id="l37_s2" lk="305" lemma="ni" tahendus="nüüd" ingl="now" liik="Adv">ni</sone><sone id="l37_s3" lk="305" lemma="ne" tahendus="nemad" ingl="they" liik="ProS" vorm="pl.nom.">ne</sone><sone id="l37_s4" lk="305" lemma="vȱlda" tahendus="olla" ingl="be" liik="Va" vorm="pers.ind.pr.pl.3.">ā’t</sone><sone id="l37_s5" lk="305" lemma="lǟʼdõ" tahendus="minna" ingl="go" liik="V" vorm="nud.pl.">lǟ’nəd</sone><sone id="l37_s6" lk="305" lemma="jarā" tahendus="ära" ingl="away" liik="Adva">jerā</sone><sone id="l37_s7" lk="305" meta="vahemärk">,</sone><sone id="l37_s8" lk="305" lemma="võtt" tahendus="võtta" ingl="take" liik="V" vorm="nud.pl.">vi̮tānəd</sone><sone id="l37_s9" lk="305" lemma="runts" tahendus="kõuts" ingl="tomcat" liik="S" vorm="sg.gen.">runts</sone><sone id="l37_s10" lk="305" lemma="ka" tahendus="ka" ingl="also" liik="ModAdv">ka</sone><sone id="l37_s11" lk="305" lemma="īņõs" tahendus="kaasa" ingl="with" liik="Adva">ǖńiz</sone><sone id="l37_s12" lk="305" meta="vahemärk">.</sone></lause><lause id="l38"><sone id="l38_s1" lk="305" lemma="si’z" tahendus="siis" ingl="then" liik="ProAdv">siz</sone><sone id="l38_s2" lk="305" lemma="vanā" tahendus="vana" ingl="old" liik="A" vorm="sg.nom.">vanā</sone><sone id="l38_s3" lk="305" lemma="tī’es+mīez" tahendus="kohtumees" ingl="court man" liik="S" vorm="sg.nom.">ti’esə+mie</sone><sone id="l38_s4" lk="305" lemma="lǟʼdõ" tahendus="minna" ingl="go" liik="V" vorm="nud.sg.">lǟ’nd</sone><sone id="l38_s5" lk="305" lemma="tā’giž" tahendus="tagasi" ingl="back" liik="Adva">ta’ggiz</sone><sone id="l38_s6" lk="305" lemma="ki’zzõ" tahendus="küsida" ingl="ask" liik="V" vorm="sup.">kü’zzəm</sone><sone id="l38_s7" lk="305" meta="vahemärk">,</sone><sone id="l38_s8" lk="305" lemma="mis" tahendus="mis" ingl="what" liik="Intr" vorm="sg.part.">mis</sone><sone id="l38_s9" lk="305" lemma="se" tahendus="see" ingl="this" liik="ProS" vorm="sg.nom.">se</sone><sone id="l38_s10" lk="305" lemma="īr" tahendus="hiir" ingl="mouse" liik="S" vorm="pl.gen.">īrəd</sone><sone id="l38_s11" lk="305" lemma="izānd" tahendus="isand" ingl="lord" liik="S" vorm="sg.nom.">izānd</sone><sone id="l38_s12" lk="305" lemma="sīedõ" tahendus="süüa" ingl="eat" liik="V" vorm="pers.kvt.pr.sg.3.">sȫji</sone><sone id="l38_s13" lk="305" meta="vahemärk">.</sone></lause><lause id="l39"><sone id="l39_s1" lk="305" lemma="krūogõnikā" tahendus="kõrtsmik" ingl="tavern keeper" liik="S" vorm="sg.nom.">krue̮gnikā</sone><sone id="l39_s2" lk="305" lemma="kītõ" tahendus="öelda" ingl="say" liik="V" vorm="nud.sg.">kītən</sone><sone id="l39_s3" lk="305" meta="vahemärk">:</sone><sone id="l39_s4" lk="305" meta="vahemärk">”</sone><sone lk="305" keel="eesti" id="l39_s5" lemma="mis" tahendus="mis" ingl="what" liik="Intr" vorm="sg.part.">mis</sone><sone id="l39_s6" lk="305" lemma="andõ" tahendus="anda" ingl="give" liik="V" vorm="ips.ind.pr.sg.3.">å̄ndab</sone><sone id="l39_s7" lk="305" meta="vahemärk">,</sone><sone id="l39_s8" lk="305" lemma="se" tahendus="see" ingl="this" liik="ProS" vorm="sg.part.">sⁱedā</sone><sone id="l39_s9" lk="305" lemma="sīedõ" tahendus="süüa" ingl="eat" liik="V" vorm="pers.ind.pr.sg.3.">süöb</sone><sone lk="305" keel="eesti" id="l39_s10" lemma=".">.</sone><sone id="l39_s11" lk="305" meta="vahemärk">”</sone></lause><lause id="l40"><sone id="l40_s1" lk="305" lemma="si’z" tahendus="siis" ingl="then" liik="ProAdv">siz</sone><sone id="l40_s2" lk="305" lemma="vanā" tahendus="vana" ingl="old" liik="A" vorm="sg.nom.">vanā</sone><sone id="l40_s3" lk="305" lemma="tī’es+mīez" tahendus="kohtumees" ingl="court man" liik="S" vorm="sg.nom.">ti’esə+miez</sone><sone id="l40_s4" lk="305" lemma="kītõ" tahendus="öelda" ingl="say" liik="V" vorm="nud.sg.">kītən</sone><sone id="l40_s5" lk="305" lemma="ne" tahendus="need" ingl="these" liik="ProS" vorm="pl.gen.">nänt</sone><sone id="l40_s6" lk="305" lemma="munt" tahendus="teised" ingl="others" liik="ProS" vorm="pl.gen.">munt</sone><sone id="l40_s7" lk="305" lemma="tī’es+mīez" tahendus="kohtumees" ingl="court man" liik="S" vorm="pl.dat.">ti’esə+mi’edən</sone><sone id="l40_s8" lk="305" meta="vahemärk">,</sone><sone id="l40_s9" lk="305" lemma="ku" tahendus="et" ingl="that" liik="Konj">ku</sone><sone id="l40_s10" lk="305" lemma="se" tahendus="see" ingl="this" liik="ProS" vorm="sg.nom.">se</sone><sone id="l40_s11" lk="305" lemma="sīedõ" tahendus="süüa" ingl="eat" liik="V" vorm="pers.kvt.pr.sg.3.">sȫji</sone><sone id="l40_s12" lk="305" lemma="ro’vzt" tahendus="inimesed" ingl="people" liik="S" vorm="pl.part.">rou’stə</sone><sone id="l40_s13" lk="305" lemma="un" tahendus="ja" ingl="and" liik="Konj">un</sone><sone id="l40_s14" lk="305" lemma="lūomõz" tahendus="loom" ingl="animal" liik="S" vorm="pl.part.">lue̮midi</sone><sone id="l40_s15" lk="305" meta="vahemärk">.</sone></lause><lause id="l41"><sone id="l41_s1" lk="305" lemma="tämā" tahendus="tema" ingl="he" liik="ProS" vorm="sg.nom.">ta</sone><sone id="l41_s2" lk="305" lemma="ä’b" tahendus="ei" ingl="not" liik="Mn" vorm="pers.ind.pr.sg.3.">äb</sone><sone id="l41_s3" lk="305" lemma="vȱlda" tahendus="olla" ingl="be" liik="Va" vorm="pers.ind.sg.3.neg.">ue̮</sone><sone id="l41_s4" lk="305" lemma="no+kūldõ" tahendus="kuulata" ingl="listen" liik="V" vorm="nud.sg.prf.">nu’e̮+kūldən</sone><sone id="l41_s5" lk="305" meta="vahemärk">,</sone><sone id="l41_s6" lk="305" lemma="kui" tahendus="kuidas" ingl="how" liik="Intr">kui’</sone><sone id="l41_s7" lk="305" lemma="krūogõnikā" tahendus="kõrtsmik" ingl="tavern keeper" liik="S" vorm="sg.nom.">krue̮gnikā</sone><sone id="l41_s8" lk="305" lemma="vȱlda" tahendus="olla" ingl="be" liik="Va" vorm="pers.ind.pr.sg.3.">um’</sone><sone id="l41_s9" lk="305" lemma="kītõ" tahendus="öelda" ingl="say" liik="V" vorm="nud.sg.">kītən</sone><sone id="l41_s10" lk="305" meta="vahemärk">.</sone></lause><lause id="l42"><sone id="l42_s1" lk="305" lemma="si’z" tahendus="siis" ingl="then" liik="ProAdv">siz</sone><sone id="l42_s2" lk="305" lemma="ne" tahendus="nemad" ingl="they" liik="ProS" vorm="pl.nom.">ne</sone><sone id="l42_s3" lk="305" lemma="vȱlda" tahendus="olla" ingl="be" liik="Va" vorm="pers.ind.pr.pl.3.">ā’t</sone><sone id="l42_s4" lk="305" lemma="irgõ" tahendus="hakata" ingl="begin" liik="V" vorm="nud.pl.">ürgənəd</sone><sone id="l42_s5" lk="305" lemma="ra’bbõ" tahendus="lüüa" ingl="hit" liik="V" vorm="inf.">ra’bbə</sone><sone id="l42_s6" lk="305" lemma="se" tahendus="see" ingl="this" liik="ProS" vorm="sg.part.">sⁱedā</sone><sone id="l42_s7" lk="305" lemma="runts" tahendus="kõuts" ingl="tomcat" liik="S" vorm="sg.part.">runtsə</sone><sone id="l42_s8" lk="305" meta="vahemärk">.</sone></lause><lause id="l43"><sone id="l43_s1" lk="305" lemma="si’z" tahendus="siis" ingl="then" liik="ProAdv">siz</sone><sone id="l43_s2" lk="305" lemma="runts" tahendus="kõuts" ingl="tomcat" liik="S" vorm="sg.nom.">runts</sone><sone id="l43_s3" lk="305" lemma="vȱlda" tahendus="olla" ingl="be" liik="Va" vorm="pers.ind.pr.sg.3.">um</sone><sone id="l43_s4" lk="305" lemma="lǟʼdõ" tahendus="minna" ingl="go" liik="V" vorm="nud.sg.">lǟ’nd</sone><sone id="l43_s5" lk="305" lemma="katūks" tahendus="katus" ingl="roof" liik="S" vorm="sg.gen.">katūks</sone><sone id="l43_s6" lk="305" lemma="pǟl " tahendus="peale" ingl="on" liik="Post">pǟl</sone><sone id="l43_s7" lk="305" meta="vahemärk">.</sone></lause><lause id="l44"><sone id="l44_s1" lk="305" lemma="si’z" tahendus="siis" ingl="then" liik="ProAdv">siz</sone><sone id="l44_s2" lk="305" lemma="ne" tahendus="nemad" ingl="they" liik="ProS" vorm="pl.nom.">ne</sone><sone id="l44_s3" lk="305" lemma="sūr" tahendus="suur" ingl="big" liik="A" vorm="sg.gen.">sūr</sone><sone id="l44_s4" lk="305" lemma="dālba" tahendus="latt" ingl="lath" liik="S" vorm="sg.instl.">då̄lbaks</sone><sone id="l44_s5" lk="305" lemma="vȱlda" tahendus="olla" ingl="be" liik="Va" vorm="pers.ind.pr.pl.3.">ā’t</sone><sone id="l44_s6" lk="305" lemma="lǟʼdõ" tahendus="minna" ingl="go" liik="V" vorm="nud.pl.">lǟ’nəd</sone><sone id="l44_s7" lk="305" lemma="siskõ" tahendus="torkida" ingl="poke" liik="V" vorm="sup.">süskām</sone><sone id="l44_s8" lk="305" meta="vahemärk">–</sone><sone id="l44_s9" lk="305" lemma="runts" tahendus="kõuts" ingl="tomcat" liik="S" vorm="sg.nom.">runts</sone><sone id="l44_s10" lk="305" lemma="a’ilõ" tahendus="joosta" ingl="run" liik="V" vorm="nud.sg.">ai’lən</sone><sone id="l44_s11" lk="305" lemma="pi’ds" tahendus="mööda" ingl="along" liik="Pre">pidz</sone><sone id="l44_s12" lk="305" meta="vahemärk">‿</sone><sone id="l44_s13" lk="305" lemma="dālba" tahendus="latt" ingl="lath" liik="S" vorm="sg.part.">dalbə</sone><sone id="l44_s14" lk="305" lemma="nämād" tahendus="nemad" ingl="they" liik="ProS" vorm="pl.gen.">nänt</sone><sone id="l44_s15" lk="305" lemma="ī’ž" tahendus="ise" ingl="self" liik="ProS" vorm="sg.dat.">eńt́šən</sone><sone id="l44_s16" lk="305" lemma="sīlma" tahendus="silm" ingl="eye" liik="S" vorm="pl.ill.">silmži</sone><sone id="l44_s17" lk="305" lemma="un" tahendus="ja" ingl="and" liik="Konj">un</sone><sone id="l44_s18" lk="305" lemma="mǭ’" tahendus="maha" ingl="down" liik="Adva">må̄’</sone><sone id="l44_s19" lk="305" lemma="je’ds+pēḑõn" tahendus="edasi" ingl="forward" liik="Adv">je’ds+ped́ī</sone><sone id="l44_s20" lk="305" lemma="un" tahendus="ja" ingl="and" liik="Konj">un</sone><sone id="l44_s21" lk="305" lemma="si’z" tahendus="siis" ingl="then" liik="ProAdv">sis</sone><sone id="l44_s22" lk="306" lemma="tā’giž" tahendus="tagasi" ingl="back" liik="Adva">ta’ggiz</sone><sone id="l44_s23" lk="306" lemma="lǟʼdõ" tahendus="minna" ingl="go" liik="V" vorm="nud.sg.">lǟ’nd</sone><sone id="l44_s24" lk="306" lemma="katūks" tahendus="katus" ingl="roof" liik="S" vorm="sg.gen.">katūks</sone><sone id="l44_s25" lk="306" lemma="pǟl " tahendus="peale" ingl="on" liik="Post">pǟl</sone><sone id="l44_s26" lk="306" meta="vahemärk">.</sone></lause><lause id="l45"><sone id="l45_s1" lk="306" lemma="si’z" tahendus="siis" ingl="then" liik="ProAdv">sis</sone><sone id="l45_s2" lk="306" lemma="tī’es+mīez" tahendus="kohtumees" ingl="court man" liik="S" vorm="pl.nom.">ti’esə+mi’ed</sone><sone id="l45_s3" lk="306" lemma="lǟʼdõ" tahendus="minna" ingl="go" liik="V" vorm="nud.pl.">lǟ’nəd</sone><sone id="l45_s4" lk="306" lemma="ku’bbõ" tahendus="kokku" ingl="together" liik="Adv">ku’bbə</sone><sone id="l45_s5" lk="306" lemma="te’iž" tahendus="jälle" ingl="again" liik="Adv">täi’z</sone><sone id="l45_s6" lk="306" lemma="sprī’ezõ" tahendus="arutada" ingl="discuss" liik="V" vorm="sup.">spri’ežəm</sone><sone id="l45_s7" lk="306" meta="vahemärk">,</sone><sone id="l45_s8" lk="306" lemma="kui" tahendus="kuidas" ingl="how" liik="Intr">kui’</sone><sone id="l45_s9" lk="306" lemma="tämā" tahendus="tema" ingl="he" liik="ProS" vorm="sg.gen.">täm’</sone><sone id="l45_s10" lk="306" lemma="tutkām" tahendus="lõpp" ingl="end" liik="S" vorm="sg.gen.">tutkām</sone><sone id="l45_s11" lk="306" lemma="sǭdõ" tahendus="saada" ingl="get" liik="V" vorm="pers.knd.pr.sg.3.">så̄ks</sone><sone id="l45_s12" lk="306" meta="vahemärk">,</sone><sone id="l45_s13" lk="306" lemma="tämā" tahendus="tema" ingl="he" liik="ProS" vorm="sg.nom.">ta</sone><sone id="l45_s14" lk="306" lemma="ju" tahendus="ju" ingl="after all" liik="ModAdv">ju</sone><sone id="l45_s15" lk="306" lemma="sīedõ" tahendus="süüa" ingl="eat" liik="V" vorm="pers.kvt.pr.sg.3.">sȫji</sone><sone id="l45_s16" lk="306" lemma="nämād" tahendus="nemad" ingl="they" liik="ProS" vorm="pl.gen.">nänt</sone><sone id="l45_s17" lk="306" lemma="ī’ž" tahendus="ise" ingl="self" liik="ProS" vorm="pl.gen.">eńt́šəd</sone><sone id="l45_s18" lk="306" lemma="jarā" tahendus="ära" ingl="off" liik="Adva">jerā</sone><sone id="l45_s19" lk="306" lemma="tikkiž" tahendus="täiesti" ingl="altogether" liik="Adv">tükkiz</sone><sone id="l45_s20" lk="306" meta="vahemärk">.</sone></lause><lause id="l46"><sone id="l46_s1" lk="306" lemma="si’z" tahendus="siis" ingl="then" liik="ProAdv">siz</sone><sone id="l46_s2" lk="306" lemma="vanā" tahendus="vana" ingl="old" liik="A" vorm="sg.nom.">vanā</sone><sone id="l46_s3" lk="306" lemma="tī’es+mīez" tahendus="kohtumees" ingl="court man" liik="S" vorm="sg.nom.">ti’esə+miez</sone><sone id="l46_s4" lk="306" lemma="kītõ" tahendus="öelda" ingl="say" liik="V" vorm="nud.sg.">kītən</sone><sone id="l46_s5" lk="306" meta="vahemärk">:</sone><sone id="l46_s6" lk="306" lemma="pānda" tahendus="panna" ingl="put" liik="V" vorm="pers.kvt.pr.sg.3.">pańńi</sone><sone id="l46_s7" lk="306" lemma="tubā" tahendus="tare" ingl="cottage" liik="S" vorm="sg.dat.">tubān</sone><sone id="l46_s8" lk="306" lemma="tu’ļ" tahendus="tuli" ingl="fire" liik="S" vorm="sg.nom.">tul’</sone><sone id="l46_s9" lk="306" lemma="jū’rõ" tahendus="külge" ingl="to" liik="Adva">jūrə</sone><sone id="l46_s10" lk="306" meta="vahemärk">,</sone><sone id="l46_s11" lk="306" lemma="la’z" tahendus="las" ingl="let" liik="ModAdv">laz</sone><sone id="l46_s12" lk="306" lemma="runts" tahendus="kõuts" ingl="tomcat" liik="S" vorm="sg.nom.">runts</sone><sone id="l46_s13" lk="306" lemma="pa’llõ" tahendus="põleda" ingl="burn" liik="V" vorm="pers.jus.pr.sg.3.">palāg</sone><sone id="l46_s14" lk="306" lemma="jarā" tahendus="ära" ingl="down" liik="Adva">jerā</sone><sone id="l46_s15" lk="306" meta="vahemärk">.</sone></lause><lause id="l47"><sone id="l47_s1" lk="306" lemma="si’z" tahendus="siis" ingl="then" liik="ProAdv">sis</sone><sone id="l47_s2" lk="306" lemma="pānda" tahendus="panna" ingl="put" liik="V" vorm="nud.pl.">pannəd</sone><sone id="l47_s3" lk="306" lemma="tubā" tahendus="tare" ingl="cottage" liik="S" vorm="sg.gen.">tubā</sone><sone id="l47_s4" lk="306" lemma="jūr" tahendus="külge" ingl="to" liik="Post">jūr</sone><sone id="l47_s5" lk="306" lemma="tu’ļ" tahendus="tuli" ingl="fire" liik="S" vorm="sg.nom.">tul’</sone><sone id="l47_s6" lk="306" meta="vahemärk">.</sone></lause><lause id="l48"><sone id="l48_s1" lk="306" lemma="tubā" tahendus="tare" ingl="cottage" liik="S" vorm="sg.nom.">tubā</sone><sone id="l48_s2" lk="306" lemma="irgõ" tahendus="hakata" ingl="begin" liik="V" vorm="nud.sg.">ürgən</sone><sone id="l48_s3" lk="306" lemma="pa’llõ" tahendus="põleda" ingl="burn" liik="V" vorm="inf.">pal’lə</sone><sone id="l48_s4" lk="306" meta="vahemärk">,</sone><sone id="l48_s5" lk="306" lemma="agā" tahendus="aga" ingl="but" liik="Konj">agā</sone><sone id="l48_s6" lk="306" lemma="runts" tahendus="kõuts" ingl="tomcat" liik="S" vorm="sg.nom.">runts</sone><sone id="l48_s7" lk="306" lemma="a’ilõ" tahendus="joosta" ingl="run" liik="V" vorm="nud.sg.">ai’lən</sone><sone id="l48_s8" lk="306" lemma="mǭ’" tahendus="maha" ingl="down" liik="Adva">må̄’</sone><sone id="l48_s9" lk="306" lemma="tuoi" tahendus="teine" ingl="second" liik="Numj" vorm="sg.gen.">tᵘoiz</sone><sone id="l48_s10" lk="306" lemma="katūks" tahendus="katus" ingl="roof" liik="S" vorm="sg.gen.">katūks</sone><sone id="l48_s11" lk="306" lemma="pǟl " tahendus="peale" ingl="on" liik="Post">pǟl</sone><sone id="l48_s12" lk="306" lemma="i’lzõ" tahendus="üles" ingl="up" liik="Adva">ül’zə</sone><sone id="l48_s13" lk="306" meta="vahemärk">.</sone></lause><lause id="l49"><sone id="l49_s1" lk="306" lemma="vanā" tahendus="vana" ingl="old" liik="A" vorm="sg.nom.">vanā</sone><sone id="l49_s2" lk="306" lemma="tī’es+mīez" tahendus="kohtumees" ingl="court man" liik="S" vorm="sg.nom.">ti’esə+miez</sone><sone id="l49_s3" lk="306" lemma="kītõ" tahendus="öelda" ingl="say" liik="V" vorm="nud.sg.">kītən</sone><sone id="l49_s4" lk="306" meta="vahemärk">:</sone><sone id="l49_s5" lk="306" meta="vahemärk">”</sone><sone lk="306" keel="eesti" id="l49_s6" lemma="pānda" tahendus="panna" ingl="put" liik="V" vorm="pers.imp.pr.pl.2.">paŋgid</sone><sone id="l49_s7" lk="306" lemma="set" tahendus="ainult" ingl="only" liik="Adv">set</sone><sone id="l49_s8" lk="306" lemma="sīnõ" tahendus="sinna" ingl="to there" liik="ProAdv">sīn</sone><sone id="l49_s9" lk="306" lemma="te’iž" tahendus="jälle" ingl="again" liik="Adv">täi’z</sone><sone id="l49_s10" lk="306" lemma="tu’ļ" tahendus="tuli" ingl="fire" liik="S" vorm="sg.nom.">tul’</sone><sone id="l49_s11" lk="306" lemma="jū’rõ" tahendus="külge" ingl="at" liik="Adva">jūrə</sone><sone id="l49_s12" lk="306" meta="vahemärk">–</sone><sone id="l49_s13" lk="306" lemma="nǟ’dõ" tahendus="näha" ingl="see" liik="V" vorm="pers.ind.pr.sg.3.">nǟb</sone><sone id="l49_s14" lk="306" lemma="kus" tahendus="kuhu" ingl="where" liik="Intr">kus</sone><sone id="l49_s15" lk="306" lemma="tämā" tahendus="tema" ingl="he" liik="ProS" vorm="sg.nom.">ta</sone><sone id="l49_s16" lk="306" lemma="si’z" tahendus="siis" ingl="then" liik="ProAdv">siz</sone><sone id="l49_s17" lk="306" lemma="lǟʼdõ" tahendus="minna" ingl="go" liik="V" vorm="pers.ind.pr.sg.3.">lǟ’b</sone><sone lk="306" keel="eesti" id="l49_s18" meta="vahemärk">.</sone><sone id="l49_s19" lk="306" meta="vahemärk">”</sone></lause><lause id="l50"><sone id="l50_s1" lk="306" lemma="runts" tahendus="kõuts" ingl="tomcat" liik="S" vorm="sg.nom.">runts</sone><sone id="l50_s2" lk="306" lemma="lǟʼdõ" tahendus="minna" ingl="go" liik="V" vorm="nud.sg.">lǟ’nd</sone><sone id="l50_s3" lk="306" lemma="mǭ’" tahendus="maha" ingl="down" liik="Adva">må̄’</sone><sone id="l50_s4" lk="306" lemma="te’iž" tahendus="jälle" ingl="again" liik="Adv">täi’z</sone><sone id="l50_s5" lk="306" lemma="un" tahendus="ja" ingl="and" liik="Konj">un</sone><sone id="l50_s6" lk="306" lemma="kuolmi" tahendus="kolmas" ingl="third" liik="Numj" vorm="sg.gen.">kᵘe̮lmiz</sone><sone id="l50_s7" lk="306" lemma="katūks" tahendus="katus" ingl="roof" liik="S" vorm="sg.gen.">katūks</sone><sone id="l50_s8" lk="306" lemma="pǟl " tahendus="peale" ingl="on" liik="Post">pǟl</sone><sone id="l50_s9" lk="306" lemma="i’lzõ" tahendus="üles" ingl="up" liik="Adva">ül’z</sone><sone id="l50_s10" lk="306" meta="vahemärk">.</sone></lause><lause id="l51"><sone id="l51_s1" lk="306" lemma="vanā" tahendus="vana" ingl="old" liik="A" vorm="sg.nom.">vanā</sone><sone id="l51_s2" lk="306" lemma="tī’es+mīez" tahendus="kohtumees" ingl="court man" liik="S" vorm="sg.nom.">ti’esə+miez</sone><sone id="l51_s3" lk="306" lemma="kītõ" tahendus="öelda" ingl="say" liik="V" vorm="nud.sg.">kītən</sone><sone id="l51_s4" lk="306" meta="vahemärk">:</sone><sone id="l51_s5" lk="306" lemma="kittõ" tahendus="põletada" ingl="burn" liik="V" vorm="pers.kvt.pr.sg.3.">kütāji</sone><sone id="l51_s6" lk="306" lemma="parām" tahendus="parem" ingl="better" liik="ModAdv">parāmist</sone><sone id="l51_s7" lk="306" lemma="tikkiž" tahendus="kõik" ingl="all" liik="ProS" vorm="pl.nom.">tükkiz</sone><sone id="l51_s8" lk="306" lemma="je’l" tahendus="elamu" ingl="house" liik="S" vorm="pl.gen.">jelūd</sone><sone id="l51_s9" lk="306" lemma="jarā" tahendus="ära" ingl="down" liik="Adva">jerā</sone><sone id="l51_s10" lk="306" meta="vahemärk">,</sone><sone id="l51_s11" lk="306" lemma="ä’b" tahendus="ei" ingl="not" liik="Mn">äb</sone><sone id="l51_s12" lk="306" lemma="ku" tahendus="kui" ingl="if" liik="Konj">ku</sone><sone id="l51_s13" lk="306" lemma="runts" tahendus="kõuts" ingl="tomcat" liik="S" vorm="sg.nom.">runts</sone><sone id="l51_s14" lk="306" lemma="īedõ" tahendus="jääda" ingl="stay" liik="V" vorm="pers.kvt.pr.sg.3.">ēji</sone><sone id="l51_s15" lk="306" lemma="je’l" tahendus="elu" ingl="life" liik="S" vorm="sg.ill.">jel’lə</sone><sone id="l51_s16" lk="306" meta="vahemärk">,</sone><sone id="l51_s17" lk="306" lemma="si’z" tahendus="siis" ingl="then" liik="ProAdv">siz</sone><sone id="l51_s18" lk="306" lemma="ju" tahendus="ju" ingl="of course" liik="ModAdv">ju</sone><sone id="l51_s19" lk="306" lemma="tämā" tahendus="tema" ingl="he" liik="ProS" vorm="sg.nom.">ta</sone><sone id="l51_s20" lk="306" lemma="sīedõ" tahendus="süüa" ingl="eat" liik="V" vorm="pers.kvt.pr.sg.3.">sȫji</sone><sone id="l51_s21" lk="306" lemma="nämād" tahendus="nemad" ingl="they" liik="ProS" vorm="pl.gen.">nänt</sone><sone id="l51_s22" lk="306">jerā</sone><sone id="l51_s23" lk="306" meta="vahemärk">.</sone><sone id="l51_s24" lk="306" lemma="si’z" tahendus="siis" ingl="then" liik="ProAdv">siz</sone><sone id="l51_s25" lk="306" lemma="runts" tahendus="kõuts" ingl="tomcat" liik="S" vorm="sg.nom.">runts</sone><sone id="l51_s26" lk="306" lemma="a’ilõ" tahendus="joosta" ingl="run" liik="V" vorm="nud.sg.">ai’lən</sone><sone id="l51_s27" lk="306" lemma="mõtsā" tahendus="mets" ingl="forest" liik="S" vorm="sg.ill.">mi̮tsə</sone><sone id="l51_s28" lk="306" lemma="je’ds+pēḑõn" tahendus="ära" ingl="away" liik="Adva">je’ds+ped́ī</sone><sone id="l51_s29" lk="306" meta="vahemärk">.</sone></lause><lause id="l52"><sone id="l52_s1" lk="306" lemma="si’z" tahendus="siis" ingl="then" liik="ProAdv">siz</sone><sone id="l52_s2" lk="306" lemma="nämād" tahendus="nemad" ingl="they" liik="ProS" vorm="pl.dat.">näntən</sone><sone id="l52_s3" lk="306" lemma="ä’b" tahendus="ei" ingl="not" liik="Mn" vorm="pers.ind.pr.sg.3.">äb</sone><sone id="l52_s4" lk="306" lemma="vȱlda" tahendus="olla" ingl="be" liik="Va" vorm="pers.ind.sg.3.neg.">ue̮</sone><sone id="l52_s5" lk="306" lemma="vȱlda" tahendus="olla" ingl="be" liik="V" vorm="nud.sg.">ve̮nd</sone><sone id="l52_s6" lk="306" lemma="lēba" tahendus="leib" ingl="bread" liik="S" vorm="sg.part.">leibə</sone><sone id="l52_s7" lk="306" meta="vahemärk">.</sone></lause><lause id="l53"><sone id="l53_s1" lk="306" lemma="si’z" tahendus="siis" ingl="then" liik="ProAdv">siz</sone><sone id="l53_s2" lk="306" lemma="vanā" tahendus="vana" ingl="old" liik="A" vorm="sg.nom.">vanā</sone><sone id="l53_s3" lk="306" lemma="tī’es+mīez" tahendus="kohtumees" ingl="court man" liik="S" vorm="sg.nom.">ti’esə+miez</sone><sone id="l53_s4" lk="306" lemma="kītõ" tahendus="öelda" ingl="say" liik="V" vorm="nud.sg.">kītən</sone><sone id="l53_s5" lk="306" meta="vahemärk">,</sone><sone id="l53_s6" lk="306" lemma="lǟ’dõ" tahendus="minna" ingl="go" liik="V" vorm="pers.kvt.pr.sg.3.">lē’ji</sone><sone id="l53_s7" lk="306" lemma="sǭdõ" tahendus="saada" ingl="get" liik="V" vorm="sup.">så̄m</sone><sone id="l53_s8" lk="306" lemma="ikš" tahendus="üks" ingl="one" liik="ProS" vorm="sg.gen.">ǖ’d</sone><sone id="l53_s9" lk="306" lemma="ki’v" tahendus="kivi" ingl="stone" liik="S" vorm="sg.gen.">kiu’</sone><sone id="l53_s10" lk="306" meta="vahemärk">,</sone><sone id="l53_s11" lk="306" lemma="si’z" tahendus="siis" ingl="then" liik="ProAdv">siz</sone><sone id="l53_s12" lk="306" lemma="jovātõ" tahendus="jahvatada" ingl="grind" liik="V" vorm="pers.kvt.pr.sg.3.">jovāji</sone><sone id="l53_s13" lk="306" lemma="jo’vd" tahendus="jahu" ingl="flour" liik="S" vorm="pl.part.">jou’d́i</sone><sone id="l53_s14" lk="306" meta="vahemärk">.</sone></lause><lause id="l54"><sone id="l54_s1" lk="306" lemma="si’z" tahendus="siis" ingl="then" liik="ProAdv">siz</sone><sone id="l54_s2" lk="306" lemma="ne" tahendus="nemad" ingl="they" liik="ProS" vorm="pl.nom.">ne</sone><sone id="l54_s3" lk="306" lemma="vȱlda" tahendus="olla" ingl="be" liik="Va" vorm="pers.ind.pr.pl.3.">ā’t</sone><sone id="l54_s4" lk="306" lemma="kīerõ" tahendus="veeretada" ingl="roll" liik="V" vorm="nud.pl.">kierənəd</sone><sone id="l54_s5" lk="306" lemma="ki’v" tahendus="kivi" ingl="stone" liik="S" vorm="sg.gen.">kiu’</sone><sone id="l54_s6" lk="306" lemma="sūr" tahendus="suur" ingl="big" liik="A" vorm="sg.gen.">sūr</sone><sone id="l54_s7" lk="306" lemma="mä’g" tahendus="mägi" ingl="hill" liik="S" vorm="sg.gen.">mä’g</sone><sone id="l54_s8" lk="306" lemma="pǟl " tahendus="peale" ingl="on" liik="Post">pǟl</sone><sone id="l54_s9" lk="306" lemma="i’lzõ" tahendus="üles" ingl="up" liik="Adva">ül’z</sone><sone id="l54_s10" lk="306" meta="vahemärk">,</sone><sone id="l54_s11" lk="306" lemma="un" tahendus="ja" ingl="and" liik="Konj">un</sone><sone id="l54_s12" lk="306" lemma="si’z" tahendus="siis" ingl="then" liik="ProAdv">sis</sone><sone id="l54_s13" lk="306" lemma="sǟ’l" tahendus="seal" ingl="there" liik="ProAdv">sǟ’l</sone><sone id="l54_s14" lk="306" lemma="mä’g" tahendus="mägi" ingl="hill" liik="S" vorm="sg.gen.">mä’g</sone><sone id="l54_s15" lk="306" lemma="allõ" tahendus="all" ingl="under" liik="Post">allə</sone><sone id="l54_s16" lk="306" lemma="vȱlda" tahendus="olla" ingl="be" liik="Va" vorm="pers.ind.pr.sg.3.">um’</sone><sone id="l54_s17" lk="306" lemma="vȱlda" tahendus="olla" ingl="be" liik="V" vorm="nud.sg.">ve̮nd</sone><sone id="l54_s18" lk="306" lemma="sūr" tahendus="suur" ingl="big" liik="A" vorm="sg.nom.">sūr</sone><sone id="l54_s19" lk="306" lemma="jǭra" tahendus="järv" ingl="lake" liik="S" vorm="sg.nom.">jå̄ra</sone><sone id="l54_s20" lk="306" meta="vahemärk">.</sone></lause><lause id="l55"><sone id="l55_s1" lk="306" lemma="si’z" tahendus="siis" ingl="then" liik="ProAdv">siz</sone><sone id="l55_s2" lk="306" lemma="vȱlda" tahendus="olla" ingl="be" liik="Va" vorm="nud.sg.">ve̮nd</sone><sone id="l55_s3" lk="306" lemma="sǟ’ld" tahendus="sealt" ingl="from there" liik="ProAdv">sǟ’ld</sone><sone id="l55_s4" lk="306" lemma="ki’v" tahendus="kivi" ingl="stone" liik="S" vorm="sg.gen.">kiu’</sone><sone id="l55_s5" lk="306" lemma="mǭ’" tahendus="maha" ingl="down" liik="Adva">må̄’</sone><sone id="l55_s6" lk="306" lemma="laskõ " tahendus="lasta" ingl="descend" liik="V" vorm="deb.">lassimist</sone><sone id="l55_s7" lk="306" meta="vahemärk">.</sone></lause><lause id="l56"><sone id="l56_s1" lk="306" lemma="si’z" tahendus="siis" ingl="then" liik="ProAdv">siz</sone><sone id="l56_s2" lk="306" lemma="vanā" tahendus="vana" ingl="old" liik="A" vorm="sg.nom.">vanā</sone><sone id="l56_s3" lk="306" lemma="tī’es+mīez" tahendus="kohtumees" ingl="court man" liik="S" vorm="sg.nom.">ti’esə+miez</sone><sone id="l56_s4" lk="306" lemma="kītõ" tahendus="öelda" ingl="say" liik="V" vorm="nud.sg.">kītən</sone><sone id="l56_s5" lk="306" meta="vahemärk">:</sone><sone id="l56_s6" lk="306" lemma="la’z" tahendus="las" ingl="let" liik="ModAdv">laz</sone><sone id="l56_s7" lk="306" lemma="ikš" tahendus="üks" ingl="one" liik="Nump" vorm="sg.nom.">ükš</sone><sone id="l56_s8" lk="306" lemma="mīez" tahendus="mees" ingl="man" liik="S" vorm="sg.nom.">miez</sone><sone id="l56_s9" lk="306" lemma="pistõ" tahendus="pista" ingl="shove" liik="V" vorm="pers.jus.pr.sg.3.">pistāg</sone><sone id="l56_s10" lk="306" lemma="eņtš" tahendus="oma" ingl="own" liik="ProS" vorm="sg.gen.">eńt́š</sone><sone id="l56_s11" lk="306" lemma="pǟ" tahendus="pea" ingl="head" liik="S" vorm="sg.gen.">pǟ</sone><sone id="l56_s12" lk="306" lemma="ki’v" tahendus="kivi" ingl="stone" liik="S" vorm="sg.gen.">kiu’</sone><sone id="l56_s13" lk="306" lemma="sīlma" tahendus="silm" ingl="eye" liik="S" vorm="sg.ill.">silmə</sone><sone id="l56_s14" lk="306" meta="vahemärk">,</sone><sone id="l56_s15" lk="306" meta="vahemärk">[</sone><sone id="l56_s16" lk="306" lemma="mȭita" tahendus="muidu" ingl="otherwise" liik="Adv">mūita</sone><sone id="l56_s17" lk="306" meta="vahemärk"> &gt;</sone><sone id="l56_s18" lk="306" meta="vahemärk">]</sone><sone id="l56_s19" lk="306" lemma="mȭita" tahendus="muidu" ingl="otherwise" liik="Adv">mī̮ita</sone><sone id="l56_s20" lk="306" lemma="ki’v" tahendus="kivi" ingl="stone" liik="S" vorm="sg.nom.">kiu’</sone><sone id="l56_s21" lk="306" lemma="a’ilõ" tahendus="söösta" ingl="dash" liik="V" vorm="pers.kvt.pr.sg.3.">ai’liji</sone><sone id="l56_s22" lk="306" lemma="jǭra" tahendus="järv" ingl="lake" liik="S" vorm="sg.ill.">jarrə</sone><sone id="l56_s23" lk="306" meta="vahemärk">:</sone><sone id="l56_s24" lk="306" lemma="si’z" tahendus="siis" ingl="then" liik="ProAdv">siz</sone><sone id="l56_s25" lk="306" lemma="rištīng" tahendus="inimene" ingl="person" liik="S" vorm="sg.nom.">rištīŋg</sone><sone id="l56_s26" lk="306">nēji</sone><sone id="l56_s27" lk="306" meta="vahemärk">,</sone><sone id="l56_s28" lk="306" lemma="kus" tahendus="kus" ingl="where to" liik="Intr">kus</sone><sone id="l56_s29" lk="306" lemma="tämā" tahendus="tema" ingl="he" liik="ProS" vorm="sg.nom.">ta</sone><sone id="l56_s30" lk="306" lemma="sǭdõ" tahendus="saada" ingl="get" liik="V" vorm="pers.kvt.pr.sg.3.">så̄ji</sone><sone id="l56_s31" lk="306" meta="vahemärk">.</sone></lause><lause id="l57"><sone id="l57_s1" lk="306" lemma="si’z" tahendus="siis" ingl="then" liik="ProAdv">siz</sone><sone id="l57_s2" lk="307" lemma="laskõ " tahendus="lasta" ingl="let" liik="V" vorm="nud.pl.">laskənəd</sone><sone id="l57_s3" lk="307" lemma="ki’v" tahendus="kivi" ingl="stone" liik="S" vorm="sg.gen.">kiu’</sone><sone id="l57_s4" lk="307" lemma="vāldiņ" tahendus="lahti" ingl="loose" liik="Adva">vå̄ldiń</sone><sone id="l57_s5" lk="307" meta="vahemärk">–</sone><sone id="l57_s6" lk="307" lemma="mīez" tahendus="mees" ingl="man" liik="S" vorm="sg.nom.">miez</sone><sone id="l57_s7" lk="307" lemma="vȱlda" tahendus="olla" ingl="be" liik="V" vorm="nud.sg.">ve̮nd</sone><sone id="l57_s8" lk="307" lemma="ki’v" tahendus="kivi" ingl="stone" liik="S" vorm="sg.gen.">kiu’</sone><sone id="l57_s9" lk="307" lemma="sīlma" tahendus="silm" ingl="eye" liik="S" vorm="sg.in.">sīlmas</sone><sone id="l57_s10" lk="307" meta="vahemärk">.</sone></lause><lause id="l58"><sone id="l58_s1" lk="307" lemma="si’z" tahendus="siis" ingl="then" liik="ProAdv">sis</sone><sone id="l58_s2" lk="307" lemma="ki’v" tahendus="kivi" ingl="stone" liik="S" vorm="sg.nom.">kiu’</sone><sone id="l58_s3" lk="307" lemma="lǟʼdõ" tahendus="minna" ingl="go" liik="V" vorm="nud.sg.">lǟ’nd</sone><sone id="l58_s4" lk="307" lemma="amā" tahendus="kogu" ingl="all" liik="A" vorm="sg.gen.">amā</sone><sone id="l58_s5" lk="307" lemma="mīez" tahendus="mees" ingl="man" liik="S" vorm="sg.instl.">mi’ekəks</sone><sone id="l58_s6" lk="307" lemma="nemē" tahendus="nagu" ingl="like" liik="Konj">neme</sone><sone id="l58_s7" lk="307" lemma="lēḑ" tahendus="kuul" ingl="bullet" liik="S" vorm="sg.nom.">lȫd́</sone><sone id="l58_s8" lk="307" lemma="jǭra" tahendus="järv" ingl="lake" liik="S" vorm="sg.ill.">jarrə</sone><sone id="l58_s9" lk="307" lemma="sillõ" tahendus="sisse" ingl="into" liik="Adv">sil’</sone><sone id="l58_s10" lk="307" meta="vahemärk">.</sone></lause><lause id="l59"><sone id="l59_s1" lk="307" lemma="si’z" tahendus="siis" ingl="then" liik="ProAdv">siz</sone><sone id="l59_s2" lk="307" lemma="ne" tahendus="nemad" ingl="they" liik="ProS" vorm="pl.nom.">ne</sone><sone id="l59_s3" lk="307" lemma="ä’b" tahendus="ei" ingl="not" liik="Mn" vorm="pers.ind.pr.sg.3.">äb</sone><sone id="l59_s4" lk="307" lemma="vȱlda" tahendus="olla" ingl="be" liik="Va" vorm="pers.ind.pl.3.neg.">ue̮t</sone><sone id="l59_s5" lk="307" lemma="nǟ’dõ" tahendus="näha" ingl="see" liik="V" vorm="nud.sg.">nǟnəd</sone><sone id="l59_s6" lk="307" lemma="ä’b" tahendus="ei" ingl="not" liik="Mn">äb</sone><sone id="l59_s7" lk="307" lemma="mīez" tahendus="mees" ingl="man" liik="S" vorm="sg.part.">miestə</sone><sone id="l59_s8" lk="307" lemma="ä’b" tahendus="ei" ingl="not" liik="Mn">äb</sone><sone id="l59_s9" lk="307" lemma="ki’v" tahendus="kivi" ingl="stone" liik="S" vorm="sg.part.">kiu’və</sone><sone id="l59_s10" lk="307" meta="vahemärk">.</sone></lause><lause id="l60"><sone id="l60_s1" lk="307" lemma="si’z" tahendus="siis" ingl="then" liik="ProAdv">siz</sone><sone id="l60_s2" lk="307" lemma="ne" tahendus="nemad" ingl="they" liik="ProS" vorm="pl.nom.">n</sone><sone lk="307" keel="eesti" id="l60_s3" meta="vahemärk">=</sone><sone lk="307" keel="eesti" id="l60_s4" lemma="vȱlda" tahendus="olla" ingl="be" liik="Va" vorm="pers.ind.pr.pl.3.">ā’t</sone><sone id="l60_s5" lk="307" lemma="irgõ" tahendus="hakata" ingl="begin" liik="V" vorm="nud.pl.">ürgənəd</sone><sone id="l60_s6" lk="307" lemma="ikš" tahendus="üks" ingl="one" liik="ProS" vorm="sg.part.">ǖ’tə</sone><sone id="l60_s7" lk="307" lemma="pivā+kuodā" tahendus="kirik" ingl="church" liik="S" vorm="sg.part.">püu’və+kᵘe̮’ddə</sone><sone id="l60_s8" lk="307" lemma="tī’edõ" tahendus="teha" ingl="make" liik="V" vorm="inf.">ti’edə</sone><sone id="l60_s9" lk="307" meta="vahemärk">.</sone></lause><lause id="l61"><sone id="l61_s1" lk="307" lemma="ne" tahendus="nemad" ingl="they" liik="ProS" vorm="pl.nom.">ne</sone><sone id="l61_s2" lk="307" lemma="vȱlda" tahendus="olla" ingl="be" liik="Va" vorm="pers.ind.pr.pl.3.">ā’t</sone><sone id="l61_s3" lk="307" lemma="tī’edõ" tahendus="teha" ingl="make" liik="V" vorm="nud.pl.">ti’enəd</sone><sone id="l61_s4" lk="307" lemma="ikš" tahendus="üks" ingl="one" liik="Nump" vorm="sg.gen.">ǖ’d</sone><sone id="l61_s5" lk="307" lemma="kīela" tahendus="kell" ingl="bell" liik="S" vorm="sg.gen.">kiela</sone><sone id="l61_s6" lk="307" meta="vahemärk">.</sone></lause><lause id="l62"><sone id="l62_s1" lk="307" lemma="si’z" tahendus="siis" ingl="then" liik="ProAdv">siz</sone><sone id="l62_s2" lk="307" lemma="vȱlda" tahendus="olla" ingl="be" liik="Va" vorm="pers.ind.pr.sg.3.">um’</sone><sone id="l62_s3" lk="307" lemma="tūlda" tahendus="tulla" ingl="come" liik="V" vorm="nud.sg.">tund</sone><sone id="l62_s4" lk="307" lemma="suodā" tahendus="sõda" ingl="war" liik="S" vorm="sg.nom.">sᵘe̮dā</sone><sone id="l62_s5" lk="307" meta="vahemärk">.</sone></lause><lause id="l63"><sone id="l63_s1" lk="307" lemma="si’z" tahendus="siis" ingl="then" liik="ProAdv">siz</sone><sone id="l63_s2" lk="307" lemma="ne" tahendus="nemad" ingl="they" liik="ProS" vorm="pl.nom.">ne</sone><sone id="l63_s3" lk="307" lemma="vȱlda" tahendus="olla" ingl="be" liik="Va" vorm="pers.ind.pr.pl.3.">ā’t</sone><sone id="l63_s4" lk="307" lemma="lǟʼdõ" tahendus="minna" ingl="go" liik="V" vorm="nud.pl.">lǟ’nəd</sone><sone id="l63_s5" lk="307" lemma="jǭra" tahendus="järv" ingl="lake" liik="S" vorm="sg.ill.">jarrə</sone><sone id="l63_s6" lk="307" lemma="se" tahendus="see" ingl="this" liik="ProS" vorm="sg.part.">sⁱedā</sone><sone id="l63_s7" lk="307" lemma="kīela" tahendus="kell" ingl="bell" liik="S" vorm="sg.part.">kⁱellə</sone><sone id="l63_s8" lk="307" lemma="jarā" tahendus="ära" ingl="away" liik="Adva">jerā</sone><sone id="l63_s9" lk="307" lemma="glä’bbõ" tahendus="peita" ingl="hide" liik="V" vorm="sup.">glä’bbəm</sone><sone id="l63_s10" lk="307" meta="vahemärk">.</sone></lause><lause id="l64"><sone id="l64_s1" lk="307" lemma="si’z" tahendus="siis" ingl="then" liik="ProAdv">siz</sone><sone id="l64_s2" lk="307" lemma="vanā" tahendus="vana" ingl="old" liik="A" vorm="sg.nom.">vanā</sone><sone id="l64_s3" lk="307" lemma="tī’es+mīez" tahendus="kohtumees" ingl="court man" liik="S" vorm="sg.nom.">ti’esə+miez</sone><sone id="l64_s4" lk="307" lemma="kītõ" tahendus="öelda" ingl="say" liik="V" vorm="nud.sg.">kītən</sone><sone id="l64_s5" lk="307" meta="vahemärk">,</sone><sone id="l64_s6" lk="307" lemma="īedõ" tahendus="lõigata" ingl="cut" liik="V" vorm="pers.kvt.pr.sg.3.">i’ediji</sone><sone id="l64_s7" lk="307" lemma="lǭja" tahendus="paat" ingl="boat" liik="S" vorm="sg.gen.">lå̄ja</sone><sone id="l64_s8" lk="307" lemma="aigā" tahendus="äär" ingl="edge" liik="S" vorm="sg.gen.">aigā</sone><sone id="l64_s9" lk="307" lemma="pǟl " tahendus="peale" ingl="on" liik="Post">pǟl</sone><sone id="l64_s10" lk="307" lemma="tē’ḑ" tahendus="märk" ingl="mark" liik="S" vorm="sg.gen.">tǟ’d</sone><sone id="l64_s11" lk="307" lemma="sīnõ" tahendus="sinna" ingl="to there" liik="ProAdv">sīn</sone><sone id="l64_s12" lk="307" meta="vahemärk">,</sone></lause><lause id="l65"><sone id="l65_s1" lk="307" lemma="kus" tahendus="kus" ingl="where" liik="Intr">kus</sone><sone id="l65_s2" lk="307" lemma="laskõ " tahendus="lasta" ingl="descend" liik="V" vorm="pers.kvt.pr.sg.3.">lassiji</sone><sone id="l65_s3" lk="307" lemma="kīela" tahendus="kell" ingl="bell" liik="S" vorm="sg.gen.">kiela</sone><sone id="l65_s4" lk="307" lemma="si’zzõl" tahendus="sisse" ingl="into" liik="Adva">si’zzəl</sone><sone id="l65_s5" lk="307" meta="vahemärk">,</sone><sone id="l65_s6" lk="307" lemma="si’z" tahendus="siis" ingl="then" liik="ProAdv">sis</sone><sone id="l65_s7" lk="307" lemma="tieudõ" tahendus="teada" ingl="know" liik="V" vorm="pers.kvt.pr.sg.3.">tiediji</sone><sone id="l65_s8" lk="307" lemma="kus" tahendus="kuhu" ingl="where to" liik="Intr">kus</sone><sone id="l65_s9" lk="307" lemma="kūož" tahendus="koht" ingl="place" liik="S" vorm="sg.ill.">kue̮žə</sone><sone id="l65_s10" lk="307" lemma="tämā" tahendus="tema" ingl="he" liik="ProS" vorm="sg.nom.">ta</sone><sone id="l65_s11" lk="307" lemma="līdõ" tahendus="olema saada" ingl="will be" liik="V" vorm="pers.kvt.pr.sg.3.">līji</sone><sone id="l65_s12" lk="307" meta="vahemärk">.</sone></lause><lause id="l66"><sone id="l66_s1" lk="307" lemma="si’z" tahendus="siis" ingl="then" liik="ProAdv">siz</sone><sone id="l66_s2" lk="307" lemma="ne" tahendus="nemad" ingl="they" liik="ProS" vorm="pl.nom.">ne</sone><sone id="l66_s3" lk="307" lemma="vȱlda" tahendus="olla" ingl="be" liik="Va" vorm="pers.ind.pr.pl.3.">ā’t</sone><sone id="l66_s4" lk="307" lemma="vie’ddõ" tahendus="vedada" ingl="pull" liik="V" vorm="nud.pl.">vⁱedānəd</sone><sone id="l66_s5" lk="307" lemma="baļk" tahendus="palk" ingl="log" liik="S" vorm="pl.part.">bå̄ĺkidi</sone><sone id="l66_s6" lk="307" lemma="mä’g" tahendus="mägi" ingl="hill" liik="S" vorm="sg.gen.">mä’g</sone><sone id="l66_s7" lk="307" lemma="pǟl " tahendus="peale" ingl="on" liik="Post">pǟl</sone><sone id="l66_s8" lk="307" lemma="tikkiž" tahendus="täiesti" ingl="all" liik="Adv">tükkiz</sone><sone id="l66_s9" lk="307" lemma="i’lzõ" tahendus="üles" ingl="up" liik="Adva">ül’z</sone><sone id="l66_s10" lk="307" meta="vahemärk">.</sone></lause><lause id="l67"><sone id="l67_s1" lk="307" lemma="si’z" tahendus="siis" ingl="then" liik="ProAdv">sis</sone><sone id="l67_s2" lk="307" lemma="se" tahendus="see" ingl="this" liik="ProS" vorm="sg.nom.">se</sone><sone id="l67_s3" lk="307" lemma="pe’rri" tahendus="viimane" ingl="last" liik="A" vorm="sg.nom.">per’ri</sone><sone id="l67_s4" lk="307" lemma="se" tahendus="see" ingl="this" liik="ProS" vorm="sg.nom.">se</sone><sone id="l67_s5" lk="307" lemma="vȱlda" tahendus="olla" ingl="be" liik="Va" vorm="pers.ind.pr.sg.3.">um’</sone><sone id="l67_s6" lk="307" lemma="a’ilõ" tahendus="söösta" ingl="dash" liik="V" vorm="nud.sg.">ai’lən</sone><sone id="l67_s7" lk="307" lemma="tā’giž" tahendus="tagasi" ingl="back" liik="Adva">ta’ggiz</sone><sone id="l67_s8" lk="307" meta="vahemärk">.</sone></lause><lause id="l68"><sone id="l68_s1" lk="307" lemma="si’z" tahendus="siis" ingl="then" liik="ProAdv">siz</sone><sone id="l68_s2" lk="307" lemma="ne" tahendus="nemad" ingl="they" liik="ProS" vorm="pl.nom.">ne</sone><sone id="l68_s3" lk="307" lemma="vȱlda" tahendus="olla" ingl="be" liik="Va" vorm="pers.ind.pr.pl.3.">ā’t</sone><sone id="l68_s4" lk="307" lemma="laskõ " tahendus="lasta" ingl="descend" liik="V" vorm="nud.pl.">lassənəd</sone><sone id="l68_s5" lk="307" lemma="ikš" tahendus="üks" ingl="one" liik="ProS" vorm="sg.gen.">ǖ’d</sone><sone id="l68_s6" lk="307" lemma="tuoi" tahendus="teine" ingl="other" liik="ProS" vorm="sg.gen.">tᵘe̮iz</sone><sone id="l68_s7" lk="307" lemma="baļk" tahendus="palk" ingl="log" liik="S" vorm="sg.gen.">baĺk</sone><sone id="l68_s8" lk="307" lemma="tā’giž" tahendus="tagasi" ingl="back" liik="Adva">ta’ggiz</sone><sone id="l68_s9" lk="307" meta="vahemärk">,</sone><sone id="l68_s10" lk="307" lemma="la’z" tahendus="las" ingl="let" liik="ModAdv">laz</sone><sone id="l68_s11" lk="307" lemma="lǟ’dõ" tahendus="minna" ingl="go" liik="V" vorm="pers.jus.pr.sg.3.">läk</sone><sone id="l68_s12" lk="307" lemma="se" tahendus="see" ingl="this" liik="ProS" vorm="sg.part.">sⁱedā</sone><sone id="l68_s13" lk="307" lemma="vȯtšõ" tahendus="otsida" ingl="look for" liik="V" vorm="sup.">ve̮t́šəm</sone><sone id="l68_s14" lk="307" meta="vahemärk">.</sone></lause><lause id="l69"><sone id="l69_s1" lk="307" lemma="si’z" tahendus="siis" ingl="then" liik="ProAdv">siz</sone><sone id="l69_s2" lk="307" lemma="ne" tahendus="nemad" ingl="they" liik="ProS" vorm="pl.nom.">ne</sone><sone id="l69_s3" lk="307" lemma="vȱlda" tahendus="olla" ingl="be" liik="Va" vorm="pers.ind.pr.pl.3.">ā’t</sone><sone id="l69_s4" lk="307" lemma="vȯ’dlõ" tahendus="oodata" ingl="wait" liik="V" vorm="nud.pl.">ve̮’dlənəd</sone><sone id="l69_s5" lk="307" meta="vahemärk">:</sone><sone id="l69_s6" lk="307" lemma="ä’b" tahendus="ei" ingl="not" liik="Mn">äb</sone><sone id="l69_s7" lk="307" lemma="kummit" tahendus="kumbki" ingl="not either" liik="ProS" vorm="sg.nom.">kumbit</sone><sone id="l69_s8" lk="307" lemma="ä’b" tahendus="ei" ingl="not" liik="Mn" vorm="pers.ind.pr.sg.3.">äb</sone><sone id="l69_s9" lk="307" lemma="vȱlda" tahendus="olla" ingl="be" liik="Va" vorm="pers.ind.sg.3.neg.">uo</sone><sone id="l69_s10" lk="307" lemma="tūlda" tahendus="tulla" ingl="come" liik="V" vorm="nud.sg.">tund</sone><sone id="l69_s11" lk="307" lemma="tā’giž" tahendus="tagasi" ingl="back" liik="Adva">ta’ggiz</sone><sone id="l69_s12" lk="307" meta="vahemärk">.</sone></lause><lause id="l70"><sone id="l70_s1" lk="307" lemma="si’z" tahendus="siis" ingl="then" liik="ProAdv">siz</sone><sone id="l70_s2" lk="307" lemma="vanā" tahendus="vana" ingl="old" liik="A" vorm="sg.nom.">vanā</sone><sone id="l70_s3" lk="307" lemma="tī’es+mīez" tahendus="kohtumees" ingl="court man" liik="S" vorm="sg.nom.">ti’esə+miez</sone><sone id="l70_s4" lk="307" lemma="kītõ" tahendus="öelda" ingl="say" liik="V" vorm="nud.sg.">kītən</sone><sone id="l70_s5" lk="307" meta="vahemärk">:</sone><sone id="l70_s6" lk="307" lemma="laskõ " tahendus="lasta" ingl="descend" liik="V" vorm="pers.kvt.pr.sg.3.">lassiji</sone><sone id="l70_s7" lk="307" lemma="ve’l" tahendus="veel" ingl="also" liik="Adv">vel</sone><sone id="l70_s8" lk="307" lemma="kuolmi" tahendus="kolmas" ingl="third" liik="Numj" vorm="sg.gen.">kᵘe̮lmiz</sone><sone id="l70_s9" lk="307" meta="vahemärk">,</sone><sone id="l70_s10" lk="307" lemma="si’z" tahendus="siis" ingl="then" liik="ProAdv">siz</sone><sone id="l70_s11" lk="307" lemma="ju" tahendus="ju" ingl="of course" liik="ModAdv">ju</sone><sone id="l70_s12" lk="307" lemma="ne" tahendus="need" ingl="these" liik="ProS" vorm="pl.nom.">ne</sone><sone id="l70_s13" lk="307" lemma="tūlda" tahendus="tulla" ingl="come" liik="V" vorm="pers.kvt.pr.pl.3.">tuĺĺid</sone><sone id="l70_s14" lk="307" lemma="tā’giž" tahendus="tagasi" ingl="back" liik="Adva">ta’ggiz</sone><sone id="l70_s15" lk="307" meta="vahemärk">.</sone></lause><lause id="l71"><sone id="l71_s1" lk="307" lemma="se" tahendus="see" ingl="this" liik="ProS" vorm="sg.nom.">se</sone><sone id="l71_s2" lk="307" lemma="ka" tahendus="ka" ingl="also" liik="ModAdv">ka</sone><sone id="l71_s3" lk="307" lemma="ä’b" tahendus="ei" ingl="not" liik="Mn" vorm="pers.ind.pr.sg.3.">äb</sone><sone id="l71_s4" lk="307" lemma="tūlda" tahendus="tulla" ingl="come" liik="V" vorm="nud.sg.">tund</sone><sone id="l71_s5" lk="307" meta="vahemärk">.</sone></lause><lause id="l72"><sone id="l72_s1" lk="307" lemma="si’z" tahendus="siis" ingl="then" liik="ProAdv">siz</sone><sone id="l72_s2" lk="307" lemma="vanā" tahendus="vana" ingl="old" liik="A" vorm="sg.nom.">vanā</sone><sone id="l72_s3" lk="307" lemma="tī’es+mīez" tahendus="kohtumees" ingl="court man" liik="S" vorm="sg.nom.">ti’esə+miez</sone><sone id="l72_s4" lk="307" lemma="kītõ" tahendus="öelda" ingl="say" liik="V" vorm="nud.sg.">kītən</sone><sone id="l72_s5" lk="307" meta="vahemärk">:</sone><sone id="l72_s6" lk="307" meta="vahemärk">”</sone><sone lk="307" keel="eesti" id="l72_s7" lemma="laskõ " tahendus="lasta" ingl="descend" liik="V" vorm="pers.imp.pr.pl.2.">lassigid</sone><sone id="l72_s8" lk="307" lemma="ne" tahendus="need" ingl="these" liik="ProS" vorm="pl.gen.">nänt</sone><sone id="l72_s9" lk="307" lemma="tikkiž" tahendus="kõik" ingl="all" liik="ProS" vorm="pl.nom.">tükkiz</sone><sone id="l72_s10" lk="307" lemma="tā’giž" tahendus="tagasi" ingl="back" liik="Adva">ta’ggiz</sone><sone id="l72_s11" lk="307" meta="vahemärk">,</sone><sone id="l72_s12" lk="307" lemma="si’z" tahendus="siis" ingl="then" liik="ProAdv">siz</sone><sone id="l72_s13" lk="307" lemma="ne" tahendus="need" ingl="these" liik="ProS" vorm="pl.nom.">ne</sone><sone id="l72_s14" lk="307" lemma="tūlda" tahendus="tulla" ingl="come" liik="V" vorm="pers.kvt.pr.pl.3.">tuĺĺid</sone><sone lk="307" keel="eesti" id="l72_s15" meta="vahemärk">.</sone><sone id="l72_s16" lk="307" meta="vahemärk">”</sone></lause><lause id="l73"><sone id="l73_s1" lk="307" lemma="agā" tahendus="aga" ingl="but" liik="Konj">agā</sone><sone id="l73_s2" lk="307" lemma="mit+ikš" tahendus="ükski" ingl="not one" liik="ProS" vorm="sg.nom.">mit+ükš</sone><sone id="l73_s3" lk="307" lemma="ä’b" tahendus="ei" ingl="not" liik="Mn" vorm="pers.ind.pr.sg.3.">äb</sone><sone id="l73_s4" lk="307" lemma="vȱlda" tahendus="olla" ingl="be" liik="Va" vorm="pers.ind.sg.3.neg.">ue̮</sone><sone id="l73_s5" lk="307" lemma="tūlda" tahendus="tulla" ingl="come" liik="V" vorm="nud.sg.">tund</sone><sone id="l73_s6" lk="307" lemma="tā’giž" tahendus="tagasi" ingl="back" liik="Adva">ta’ggis</sone><sone id="l73_s7" lk="307" meta="vahemärk">.</sone></lause><lause id="l74"><sone id="l74_s1" lk="307" lemma="si’z" tahendus="siis" ingl="then" liik="ProAdv">siz</sone><sone id="l74_s2" lk="307" lemma="lǟʼdõ" tahendus="minna" ingl="go" liik="V" vorm="nud.pl.">lǟ’nəd</sone><sone id="l74_s3" lk="307" lemma="ūdstiz" tahendus="uuesti" ingl="again" liik="Adv">ūdstiz</sone><sone id="l74_s4" lk="307" lemma="ra’dļõ" tahendus="raiuda" ingl="chop" liik="V" vorm="sup.">ra’d́ĺəm</sone><sone id="l74_s5" lk="307" meta="vahemärk">.</sone></lause><lause id="l75"><sone id="l75_s1" lk="307" lemma="jarā" tahendus="ära" ingl="off" liik="Adva">jerā</sone><sone id="l75_s2" lk="307" meta="vahemärk">.</sone></lause></sisu>
</liivike>
