<?xml version="1.0" encoding="UTF-8"?>
<?xml-stylesheet type="text/xsl" href="liivike_tekst.xsl"?>
<liivike>
	<info><tyyp>kirjalik</tyyp><teema>Satuja 65</teema><keel>liivi</keel><murre>Īra</murre><kirjaviis>foneetiline transkriptsioon</kirjaviis><kyla longituud="22.116667" latituud="57.616667">Īra</kyla><teos pealkiri="Näytteitä liivin kielestä" aasta="1953" koht="Helsinki">E. N. Setälä</teos></info><sisu id="Set_Sat_65">
		<lause id="l1">
			<sone id="l1_s1" lk="318" meta="number">65</sone>
			<sone id="l1_s2" lk="318" meta="vahemärk">.</sone></lause>
		<lause id="l2"><sone id="l2_s1" lk="318" meta="kommentaar">Īra?</sone><sone id="l2_s2" lk="318" meta="vahemärk">,</sone><sone id="l2_s3" lk="318" meta="kommentaar">Diedrich</sone><sone id="l2_s4" lk="318" meta="kommentaar">Belt</sone><sone id="l2_s5" lk="318" meta="vahemärk">?</sone></lause><lause id="l3"><sone id="l3_s1" lk="318" lemma="si’z" tahendus="siis" ingl="then" liik="ProAdv">siz</sone><sone id="l3_s2" lk="318" lemma="ikš" tahendus="üks" ingl="one" liik="ProS" vorm="sg.nom.">ükš</sone><sone id="l3_s3" lk="318" meta="vahemärk">[</sone><sone id="l3_s4" lk="318" lemma="kõrd" tahendus="kord" ingl="time" liik="S" vorm="sg.nom.">kürd</sone><sone id="l3_s5" lk="318" meta="vahemärk"> &gt;</sone><sone id="l3_s6" lk="318" meta="vahemärk">]</sone><sone id="l3_s7" lk="318" lemma="kõrd" tahendus="kord" ingl="time" liik="S" vorm="sg.nom.">ki̮rd</sone><sone id="l3_s8" lk="318" lemma="te’iž" tahendus="jälle" ingl="again" liik="Adv">täi’z</sone><sone id="l3_s9" lk="318" lemma="su’ž" tahendus="hunt" ingl="wolf" liik="S" vorm="sg.nom.">su’ⁱž</sone><sone id="l3_s10" lk="318" lemma="lǟʼdõ" tahendus="minna" ingl="go" liik="V" vorm="nud.sg.">lǟ’nd</sone><sone id="l3_s11" lk="318" lemma="re’bbi" tahendus="rebane" ingl="fox" liik="S" vorm="sg.gen.">rⁱebīz</sone><sone id="l3_s12" lk="318" lemma="jūr" tahendus="juurde" ingl="to" liik="Post">jūr</sone><sone id="l3_s13" lk="318" lemma="un" tahendus="ja" ingl="and" liik="Konj">un</sone><sone id="l3_s14" lk="318" lemma="kītõ" tahendus="öelda" ingl="say" liik="V" vorm="nud.sg.">kītən</sone><sone id="l3_s15" lk="318" meta="vahemärk">,</sone><sone id="l3_s16" lk="318" lemma="ku" tahendus="et" ingl="that" liik="Konj">ku</sone><sone id="l3_s17" lk="318" lemma="tämā" tahendus="tema" ingl="he" liik="ProS" vorm="sg.nom.">ta</sone><sone id="l3_s18" lk="319" lemma="tǭ’dõ" tahendus="tahta" ingl="want" liik="V" vorm="pers.kvt.pr.sg.3.">tå̄’ji</sone><sone id="l3_s19" lk="319" lemma="vä’ggi" tahendus="väga" ingl="very" liik="Adv">vä’ggi</sone><sone id="l3_s20" lk="319" lemma="sīedõ" tahendus="süüa" ingl="eat" liik="V" vorm="inf.">süödə</sone><sone id="l3_s21" lk="319" meta="vahemärk">[</sone><sone id="l3_s22" lk="319" lemma="sīedõ" tahendus="süüa" ingl="eat" liik="V" vorm="inf.">süädə</sone><sone lk="319" keel="eesti" id="l3_s23" meta="vahemärk">]</sone><sone id="l3_s24" lk="319" meta="vahemärk">.</sone></lause><lause id="l4"><sone id="l4_s1" lk="319" lemma="si’z" tahendus="siis" ingl="then" liik="ProAdv">siz</sone><sone id="l4_s2" lk="319" lemma="re’bbi" tahendus="rebane" ingl="fox" liik="S" vorm="sg.nom.">rⁱe’bbi</sone><sone id="l4_s3" lk="319" lemma="kītõ" tahendus="öelda" ingl="say" liik="V" vorm="nud.sg.">kītən</sone><sone id="l4_s4" lk="319" meta="vahemärk">:</sone><sone id="l4_s5" lk="319" meta="vahemärk">”</sone><sone lk="319" keel="eesti" id="l4_s6" lemma="tūlda" tahendus="tulla" ingl="come" liik="V" vorm="pers.imp.pr.sg.2.">tul’</sone><sone id="l4_s7" lk="319" lemma="minā" tahendus="mina" ingl="I" liik="ProS" vorm="sg.instl.">min’kəks</sone><sone id="l4_s8" lk="319" lemma="īņõz" tahendus="kaasa" ingl="with" liik="Adva">ǖńis</sone><sone lk="319" keel="eesti" id="l4_s9" meta="vahemärk">!</sone><sone id="l4_s10" lk="319" meta="vahemärk">”</sone></lause><lause id="l5"><sone id="l5_s1" lk="319" lemma="si’z" tahendus="siis" ingl="then" liik="ProAdv">siz</sone><sone id="l5_s2" lk="319" lemma="ne" tahendus="nemad" ingl="they" liik="ProS" vorm="pl.nom.">n</sone><sone lk="319" keel="eesti" id="l5_s3" meta="vahemärk">=</sone><sone lk="319" keel="eesti" id="l5_s4" lemma="vȱlda" tahendus="olla" ingl="be" liik="Va" vorm="pers.ind.pr.pl.3.">ā’t</sone><sone id="l5_s5" lk="319" lemma="lǟʼdõ" tahendus="minna" ingl="go" liik="V" vorm="nud.pl.">lǟ’nəd</sone><sone id="l5_s6" lk="319" lemma="ikš" tahendus="üks" ingl="one" liik="ProS" vorm="sg.gen.">ǖ’d</sone><sone id="l5_s7" lk="319" lemma="pa’grõb" tahendus="kelder" ingl="cellar" liik="S" vorm="sg.gen.">pa’grəb</sone><sone id="l5_s8" lk="319" lemma="jūr" tahendus="juurde" ingl="to" liik="Post">jūr</sone><sone id="l5_s9" lk="319" meta="vahemärk">.</sone></lause><lause id="l6"><sone id="l6_s1" lk="319" lemma="sǟ’l" tahendus="seal" ingl="there" liik="ProAdv">sǟ’l</sone><sone id="l6_s2" lk="319" lemma="vȱlda" tahendus="olla" ingl="be" liik="Va" vorm="pers.ind.pr.sg.3.">um’</sone><sone id="l6_s3" lk="319" lemma="vȱlda" tahendus="olla" ingl="be" liik="V" vorm="nud.sg.">ve̮nd</sone><sone id="l6_s4" lk="319" lemma="piški" tahendus="pisike" ingl="small" liik="A" vorm="sg.nom.">piški</sone><sone id="l6_s5" lk="319" lemma="lä’b" tahendus="aken" ingl="window" liik="S" vorm="sg.nom.">lä’b</sone><sone id="l6_s6" lk="319" meta="vahemärk">.</sone></lause><lause id="l7"><sone id="l7_s1" lk="319" lemma="si’z" tahendus="siis" ingl="then" liik="ProAdv">siz</sone><sone id="l7_s2" lk="319" lemma="re’bbi" tahendus="rebane" ingl="fox" liik="S" vorm="sg.nom.">rⁱe’bbi</sone><sone id="l7_s3" lk="319" lemma="pu’ggõ" tahendus="pugeda" ingl="creep" liik="V" vorm="nud.sg.">pu’ggən</sone><sone id="l7_s4" lk="319" lemma="sǟ’ld" tahendus="sealt" ingl="from there" liik="ProAdv">sǟ’ld</sone><sone id="l7_s5" lk="319" lemma="si’zzõl" tahendus="sisse" ingl="into" liik="Adva">si’zzəl</sone><sone id="l7_s6" lk="319" lemma="un" tahendus="ja" ingl="and" liik="Konj">un</sone><sone id="l7_s7" lk="319" lemma="kītõ" tahendus="öelda" ingl="say" liik="V" vorm="nud.sg.">kītən</sone><sone id="l7_s8" lk="319" meta="vahemärk">,</sone><sone id="l7_s9" lk="319" lemma="la’z" tahendus="las" ingl="let" liik="ModAdv">laz</sone><sone id="l7_s10" lk="319" lemma="su’ž" tahendus="hunt" ingl="wolf" liik="S" vorm="sg.nom.">su’ⁱž</sone><sone id="l7_s11" lk="319" lemma="ka" tahendus="ka" ingl="also" liik="ModAdv">ka</sone><sone id="l7_s12" lk="319" lemma="pu’ggõ" tahendus="pugeda" ingl="creep" liik="V" vorm="pers.jus.pr.sg.3.">pu’ggəg</sone><sone id="l7_s13" lk="319" lemma="sillõ" tahendus="sisse" ingl="into" liik="Adva">si’ll</sone><sone id="l7_s14" lk="319" meta="vahemärk">.</sone></lause><lause id="l8"><sone id="l8_s1" lk="319" lemma="su’ž" tahendus="hunt" ingl="wolf" liik="S" vorm="sg.nom.">su’ⁱž</sone><sone id="l8_s2" lk="319" lemma="vȱlda" tahendus="olla" ingl="be" liik="Va" vorm="pers.ind.pr.sg.3.">um’</sone><sone id="l8_s3" lk="319" lemma="kītõ" tahendus="öelda" ingl="say" liik="V" vorm="nud.sg.">kītən</sone><sone id="l8_s4" lk="319" meta="vahemärk">:</sone><sone id="l8_s5" lk="319" meta="vahemärk">”</sone><sone lk="319" keel="eesti" id="l8_s6" lemma="se" tahendus="see" ingl="this" liik="ProS" vorm="sg.nom.">se</sone><sone id="l8_s7" lk="319" lemma="ouk" tahendus="auk" ingl="hole" liik="S" vorm="sg.nom.">ouk</sone><sone id="l8_s8" lk="319" lemma="vȱlda" tahendus="olla" ingl="be" liik="V" vorm="pers.ind.pr.sg.3.">um</sone><sone id="l8_s9" lk="319" lemma="vä’ggi" tahendus="väga" ingl="very" liik="Adv">vä’ggi</sone><sone id="l8_s10" lk="319" lemma="piški" tahendus="pisike" ingl="small" liik="A" vorm="sg.nom.">piški</sone><sone lk="319" keel="eesti" id="l8_s11" meta="vahemärk">.</sone><sone id="l8_s12" lk="319" meta="vahemärk">”</sone></lause><lause id="l9"><sone id="l9_s1" lk="319" lemma="re’bbi" tahendus="rebane" ingl="fox" liik="S" vorm="sg.nom.">rⁱe’bbi</sone><sone id="l9_s2" lk="319" lemma="kītõ" tahendus="öelda" ingl="say" liik="V" vorm="nud.sg.">kītən</sone><sone id="l9_s3" lk="319" meta="vahemärk">:</sone><sone id="l9_s4" lk="319" meta="vahemärk">”</sone><sone lk="319" keel="eesti" id="l9_s5" lemma="pu’ggõ" tahendus="pugeda" ingl="creep" liik="V" vorm="pers.imp.pr.sg.2.">pu’g</sone><sone id="l9_s6" lk="319" lemma="set" tahendus="ainult" ingl="only" liik="ModAdv">set</sone><sone id="l9_s7" lk="319" lemma="si’zzõl" tahendus="sisse" ingl="into" liik="Adva">si’zzəl</sone><sone lk="319" keel="eesti" id="l9_s8" meta="vahemärk">!</sone><sone id="l9_s9" lk="319" meta="vahemärk">”</sone></lause><lause id="l10"><sone id="l10_s1" lk="319" lemma="si’z" tahendus="siis" ingl="then" liik="ProAdv">siz</sone><sone id="l10_s2" lk="319" lemma="su’ž" tahendus="hunt" ingl="wolf" liik="S" vorm="sg.nom.">su’ⁱž</sone><sone id="l10_s3" lk="319" lemma="vie’ntõ" tahendus="venitada" ingl="stretch" liik="V" vorm="nud.sg.">vⁱen’tən</sone><sone id="l10_s4" lk="319" lemma="ī’ž" tahendus="ise" ingl="self" liik="ProS" vorm="sg.gen.">eńt́š</sone><sone id="l10_s5" lk="319" lemma="ne+ka" tahendus="nagu" ingl="like" liik="Konj">ne+ki</sone><sone id="l10_s6" lk="319" lemma="pitkā" tahendus="pikk" ingl="long" liik="A" vorm="sg.gen.">pitkā</sone><sone id="l10_s7" lk="319" lemma="sukā" tahendus="sukk" ingl="stocking" liik="S" vorm="sg.gen.">sukā</sone><sone id="l10_s8" lk="319" lemma="jarā" tahendus="ära" ingl="off" liik="Adva">jerā</sone><sone id="l10_s9" lk="319" lemma="un" tahendus="ja" ingl="and" liik="Konj">un</sone><sone id="l10_s10" lk="319" lemma="pu’ggõ" tahendus="pugeda" ingl="creep" liik="V" vorm="nud.sg.">pu’ggən</sone><sone id="l10_s11" lk="319" lemma="si’zzõl" tahendus="sisse" ingl="into" liik="Adva">si’zzəl</sone><sone id="l10_s12" lk="319" meta="vahemärk">.</sone></lause><lause id="l11"><sone id="l11_s1" lk="319" lemma="si’z" tahendus="siis" ingl="then" liik="ProAdv">siz</sone><sone id="l11_s2" lk="319" lemma="sǟ’l" tahendus="seal" ingl="there" liik="ProAdv">sǟ’l</sone><sone id="l11_s3" lk="319" lemma="vȱlda" tahendus="olla" ingl="be" liik="Va" vorm="pers.ind.pr.sg.3.">um’</sone><sone id="l11_s4" lk="319" lemma="vȱlda" tahendus="olla" ingl="be" liik="V" vorm="nud.sg.">ve̮nd</sone><sone id="l11_s5" lk="319" lemma="ikš" tahendus="üks" ingl="one" liik="ProS" vorm="sg.nom.">ükš</sone><sone id="l11_s6" lk="319" lemma="pit" tahendus="tünn" ingl="barrel" liik="S" vorm="sg.nom.">pütt</sone><sone id="l11_s7" lk="319" lemma="täuž" tahendus="täis" ingl="full" liik="A" vorm="sg.nom.">tävž</sone><sone id="l11_s8" lk="319" lemma="vȯzā" tahendus="liha" ingl="meat" liik="S" vorm="sg.part.">ve̮’zzə</sone><sone id="l11_s9" lk="319" meta="vahemärk">.</sone></lause><lause id="l12"><sone id="l12_s1" lk="319" lemma="si’z" tahendus="siis" ingl="then" liik="ProAdv">siz</sone><sone id="l12_s2" lk="319" lemma="re’bbi" tahendus="rebane" ingl="fox" liik="S" vorm="sg.nom.">rⁱe’bbi</sone><sone id="l12_s3" lk="319" lemma="kītõ" tahendus="öelda" ingl="say" liik="V" vorm="pers.ind.ipf.sg.3.">kītiz</sone><sone id="l12_s4" lk="319" meta="vahemärk">:</sone><sone id="l12_s5" lk="319" meta="vahemärk">”</sone><sone lk="319" keel="eesti" id="l12_s6" lemma="sīedõ" tahendus="süüa" ingl="eat" liik="V" vorm="pers.imp.pr.sg.2.">süö</sone><sone id="l12_s7" lk="319" lemma="ni" tahendus="nüüd" ingl="now" liik="Adv">ni</sone><sone id="l12_s8" lk="319" meta="vahemärk">,</sone><sone id="l12_s9" lk="319" lemma="ku" tahendus="kui" ingl="how" liik="Intr">ku</sone><sone id="l12_s10" lk="319" lemma="je’nnõ" tahendus="palju" ingl="much" liik="Adv">jen’n</sone><sone id="l12_s11" lk="319" lemma="set" tahendus="ainult" ingl="only" liik="ModAdv">set</sone><sone id="l12_s12" lk="319" lemma="sinā" tahendus="sina" ingl="you" liik="ProS" vorm="sg.nom.">sa</sone><sone id="l12_s13" lk="319" lemma="tǭ’dõ" tahendus="tahta" ingl="want" liik="V" vorm="pers.ind.pr.sg.2.">tå̄’d</sone><sone lk="319" keel="eesti" id="l12_s14" meta="vahemärk">!</sone><sone id="l12_s15" lk="319" meta="vahemärk">”</sone></lause><lause id="l13"><sone id="l13_s1" lk="319" lemma="re’bbi" tahendus="rebane" ingl="fox" liik="S" vorm="sg.nom.">rⁱe’bbi</sone><sone id="l13_s2" lk="319" lemma="ka" tahendus="ka" ingl="also" liik="ModAdv">ka</sone><sone id="l13_s3" lk="319" lemma="vȱlda" tahendus="olla" ingl="be" liik="Va" vorm="pers.ind.pr.sg.3.">um</sone><sone id="l13_s4" lk="319" lemma="sīedõ" tahendus="süüa" ingl="eat" liik="V" vorm="nud.sg.">süönd</sone><sone id="l13_s5" lk="319" meta="vahemärk">,</sone><sone id="l13_s6" lk="319" lemma="agā" tahendus="aga" ingl="but" liik="Konj">agā</sone><sone id="l13_s7" lk="319" lemma="ī’dtõ+kabāl" tahendus="alati" ingl="continually" liik="Adv">ǖ’də+kabālə</sone><sone id="l13_s8" lk="319" lemma="īekõ" tahendus="hüpata" ingl="jump" liik="V" vorm="nud.sg.">üökən</sone><sone id="l13_s9" lk="319" meta="vahemärk">[</sone><sone id="l13_s10" lk="319" lemma="īekõ" tahendus="hüpata" ingl="jump" liik="V" vorm="nud.sg.">üäkən</sone><sone id="l13_s11" lk="319" meta="vahemärk">]</sone><sone id="l13_s12" lk="319" lemma="lä’b" tahendus="aken" ingl="window" liik="S" vorm="sg.ill.">lä’bbə</sone><sone id="l13_s13" lk="319" lemma="si’zzõl" tahendus="sisse" ingl="into" liik="Post">si’zzəl</sone><sone id="l13_s14" lk="319" lemma="un" tahendus="ja" ingl="and" liik="Konj">un</sone><sone id="l13_s15" lk="319" lemma="lä’b" tahendus="aken" ingl="window" liik="S" vorm="sg.el.">lä’bst</sone><sone id="l13_s16" lk="319" lemma="ulzõ" tahendus="välja" ingl="out" liik="Post">ulz</sone><sone id="l13_s17" lk="319" meta="vahemärk">.</sone></lause><lause id="l14"><sone id="l14_s1" lk="319" lemma="su’ž" tahendus="hunt" ingl="wolf" liik="S" vorm="sg.nom.">su’ⁱž</sone><sone id="l14_s2" lk="319" lemma="ki’zzõ" tahendus="küsida" ingl="ask" liik="V" vorm="nud.sg.">kü’zzən</sone><sone id="l14_s3" lk="319" meta="vahemärk">:</sone><sone id="l14_s4" lk="319" meta="vahemärk">”</sone><sone lk="319" keel="eesti" id="l14_s5" lemma="mis" tahendus="mis" ingl="what" liik="Intr" vorm="sg.nom.">mis</sone><sone id="l14_s6" lk="319" lemma="sinā" tahendus="sina" ingl="you" liik="ProS" vorm="sg.nom.">sa</sone><sone id="l14_s7" lk="319" lemma="ne’i" tahendus="nii" ingl="so" liik="ProAdv">nei</sone><sone id="l14_s8" lk="319" lemma="je’nnõ" tahendus="palju" ingl="much" liik="Adv">jen’n</sone><sone id="l14_s9" lk="319" lemma="īekõ" tahendus="hüpata" ingl="jump" liik="V" vorm="pers.ind.pr.sg.2.">üökəd</sone><sone id="l14_s10" lk="319" meta="vahemärk">,</sone><sone id="l14_s11" lk="319" meta="vahemärk">[</sone><sone id="l14_s12" lk="319" lemma="ruoikõ" tahendus="rutata" ingl="hurry" liik="V" vorm="pers.imp.pr.sg.2.">rᵘoik</sone><sone id="l14_s13" lk="319" meta="vahemärk"> &gt;</sone><sone id="l14_s14" lk="319" meta="vahemärk">]</sone><sone id="l14_s15" lk="319" lemma="ruoikõ" tahendus="rutata" ingl="hurry" liik="V" vorm="pers.imp.pr.sg.2.">ruoik</sone><sone id="l14_s16" lk="319" lemma="set" tahendus="ainult" ingl="only" liik="ModAdv">set</sone><sone id="l14_s17" lk="319" lemma="sīedõ" tahendus="süüa" ingl="eat" liik="V" vorm="inf.">süödə</sone><sone lk="319" keel="eesti" id="l14_s18" meta="vahemärk">!</sone><sone id="l14_s19" lk="319" meta="vahemärk">”</sone></lause><lause id="l15"><sone id="l15_s1" lk="319" lemma="re’bbi" tahendus="rebane" ingl="fox" liik="S" vorm="sg.nom.">rⁱe’bbi</sone><sone id="l15_s2" lk="319" lemma="kītõ" tahendus="öelda" ingl="say" liik="V" vorm="nud.sg.">kītən</sone><sone id="l15_s3" lk="319" meta="vahemärk">:</sone><sone id="l15_s4" lk="319" meta="vahemärk">”</sone><sone lk="319" keel="eesti" id="l15_s5" lemma="minā" tahendus="mina" ingl="I" liik="ProS" vorm="sg.nom.">ma</sone><sone id="l15_s6" lk="319" lemma="vaņțlõ" tahendus="vaadata" ingl="look" liik="V" vorm="pers.ind.pr.sg.1.">vańḱĺəb</sone><sone id="l15_s7" lk="319" meta="vahemärk">,</sone><sone id="l15_s8" lk="319" lemma="ku" tahendus="et" ingl="that" liik="Konj">ku</sone><sone id="l15_s9" lk="319" lemma="set" tahendus="ainult" ingl="only" liik="ModAdv">set</sone><sone id="l15_s10" lk="319" lemma="mingi" tahendus="keegi" ingl="someone" liik="ProS" vorm="sg.nom.">miŋgi</sone><sone id="l15_s11" lk="319" lemma="ä’b" tahendus="ei" ingl="not" liik="Mn" vorm="pers.ind.pr.sg.3.">äb</sone><sone id="l15_s12" lk="319" lemma="tūlda" tahendus="tulla" ingl="come" liik="V" vorm="pers.ind.sg.3.neg.">tul’</sone><sone lk="319" keel="eesti" id="l15_s13" meta="vahemärk">”</sone><sone id="l15_s14" lk="319" meta="vahemärk">,</sone><sone id="l15_s15" lk="319" lemma="agā" tahendus="aga" ingl="but" liik="Konj">agā</sone><sone id="l15_s16" lk="319" lemma="set" tahendus="ainult" ingl="only" liik="Adv">set</sone><sone id="l15_s17" lk="319" lemma="kǭ’ļõ" tahendus="katsuda" ingl="feel" liik="V" vorm="pers.ind.ipf.sg.3.">kā’ĺiz</sone><sone id="l15_s18" lk="319" meta="vahemärk">,</sone><sone id="l15_s19" lk="319" lemma="ku" tahendus="et" ingl="that" liik="Konj">ku</sone><sone id="l15_s20" lk="319" lemma="tämā" tahendus="tema" ingl="he" liik="ProS" vorm="sg.nom.">ta</sone><sone id="l15_s21" lk="319" lemma="ä’b" tahendus="ei" ingl="not" liik="Mn" vorm="pers.ind.pr.sg.3.">äb</sone><sone id="l15_s22" lk="319" lemma="īedõ" tahendus="minna" ingl="get" liik="V" vorm="pers.ind.sg.3.neg.">ie</sone><sone id="l15_s23" lk="319" lemma="pa" tahendus="millekski, kellekski" ingl="to" liik="Pre">pa</sone><sone id="l15_s24" lk="319" lemma="ja’mdi" tahendus="jäme" ingl="fat" liik="A" vorm="sg.tr.">jam’dəks</sone><sone id="l15_s25" lk="319" lemma="un" tahendus="ja" ingl="and" liik="Konj">un</sone><sone id="l15_s26" lk="319" lemma="si’z" tahendus="siis" ingl="then" liik="ProAdv">siz</sone><sone id="l15_s27" lk="319" lemma="ä’b" tahendus="ei" ingl="not" liik="Mn" vorm="pers.ind.pr.sg.3.">äb</sone><sone id="l15_s28" lk="319" lemma="sǭdõ" tahendus="saada" ingl="get" liik="V" vorm="pers.ind.sg.3.neg.">sā</sone><sone id="l15_s29" lk="319" lemma="e’mmit" tahendus="enam" ingl="anymore" liik="Adv">jem’bit</sone><sone id="l15_s30" lk="319" lemma="lä’b" tahendus="aken" ingl="window" liik="S" vorm="sg.el.">lä’bst</sone><sone id="l15_s31" lk="319" lemma="ulz" tahendus="välja" ingl="out" liik="Adva">ulz</sone><sone id="l15_s32" lk="319" meta="vahemärk">.</sone></lause><lause id="l16"><sone id="l16_s1" lk="319" lemma="su’ž" tahendus="hunt" ingl="wolf" liik="S" vorm="sg.nom.">su’ⁱž</sone><sone id="l16_s2" lk="319" lemma="kītõ" tahendus="öelda" ingl="say" liik="V" vorm="nud.sg.">kītən</sone><sone id="l16_s3" lk="319" meta="vahemärk">:</sone><sone id="l16_s4" lk="319" meta="vahemärk">”</sone><sone lk="319" keel="eesti" id="l16_s5" lemma="minā" tahendus="mina" ingl="I" liik="ProS" vorm="sg.nom.">ma</sone><sone id="l16_s6" lk="319" lemma="ki’l" tahendus="küll" ingl="surely" liik="ModAdv">küll</sone><sone id="l16_s7" lk="319" lemma="ju" tahendus="ju" ingl="of course" liik="ModAdv">ju</sone><sone id="l16_s8" lk="319" lemma="je’ds" tahendus="enne" ingl="before" liik="Adv">je’ds</sone><sone id="l16_s9" lk="319" lemma="jarā" tahendus="ära" ingl="away" liik="Adva">jerā</sone><sone id="l16_s10" lk="319" lemma="ä’b" tahendus="ei" ingl="not" liik="Mn" vorm="pers.ind.pr.sg.1.">äb</sone><sone id="l16_s11" lk="319" lemma="lǟ’dõ" tahendus="minna" ingl="go" liik="V" vorm="pers.ind.sg.1.neg.">lǟ’</sone><sone id="l16_s12" lk="319" meta="vahemärk">,</sone><sone id="l16_s13" lk="319" lemma="kuņtš" tahendus="kuni" ingl="until" liik="Konj">kuńtš</sone><sone id="l16_s14" lk="319" lemma="pit" tahendus="tünn" ingl="barrel" liik="S" vorm="sg.nom.">pütt</sone><sone id="l16_s15" lk="319" lemma="līdõ" tahendus="olema saada" ingl="will be" liik="V" vorm="pers.ind.pr.sg.3.">līb</sone><sone id="l16_s16" lk="319" lemma="tijā" tahendus="tühi" ingl="empty" liik="A" vorm="sg.nom.">tüjā</sone><sone lk="319" keel="eesti" id="l16_s17" meta="vahemärk">.</sone><sone id="l16_s18" lk="319" meta="vahemärk">”</sone></lause><lause id="l17"><sone id="l17_s1" lk="319" lemma="ku" tahendus="kui" ingl="when" liik="Konj">ku</sone><sone id="l17_s2" lk="319" lemma="re’bbi" tahendus="rebane" ingl="fox" liik="S" vorm="sg.nom.">rⁱe’bbi</sone><sone id="l17_s3" lk="319" lemma="nǟ’dõ" tahendus="näha" ingl="see" liik="V" vorm="nud.sg.">nǟnd</sone><sone id="l17_s4" lk="319" meta="vahemärk">,</sone><sone id="l17_s5" lk="319" lemma="ku" tahendus="et" ingl="that" liik="Konj">ku</sone><sone id="l17_s6" lk="319" lemma="su’ž" tahendus="hunt" ingl="wolf" liik="S" vorm="sg.nom.">su’ⁱž</sone><sone id="l17_s7" lk="319" lemma="ni" tahendus="nüüd" ingl="now" liik="Adv">ni</sone><sone id="l17_s8" lk="319" lemma="vȱlda" tahendus="olla" ingl="be" liik="V" vorm="nud.sg.">ve̮nd</sone><sone id="l17_s9" lk="319" lemma="ne’i+ī’ž" tahendus="niisama" ingl="just as" liik="ProAdv">ne+ī’ž</sone><sone id="l17_s10" lk="319" lemma="ja’mdõ" tahendus="jäme" ingl="fat" liik="A" vorm="sg.nom.">jam’də</sone><sone id="l17_s11" lk="319" lemma="pigā" tahendus="peaaegu" ingl="almost" liik="Adv">pigā</sone><sone id="l17_s12" lk="319" meta="vahemärk">[</sone><sone id="l17_s13" lk="319" lemma="ne+ka" tahendus="nagu" ingl="as" liik="Konj">ne+ki</sone><sone id="l17_s14" lk="319" meta="vahemärk"> &gt;</sone><sone id="l17_s15" lk="319" meta="vahemärk">]</sone><sone id="l17_s16" lk="319" lemma="nemē" tahendus="nagu" ingl="like" liik="Konj">neme</sone><sone id="l17_s17" lk="319" lemma="se" tahendus="see" ingl="this" liik="ProS" vorm="sg.nom.">se</sone><sone id="l17_s18" lk="319" lemma="pit" tahendus="tünn" ingl="barrel" liik="S" vorm="sg.nom.">pütt</sone><sone id="l17_s19" lk="319" lemma="vȱlda" tahendus="olla" ingl="be" liik="V" vorm="pers.ind.ipf.sg.3.">ve̮ĺ’</sone><sone id="l17_s20" lk="319" meta="vahemärk">,</sone><sone id="l17_s21" lk="319" lemma="si’z" tahendus="siis" ingl="then" liik="ProAdv">siz</sone><sone id="l17_s22" lk="319" lemma="re’bbi" tahendus="rebane" ingl="fox" liik="S" vorm="sg.nom.">rⁱe’bbi</sone><sone id="l17_s23" lk="319" lemma="kargõ" tahendus="karata" ingl="jump" liik="V" vorm="nud.sg.">kargən</sone><sone id="l17_s24" lk="319" lemma="lä’b" tahendus="aken" ingl="window" liik="S" vorm="sg.el.">lä’bst</sone><sone id="l17_s25" lk="319" lemma="ulzõ" tahendus="välja" ingl="out" liik="Adva">ulz</sone><sone id="l17_s26" lk="319" lemma="un" tahendus="ja" ingl="and" liik="Konj">un</sone><sone id="l17_s27" lk="319" lemma="kītõ" tahendus="öelda" ingl="say" liik="V" vorm="nud.sg.">kītən</sone><sone id="l17_s28" lk="319" meta="vahemärk">:</sone><sone id="l17_s29" lk="319" meta="vahemärk">”</sone><sone lk="319" keel="eesti" id="l17_s30" lemma="ni" tahendus="nüüd" ingl="now" liik="Adv">ni</sone><sone id="l17_s31" lk="319" lemma="pi’ņ" tahendus="koer" ingl="dog" liik="S" vorm="pl.nom.">pińīd</sone><sone id="l17_s32" lk="319" lemma="tūlda" tahendus="tulla" ingl="come" liik="V" vorm="pers.ind.pr.pl.3.">tulbəd</sone><sone lk="319" keel="eesti" id="l17_s33" meta="vahemärk">.</sone><sone id="l17_s34" lk="319" meta="vahemärk">”</sone></lause><lause id="l18"><sone id="l18_s1" lk="319" lemma="si’z" tahendus="siis" ingl="then" liik="ProAdv">siz</sone><sone id="l18_s2" lk="319" lemma="su’ž" tahendus="hunt" ingl="wolf" liik="S" vorm="sg.nom.">su’ⁱž</sone><sone id="l18_s3" lk="319" lemma="kargõ" tahendus="karata" ingl="jump" liik="V" vorm="nud.sg.">kargən</sone><sone id="l18_s4" lk="319" lemma="lä’b" tahendus="aken" ingl="window" liik="S" vorm="sg.gen.">lä’b</sone><sone id="l18_s5" lk="319" lemma="jūr" tahendus="juurde" ingl="to" liik="Post">jūr</sone><sone id="l18_s6" lk="319" meta="vahemärk">,</sone><sone id="l18_s7" lk="319" lemma="pistõ" tahendus="pista" ingl="shove" liik="V" vorm="nud.sg.">pistən</sone><sone id="l18_s8" lk="319" lemma="pǟ" tahendus="pea" ingl="head" liik="S" vorm="sg.gen.">pǟ</sone><sone id="l18_s9" lk="319" lemma="ulzõ" tahendus="välja" ingl="out" liik="Adva">ulz</sone><sone id="l18_s10" lk="319" meta="vahemärk">,</sone><sone id="l18_s11" lk="319" lemma="agā" tahendus="aga" ingl="but" liik="Konj">agā</sone><sone id="l18_s12" lk="319" lemma="mū" tahendus="muu" ingl="other" liik="ProS" vorm="sg.gen.">mūd</sone><sone id="l18_s13" lk="319" lemma="ä’b" tahendus="ei" ingl="not" liik="Mn" vorm="pers.ind.pr.sg.3.">äb</sone><sone id="l18_s14" lk="319" lemma="sǭdõ" tahendus="saada" ingl="get" liik="V" vorm="nud.sg.">sānd</sone><sone id="l18_s15" lk="319" lemma="ä’b" tahendus="ei" ingl="not" liik="Mn">äb</sone><sone id="l18_s16" lk="319" lemma="ikš" tahendus="üks" ingl="one" liik="Nump" vorm="sg.gen.">ǖ’d</sone><sone id="l18_s17" lk="319" lemma="ulzõ" tahendus="välja" ingl="out" liik="Adva">ulz</sone><sone id="l18_s18" lk="319" meta="vahemärk">.</sone></lause><lause id="l19"><sone id="l19_s1" lk="319" lemma="si’z" tahendus="siis" ingl="then" liik="ProAdv">siz</sone><sone id="l19_s2" lk="319" lemma="re’bbi" tahendus="rebane" ingl="fox" liik="S" vorm="sg.nom.">rⁱe’bbi</sone><sone id="l19_s3" lk="319" lemma="lǟʼdõ" tahendus="minna" ingl="go" liik="V" vorm="nud.sg.">lǟ’nd</sone><sone id="l19_s4" lk="319" lemma="kilā" tahendus="küla" ingl="village" liik="S" vorm="sg.ill.">kül’lə</sone><sone id="l19_s5" lk="319" lemma="kītõ" tahendus="öelda" ingl="tell" liik="V" vorm="sup.">kītəm</sone><sone id="l19_s6" lk="319" meta="vahemärk">,</sone><sone id="l19_s7" lk="319" lemma="ku" tahendus="et" ingl="that" liik="Konj">ku</sone><sone id="l19_s8" lk="319" lemma="su’ž" tahendus="hunt" ingl="wolf" liik="S" vorm="sg.nom.">su’ⁱž</sone><sone id="l19_s9" lk="319" lemma="vȱlda" tahendus="olla" ingl="be" liik="Va" vorm="pers.kvt.pr.sg.3.">ve̮ĺĺi</sone><sone id="l19_s10" lk="319" lemma="pa’grõb" tahendus="kelder" ingl="cellar" liik="S" vorm="sg.in.">pa’grəbəs</sone><sone id="l19_s11" lk="319" lemma="vȯzā+bǭļa" tahendus="lihaküna" ingl="meat trough" liik="S" vorm="sg.gen.">ve̮zā+bå̄ĺa</sone><sone id="l19_s12" lk="319" lemma="tijā" tahendus="tühi" ingl="empty" liik="A" vorm="sg.tr.">tüjāks</sone><sone id="l19_s13" lk="319" lemma="sīedõ" tahendus="süüa" ingl="eat" liik="V" vorm="nud.sg.">süönd</sone><sone id="l19_s14" lk="319" meta="vahemärk">.</sone></lause><lause id="l20"><sone id="l20_s1" lk="319" lemma="si’z" tahendus="siis" ingl="then" liik="ProAdv">siz</sone><sone id="l20_s2" lk="320" lemma="tūlda" tahendus="tulla" ingl="come" liik="V" vorm="nud.pl.">tunnəd</sone><sone id="l20_s3" lk="320" lemma="pi’ņ" tahendus="koer" ingl="dog" liik="S" vorm="pl.nom.">pińīd</sone><sone id="l20_s4" lk="320" lemma="un" tahendus="ja" ingl="and" liik="Konj">un</sone><sone id="l20_s5" lk="320" lemma="irgõ" tahendus="hakata" ingl="begin" liik="V" vorm="nud.pl.">ürgənəd</sone><sone id="l20_s6" lk="320" lemma="su’ž" tahendus="hunt" ingl="wolf" liik="S" vorm="sg.part.">sutā</sone><sone id="l20_s7" lk="320" lemma="ä’gstõ" tahendus="äestada" ingl="harrow" liik="V" vorm="inf.">ä’gštə</sone><sone id="l20_s8" lk="320" meta="vahemärk">.</sone></lause><lause id="l21"><sone id="l21_s1" lk="320" lemma="si’z" tahendus="siis" ingl="then" liik="ProAdv">siz</sone><sone id="l21_s2" lk="320" lemma="su’ž" tahendus="hunt" ingl="wolf" liik="S" vorm="sg.dat.">su’ddən</sone><sone id="l21_s3" lk="320" lemma="vȱlda" tahendus="olla" ingl="be" liik="Va" vorm="pers.ind.pr.sg.3.">um’</sone><sone id="l21_s4" lk="320" lemma="irgõ" tahendus="hakata" ingl="begin" liik="V" vorm="nud.sg.">ürgən</sone><sone id="l21_s5" lk="320" lemma="sitā" tahendus="sitt" ingl="shit" liik="S" vorm="sg.nom.">sitā</sone><sone id="l21_s6" lk="320" lemma="kīerõ" tahendus="keerata" ingl="spin" liik="V" vorm="inf.">kierə</sone><sone id="l21_s7" lk="320" meta="vahemärk">,</sone><sone id="l21_s8" lk="320" lemma="seļļi" tahendus="selline" ingl="such" liik="ProA" vorm="sg.nom.">selli</sone><sone id="l21_s9" lk="320" lemma="nemē" tahendus="nagu" ingl="like" liik="Konj">neme</sone><sone id="l21_s10" lk="320" lemma="vanā" tahendus="vana" ingl="old" liik="A" vorm="sg.nom.">va</sone><sone id="l21_s11" lk="320" lemma="preilen" tahendus="preili" ingl="miss" liik="S" vorm="sg.gen.">preil</sone><sone id="l21_s12" lk="320" lemma="kǭ’skõ+kädūks" tahendus="kasukakäis" ingl="coat sleeve" liik="S" vorm="sg.nom.">kā’skə+kädūks</sone><sone id="l21_s13" lk="320" lemma="tagānd" tahendus="tagant" ingl="from behind" liik="Adv">tagānd</sone><sone id="l21_s14" lk="320" lemma="ulzõ" tahendus="välja" ingl="out" liik="Adva">ulz</sone><sone id="l21_s15" lk="320" meta="vahemärk">,</sone><sone id="l21_s16" lk="320" lemma="un" tahendus="ja" ingl="and" liik="Konj">un</sone><sone id="l21_s17" lk="320" lemma="si’z" tahendus="siis" ingl="then" liik="ProAdv">siz</sone><sone id="l21_s18" lk="320" lemma="ra’bbõ" tahendus="lüüa" ingl="strike" liik="V" vorm="nud.pl.">rabbənəd</sone><sone id="l21_s19" lk="320" lemma="perīzõks" tahendus="lõpuks" ingl="finally" liik="Adv">peŕīzəks</sone><sone id="l21_s20" lk="320" lemma="su’ž" tahendus="hunt" ingl="wolf" liik="S" vorm="sg.gen.">su’d</sone><sone id="l21_s21" lk="320" lemma="mǭ’" tahendus="maha" ingl="down" liik="Adva">mā’</sone><sone id="l21_s22" lk="320" meta="vahemärk">.</sone></lause></sisu>
</liivike>
