<?xml version="1.0" encoding="UTF-8"?>
<?xml-stylesheet type="text/xsl" href="liivike_tekst.xsl"?>
<liivike>
	<info><tyyp>kirjalik</tyyp><teema>Satuja 7</teema><keel>liivi</keel><murre>idaliivi</murre><kirjaviis>foneetiline transkriptsioon</kirjaviis><kyla longituud="22.588" latituud="57.744">Kuolka</kyla><teos pealkiri="Näytteitä liivin kielestä" aasta="1953" koht="Helsinki">E. N. Setälä</teos><keelejuht id="KF" haridus="" synniaasta="" synnikoht="" vanus="" sugu="N">Katrin Feiman</keelejuht></info><sisu id="Set_Sat_7">
		<lause id="l1">
			<sone id="l1_s1" lk="77" lemma="ikš" tahendus="üks" ingl="one" liik="ProS" vorm="sg.nom.">ikš</sone>
			<sone id="l1_s2" lk="77" lemma="kõrd" tahendus="kord" ingl="time" liik="S" vorm="sg.nom.">ki̮rd</sone><sone id="l1_s3" lk="77" lemma="vȱlda" tahendus="olla" ingl="be" liik="Va" vorm="pers.ind.pr.sg.3.">um’</sone><sone id="l1_s4" lk="77" lemma="vȱlda" tahendus="olla" ingl="be" liik="V" vorm="nud.pl.">ve̮nd</sone><sone id="l1_s5" lk="77" lemma="ikš" tahendus="üks" ingl="one" liik="ProS" vorm="sg.gen.">ī’d</sone><sone id="l1_s6" lk="77" lemma="perī+nai" tahendus="perenaine" ingl="housewife" liik="S" vorm="sg.dat.">perī+naizən</sone><sone id="l1_s7" lk="77" lemma="ikš" tahendus="üks" ingl="one" liik="ProS" vorm="sg.nom.">ikš</sone><sone id="l1_s8" lk="77" lemma="tidār" tahendus="tütar" ingl="daughter" liik="S" vorm="sg.nom.">tidār</sone><sone id="l1_s9" lk="77" lemma="un" tahendus="ja" ingl="and" liik="Konj">un</sone><sone id="l1_s10" lk="77" lemma="ikš" tahendus="üks" ingl="one" liik="ProS" vorm="sg.nom.">ikš</sone><sone id="l1_s11" lk="77">sǟr+dieniń</sone><sone id="l1_s12" lk="77" meta="vahemärk">[</sone><sone id="l1_s13" lk="77" meta="vahemärk">~</sone><sone id="l1_s14" lk="77" meta="kommentaar">bå̄rińläpš</sone><sone lk="77" keel="eesti" id="l1_s15" meta="vahemärk">]</sone><sone id="l1_s16" lk="77" meta="vahemärk">.</sone></lause>
		<lause id="l2"><sone id="l2_s1" lk="77" lemma="un" tahendus="ja" ingl="and" liik="Konj">un</sone><sone id="l2_s2" lk="77" lemma="tämā" tahendus="tema" ingl="he, she" liik="ProS" vorm="sg.nom.">ta</sone><sone lk="77" keel="eesti" id="l2_s3" meta="vahemärk">=</sone><sone lk="77" keel="eesti" id="l2_s4" lemma="vȱlda" tahendus="olla" ingl="be" liik="Va" vorm="pers.ind.pr.sg.3.">m’</sone><sone id="l2_s5" lk="77" lemma="pānda" tahendus="panna" ingl="put" liik="V" vorm="nud.sg.">pand</sone><sone id="l2_s6" lk="77" lemma="se" tahendus="see" ingl="this" liik="ProS" vorm="sg.gen.">sie</sone><sone id="l2_s7" lk="77">sǟr+dienińən</sone><sone id="l2_s8" lk="77" lemma="vērbikšõ" tahendus="kedrata" ingl="spin" liik="V" vorm="sup.">vērbikšəm</sone><sone id="l2_s9" lk="77" lemma="svarā" tahendus="kaal" ingl="weight" liik="S" vorm="sg.part.">svar’rə</sone><sone id="l2_s10" lk="77" meta="vahemärk">[</sone><sone id="l2_s11" lk="77" lemma="ikš" tahendus="üks" ingl="one" liik="ProS" vorm="sg.gen.">ī’d</sone><sone id="l2_s12" lk="77" lemma="pūnda" tahendus="leisikas" liik="S" vorm="sg.gen.">pūnda</sone><sone id="l2_s13" lk="77" meta="vahemärk">[</sone><sone id="l2_s14" lk="77" lemma="pakkõld" tahendus="takud" liik="S" vorm="pl.part.">paklidi</sone><sone id="l2_s15" lk="77" meta="vahemärk"> &gt;</sone><sone id="l2_s16" lk="77" meta="vahemärk">]</sone><sone id="l2_s17" lk="77" lemma="pakkõld" tahendus="takud" liik="S" vorm="pl.part.">pakkiĺi</sone><sone lk="77" keel="eesti" id="l2_s18" meta="vahemärk">]</sone><sone id="l2_s19" lk="77" meta="vahemärk">.</sone></lause><lause id="l3"><sone id="l3_s1" lk="77" lemma="se" tahendus="see" ingl="this" liik="ProS" vorm="sg.nom.">se</sone><sone id="l3_s2" lk="77" lemma="neitst" tahendus="neiu" ingl="maiden" liik="S" vorm="sg.nom.">neitst</sone><sone id="l3_s3" lk="77" lemma="vȱlda" tahendus="olla" ingl="be" liik="Va" vorm="pers.ind.pr.sg.3.">um’</sone><sone id="l3_s4" lk="77" lemma="ne’i" tahendus="nii" ingl="so" liik="ProAdv">nei’</sone><sone id="l3_s5" lk="77" lemma="vērbikšõ" tahendus="kedrata" ingl="spin" liik="V" vorm="nud.sg.">vērbikšən</sone><sone id="l3_s6" lk="77" lemma="ku" tahendus="et" ingl="that" liik="Konj">ku</sone><sone id="l3_s7" lk="77" lemma="tämā" tahendus="tema" ingl="he, she" liik="ProS" vorm="sg.dat.">täm’mən</sone><sone id="l3_s8" lk="77" lemma="vȱlda" tahendus="olla" ingl="be" liik="Va" vorm="pers.ind.pr.sg.3.">um’</sone><sone id="l3_s9" lk="77" lemma="vȱlda" tahendus="olla" ingl="be" liik="V" vorm="nud.pl.">ve̮nd</sone><sone id="l3_s10" lk="77" lemma="suoŗm" tahendus="sõrm" ingl="finger" liik="S" vorm="pl.nom.">sᵘorməd</sone><sone id="l3_s11" lk="77" lemma="ve’rri" tahendus="verine" ingl="bloody" liik="A" vorm="pl.nom.">ver’rist</sone><sone id="l3_s12" lk="77" lemma="un" tahendus="ja" ingl="and" liik="Konj">un</sone><sone id="l3_s13" lk="77" lemma="si’z" tahendus="siis" ingl="then" liik="ProAdv">siz</sone><sone id="l3_s14" lk="77" lemma="tämā" tahendus="tema" ingl="he, she" liik="ProS" vorm="sg.nom.">ta</sone><sone lk="77" keel="eesti" id="l3_s15" meta="vahemärk">=</sone><sone lk="77" keel="eesti" id="l3_s16" lemma="vȱlda" tahendus="olla" ingl="be" liik="Va" vorm="pers.ind.pr.sg.3.">m’</sone><sone id="l3_s17" lk="77" lemma="lǟ’dõ" tahendus="minna" ingl="go" liik="V" vorm="nud.sg.">lǟ’nd</sone><sone id="l3_s18" lk="77" lemma="kouv" tahendus="kaev" ingl="well" liik="S" vorm="sg.ill.">kouvə</sone><sone id="l3_s19" lk="77" lemma="pie’zzõ" tahendus="pesta" ingl="wash" liik="V" vorm="sup.">pⁱe’zzəm</sone><sone id="l3_s20" lk="77" lemma="un" tahendus="ja" ingl="and" liik="Konj">un</sone><sone id="l3_s21" lk="77" lemma="se" tahendus="see" ingl="this" liik="ProS" vorm="sg.nom.">se</sone><sone id="l3_s22" lk="77" lemma="spūoļ" tahendus="pool" ingl="spool" liik="S" vorm="sg.nom.">spuoĺ</sone><sone id="l3_s23" lk="77" lemma="vȱlda" tahendus="olla" ingl="be" liik="Va" vorm="pers.ind.pr.sg.3.">um’</sone><sone id="l3_s24" lk="77" lemma="sa’ddõ" tahendus="kukkuda" ingl="fall" liik="V" vorm="nud.sg.">sa’ddən</sone><sone id="l3_s25" lk="77" lemma="kouv" tahendus="kaev" ingl="well" liik="S" vorm="sg.ill.">kouvə</sone><sone id="l3_s26" lk="77" meta="vahemärk">.</sone></lause><lause id="l4"><sone id="l4_s1" lk="77" lemma="un" tahendus="ja" ingl="and" liik="Konj">un</sone><sone id="l4_s2" lk="77" lemma="ni" tahendus="nüüd" ingl="now" liik="Adv">ni</sone><sone id="l4_s3" lk="77" lemma="tämā" tahendus="tema" ingl="he, she" liik="ProS" vorm="sg.nom.">ta</sone><sone lk="77" keel="eesti" id="l4_s4" meta="vahemärk">=</sone><sone lk="77" keel="eesti" id="l4_s5" lemma="vȱlda" tahendus="olla" ingl="be" liik="Va" vorm="pers.ind.pr.sg.3.">m’</sone><sone id="l4_s6" lk="77" lemma="ī’ž" tahendus="ise" ingl="self" liik="ProS" vorm="sg.nom.">ī’ž</sone><sone id="l4_s7" lk="77" lemma="ka" tahendus="ka" ingl="also" liik="ModAdv">ka</sone><sone id="l4_s8" lk="77" lemma="īekõ" tahendus="hüpata" ingl="jump" liik="V" vorm="nud.sg.">iekən</sone><sone id="l4_s9" lk="77" lemma="tagān" tahendus="järele" ingl="after" liik="Adv">tagān</sone><sone id="l4_s10" lk="77" lemma="kouv" tahendus="kaev" ingl="well" liik="S" vorm="sg.ill.">kouvə</sone><sone id="l4_s11" lk="77" meta="vahemärk">.</sone></lause><lause id="l5"><sone id="l5_s1" lk="77" lemma="un" tahendus="ja" ingl="and" liik="Konj">un</sone><sone id="l5_s2" lk="77" lemma="ni" tahendus="nüüd" ingl="now" liik="Adv">ni</sone><sone id="l5_s3" lk="77" lemma="vȱlda" tahendus="olla" ingl="be" liik="V" vorm="nud.sg.">ve̮nd</sone><sone id="l5_s4" lk="77" lemma="ikš" tahendus="üks" ingl="one" liik="ProS" vorm="sg.nom.">ikš</sone><sone id="l5_s5" lk="77" lemma="knaš" tahendus="ilus" ingl="beautiful" liik="A" vorm="sg.nom.">knaš</sone><sone id="l5_s6" lk="77" lemma="āina+mǭ" tahendus="heinamaa" ingl="grassland" liik="S" vorm="sg.nom.">āina+må̄</sone><sone id="l5_s7" lk="77" lemma="un" tahendus="ja" ingl="and" liik="Konj">un</sone><sone id="l5_s8" lk="77" lemma="si’z" tahendus="siis" ingl="then" liik="ProAdv">siz</sone><sone id="l5_s9" lk="77" lemma="sǟ’l" tahendus="seal" ingl="there" liik="ProAdv">sǟ’l</sone><sone id="l5_s10" lk="77" lemma="vȱlda" tahendus="olla" ingl="be" liik="Va" vorm="pers.ind.pr.sg.3.">um’</sone><sone id="l5_s11" lk="77" lemma="ikš" tahendus="üks" ingl="one" liik="ProS" vorm="sg.nom.">ikš</sone><sone id="l5_s12" lk="77" lemma="nī’em" tahendus="lehm" ingl="cow" liik="S" vorm="sg.nom.">ni’em</sone><sone id="l5_s13" lk="77" lemma="sīedõ" tahendus="süüa" ingl="eat" liik="V" vorm="nud.sg.">siend</sone><sone id="l5_s14" lk="77" lemma="un" tahendus="ja" ingl="and" liik="Konj">un</sone><sone id="l5_s15" lk="77" lemma="se" tahendus="see" ingl="this" liik="ProS" vorm="sg.nom.">se</sone><sone id="l5_s16" lk="77" lemma="nī’em" tahendus="lehm" ingl="cow" liik="S" vorm="sg.nom.">ni’em</sone><sone id="l5_s17" lk="77" lemma="vȱlda" tahendus="olla" ingl="be" liik="Va" vorm="pers.ind.pr.sg.3.">um’</sone><sone id="l5_s18" lk="77" lemma="kītõ" tahendus="öelda" ingl="say" liik="V" vorm="nud.sg.">kītən</sone><sone id="l5_s19" lk="77" meta="vahemärk">,</sone><sone id="l5_s20" lk="77" lemma="la’z" tahendus="las" ingl="let" liik="ModAdv">laz</sone><sone id="l5_s21" lk="77" lemma="lipšõ" tahendus="lüpsta" ingl="milk" liik="V" vorm="pers.jus.pr.sg.3.">lipšāg</sone><sone id="l5_s22" lk="77" lemma="tämā" tahendus="tema" ingl="he, she" liik="ProS" vorm="sg.gen.">täm’</sone><sone id="l5_s23" lk="77" lemma="jarā" tahendus="ära" ingl="away" liik="Adva">je̮rā</sone><sone id="l5_s24" lk="77" meta="vahemärk">.</sone></lause><lause id="l6"><sone id="l6_s1" lk="77" lemma="un" tahendus="ja" ingl="and" liik="Konj">un</sone><sone id="l6_s2" lk="77" lemma="si’z" tahendus="siis" ingl="then" liik="ProAdv">siz</sone><sone id="l6_s3" lk="77" lemma="vȱlda" tahendus="olla" ingl="be" liik="Va" vorm="pers.ind.pr.sg.3.">um’</sone><sone id="l6_s4" lk="77" lemma="vȱlda" tahendus="olla" ingl="be" liik="V" vorm="nud.sg.">ve̮nd</sone><sone id="l6_s5" lk="77" lemma="ikš" tahendus="üks" ingl="one" liik="ProS" vorm="sg.nom.">ikš</sone><sone id="l6_s6" lk="77" meta="vahemärk">[</sone><sone id="l6_s7" lk="77" lemma="umārz+tarā" tahendus="õunapuuaed" ingl="apple orchard" liik="S" vorm="sg.nom.">umārs+tarā</sone><sone id="l6_s8" lk="77" meta="vahemärk"> &gt;</sone><sone id="l6_s9" lk="77" meta="vahemärk">]</sone><sone id="l6_s10" lk="77" lemma="umārz+tarā" tahendus="õunapuuaed" ingl="apple orchard" liik="S" vorm="sg.nom.">umārz+tarā</sone><sone id="l6_s11" lk="77" meta="vahemärk">.</sone></lause><lause id="l7"><sone id="l7_s1" lk="77" lemma="se" tahendus="see" ingl="this" liik="ProS" vorm="sg.nom.">se</sone><sone id="l7_s2" lk="77" meta="vahemärk">[</sone><sone id="l7_s3" lk="77" lemma="umārz+pū" tahendus="õunapuu" ingl="apple tree" liik="S" vorm="sg.nom.">umārs+pū</sone><sone id="l7_s4" lk="77" meta="vahemärk"> &gt;</sone><sone id="l7_s5" lk="77" meta="vahemärk">]</sone><sone id="l7_s6" lk="77" lemma="umārz+pū" tahendus="õunapuu" ingl="apple tree" liik="S" vorm="sg.nom.">umārz+pū</sone><sone id="l7_s7" lk="77" lemma="vȱlda" tahendus="olla" ingl="be" liik="Va" vorm="pers.ind.pr.sg.3.">um’</sone><sone id="l7_s8" lk="77" lemma="kītõ" tahendus="öelda" ingl="say" liik="V" vorm="nud.sg.">kītən</sone><sone id="l7_s9" lk="77" meta="vahemärk">,</sone><sone id="l7_s10" lk="77" lemma="la’z" tahendus="las" ingl="let" liik="ModAdv">las</sone><sone id="l7_s11" lk="77" lemma="kuoŗŗõ" tahendus="korjata" ingl="pick" liik="V" vorm="pers.jus.pr.sg.3.">kᵘoŕŕəg</sone><sone id="l7_s12" lk="77" lemma="ne" tahendus="need" ingl="these" liik="ProS" vorm="pl.nom.">ne</sone><sone id="l7_s13" lk="77" lemma="umārz" tahendus="õun" ingl="apple" liik="S" vorm="pl.nom.">umārd</sone><sone id="l7_s14" lk="77" lemma="jarā" tahendus="ära" ingl="away" liik="Adva">je̮rā</sone><sone id="l7_s15" lk="77" meta="vahemärk">.</sone></lause><lause id="l8"><sone id="l8_s1" lk="77" lemma="tämā" tahendus="tema" ingl="he, she" liik="ProS" vorm="sg.nom.">ta</sone><sone id="l8_s2" lk="77" lemma="ni" tahendus="nüüd" ingl="now" liik="Adv">ni</sone><sone id="l8_s3" lk="77" lemma="vȱlda" tahendus="olla" ingl="be" liik="Va" vorm="pers.ind.pr.sg.3.">um’</sone><sone id="l8_s4" lk="77" lemma="kuoŗŗõ" tahendus="korjata" ingl="pick" liik="V" vorm="nud.sg.">kᵘoŕŕən</sone><sone id="l8_s5" lk="77" meta="vahemärk">.</sone></lause><lause id="l9"><sone id="l9_s1" lk="77" lemma="un" tahendus="ja" ingl="and" liik="Konj">un</sone><sone id="l9_s2" lk="77" lemma="si’z" tahendus="siis" ingl="then" liik="ProAdv">siz</sone><sone id="l9_s3" lk="77" lemma="vȱlda" tahendus="olla" ingl="be" liik="Va" vorm="pers.ind.pr.sg.3.">um’</sone><sone id="l9_s4" lk="77" lemma="vȱlda" tahendus="olla" ingl="be" liik="V" vorm="nud.sg.">ve̮nd</sone><sone id="l9_s5" lk="77" lemma="sigā" tahendus="siga" ingl="pig" liik="S" vorm="sg.nom.">sigā</sone><sone id="l9_s6" lk="77" lemma="un" tahendus="ja" ingl="and" liik="Konj">un</sone><sone id="l9_s7" lk="77" lemma="se" tahendus="see" ingl="this" liik="ProS" vorm="sg.nom.">se</sone><sone id="l9_s8" lk="77" lemma="sigā" tahendus="siga" ingl="pig" liik="S" vorm="sg.nom.">sigā</sone><sone id="l9_s9" lk="77" lemma="vȱlda" tahendus="olla" ingl="be" liik="Va" vorm="pers.ind.pr.sg.3.">um’</sone><sone id="l9_s10" lk="77" lemma="kītõ" tahendus="öelda" ingl="say" liik="V" vorm="nud.sg.">kītən</sone><sone id="l9_s11" lk="77" meta="vahemärk">,</sone><sone id="l9_s12" lk="77" lemma="la’z" tahendus="las" ingl="let" liik="ModAdv">laz</sone><sone id="l9_s13" lk="77" lemma="andõ" tahendus="anda" ingl="give" liik="V" vorm="pers.jus.pr.sg.3.">āndag</sone><sone id="l9_s14" lk="77" lemma="tämā" tahendus="tema" ingl="he, she" liik="ProS" vorm="sg.dat.">täm’mən</sone><sone id="l9_s15" lk="77" lemma="sīedõ" tahendus="süüa" ingl="eat" liik="V" vorm="inf.">siedə</sone><sone id="l9_s16" lk="77" lemma="un" tahendus="ja" ingl="and" liik="Konj">un</sone><sone id="l9_s17" lk="77" lemma="tämā" tahendus="tema" ingl="he, she" liik="ProS" vorm="sg.nom.">tämā</sone><sone id="l9_s18" lk="77" lemma="vȱlda" tahendus="olla" ingl="be" liik="Va" vorm="pers.ind.pr.sg.3.">um’</sone><sone id="l9_s19" lk="77" lemma="andõ" tahendus="anda" ingl="give" liik="V" vorm="nud.sg.">andən</sone><sone id="l9_s20" lk="77" meta="vahemärk">.</sone></lause><lause id="l10"><sone id="l10_s1" lk="77" lemma="si’z" tahendus="siis" ingl="then" liik="ProAdv">siz</sone><sone id="l10_s2" lk="77" lemma="vȱlda" tahendus="olla" ingl="be" liik="Va" vorm="pers.ind.pr.sg.3.">um’</sone><sone id="l10_s3" lk="77" lemma="vȱlda" tahendus="olla" ingl="be" liik="V" vorm="nud.sg.">ve̮nd</sone><sone id="l10_s4" lk="77" lemma="ikš" tahendus="üks" ingl="one" liik="ProS" vorm="sg.nom.">ikš</sone><sone id="l10_s5" lk="78" lemma="ǭ’j" tahendus="ahi" ingl="oven" liik="S" vorm="sg.nom.">å̄’i</sone><sone id="l10_s6" lk="78" lemma="un" tahendus="ja" ingl="and" liik="Konj">un</sone><sone id="l10_s7" lk="78" lemma="se" tahendus="see" ingl="this" liik="ProS" vorm="sg.nom.">se</sone><sone id="l10_s8" lk="78" lemma="ǭ’j" tahendus="ahi" ingl="oven" liik="S" vorm="sg.nom.">å̄’i</sone><sone id="l10_s9" lk="78" lemma="vȱlda" tahendus="olla" ingl="be" liik="Va" vorm="pers.ind.pr.sg.3.">um’</sone><sone id="l10_s10" lk="78" lemma="kītõ" tahendus="öelda" ingl="say" liik="V" vorm="nud.sg.">kītən</sone><sone id="l10_s11" lk="78" meta="vahemärk">,</sone><sone id="l10_s12" lk="78" lemma="la’z" tahendus="las" ingl="let" liik="ModAdv">laz</sone><sone id="l10_s13" lk="78" lemma="eitõ" tahendus="heita" ingl="throw" liik="V" vorm="pers.jus.pr.sg.3.">ētag</sone><sone id="l10_s14" lk="78" lemma="lēba" tahendus="leib" ingl="bread" liik="S" vorm="sg.gen.">lēba</sone><sone id="l10_s15" lk="78" lemma="ǭ’j" tahendus="ahi" ingl="oven" liik="S" vorm="sg.ill.">å̄’jə</sone><sone id="l10_s16" lk="78" lemma="un" tahendus="ja" ingl="and" liik="Konj">un</sone><sone id="l10_s17" lk="78" lemma="tämā" tahendus="tema" ingl="he, she" liik="ProS" vorm="sg.nom.">tämā</sone><sone id="l10_s18" lk="78" lemma="vȱlda" tahendus="olla" ingl="be" liik="Va" vorm="pers.ind.pr.sg.3.">um’</sone><sone id="l10_s19" lk="78" lemma="eitõ" tahendus="heita" ingl="throw" liik="V" vorm="nud.sg.">eitən</sone><sone id="l10_s20" lk="78" meta="vahemärk">.</sone></lause><lause id="l11"><sone id="l11_s1" lk="78" lemma="un" tahendus="ja" ingl="and" liik="Konj">un</sone><sone id="l11_s2" lk="78" lemma="si’z" tahendus="siis" ingl="then" liik="ProAdv">siz</sone><sone id="l11_s3" lk="78" lemma="vȱlda" tahendus="olla" ingl="be" liik="Va" vorm="pers.ind.pr.sg.3.">um’</sone><sone id="l11_s4" lk="78" lemma="vȱlda" tahendus="olla" ingl="be" liik="V" vorm="nud.sg.">ve̮nd</sone><sone id="l11_s5" lk="78" lemma="ikš" tahendus="üks" ingl="one" liik="ProS" vorm="pl.nom.">ī’d</sone><sone id="l11_s6" lk="78" lemma="mȯizõ" tahendus="mõis" ingl="manor" liik="S" vorm="pl.nom.">me̮izəd</sone><sone id="l11_s7" lk="78" lemma="un" tahendus="ja" ingl="and" liik="Konj">un</sone><sone id="l11_s8" lk="78" lemma="sǟ’l" tahendus="seal" ingl="there" liik="ProAdv">sǟ’l</sone><sone id="l11_s9" lk="78" lemma="vȱlda" tahendus="olla" ingl="be" liik="Va" vorm="pers.ind.pr.sg.3.">um’</sone><sone id="l11_s10" lk="78" lemma="vȱlda" tahendus="olla" ingl="be" liik="V" vorm="nud.sg.">ve̮nd</sone><sone id="l11_s11" lk="78" lemma="ikš" tahendus="üks" ingl="one" liik="ProS" vorm="sg.nom.">ikš</sone><sone id="l11_s12" lk="78" lemma="vanā" tahendus="vana" ingl="old" liik="A" vorm="sg.nom.">vanā</sone><sone id="l11_s13" lk="78" lemma="kuŗē" tahendus="kurat" ingl="devil" liik="S" vorm="sg.gen.">kurē</sone><sone id="l11_s14" lk="78" lemma="jemā" tahendus="ema" ingl="mother" liik="S" vorm="sg.nom.">je̮mā</sone><sone id="l11_s15" lk="78" lemma="un" tahendus="ja" ingl="and" liik="Konj">un</sone><sone id="l11_s16" lk="78" lemma="se" tahendus="see" ingl="this" liik="ProS" vorm="sg.nom.">se</sone><sone lk="78" keel="eesti" id="l11_s17" meta="vahemärk">=</sone><sone lk="78" keel="eesti" id="l11_s18" lemma="vȱlda" tahendus="olla" ingl="be" liik="Va" vorm="pers.ind.pr.sg.3.">m’</sone><sone id="l11_s19" lk="78" lemma="andõ" tahendus="anda" ingl="give" liik="V" vorm="nud.sg.">andən</sone><sone id="l11_s20" lk="78" lemma="tämā" tahendus="tema" ingl="he, she" liik="ProS" vorm="sg.dat.">täm’mən</sone><sone id="l11_s21" lk="78" lemma="amād" tahendus="kõik" ingl="all" liik="ProS" vorm="pl.nom.">amād</sone><sone id="l11_s22" lk="78" lemma="võțīm" tahendus="võti" ingl="key" liik="S" vorm="pl.nom.">vi̮t́məd</sone><sone id="l11_s23" lk="78" lemma="un" tahendus="ja" ingl="and" liik="Konj">un</sone><sone id="l11_s24" lk="78" lemma="tämā" tahendus="tema" ingl="he, she" liik="ProS" vorm="sg.nom.">ta</sone><sone lk="78" keel="eesti" id="l11_s25" meta="vahemärk">=</sone><sone lk="78" keel="eesti" id="l11_s26" lemma="vȱlda" tahendus="olla" ingl="be" liik="Va" vorm="pers.ind.pr.sg.3.">m’</sone><sone id="l11_s27" lk="78" lemma="kītõ" tahendus="öelda" ingl="say" liik="V" vorm="nud.sg.">kītən</sone><sone id="l11_s28" lk="78" meta="vahemärk">,</sone><sone id="l11_s29" lk="78" lemma="ku" tahendus="et" ingl="that" liik="Konj">ku</sone><sone id="l11_s30" lk="78" lemma="amād" tahendus="kõik" ingl="every" liik="ProS" vorm="pl.ill.">am’ži</sone><sone id="l11_s31" lk="78" lemma="tubā" tahendus="tuba" ingl="room" liik="S" vorm="pl.ill.">tu’bži</sone><sone id="l11_s32" lk="78" lemma="võidõ" tahendus="võida" ingl="can" liik="V" vorm="pers.ind.pr.sg.3.">vi̮ib</sone><sone id="l11_s33" lk="78" lemma="lǟ’dõ" tahendus="minna" ingl="go" liik="V" vorm="inf.">lǟ’də</sone><sone id="l11_s34" lk="78" meta="vahemärk">,</sone><sone id="l11_s35" lk="78" lemma="bet" tahendus="aga" ingl="but" liik="Konj">bet</sone><sone id="l11_s36" lk="78" lemma="se" tahendus="see" ingl="this" liik="ProS" vorm="sg.ill.">si’ezə</sone><sone id="l11_s37" lk="78" lemma="ikš" tahendus="üks" ingl="one" liik="ProS" vorm="sg.ill.">ī’də</sone><sone id="l11_s38" lk="78" lemma="ä’b" tahendus="ei" ingl="not" liik="Mn" vorm="pr.sg.3.">äb</sone><sone id="l11_s39" lk="78" meta="vahemärk">.</sone></lause><lause id="l12"><sone id="l12_s1" lk="78" lemma="ni" tahendus="nüüd" ingl="now" liik="Adv">ni</sone><sone id="l12_s2" lk="78" lemma="tämā" tahendus="tema" ingl="he, she" liik="ProS" vorm="sg.nom.">ta</sone><sone id="l12_s3" lk="78" lemma="mõtlõ" tahendus="mõelda" ingl="think" liik="V" vorm="pers.ind.pr.sg.3.">mi̮tləb</sone><sone id="l12_s4" lk="78" lemma="mis" tahendus="mis" ingl="what" liik="Intr" vorm="sg.nom.">mis</sone><sone id="l12_s5" lk="78" lemma="sǟ’l" tahendus="seal" ingl="there" liik="ProAdv">sǟ’l</sone><sone id="l12_s6" lk="78" lemma="vȱlda" tahendus="olla" ingl="be" liik="V" vorm="pers.ind.pr.sg.3.">um’</sone><sone id="l12_s7" lk="78" lemma="un" tahendus="ja" ingl="and" liik="Konj">un</sone><sone id="l12_s8" lk="78" lemma="tämā" tahendus="tema" ingl="he, she" liik="ProS" vorm="sg.nom.">ta</sone><sone lk="78" keel="eesti" id="l12_s9" meta="vahemärk">=</sone><sone lk="78" keel="eesti" id="l12_s10" lemma="vȱlda" tahendus="olla" ingl="be" liik="Va" vorm="pers.ind.pr.sg.3.">m’</sone><sone id="l12_s11" lk="78" lemma="lǟ’dõ" tahendus="minna" ingl="go" liik="V" vorm="nud.sg.">lǟ’nd</sone><sone id="l12_s12" lk="78" lemma="sillõ" tahendus="sisse" ingl="inside" liik="Adv">sil’lə</sone><sone id="l12_s13" lk="78" meta="vahemärk">.</sone></lause><lause id="l13"><sone id="l13_s1" lk="78" lemma="sǟ’l" tahendus="seal" ingl="there" liik="ProAdv">sǟ’l</sone><sone id="l13_s2" lk="78" lemma="vȱlda" tahendus="olla" ingl="be" liik="Va" vorm="pers.ind.pr.pl.3.">a’dt</sone><sone id="l13_s3" lk="78" lemma="vȱlda" tahendus="olla" ingl="be" liik="V" vorm="nud.pl.">ve̮nnəd</sone><sone id="l13_s4" lk="78" lemma="kuolm" tahendus="kolm" ingl="three" liik="Nump" vorm="sg.nom.">kᵘolm</sone><sone id="l13_s5" lk="78" lemma="kuldi" tahendus="kuldne" ingl="golden" liik="A" vorm="sg.part.">kuldist</sone><sone id="l13_s6" lk="78" lemma="bokā" tahendus="sokk" ingl="buck" liik="S" vorm="sg.part.">bokkə</sone><sone id="l13_s7" lk="78" meta="vahemärk">.</sone></lause><lause id="l14"><sone id="l14_s1" lk="78" lemma="tämā" tahendus="tema" ingl="he, she" liik="ProS" vorm="sg.nom.">ta</sone><sone lk="78" keel="eesti" id="l14_s2" meta="vahemärk">=</sone><sone lk="78" keel="eesti" id="l14_s3" lemma="vȱlda" tahendus="olla" ingl="be" liik="Va" vorm="pers.ind.pr.sg.3.">m’</sone><sone id="l14_s4" lk="78" lemma="võttõ" tahendus="võtta" ingl="take" liik="V" vorm="nud.sg.">vi̮ttən</sone><sone id="l14_s5" lk="78" lemma="ikš" tahendus="üks" ingl="one" liik="ProS" vorm="sg.gen.">ī’d</sone><sone id="l14_s6" lk="78" lemma="ulzõ" tahendus="välja" ingl="out" liik="Adva">uldzə</sone><sone id="l14_s7" lk="78" lemma="un" tahendus="ja" ingl="and" liik="Konj">un</sone><sone id="l14_s8" lk="78" lemma="astõ" tahendus="astuda, ronida" ingl="step" liik="V" vorm="nud.sg.">astən</sone><sone id="l14_s9" lk="78" lemma="sǟlga" tahendus="selg" ingl="back" liik="S" vorm="sg.ill.">sälgə</sone><sone id="l14_s10" lk="78" lemma="un" tahendus="ja" ingl="and" liik="Konj">un</sone><sone id="l14_s11" lk="78" lemma="ratstõ" tahendus="ratsutada" ingl="ride" liik="V" vorm="nud.sg.">ratstən</sone><sone id="l14_s12" lk="78" lemma="je’ds+pēḑõn" tahendus="ära" ingl="away" liik="Adv">je̮’dspēd́ən</sone><sone id="l14_s13" lk="78" meta="vahemärk">.</sone></lause><lause id="l15"><sone id="l15_s1" lk="78" lemma="ni" tahendus="nüüd" ingl="now" liik="Adv">ni</sone><sone lk="78" keel="eesti" id="l15_s2" meta="vahemärk">=</sone><sone lk="78" keel="eesti" id="l15_s3" lemma="vȱlda" tahendus="olla" ingl="be" liik="Va" vorm="pers.ind.pr.sg.3.">m’</sone><sone id="l15_s4" lk="78" lemma="tūlda" tahendus="tulla" ingl="come" liik="V" vorm="nud.sg.">tund</sone><sone id="l15_s5" lk="78" lemma="se" tahendus="see" ingl="this" liik="ProS" vorm="sg.nom.">se</sone><sone id="l15_s6" lk="78" lemma="ǭ’j" tahendus="ahi" ingl="oven" liik="S" vorm="sg.nom.">å̄’i</sone><sone id="l15_s7" lk="78" lemma="vastõ" tahendus="vastu" ingl="across" liik="Adva">vastə</sone><sone id="l15_s8" lk="78" lemma="un" tahendus="ja" ingl="and" liik="Konj">un</sone><sone id="l15_s9" lk="78" lemma="kītõ" tahendus="öelda" ingl="say" liik="V" vorm="nud.sg.">kītən</sone><sone id="l15_s10" lk="78" meta="vahemärk">,</sone><sone id="l15_s11" lk="78" lemma="la’z" tahendus="las" ingl="let" liik="ModAdv">las</sone><sone id="l15_s12" lk="78" lemma="tämā" tahendus="tema" ingl="he, she" liik="ProS" vorm="sg.nom.">ta</sone><sone id="l15_s13" lk="78" lemma="võttõ" tahendus="võtta" ingl="take" liik="V" vorm="pers.jus.pr.sg.3.">vi̮tāg</sone><sone id="l15_s14" lk="78" lemma="se" tahendus="see" ingl="this" liik="ProS" vorm="sg.gen.">sie</sone><sone id="l15_s15" lk="78" lemma="lēba" tahendus="leib" ingl="bread" liik="S" vorm="sg.gen.">lēba</sone><sone id="l15_s16" lk="78" lemma="ulzõ" tahendus="välja" ingl="out" liik="Adva">uldzə</sone><sone id="l15_s17" lk="78" meta="vahemärk">,</sone><sone id="l15_s18" lk="78" lemma="un" tahendus="ja" ingl="and" liik="Konj">un</sone><sone id="l15_s19" lk="78" lemma="si’z" tahendus="siis" ingl="then" liik="ProAdv">siz</sone><sone id="l15_s20" lk="78" lemma="tämā" tahendus="tema" ingl="he, she" liik="ProS" vorm="sg.nom.">ta</sone><sone lk="78" keel="eesti" id="l15_s21" meta="vahemärk">=</sone><sone lk="78" keel="eesti" id="l15_s22" lemma="vȱlda" tahendus="olla" ingl="be" liik="Va" vorm="pers.ind.pr.sg.3.">m’</sone><sone id="l15_s23" lk="78" lemma="võttõ" tahendus="võtta" ingl="take" liik="V" vorm="nud.sg.">vi̮ttən</sone><sone id="l15_s24" lk="78" meta="vahemärk">.</sone></lause><lause id="l16"><sone id="l16_s1" lk="78" lemma="si’z" tahendus="siis" ingl="then" liik="ProAdv">siz</sone><sone id="l16_s2" lk="78" lemma="vȱlda" tahendus="olla" ingl="be" liik="Va" vorm="pers.ind.pr.sg.3.">um’</sone><sone id="l16_s3" lk="78" lemma="tūlda" tahendus="tulla" ingl="come" liik="V" vorm="nud.sg.">tund</sone><sone id="l16_s4" lk="78" lemma="se" tahendus="see" ingl="this" liik="ProS" vorm="sg.nom.">se</sone><sone id="l16_s5" lk="78" lemma="nī’em" tahendus="lehm" ingl="cow" liik="S" vorm="sg.nom.">ni’em</sone><sone id="l16_s6" lk="78" lemma="vastõ" tahendus="vastu" ingl="across" liik="Adva">vastə</sone><sone id="l16_s7" lk="78" lemma="un" tahendus="ja" ingl="and" liik="Konj">un</sone><sone id="l16_s8" lk="78" lemma="kītõ" tahendus="öelda" ingl="say" liik="V" vorm="nud.sg.">kīten</sone><sone id="l16_s9" lk="78" meta="vahemärk">,</sone><sone id="l16_s10" lk="78" lemma="la’z" tahendus="las" ingl="let" liik="ModAdv">las</sone><sone id="l16_s11" lk="78" lemma="tämā" tahendus="tema" ingl="he, she" liik="ProS" vorm="sg.nom.">ta</sone><sone id="l16_s12" lk="78" lemma="andõ" tahendus="anda" ingl="give" liik="V" vorm="pers.jus.pr.sg.3.">āndag</sone><sone id="l16_s13" lk="78" lemma="tämā" tahendus="tema" ingl="he, she" liik="ProS" vorm="sg.gen." kommentaar="?">täm’</sone><sone id="l16_s14" lk="78" lemma="sīedõ" tahendus="süüa" ingl="eat" liik="V" vorm="inf.">siedə</sone><sone id="l16_s15" lk="78" lemma="un" tahendus="ja" ingl="and" liik="Konj">un</sone><sone id="l16_s16" lk="78" lemma="tämā" tahendus="tema" ingl="he, she" liik="ProS" vorm="sg.nom.">ta</sone><sone lk="78" keel="eesti" id="l16_s17" meta="vahemärk">=</sone><sone lk="78" keel="eesti" id="l16_s18" lemma="vȱlda" tahendus="olla" ingl="be" liik="Va" vorm="pers.ind.pr.sg.3.">m’</sone><sone id="l16_s19" lk="78" lemma="andõ" tahendus="anda" ingl="give" liik="V" vorm="nud.sg.">andən</sone><sone id="l16_s20" lk="78" meta="vahemärk">.</sone></lause><lause id="l17"><sone id="l17_s1" lk="78" lemma="si’z" tahendus="siis" ingl="then" liik="ProAdv">siz</sone><sone id="l17_s2" lk="78" lemma="vȱlda" tahendus="olla" ingl="be" liik="Va" vorm="pers.ind.pr.sg.3.">um’</sone><sone id="l17_s3" lk="78" lemma="tūlda" tahendus="tulla" ingl="come" liik="V" vorm="nud.sg.">tund</sone><sone id="l17_s4" lk="78" lemma="se" tahendus="see" ingl="this" liik="ProS" vorm="sg.nom.">se</sone><sone id="l17_s5" lk="78" lemma="vanā" tahendus="vana" ingl="old" liik="A" vorm="sg.nom.">vanā</sone><sone id="l17_s6" lk="78" lemma="kuŗē" tahendus="kurat" ingl="devil" liik="S" vorm="sg.gen.">kurē</sone><sone id="l17_s7" lk="78" lemma="jemā" tahendus="ema" ingl="mother" liik="S" vorm="sg.nom.">je̮mā</sone><sone id="l17_s8" lk="78" lemma="tagān" tahendus="järele" ingl="after" liik="Adv">tagān</sone><sone id="l17_s9" lk="78" lemma="un" tahendus="ja" ingl="and" liik="Konj">un</sone><sone id="l17_s10" lk="78" lemma="ki’zzõ" tahendus="küsida" ingl="ask" liik="V" vorm="nud.sg.">ki’zzən</sone><sone id="l17_s11" lk="78" lemma="se" tahendus="see" ingl="this" liik="ProS" vorm="sg.gen.">sie</sone><sone id="l17_s12" lk="78" lemma="ǭ’j" tahendus="ahi" ingl="oven" liik="S" vorm="sg.gen.">å̄’i</sone><sone id="l17_s13" lk="78" lemma="kä’dst" tahendus="käest" ingl="from" liik="Post">kä’dst</sone><sone id="l17_s14" lk="78" meta="vahemärk">,</sone><sone id="l17_s15" lk="78" lemma="või" tahendus="kas" ingl="whether" liik="Intr">vi̮i</sone><sone id="l17_s16" lk="78" lemma="tämā" tahendus="tema" ingl="he, she" liik="ProS" vorm="sg.nom.">ta</sone><sone id="l17_s17" lk="78" lemma="ä’b" tahendus="ei" ingl="not" liik="Mn" vorm="pr.sg.3.">äb</sone><sone id="l17_s18" lk="78" lemma="vȱlda" tahendus="olla" ingl="be" liik="Va" vorm="pers.ind.sg.3.neg.">uo</sone><sone id="l17_s19" lk="78" lemma="nǟ’dõ" tahendus="näha" ingl="see" liik="V" vorm="nud.sg.">nǟ’nd</sone><sone id="l17_s20" lk="78" lemma="se" tahendus="see" ingl="this" liik="ProS" vorm="sg.part.">sⁱedā</sone><sone id="l17_s21" lk="78" lemma="neitst" tahendus="neiu" ingl="maiden" liik="S" vorm="sg.part.">neitstə</sone><sone id="l17_s22" lk="78" meta="vahemärk">,</sone><sone id="l17_s23" lk="78" lemma="kis" tahendus="kes" ingl="who" liik="Intr" vorm="sg.nom.">kis</sone><sone id="l17_s24" lk="78" lemma="se" tahendus="see" ingl="this" liik="ProS" vorm="sg.gen.">sie</sone><sone id="l17_s25" lk="78" lemma="kuldi" tahendus="kuldne" ingl="golden" liik="A" vorm="sg.gen.">kuldiz</sone><sone id="l17_s26" lk="78" lemma="bokā" tahendus="sokk" ingl="buck" liik="S" vorm="sg.instl.">bokāks</sone><sone id="l17_s27" lk="78" lemma="vȱlda" tahendus="olla" ingl="be" liik="Va" vorm="pers.ind.pr.sg.3.">um’</sone><sone id="l17_s28" lk="78" lemma="lǟ’dõ" tahendus="minna" ingl="go" liik="V" vorm="nud.sg.">lǟ’nd</sone><sone id="l17_s29" lk="78" lemma="pi’ddõz" tahendus="mööda" ingl="past" liik="Adva">pi’ddiz</sone><sone id="l17_s30" lk="78" meta="vahemärk">.</sone></lause><lause id="l18"><sone id="l18_s1" lk="78" lemma="se" tahendus="see" ingl="this" liik="ProS" vorm="sg.nom.">se</sone><sone id="l18_s2" lk="78" lemma="ǭ’j" tahendus="ahi" ingl="oven" liik="S" vorm="sg.nom.">å̄’i</sone><sone id="l18_s3" lk="78" lemma="vȱlda" tahendus="olla" ingl="be" liik="Va" vorm="pers.ind.pr.sg.3.">um’</sone><sone id="l18_s4" lk="78" lemma="kītõ" tahendus="öelda" ingl="say" liik="V" vorm="nud.sg.">kītən</sone><sone id="l18_s5" lk="78" meta="vahemärk">,</sone><sone id="l18_s6" lk="78" lemma="ku" tahendus="et" ingl="that" liik="Konj">ku</sone><sone id="l18_s7" lk="78" lemma="tämā" tahendus="tema" ingl="he, she" liik="ProS" vorm="sg.nom.">ta</sone><sone id="l18_s8" lk="78" lemma="ä’b" tahendus="ei" ingl="not" liik="Mn" vorm="pr.sg.3.">äb</sone><sone id="l18_s9" lk="78" lemma="vȱlda" tahendus="olla" ingl="be" liik="Va" vorm="pers.ind.sg.3.neg.">uo</sone><sone id="l18_s10" lk="78" lemma="nǟ’dõ" tahendus="näha" ingl="see" liik="V" vorm="nud.sg.">nǟnd</sone><sone id="l18_s11" lk="78" meta="vahemärk">.</sone></lause><lause id="l19"><sone id="l19_s1" lk="78" lemma="si’z" tahendus="siis" ingl="then" liik="ProAdv">siz</sone><sone id="l19_s2" lk="78" lemma="vȱlda" tahendus="olla" ingl="be" liik="Va" vorm="pers.ind.pr.sg.3.">um’</sone><sone id="l19_s3" lk="78" lemma="tūlda" tahendus="tulla" ingl="come" liik="V" vorm="nud.sg.">tund</sone><sone id="l19_s4" lk="78" lemma="se" tahendus="see" ingl="this" liik="ProS" vorm="sg.nom.">se</sone><sone id="l19_s5" lk="78" lemma="sigā" tahendus="siga" ingl="pig" liik="S" vorm="sg.nom.">sigā</sone><sone id="l19_s6" lk="78" meta="vahemärk">.</sone></lause><lause id="l20"><sone id="l20_s1" lk="78" lemma="tämā" tahendus="tema" ingl="he, she" liik="ProS" vorm="sg.nom.">ta</sone><sone lk="78" keel="eesti" id="l20_s2" meta="vahemärk">=</sone><sone lk="78" keel="eesti" id="l20_s3" lemma="vȱlda" tahendus="olla" ingl="be" liik="Va" vorm="pers.ind.pr.sg.3.">m’</sone><sone id="l20_s4" lk="78" lemma="tegīž" tahendus="taas" ingl="again" liik="Adv">tegīž</sone><sone id="l20_s5" lk="78" lemma="ki’zzõ" tahendus="küsida" ingl="ask" liik="V" vorm="nud.sg.">ki’zzən</sone><sone id="l20_s6" lk="78" meta="vahemärk">,</sone><sone id="l20_s7" lk="78" lemma="või" tahendus="kas" ingl="whether" liik="Intr">vi̮i</sone><sone id="l20_s8" lk="78" lemma="tämā" tahendus="tema" ingl="he, she" liik="ProS" vorm="sg.nom.">ta</sone><sone id="l20_s9" lk="78" lemma="ä’b" tahendus="ei" ingl="not" liik="Mn" vorm="pr.sg.3.">äb</sone><sone id="l20_s10" lk="78" lemma="vȱlda" tahendus="olla" ingl="be" liik="Va" vorm="pers.ind.sg.3.neg.">uo</sone><sone id="l20_s11" lk="78" lemma="nǟ’dõ" tahendus="näha" ingl="see" liik="V" vorm="nud.sg.">nǟnd</sone><sone id="l20_s12" lk="78" meta="vahemärk">.</sone></lause><lause id="l21"><sone id="l21_s1" lk="78" lemma="se" tahendus="see" ingl="this" liik="ProS" vorm="sg.nom.">se</sone><sone id="l21_s2" lk="78" lemma="sigā" tahendus="siga" ingl="pig" liik="S" vorm="sg.nom.">sigā</sone><sone id="l21_s3" lk="78" lemma="vȱlda" tahendus="olla" ingl="be" liik="Va" vorm="pers.ind.pr.sg.3.">um’</sone><sone id="l21_s4" lk="78" lemma="kītõ" tahendus="öelda" ingl="say" liik="V" vorm="nud.sg.">kītən</sone><sone id="l21_s5" lk="78" meta="vahemärk">,</sone><sone id="l21_s6" lk="78" lemma="ku" tahendus="et" ingl="that" liik="Konj">ku</sone><sone id="l21_s7" lk="78" lemma="tämā" tahendus="tema" ingl="he, she" liik="ProS" vorm="sg.nom.">ta</sone><sone id="l21_s8" lk="78" lemma="ä’b" tahendus="ei" ingl="not" liik="Mn" vorm="pr.sg.3.">äb</sone><sone id="l21_s9" lk="78" lemma="vȱlda" tahendus="olla" ingl="be" liik="Va" vorm="pers.ind.sg.3.neg.">uo</sone><sone id="l21_s10" lk="78" lemma="nǟ’dõ" tahendus="näha" ingl="see" liik="V" vorm="nud.sg.">nǟnd</sone><sone id="l21_s11" lk="78" meta="vahemärk">.</sone></lause><lause id="l22"><sone id="l22_s1" lk="78" lemma="ni" tahendus="nüüd" ingl="now" liik="Adv">ni</sone><sone lk="78" keel="eesti" id="l22_s2" meta="vahemärk">=</sone><sone lk="78" keel="eesti" id="l22_s3" lemma="vȱlda" tahendus="olla" ingl="be" liik="Va" vorm="pers.ind.pr.sg.3.">m’</sone><sone id="l22_s4" lk="78" lemma="tūlda" tahendus="tulla" ingl="come" liik="V" vorm="nud.sg.">tund</sone><sone id="l22_s5" lk="78" lemma="se" tahendus="see" ingl="this" liik="ProS" vorm="sg.nom.">se</sone><sone id="l22_s6" lk="78" lemma="nī’em" tahendus="lehm" ingl="cow" liik="S" vorm="sg.nom.">ni’em</sone><sone id="l22_s7" lk="78" lemma="vastõ" tahendus="vastu" ingl="across" liik="Adva">vastə</sone><sone id="l22_s8" lk="78" lemma="un" tahendus="ja" ingl="and" liik="Konj">un</sone><sone id="l22_s9" lk="78" lemma="se" tahendus="see" ingl="this" liik="ProS" vorm="sg.nom.">se</sone><sone id="l22_s10" lk="78" lemma="nī’em" tahendus="lehm" ingl="cow" liik="S" vorm="sg.nom.">ni’em</sone><sone id="l22_s11" lk="78" lemma="vȱlda" tahendus="olla" ingl="be" liik="Va" vorm="pers.ind.pr.sg.3.">um’</sone><sone id="l22_s12" lk="78" lemma="kītõ" tahendus="öelda" ingl="say" liik="V" vorm="nud.sg.">kītən</sone><sone id="l22_s13" lk="78" meta="vahemärk">,</sone><sone id="l22_s14" lk="78" lemma="ku" tahendus="et" ingl="that" liik="Konj">ku</sone><sone id="l22_s15" lk="78" lemma="tämā" tahendus="tema" ingl="he, she" liik="ProS" vorm="sg.nom.">ta</sone><sone id="l22_s16" lk="78" lemma="ka" tahendus="ka" ingl="also" liik="ModAdv">ka</sone><sone id="l22_s17" lk="78" lemma="ä’b" tahendus="ei" ingl="not" liik="Mn" vorm="pr.sg.3.">äb</sone><sone id="l22_s18" lk="78" lemma="vȱlda" tahendus="olla" ingl="be" liik="Va" vorm="pers.ind.sg.3.neg.">uo</sone><sone id="l22_s19" lk="78" lemma="nǟ’dõ" tahendus="näha" ingl="see" liik="V" vorm="nud.sg.">nǟnd</sone><sone id="l22_s20" lk="78" meta="vahemärk">.</sone></lause><lause id="l23"><sone id="l23_s1" lk="78" lemma="un" tahendus="ja" ingl="and" liik="Konj">un</sone><sone id="l23_s2" lk="78" lemma="ni" tahendus="nüüd" ingl="now" liik="Adv">ni</sone><sone id="l23_s3" lk="78" lemma="tämā" tahendus="tema" ingl="he, she" liik="ProS" vorm="sg.nom.">ta</sone><sone lk="78" keel="eesti" id="l23_s4" meta="vahemärk">=</sone><sone lk="78" keel="eesti" id="l23_s5" lemma="vȱlda" tahendus="olla" ingl="be" liik="Va" vorm="pers.ind.pr.sg.3.">m’</sone><sone id="l23_s6" lk="78" lemma="lǟ’dõ" tahendus="minna" ingl="go" liik="V" vorm="nud.sg.">lǟ’nd</sone><sone id="l23_s7" lk="78" lemma="se" tahendus="see" ingl="this" liik="ProS" vorm="sg.gen.">sie</sone><sone id="l23_s8" lk="78" lemma="kuldi" tahendus="kuldne" ingl="golden" liik="A" vorm="sg.gen.">kuldiz</sone><sone id="l23_s9" lk="78" lemma="bokā" tahendus="sokk" ingl="buck" liik="S" vorm="sg.instl.">bokāks</sone><sone id="l23_s10" lk="78" lemma="kuodāj" tahendus="koju" ingl="home" liik="Adv">kᵘodāi</sone><sone id="l23_s11" lk="78" meta="vahemärk">.</sone></lause><lause id="l24"><sone id="l24_s1" lk="78" lemma="un" tahendus="ja" ingl="and" liik="Konj">un</sone><sone id="l24_s2" lk="78" lemma="si’z" tahendus="siis" ingl="then" liik="ProAdv">siz</sone><sone id="l24_s3" lk="78" lemma="se" tahendus="see" ingl="this" liik="ProS" vorm="sg.nom.">se</sone><sone id="l24_s4" lk="78" lemma="perī+nai" tahendus="perenaine" ingl="housewife" liik="S" vorm="sg.gen.">perī+naiz</sone><sone id="l24_s5" lk="78" lemma="tidār" tahendus="tütar" ingl="daughter" liik="S" vorm="sg.nom.">tidār</sone><sone id="l24_s6" lk="78" lemma="vȱlda" tahendus="olla" ingl="be" liik="Va" vorm="pers.ind.pr.sg.3.">um’</sone><sone id="l24_s7" lk="78" lemma="ki’zzõ" tahendus="küsida" ingl="ask" liik="V" vorm="nud.sg.">ki’zzən</sone><sone id="l24_s8" lk="78" meta="vahemärk">,</sone><sone id="l24_s9" lk="78" lemma="kustõ" tahendus="kust" ingl="where from" liik="Intr">kust</sone><sone id="l24_s10" lk="78" lemma="tämā" tahendus="tema" ingl="he, she" liik="ProS" vorm="sg.nom.">ta</sone><sone lk="78" keel="eesti" id="l24_s11" meta="vahemärk">=</sone><sone lk="78" keel="eesti" id="l24_s12" lemma="vȱlda" tahendus="olla" ingl="be" liik="Va" vorm="pers.ind.pr.sg.3.">m’</sone><sone id="l24_s13" lk="78" lemma="sǭdõ" tahendus="saada" ingl="get" liik="V" vorm="nud.sg.">så̄nd</sone><sone id="l24_s14" lk="78" lemma="se" tahendus="see" ingl="this" liik="ProS" vorm="sg.gen.">sie</sone><sone id="l24_s15" lk="78" meta="vahemärk">.</sone></lause><lause id="l25"><sone id="l25_s1" lk="78" lemma="ni" tahendus="nüüd" ingl="now" liik="Adv">ni</sone><sone id="l25_s2" lk="78" lemma="se" tahendus="see" ingl="this" liik="ProS" vorm="sg.nom.">se</sone><sone id="l25_s3" lk="79" lemma="perī+nai" tahendus="perenaine" ingl="housewife" liik="S" vorm="sg.gen.">perī+naiz</sone><sone id="l25_s4" lk="79" lemma="tidār" tahendus="tütar" ingl="daughter" liik="S" vorm="sg.nom.">tidār</sone><sone id="l25_s5" lk="79" lemma="vȱlda" tahendus="olla" ingl="be" liik="Va" vorm="pers.ind.pr.sg.3.">um’</sone><sone id="l25_s6" lk="79" lemma="kītõ" tahendus="öelda" ingl="say" liik="V" vorm="nud.sg.">kītən</sone><sone id="l25_s7" lk="79" meta="vahemärk">,</sone><sone id="l25_s8" lk="79" lemma="ku" tahendus="et" ingl="that" liik="Konj">ku</sone><sone id="l25_s9" lk="79" lemma="tämā" tahendus="tema" ingl="he, she" liik="ProS" vorm="sg.nom.">ta</sone><sone id="l25_s10" lk="79" lemma="ka" tahendus="ka" ingl="also" liik="ModAdv">ka</sone><sone id="l25_s11" lk="79" lemma="tǭ’dõ" tahendus="tahta" ingl="want" liik="V" vorm="pers.ind.pr.sg.3.">tå̄’b</sone><sone id="l25_s12" lk="79" lemma="seļļi" tahendus="selline" ingl="such" liik="ProA" vorm="sg.gen.">seĺĺiz</sone><sone id="l25_s13" lk="79" lemma="un" tahendus="ja" ingl="and" liik="Konj">un</sone><sone id="l25_s14" lk="79" lemma="ku" tahendus="et" ingl="that" liik="Konj">ku</sone><sone id="l25_s15" lk="79" lemma="tämā" tahendus="tema" ingl="he, she" liik="ProS" vorm="sg.nom.">ta</sone><sone id="l25_s16" lk="79" lemma="lǟ’dõ" tahendus="minna" ingl="go" liik="V" vorm="pers.ind.pr.sg.3.">lǟ’b</sone><sone id="l25_s17" lk="79" lemma="ka" tahendus="ka" ingl="also" liik="ModAdv">ka</sone><sone id="l25_s18" lk="79" lemma="seļļi" tahendus="selline" ingl="such" liik="ProA" vorm="sg.part.">seĺĺist</sone><sone id="l25_s19" lk="79" lemma="sǭdõ" tahendus="saada" ingl="get" liik="V" vorm="sup.">så̄m</sone><sone id="l25_s20" lk="79" meta="vahemärk">.</sone></lause><lause id="l26"><sone id="l26_s1" lk="79" lemma="se" tahendus="see" ingl="this" liik="ProS" vorm="sg.nom.">se</sone><sone id="l26_s2" lk="79">sǟr+dieniń</sone><sone id="l26_s3" lk="79" meta="vahemärk">[</sone><sone id="l26_s4" lk="79" meta="vahemärk">~</sone><sone id="l26_s5" lk="79" meta="kommentaar">bå̄riń</sone><sone id="l26_s6" lk="79" meta="vahemärk">]</sone><sone id="l26_s7" lk="79" lemma="vȱlda" tahendus="olla" ingl="be" liik="Va" vorm="pers.ind.pr.sg.3.">um’</sone><sone id="l26_s8" lk="79" lemma="kītõ" tahendus="öelda" ingl="say" liik="V" vorm="nud.sg.">kītən</sone><sone id="l26_s9" lk="79" meta="vahemärk">,</sone><sone id="l26_s10" lk="79" lemma="ku" tahendus="et" ingl="that" liik="Konj">ku</sone><sone id="l26_s11" lk="79" lemma="tämā" tahendus="tema" ingl="he, she" liik="ProS" vorm="sg.nom.">ta</sone><sone id="l26_s12" lk="79" lemma="vȱlda" tahendus="olla" ingl="be" liik="Va" vorm="pers.ind.pr.sg.3.">um’</sone><sone id="l26_s13" lk="79" lemma="lǟ’dõ" tahendus="minna" ingl="go" liik="V" vorm="nud.sg.">lǟ’nd</sone><sone id="l26_s14" lk="79" lemma="kouv" tahendus="kaev" ingl="well" liik="S" vorm="sg.ill.">kouvə</sone><sone id="l26_s15" lk="79" lemma="spūoļ" tahendus="pool" ingl="spool" liik="S" vorm="pl.part.">spuoĺidi</sone><sone id="l26_s16" lk="79" lemma="kastõ" tahendus="kasta" ingl="wet" liik="V" vorm="sup.">kastām</sone><sone id="l26_s17" lk="79" lemma="un" tahendus="ja" ingl="and" liik="Konj">un</sone><sone id="l26_s18" lk="79" lemma="ku" tahendus="et" ingl="that" liik="Konj">ku</sone><sone id="l26_s19" lk="79" lemma="tämā" tahendus="tema" ingl="he, she" liik="ProS" vorm="sg.nom.">ta</sone><sone lk="79" keel="eesti" id="l26_s20" meta="vahemärk">=</sone><sone lk="79" keel="eesti" id="l26_s21" lemma="vȱlda" tahendus="olla" ingl="be" liik="Va" vorm="pers.ind.pr.sg.3.">m’</sone><sone id="l26_s22" lk="79" lemma="lǟ’dõ" tahendus="minna" ingl="go" liik="V" vorm="nud.sg.">lǟ’nd</sone><sone id="l26_s23" lk="79" lemma="ī’ž" tahendus="ise" ingl="self" liik="ProS" vorm="sg.nom.">ī’ž</sone><sone id="l26_s24" lk="79" lemma="ne" tahendus="need" ingl="these" liik="ProS" vorm="pl.nom.">ne</sone><sone id="l26_s25" lk="79" lemma="spūoļ" tahendus="pool" ingl="spool" liik="S" vorm="sg.dat.">spuoĺidən</sone><sone id="l26_s26" lk="79" lemma="tagān" tahendus="järele" ingl="after" liik="Post">tagān</sone><sone id="l26_s27" lk="79" meta="vahemärk">.</sone></lause><lause id="l27"><sone id="l27_s1" lk="79" lemma="un" tahendus="ja" ingl="and" liik="Konj">un</sone><sone id="l27_s2" lk="79" lemma="ni" tahendus="nüüd" ingl="now" liik="Adv">ni</sone><sone lk="79" keel="eesti" id="l27_s3" meta="vahemärk">=</sone><sone lk="79" keel="eesti" id="l27_s4" lemma="vȱlda" tahendus="olla" ingl="be" liik="Va" vorm="pers.ind.pr.sg.3.">m’</sone><sone id="l27_s5" lk="79" lemma="lǟ’dõ" tahendus="minna" ingl="go" liik="V" vorm="nud.sg.">lǟ’nd</sone><sone id="l27_s6" lk="79" lemma="se" tahendus="see" ingl="this" liik="ProS" vorm="sg.nom.">se</sone><sone id="l27_s7" lk="79" lemma="perī+nai" tahendus="perenaine" ingl="housewife" liik="S" vorm="sg.gen.">perī+naiz</sone><sone id="l27_s8" lk="79" lemma="tidār" tahendus="tütar" ingl="daughter" liik="S" vorm="sg.nom.">tidār</sone><sone id="l27_s9" lk="79" lemma="ka" tahendus="ka" ingl="also" liik="ModAdv">ka</sone><sone id="l27_s10" lk="79" lemma="un" tahendus="ja" ingl="and" liik="Konj">un</sone><sone id="l27_s11" lk="79" lemma="vȱlda" tahendus="olla" ingl="be" liik="Va" vorm="pers.ind.pr.sg.3.">um’</sone><sone id="l27_s12" lk="79" lemma="võttõ" tahendus="võtta" ingl="take" liik="V" vorm="nud.sg.">vi̮ttən</sone><sone id="l27_s13" lk="79" lemma="se" tahendus="see" ingl="this" liik="ProS" vorm="sg.gen.">sie</sone><sone id="l27_s14" lk="79" lemma="spūoļ" tahendus="pool" ingl="spool" liik="S" vorm="sg.gen.">spuoĺ</sone><sone id="l27_s15" lk="79" lemma="un" tahendus="ja" ingl="and" liik="Konj">un</sone><sone id="l27_s16" lk="79" lemma="eitõ" tahendus="heita" ingl="throw" liik="V" vorm="nud.sg.">eitən</sone><sone id="l27_s17" lk="79" lemma="kouv" tahendus="kaev" ingl="well" liik="S" vorm="sg.ill.">kouvə</sone><sone id="l27_s18" lk="79" lemma="un" tahendus="ja" ingl="and" liik="Konj">un</sone><sone id="l27_s19" lk="79" lemma="ī’ž" tahendus="ise" ingl="self" liik="ProS" vorm="sg.nom.">ī’ž</sone><sone id="l27_s20" lk="79" lemma="ka" tahendus="ka" ingl="also" liik="ModAdv">ka</sone><sone id="l27_s21" lk="79" lemma="lǟ’dõ" tahendus="minna" ingl="go" liik="V" vorm="nud.sg.">lǟ’nd</sone><sone id="l27_s22" lk="79" lemma="tagān" tahendus="järele" ingl="after" liik="Adv">tagān</sone><sone id="l27_s23" lk="79" meta="vahemärk">.</sone></lause><lause id="l28"><sone id="l28_s1" lk="79" lemma="un" tahendus="ja" ingl="and" liik="Konj">un</sone><sone id="l28_s2" lk="79" lemma="si’z" tahendus="siis" ingl="then" liik="ProAdv">siz</sone><sone id="l28_s3" lk="79" lemma="vȱlda" tahendus="olla" ingl="be" liik="Va" vorm="pers.ind.pr.sg.3.">um’</sone><sone id="l28_s4" lk="79" lemma="tūlda" tahendus="tulla" ingl="come" liik="V" vorm="nud.sg.">tund</sone><sone id="l28_s5" lk="79" lemma="se" tahendus="see" ingl="this" liik="ProS" vorm="sg.nom.">se</sone><sone id="l28_s6" lk="79" lemma="nī’em" tahendus="lehm" ingl="cow" liik="S" vorm="sg.nom.">ni’em</sone><sone id="l28_s7" lk="79" lemma="vastõ" tahendus="vastu" ingl="across" liik="Adva">vastə</sone><sone id="l28_s8" lk="79" lemma="un" tahendus="ja" ingl="and" liik="Konj">un</sone><sone id="l28_s9" lk="79" lemma="se" tahendus="see" ingl="this" liik="ProS" vorm="sg.nom.">se</sone><sone id="l28_s10" lk="79" lemma="nī’em" tahendus="lehm" ingl="cow" liik="S" vorm="sg.nom.">ni’em</sone><sone id="l28_s11" lk="79" lemma="vȱlda" tahendus="olla" ingl="be" liik="Va" vorm="pers.ind.pr.sg.3.">um’</sone><sone id="l28_s12" lk="79" lemma="kītõ" tahendus="öelda" ingl="say" liik="V" vorm="nud.sg.">kītən</sone><sone id="l28_s13" lk="79" meta="vahemärk">,</sone><sone id="l28_s14" lk="79" lemma="la’z" tahendus="las" ingl="let" liik="ModAdv">laz</sone><sone id="l28_s15" lk="79" lemma="lipšõ" tahendus="lüpsta" ingl="milk" liik="V" vorm="pers.jus.pr.sg.3.">lipšāg</sone><sone id="l28_s16" lk="79" lemma="tämā" tahendus="tema" ingl="he, she" liik="ProS" vorm="sg.gen.">täm’</sone><sone id="l28_s17" lk="79" lemma="jarā" tahendus="ära" ingl="away" liik="Adva">je̮rā</sone><sone id="l28_s18" lk="79" meta="vahemärk">.</sone></lause><lause id="l29"><sone id="l29_s1" lk="79" lemma="tämā" tahendus="tema" ingl="he, she" liik="ProS" vorm="sg.nom.">ta</sone><sone lk="79" keel="eesti" id="l29_s2" meta="vahemärk">=</sone><sone lk="79" keel="eesti" id="l29_s3" lemma="vȱlda" tahendus="olla" ingl="be" liik="Va" vorm="pers.ind.pr.sg.3.">m’</sone><sone id="l29_s4" lk="79" lemma="kītõ" tahendus="öelda" ingl="say" liik="V" vorm="nud.sg.">kītən</sone><sone id="l29_s5" lk="79" lemma="ku" tahendus="et" ingl="that" liik="Konj">ku</sone><sone id="l29_s6" lk="79" lemma="tämā" tahendus="tema" ingl="he, she" liik="ProS" vorm="sg.dat.">täm’mən</sone><sone id="l29_s7" lk="79" lemma="ä’b" tahendus="ei" ingl="not" liik="Mn" vorm="pr.sg.3.">äb</sone><sone id="l29_s8" lk="79" lemma="vȱlda" tahendus="olla" ingl="be" liik="V" vorm="pers.ind.sg.3.neg.">uo</sone><sone id="l29_s9" lk="79" lemma="āiga" tahendus="aeg" ingl="time" liik="S" vorm="sg.part.">aigə</sone><sone id="l29_s10" lk="79" meta="vahemärk">.</sone></lause><lause id="l30"><sone id="l30_s1" lk="79" lemma="un" tahendus="ja" ingl="and" liik="Konj">un</sone><sone id="l30_s2" lk="79" lemma="si’z" tahendus="siis" ingl="then" liik="ProAdv">siz</sone><sone id="l30_s3" lk="79" lemma="vȱlda" tahendus="olla" ingl="be" liik="Va" vorm="pers.ind.pr.sg.3.">um’</sone><sone id="l30_s4" lk="79" lemma="tūlda" ingl="come" liik="V" vorm="nud.sg." tahendus="tulla">tund</sone><sone id="l30_s5" lk="79" lemma="se" tahendus="see" ingl="this" liik="ProS" vorm="sg.nom.">se</sone><sone id="l30_s6" lk="79" lemma="umārz+pū" tahendus="õunapuu" ingl="apple tree" liik="S" vorm="sg.nom.">umārz+pū</sone><sone id="l30_s7" lk="79" lemma="vastõ" tahendus="vastu" ingl="across" liik="Adva">vastə</sone><sone id="l30_s8" lk="79" lemma="un" tahendus="ja" ingl="and" liik="Konj">un</sone><sone id="l30_s9" lk="79" lemma="vȱlda" tahendus="olla" ingl="be" liik="Va" vorm="pers.ind.pr.sg.3.">um’</sone><sone id="l30_s10" lk="79" lemma="kītõ" tahendus="öelda" ingl="say" liik="V" vorm="nud.sg.">kītən</sone><sone id="l30_s11" lk="79" meta="vahemärk">,</sone><sone id="l30_s12" lk="79" lemma="la’z" tahendus="las" ingl="let" liik="ModAdv">las</sone><sone id="l30_s13" lk="79" lemma="kuoŗŗõ" tahendus="korjata" ingl="pick" liik="V" vorm="pers.jus.pr.sg.3.">kᵘoŕŕəg</sone><sone id="l30_s14" lk="79" lemma="tämā" tahendus="tema" ingl="he, she" liik="ProS" vorm="sg.dat.">täm’mən</sone><sone id="l30_s15" lk="79" lemma="ne" tahendus="need" ingl="these" liik="ProS" vorm="pl.nom.">ne</sone><sone id="l30_s16" lk="79" lemma="umārz" tahendus="õun" ingl="apple" liik="S" vorm="pl.nom.">umārd</sone><sone id="l30_s17" lk="79" lemma="jarā" tahendus="ära" ingl="away" liik="Adva">je̮rā</sone><sone id="l30_s18" lk="79" meta="vahemärk">.</sone></lause><lause id="l31"><sone id="l31_s1" lk="79" lemma="tämā" tahendus="tema" ingl="he, she" liik="ProS" vorm="sg.nom.">ta</sone><sone lk="79" keel="eesti" id="l31_s2" meta="vahemärk">=</sone><sone lk="79" keel="eesti" id="l31_s3" lemma="vȱlda" tahendus="olla" ingl="be" liik="Va" vorm="pers.ind.pr.sg.3.">m’</sone><sone id="l31_s4" lk="79" lemma="kītõ" tahendus="öelda" ingl="say" liik="V" vorm="nud.sg.">kītən</sone><sone id="l31_s5" lk="79" meta="vahemärk">,</sone><sone id="l31_s6" lk="79" lemma="ku" tahendus="et" ingl="that" liik="Konj">ku</sone><sone id="l31_s7" lk="79" lemma="tämā" tahendus="tema" ingl="he, she" liik="ProS" vorm="sg.dat.">täm’mən</sone><sone id="l31_s8" lk="79" lemma="ä’b" tahendus="ei" ingl="not" liik="Mn" vorm="pr.sg.3.">äb</sone><sone id="l31_s9" lk="79" lemma="vȱlda" tahendus="olla" ingl="be" liik="V" vorm="pers.ind.sg.3.neg.">uo</sone><sone id="l31_s10" lk="79" lemma="āiga" tahendus="aeg" ingl="time" liik="S" vorm="sg.part.">aigə</sone><sone id="l31_s11" lk="79" meta="vahemärk">.</sone></lause><lause id="l32"><sone id="l32_s1" lk="79" lemma="si’z" tahendus="siis" ingl="then" liik="ProAdv">siz</sone><sone id="l32_s2" lk="79" lemma="vȱlda" tahendus="olla" ingl="be" liik="Va" vorm="pers.ind.pr.sg.3.">um’</sone><sone id="l32_s3" lk="79" lemma="tūlda" tahendus="tulla" ingl="come" liik="V" vorm="nud.sg.">tund</sone><sone id="l32_s4" lk="79" lemma="se" tahendus="see" ingl="this" liik="ProS" vorm="sg.nom.">se</sone><sone id="l32_s5" lk="79" lemma="sigā" tahendus="siga" ingl="pig" liik="S" vorm="sg.nom.">sigā</sone><sone id="l32_s6" lk="79" lemma="vastõ" tahendus="vastu" ingl="across" liik="Adva">vastə</sone><sone id="l32_s7" lk="79" meta="vahemärk">.</sone></lause><lause id="l33"><sone id="l33_s1" lk="79" lemma="se" tahendus="see" ingl="this" liik="ProS" vorm="sg.nom.">se</sone><sone id="l33_s2" lk="79" lemma="sigā" tahendus="siga" ingl="pig" liik="S" vorm="sg.nom.">sigā</sone><sone id="l33_s3" lk="79" lemma="vȱlda" tahendus="olla" ingl="be" liik="Va" vorm="pers.ind.pr.sg.3.">um’</sone><sone id="l33_s4" lk="79" lemma="ki’zzõ" tahendus="küsida" ingl="ask" liik="V" vorm="nud.sg.">ki’zzən</sone><sone id="l33_s5" lk="79" meta="vahemärk">,</sone><sone id="l33_s6" lk="79" lemma="la’z" tahendus="las" ingl="let" liik="ModAdv">laz</sone><sone id="l33_s7" lk="79" lemma="andõ" tahendus="anda" ingl="give" liik="V" vorm="pers.jus.pr.sg.3.">āndag</sone><sone id="l33_s8" lk="79" lemma="tämā" tahendus="tema" ingl="he, she" liik="ProS" vorm="sg.dat.">täm’mən</sone><sone id="l33_s9" lk="79" lemma="sīedõ" tahendus="süüa" ingl="eat" liik="V" vorm="inf.">siedə</sone><sone id="l33_s10" lk="79" meta="vahemärk">.</sone></lause><lause id="l34"><sone id="l34_s1" lk="79" lemma="tämā" tahendus="tema" ingl="he, she" liik="ProS" vorm="sg.nom.">ta</sone><sone id="l34_s2" lk="79" lemma="kītõ" tahendus="öelda" ingl="say" liik="V" vorm="nud.sg.">kītən</sone><sone id="l34_s3" lk="79" meta="vahemärk">,</sone><sone id="l34_s4" lk="79" lemma="ku" tahendus="et" ingl="that" liik="Konj">ku</sone><sone id="l34_s5" lk="79" lemma="tämā" tahendus="tema" ingl="he, she" liik="ProS" vorm="sg.dat.">täm’mən</sone><sone id="l34_s6" lk="79" lemma="ä’b" tahendus="ei" ingl="not" liik="Mn" vorm="pr.sg.3.">äb</sone><sone id="l34_s7" lk="79" lemma="vȱlda" tahendus="olla" ingl="be" liik="V" vorm="pers.ind.sg.3.neg.">uo</sone><sone id="l34_s8" lk="79" lemma="āiga" tahendus="aeg" ingl="time" liik="S" vorm="sg.part.">aigə</sone><sone id="l34_s9" lk="79" meta="vahemärk">.</sone></lause><lause id="l35"><sone id="l35_s1" lk="79" lemma="si’z" tahendus="siis" ingl="then" liik="ProAdv">siz</sone><sone id="l35_s2" lk="79" lemma="vȱlda" tahendus="olla" ingl="be" liik="Va" vorm="pers.ind.pr.sg.3.">um’</sone><sone id="l35_s3" lk="79" lemma="tūlda" tahendus="tulla" ingl="come" liik="V" vorm="nud.sg.">tund</sone><sone id="l35_s4" lk="79" lemma="se" tahendus="see" ingl="this" liik="ProS" vorm="sg.nom.">se</sone><sone id="l35_s5" lk="79" lemma="ǭ’j" tahendus="ahi" ingl="oven" liik="S" vorm="sg.nom.">å̄’i</sone><sone id="l35_s6" lk="79" lemma="vastõ" tahendus="vastu" ingl="across" liik="Adva">vastə</sone><sone id="l35_s7" lk="79" lemma="un" tahendus="ja" ingl="and" liik="Konj">un</sone><sone id="l35_s8" lk="79" lemma="se" tahendus="see" ingl="this" liik="ProS" vorm="sg.nom.">se</sone><sone id="l35_s9" lk="79" lemma="ǭ’j" tahendus="ahi" ingl="furnace" liik="S" vorm="sg.nom.">å̄’i</sone><sone id="l35_s10" lk="79" lemma="vȱlda" tahendus="olla" ingl="be" liik="Va" vorm="pers.ind.pr.sg.3.">um’</sone><sone id="l35_s11" lk="79" lemma="kītõ" tahendus="öelda" ingl="say" liik="V" vorm="nud.sg.">kītən</sone><sone id="l35_s12" lk="79" meta="vahemärk">,</sone><sone id="l35_s13" lk="79" lemma="la’z" tahendus="las" ingl="let" liik="ModAdv">las</sone><sone id="l35_s14" lk="79" lemma="eitõ" tahendus="heita" ingl="throw" liik="V" vorm="pers.jus.pr.sg.3.">ētag</sone><sone id="l35_s15" lk="79" lemma="se" tahendus="see" ingl="this" liik="ProS" vorm="sg.gen.">sie</sone><sone id="l35_s16" lk="79" lemma="lēba" tahendus="leib" ingl="bread" liik="S" vorm="sg.gen.">lēba</sone><sone id="l35_s17" lk="79" lemma="ǭ’j" tahendus="ahi" ingl="oven" liik="S" vorm="sg.ill.">å̄’jə</sone><sone id="l35_s18" lk="79" lemma="un" tahendus="ja" ingl="and" liik="Konj">un</sone><sone id="l35_s19" lk="79" lemma="tämā" tahendus="tema" ingl="he, she" liik="ProS" vorm="sg.nom.">ta</sone><sone lk="79" keel="eesti" id="l35_s20" meta="vahemärk">=</sone><sone lk="79" keel="eesti" id="l35_s21" lemma="vȱlda" tahendus="olla" ingl="be" liik="Va" vorm="pers.ind.pr.sg.3.">m’</sone><sone id="l35_s22" lk="79" lemma="kītõ" tahendus="öelda" ingl="say" liik="V" vorm="nud.sg.">kītən</sone><sone id="l35_s23" lk="79" meta="vahemärk">,</sone><sone id="l35_s24" lk="79" lemma="ku" tahendus="et" ingl="that" liik="Konj">ku</sone><sone id="l35_s25" lk="79" lemma="tämā" tahendus="tema" ingl="he, she" liik="ProS" vorm="sg.dat.">täm’mən</sone><sone id="l35_s26" lk="79" lemma="ä’b" tahendus="ei" ingl="not" liik="Mn" vorm="pr.sg.3.">äb</sone><sone id="l35_s27" lk="79" lemma="vȱlda" tahendus="olla" ingl="be" liik="V" vorm="pers.ind.sg.3.neg.">uo</sone><sone id="l35_s28" lk="79" lemma="āiga" tahendus="aeg" ingl="time" liik="S" vorm="sg.part.">aigə</sone><sone id="l35_s29" lk="79" meta="vahemärk">.</sone></lause><lause id="l36"><sone id="l36_s1" lk="79" lemma="un" tahendus="ja" ingl="and" liik="Konj">un</sone><sone id="l36_s2" lk="79" lemma="ni" tahendus="nüüd" ingl="now" liik="Adv">ni</sone><sone id="l36_s3" lk="79" lemma="vȱlda" tahendus="olla" ingl="be" liik="V" vorm="nud.pl.">ve̮nd</sone><sone id="l36_s4" lk="79" lemma="ikš" tahendus="üks" ingl="one" liik="ProS" vorm="pl.nom.">ī’d</sone><sone id="l36_s5" lk="79" lemma="mȯizõ" tahendus="mõis" ingl="manor" liik="S" vorm="pl.nom.">me̮izəd</sone><sone id="l36_s6" lk="79" lemma="un" tahendus="ja" ingl="and" liik="Konj">un</sone><sone id="l36_s7" lk="79" lemma="tämā" tahendus="tema" ingl="he, she" liik="ProS" vorm="sg.nom.">ta</sone><sone lk="79" keel="eesti" id="l36_s8" meta="vahemärk">=</sone><sone lk="79" keel="eesti" id="l36_s9" lemma="vȱlda" tahendus="olla" ingl="be" liik="Va" vorm="pers.ind.pr.sg.3.">m’</sone><sone id="l36_s10" lk="79" lemma="lǟ’dõ" tahendus="minna" ingl="go" liik="V" vorm="nud.sg.">lǟ’nd</sone><sone id="l36_s11" lk="79" lemma="sīnõ" tahendus="sinna" ingl="there" liik="ProAdv">sīn</sone><sone id="l36_s12" lk="79" lemma="sillõ" tahendus="sisse" ingl="inside" liik="Adv">sil’lə</sone><sone id="l36_s13" lk="79" meta="vahemärk">.</sone></lause><lause id="l37"><sone id="l37_s1" lk="79" lemma="un" tahendus="ja" ingl="and" liik="Konj">un</sone><sone id="l37_s2" lk="79" lemma="ni" tahendus="nüüd" ingl="now" liik="Adv">ni</sone><sone lk="79" keel="eesti" id="l37_s3" meta="vahemärk">=</sone><sone lk="79" keel="eesti" id="l37_s4" lemma="vȱlda" tahendus="olla" ingl="be" liik="Va" vorm="pers.ind.pr.sg.3.">m’</sone><sone id="l37_s5" lk="79" lemma="vȱlda" tahendus="olla" ingl="be" liik="V" vorm="nud.sg.">ve̮nd</sone><sone id="l37_s6" lk="79" lemma="se" tahendus="see" ingl="this" liik="ProS" vorm="sg.nom.">se</sone><sone id="l37_s7" lk="79" lemma="vanā" tahendus="vana" ingl="old" liik="A" vorm="sg.nom.">vanā</sone><sone id="l37_s8" lk="79" lemma="kuŗē" tahendus="kurat" ingl="devil" liik="S" vorm="sg.gen.">kurē</sone><sone id="l37_s9" lk="79" lemma="jemā" tahendus="ema" ingl="mother" liik="S" vorm="sg.nom.">je̮mā</sone><sone id="l37_s10" lk="79" lemma="vastõ" tahendus="vastas" liik="Adv">vast</sone><sone id="l37_s11" lk="79" lemma="un" tahendus="ja" ingl="and" liik="Konj">un</sone><sone id="l37_s12" lk="79" lemma="ki’zzõ" tahendus="küsida" ingl="ask" liik="V" vorm="nud.sg.">ki’zzən</sone><sone id="l37_s13" lk="79" meta="vahemärk">:</sone><sone id="l37_s14" lk="79" meta="vahemärk">”</sone><sone lk="79" keel="eesti" id="l37_s15" lemma="mis" tahendus="mis" ingl="what" liik="Intr" vorm="sg.nom.">mis</sone><sone id="l37_s16" lk="79" lemma="sinā" tahendus="sina" ingl="you" liik="ProS" vorm="sg.nom.">sa</sone><sone id="l37_s17" lk="79" lemma="vȱlda" tahendus="olla" ingl="be" liik="Va" vorm="pers.ind.pr.sg.2.">uod</sone><sone id="l37_s18" lk="79" lemma="tǟnõ" tahendus="siia" ingl="here" liik="Adv">tǟnə</sone><sone id="l37_s19" lk="79" lemma="tūlda" tahendus="tulla" ingl="come" liik="V" vorm="nud.sg.">tund</sone><sone lk="79" keel="eesti" id="l37_s20" meta="vahemärk">?</sone><sone id="l37_s21" lk="79" meta="vahemärk">”</sone></lause><lause id="l38"><sone id="l38_s1" lk="79" lemma="tämā" tahendus="tema" ingl="he, she" liik="ProS" vorm="sg.nom.">ta</sone><sone lk="79" keel="eesti" id="l38_s2" meta="vahemärk">=</sone><sone lk="79" keel="eesti" id="l38_s3" lemma="vȱlda" tahendus="olla" ingl="be" liik="Va" vorm="pers.ind.pr.sg.3.">m’</sone><sone id="l38_s4" lk="79" lemma="kītõ" tahendus="öelda" ingl="say" liik="V" vorm="nud.sg.">kītən</sone><sone id="l38_s5" lk="79" meta="vahemärk">,</sone><sone id="l38_s6" lk="79" lemma="ku" tahendus="et" ingl="that" liik="Konj">ku</sone><sone id="l38_s7" lk="79" lemma="tämā" tahendus="tema" ingl="he, she" liik="ProS" vorm="sg.dat.">täm’mən</sone><sone id="l38_s8" lk="79" lemma="vȱlda" tahendus="olla" ingl="be" liik="Va" vorm="pers.ind.pr.sg.3.">um’</sone><sone id="l38_s9" lk="79" lemma="sa’ddõ" tahendus="kukkuda" ingl="fall" liik="V" vorm="nud.sg.">sa’ddən</sone><sone id="l38_s10" lk="79" lemma="spūoļ" tahendus="pool" ingl="spool" liik="S" vorm="sg.nom.">spuoĺ</sone><sone id="l38_s11" lk="79" lemma="kouv" tahendus="kaev" ingl="well" liik="S" vorm="sg.ill.">kouvə</sone><sone id="l38_s12" lk="79" lemma="un" tahendus="ja" ingl="and" liik="Konj">un</sone><sone id="l38_s13" lk="79" lemma="ku" tahendus="et" ingl="that" liik="Konj">ku</sone><sone id="l38_s14" lk="79" lemma="tämā" tahendus="tema" ingl="he, she" liik="ProS" vorm="sg.nom.">ta</sone><sone lk="79" keel="eesti" id="l38_s15" meta="vahemärk">=</sone><sone lk="79" keel="eesti" id="l38_s16" lemma="vȱlda" tahendus="olla" ingl="be" liik="Va" vorm="pers.ind.pr.sg.3.">m’</sone><sone id="l38_s17" lk="79" lemma="tūlda" tahendus="tulla" ingl="come" liik="V" vorm="nud.sg.">tund</sone><sone id="l38_s18" lk="79" lemma="se" tahendus="see" ingl="this" liik="ProS" vorm="sg.part.">sⁱedā</sone><sone id="l38_s19" lk="79" lemma="vȯtšõ" tahendus="otsida" ingl="search" liik="V" vorm="sup.">ve̮tšəm</sone><sone id="l38_s20" lk="79" meta="vahemärk">.</sone></lause><lause id="l39"><sone id="l39_s1" lk="79" lemma="ni" tahendus="nüüd" ingl="now" liik="Adv">ni</sone><sone id="l39_s2" lk="79" lemma="se" tahendus="see" ingl="this" liik="ProS" vorm="sg.nom.">se</sone><sone id="l39_s3" lk="79" lemma="vanā" tahendus="vana" ingl="old" liik="A" vorm="sg.nom.">vanā</sone><sone id="l39_s4" lk="79" lemma="jemā" tahendus="ema" ingl="mother" liik="S" vorm="sg.nom.">je̮mā</sone><sone id="l39_s5" lk="79" lemma="vȱlda" tahendus="olla" ingl="be" liik="Va" vorm="pers.ind.pr.sg.3.">um’</sone><sone id="l39_s6" lk="79" lemma="andõ" tahendus="anda" ingl="give" liik="V" vorm="nud.sg.">andən</sone><sone id="l39_s7" lk="79" lemma="tämā" tahendus="tema" ingl="he, she" liik="ProS" vorm="sg.dat.">täm’mən</sone><sone id="l39_s8" lk="79" lemma="ka" tahendus="ka" ingl="also" liik="ModAdv">ka</sone><sone id="l39_s9" lk="79" lemma="ne" tahendus="need" ingl="these" liik="ProS" vorm="pl.nom.">ne</sone><sone id="l39_s10" lk="79" lemma="võțīm" tahendus="võti" ingl="key" liik="S" vorm="pl.nom.">vi̮t́məd</sone><sone id="l39_s11" lk="79" meta="vahemärk">.</sone></lause><lause id="l40"><sone id="l40_s1" lk="79" lemma="ni" tahendus="nüüd" ingl="now" liik="Adv">ni</sone><sone id="l40_s2" lk="79" lemma="tämā" tahendus="tema" ingl="he, she" liik="ProS" vorm="sg.nom.">ta</sone><sone lk="79" keel="eesti" id="l40_s3" meta="vahemärk">=</sone><sone lk="79" keel="eesti" id="l40_s4" lemma="vȱlda" tahendus="olla" ingl="be" liik="Va" vorm="pers.ind.pr.sg.3.">m’</sone><sone id="l40_s5" lk="79" lemma="ka" tahendus="ka" ingl="also" liik="ModAdv">ka</sone><sone id="l40_s6" lk="79" lemma="lǟ’dõ" tahendus="minna" ingl="go" liik="V" vorm="nud.sg.">lǟ’nd</sone><sone id="l40_s7" lk="79" lemma="amād" tahendus="kõik" ingl="all" liik="ProS" vorm="pl.ill.">am’ži</sone><sone id="l40_s8" lk="79" lemma="ne" tahendus="need" ingl="these" liik="ProS" vorm="pl.ill.">nēži</sone><sone id="l40_s9" lk="79" lemma="tubā" tahendus="tuba" ingl="room" liik="S" vorm="pl.ill.">tu’bži</sone><sone id="l40_s10" lk="79" lemma="un" tahendus="ja" ingl="and" liik="Konj">un</sone><sone id="l40_s11" lk="79" lemma="se" tahendus="see" ingl="this" liik="ProS" vorm="sg.nom.">se</sone><sone id="l40_s12" lk="79" lemma="kuŗē" tahendus="kurat" ingl="devil" liik="S" vorm="sg.gen.">kurē</sone><sone id="l40_s13" lk="79" lemma="jemā" tahendus="ema" ingl="mother" liik="S" vorm="sg.nom.">je̮mā</sone><sone id="l40_s14" lk="79" lemma="vȱlda" tahendus="olla" ingl="be" liik="Va" vorm="pers.ind.pr.sg.3.">um’</sone><sone id="l40_s15" lk="79" lemma="kītõ" tahendus="öelda" ingl="say" liik="V" vorm="nud.sg.">kītən</sone><sone id="l40_s16" lk="79" meta="vahemärk">,</sone><sone id="l40_s17" lk="79" lemma="la’z" tahendus="las" ingl="let" liik="ModAdv">las</sone><sone id="l40_s18" lk="79" lemma="tämā" tahendus="tema" ingl="he, she" liik="ProS" vorm="sg.nom.">ta</sone><sone id="l40_s19" lk="79" lemma="lǟ’dõ" tahendus="minna" ingl="go" liik="V" vorm="pers.jus.pr.sg.3.">läk</sone><sone id="l40_s20" lk="79" lemma="amād" tahendus="kõik" ingl="everybody" liik="ProS" vorm="pl.ill.">am’ži</sone><sone id="l40_s21" lk="79" meta="vahemärk">,</sone><sone id="l40_s22" lk="79" lemma="bet" tahendus="aga" ingl="but" liik="Konj">bet</sone><sone id="l40_s23" lk="79" lemma="se" tahendus="see" ingl="this" liik="ProS" vorm="sg.ill.">si’ezə</sone><sone id="l40_s24" lk="79" lemma="ikš" tahendus="üks" ingl="one" liik="ProS" vorm="sg.ill.">ī’d</sone><sone id="l40_s25" lk="79" lemma="ä’b" tahendus="ei" ingl="not" liik="Mn" vorm="pr.sg.3.">äb</sone><sone id="l40_s26" lk="79" meta="vahemärk">.</sone></lause><lause id="l41"><sone id="l41_s1" lk="79" lemma="un" tahendus="ja" ingl="and" liik="Konj">un</sone><sone id="l41_s2" lk="79" lemma="si’z" tahendus="siis" ingl="then" liik="ProAdv">siz</sone><sone id="l41_s3" lk="79" lemma="tämā" tahendus="tema" ingl="he, she" liik="ProS" vorm="sg.nom.">ta</sone><sone lk="79" keel="eesti" id="l41_s4" meta="vahemärk">=</sone><sone lk="79" keel="eesti" id="l41_s5" lemma="vȱlda" tahendus="olla" ingl="be" liik="Va" vorm="pers.ind.pr.sg.3.">m’</sone><sone id="l41_s6" lk="79" lemma="mõtlõ" tahendus="mõelda" ingl="think" liik="V" vorm="nud.sg.">mi̮tlən</sone><sone id="l41_s7" lk="79" meta="vahemärk">,</sone><sone id="l41_s8" lk="79" lemma="mis" ingl="what" liik="Intr" tahendus="mis" vorm="sg.nom.">mis</sone><sone id="l41_s9" lk="79" lemma="sǟ’l" tahendus="seal" ingl="there" liik="ProAdv">sǟ’l</sone><sone id="l41_s10" lk="80" lemma="vȱlda" tahendus="olla" ingl="be" liik="V" vorm="pers.ind.pr.sg.3.">um’</sone><sone id="l41_s11" lk="80" meta="vahemärk">,</sone><sone id="l41_s12" lk="80" lemma="tämā" tahendus="tema" ingl="he, she" liik="ProS" vorm="sg.nom.">ta</sone><sone id="l41_s13" lk="80" lemma="lǟ’dõ" tahendus="minna" ingl="go" liik="V" vorm="pers.ind.pr.sg.3.">lǟ’b</sone><sone id="l41_s14" lk="80" lemma="ka" tahendus="ka" ingl="also" liik="ModAdv">ka</sone><sone id="l41_s15" lk="80" lemma="sīnõ" tahendus="sinna" ingl="there" liik="ProAdv">sīnə</sone><sone id="l41_s16" lk="80" lemma="sillõ" tahendus="sisse" ingl="inside" liik="Adv">sil’l</sone><sone id="l41_s17" lk="80" meta="vahemärk">.</sone></lause><lause id="l42"><sone id="l42_s1" lk="80" lemma="un" tahendus="ja" ingl="and" liik="Konj">un</sone><sone id="l42_s2" lk="80" lemma="sǟ’l" tahendus="seal" ingl="there" liik="ProAdv">sǟ’l</sone><sone id="l42_s3" lk="80" lemma="vȱlda" tahendus="olla" ingl="be" liik="Va" vorm="pers.ind.pr.pl.3.">a’dtə</sone><sone id="l42_s4" lk="80" lemma="vȱlda" tahendus="olla" ingl="be" liik="V" vorm="nud.pl.">ve̮nnəd</sone><sone id="l42_s5" lk="80" lemma="kakš" tahendus="kaks" ingl="two" liik="Nump" vorm="sg.nom.">kakš</sone><sone id="l42_s6" lk="80" lemma="kuldi" tahendus="kuldne" ingl="golden" liik="A" vorm="sg.part.">kuldist</sone><sone id="l42_s7" lk="80" lemma="bokā" tahendus="sokk" ingl="buck" liik="S" vorm="sg.part.">bokkə</sone><sone id="l42_s8" lk="80" lemma="un" tahendus="ja" ingl="and" liik="Konj">un</sone><sone id="l42_s9" lk="80" lemma="tämā" tahendus="tema" ingl="he, she" liik="ProS" vorm="sg.nom.">ta</sone><sone lk="80" keel="eesti" id="l42_s10" meta="vahemärk">=</sone><sone lk="80" keel="eesti" id="l42_s11" lemma="vȱlda" tahendus="olla" ingl="be" liik="Va" vorm="pers.ind.pr.sg.3.">m’</sone><sone id="l42_s12" lk="80" lemma="astõ" tahendus="astuda, ronida" ingl="step" liik="V" vorm="nud.sg.">astən</sone><sone id="l42_s13" lk="80" lemma="se" tahendus="see" ingl="this" liik="ProS" vorm="sg.gen.">sie</sone><sone id="l42_s14" lk="80" lemma="ikš" tahendus="üks" ingl="one" liik="ProS" vorm="sg.dat.">ī’dən</sone><sone id="l42_s15" lk="80" lemma="sǟlga" tahendus="selg" ingl="back" liik="S" vorm="sg.ill.">sälgə</sone><sone id="l42_s16" lk="80" lemma="un" tahendus="ja" ingl="and" liik="Konj">un</sone><sone id="l42_s17" lk="80" lemma="ratstõ" tahendus="ratsutada" ingl="ride" liik="V" vorm="nud.sg.">ratstən</sone><sone id="l42_s18" lk="80" lemma="je’ds+pēḑõn" tahendus="ära" ingl="away" liik="Adv">je̮’dspēd́ən</sone><sone id="l42_s19" lk="80" meta="vahemärk">.</sone></lause><lause id="l43"><sone id="l43_s1" lk="80" lemma="un" tahendus="ja" ingl="and" liik="Konj">un</sone><sone id="l43_s2" lk="80" lemma="si’z" tahendus="siis" ingl="then" liik="ProAdv">siz</sone><sone id="l43_s3" lk="80" lemma="vȱlda" tahendus="olla" ingl="be" liik="Va" vorm="pers.ind.pr.sg.3.">um’</sone><sone id="l43_s4" lk="80" lemma="tūlda" tahendus="tulla" ingl="come" liik="V" vorm="nud.sg.">tund</sone><sone id="l43_s5" lk="80" lemma="se" tahendus="see" ingl="this" liik="ProS" vorm="sg.nom.">se</sone><sone id="l43_s6" lk="80" lemma="kuŗē" tahendus="kurat" ingl="devil" liik="S" vorm="sg.gen.">kurē</sone><sone id="l43_s7" lk="80" lemma="jemā" tahendus="ema" ingl="mother" liik="S" vorm="sg.nom.">je̮mā</sone><sone id="l43_s8" lk="80" lemma="tagān" tahendus="järele" ingl="after" liik="Adv">tagān</sone><sone id="l43_s9" lk="80" lemma="un" tahendus="ja" ingl="and" liik="Konj">un</sone><sone id="l43_s10" lk="80" lemma="ki’zzõ" tahendus="küsida" ingl="ask" liik="V" vorm="nud.sg.">ki’zzən</sone><sone id="l43_s11" lk="80" lemma="se" tahendus="see" ingl="this" liik="ProS" vorm="sg.gen.">sie</sone><sone id="l43_s12" lk="80" lemma="ǭ’j" tahendus="ahi" ingl="oven" liik="S" vorm="sg.gen.">å̄’i</sone><sone id="l43_s13" lk="80" lemma="kä’dst" tahendus="käest" ingl="from" liik="Post">kä’dst</sone><sone id="l43_s14" lk="80" meta="vahemärk">,</sone><sone id="l43_s15" lk="80" lemma="või" tahendus="kas" ingl="whether" liik="Intr">vi̮i</sone><sone id="l43_s16" lk="80" lemma="tämā" tahendus="tema" ingl="he, she" liik="ProS" vorm="sg.nom.">ta</sone><sone id="l43_s17" lk="80" lemma="ä’b" tahendus="ei" ingl="not" liik="Mn" vorm="pr.sg.3.">äb</sone><sone id="l43_s18" lk="80" lemma="vȱlda" tahendus="olla" ingl="be" liik="Va" vorm="pers.ind.sg.3.neg.">uo</sone><sone id="l43_s19" lk="80" lemma="nǟ’dõ" tahendus="näha" ingl="see" liik="V" vorm="nud.sg.">nǟnd</sone><sone id="l43_s20" lk="80" meta="vahemärk">.</sone></lause><lause id="l44"><sone id="l44_s1" lk="80" lemma="se" tahendus="see" ingl="this" liik="ProS" vorm="sg.nom.">se</sone><sone id="l44_s2" lk="80" lemma="ǭ’j" tahendus="ahi" ingl="oven" liik="S" vorm="sg.nom.">å̄’i</sone><sone id="l44_s3" lk="80" lemma="vȱlda" tahendus="olla" ingl="be" liik="Va" vorm="pers.ind.pr.sg.3.">um’</sone><sone id="l44_s4" lk="80" lemma="kītõ" tahendus="öelda" ingl="say" liik="V" vorm="nud.sg.">kītən</sone><sone id="l44_s5" lk="80" meta="vahemärk">,</sone><sone id="l44_s6" lk="80" lemma="ku" tahendus="et" ingl="that" liik="Konj">ku</sone><sone id="l44_s7" lk="80" lemma="vȱlda" tahendus="olla" ingl="be" liik="Va" vorm="pers.ind.pr.sg.3.">um’</sone><sone id="l44_s8" lk="80" lemma="lǟ’dõ" tahendus="minna" ingl="go" liik="V" vorm="nud.sg.">lǟ’nd</sone><sone id="l44_s9" lk="80" lemma="pi’ddõz" tahendus="mööda" ingl="past" liik="Adva">pi’ddiz</sone><sone id="l44_s10" lk="80" meta="vahemärk">.</sone></lause><lause id="l45"><sone id="l45_s1" lk="80" lemma="un" tahendus="ja" ingl="and" liik="Konj">un</sone><sone id="l45_s2" lk="80" lemma="si’z" tahendus="siis" ingl="then" liik="ProAdv">siz</sone><sone id="l45_s3" lk="80" lemma="tämā" tahendus="tema" ingl="he, she" liik="ProS" vorm="sg.nom.">ta</sone><sone lk="80" keel="eesti" id="l45_s4" meta="vahemärk">=</sone><sone lk="80" keel="eesti" id="l45_s5" lemma="vȱlda" tahendus="olla" ingl="be" liik="Va" vorm="pers.ind.pr.sg.3.">m’</sone><sone id="l45_s6" lk="80" lemma="lǟ’dõ" tahendus="minna" ingl="go" liik="V" vorm="nud.sg.">lǟ’nd</sone><sone id="l45_s7" lk="80" lemma="tegīž" tahendus="taas" ingl="again" liik="Adv">tegīž</sone><sone id="l45_s8" lk="80" meta="vahemärk">,</sone><sone id="l45_s9" lk="80" lemma="se" tahendus="see" ingl="this" liik="ProS" vorm="sg.nom.">se</sone><sone id="l45_s10" lk="80" lemma="va" tahendus="va" liik="A">va</sone><sone id="l45_s11" lk="80" lemma="kuŗē" tahendus="kurat" ingl="devil" liik="S" vorm="sg.gen.">kurē</sone><sone id="l45_s12" lk="80" lemma="jemā" tahendus="ema" ingl="mother" liik="S" vorm="sg.nom.">je̮mā</sone><sone id="l45_s13" lk="80" meta="vahemärk">,</sone><sone id="l45_s14" lk="80" lemma="sigā" tahendus="siga" ingl="pig" liik="S" vorm="sg.gen.">sigā</sone><sone id="l45_s15" lk="80" lemma="kä’dst" tahendus="käest" ingl="from" liik="Post">kä’dst</sone><sone id="l45_s16" lk="80" lemma="ki’zzõ" tahendus="küsida" ingl="ask" liik="V" vorm="sup.">ki’zzəm</sone><sone id="l45_s17" lk="80" meta="vahemärk">,</sone><sone id="l45_s18" lk="80" lemma="või" tahendus="kas" ingl="whether" liik="Intr">vi̮i</sone><sone id="l45_s19" lk="80" lemma="ä’b" tahendus="ei" ingl="not" liik="Mn" vorm="pr.sg.3.">äb</sone><sone id="l45_s20" lk="80" lemma="vȱlda" tahendus="olla" ingl="be" liik="Va" vorm="pers.ind.sg.3.neg.">uo</sone><sone id="l45_s21" lk="80" lemma="nǟ’dõ" tahendus="näha" ingl="see" liik="V" vorm="nud.sg.">nǟnd</sone><sone id="l45_s22" lk="80" meta="vahemärk">.</sone></lause><lause id="l46"><sone id="l46_s1" lk="80" lemma="se" tahendus="see" ingl="this" liik="ProS" vorm="sg.nom.">se</sone><sone id="l46_s2" lk="80" lemma="sigā" tahendus="siga" ingl="pig" liik="S" vorm="sg.nom.">sigā</sone><sone id="l46_s3" lk="80" lemma="vȱlda" tahendus="olla" ingl="be" liik="Va" vorm="pers.ind.pr.sg.3.">um’</sone><sone id="l46_s4" lk="80" lemma="kītõ" tahendus="öelda" ingl="say" liik="V" vorm="nud.sg.">kītən</sone><sone id="l46_s5" lk="80" meta="vahemärk">:</sone><sone id="l46_s6" lk="80" meta="vahemärk">”</sone><sone lk="80" keel="eesti" id="l46_s7" lemma="paldīņ" tahendus="praegu" ingl="now" liik="Adv">paldīń</sone><sone id="l46_s8" lk="80" lemma="lǟ’dõ" tahendus="minna" ingl="go" liik="V" vorm="pers.ind.ipf.sg.3.">lekš</sone><sone id="l46_s9" lk="80" lemma="pi’ddõz" tahendus="mööda" ingl="past" liik="Adva">pi’ddiz</sone><sone lk="80" keel="eesti" id="l46_s10" meta="vahemärk">.</sone><sone id="l46_s11" lk="80" meta="vahemärk">”</sone></lause><lause id="l47"><sone id="l47_s1" lk="80" lemma="ni" tahendus="nüüd" ingl="now" liik="Adv">ni</sone><sone id="l47_s2" lk="80" lemma="se" tahendus="see" ingl="this" liik="ProS" vorm="sg.nom.">se</sone><sone id="l47_s3" lk="80" lemma="vanā" tahendus="vana" ingl="old" liik="A" vorm="sg.nom.">vanā</sone><sone id="l47_s4" lk="80" lemma="kuŗē" tahendus="kurat" ingl="devil" liik="S" vorm="sg.gen.">kurē</sone><sone id="l47_s5" lk="80" lemma="jemā" tahendus="ema" ingl="mother" liik="S" vorm="sg.nom.">je̮mā</sone><sone id="l47_s6" lk="80" lemma="vȱlda" tahendus="olla" ingl="be" liik="Va" vorm="pers.ind.pr.sg.3.">um’</sone><sone id="l47_s7" lk="80" lemma="lǟ’dõ" tahendus="minna" ingl="go" liik="V" vorm="nud.sg.">lǟ’nd</sone><sone id="l47_s8" lk="80" lemma="tagān" tahendus="järele" ingl="after" liik="Adv">tagān</sone><sone id="l47_s9" lk="80" lemma="un" tahendus="ja" ingl="and" liik="Konj">un</sone><sone id="l47_s10" lk="80" lemma="sǭdõ" tahendus="selge, arukas" ingl="get" liik="V" vorm="nud.sg.">så̄nd</sone><sone id="l47_s11" lk="80" lemma="se" tahendus="see" ingl="this" liik="ProS" vorm="sg.gen.">sie</sone><sone id="l47_s12" lk="80" lemma="neitst" tahendus="neiu" ingl="maiden" liik="S" vorm="sg.gen.">neitst</sone><sone id="l47_s13" lk="80" lemma="kä’ddõ" tahendus="kätte" liik="Adva">kä’ddə</sone><sone id="l47_s14" lk="80" lemma="un" tahendus="ja" ingl="and" liik="Konj">un</sone><sone id="l47_s15" lk="80" lemma="astõ" tahendus="astuda, ronida" ingl="step" liik="V" vorm="nud.sg.">astən</sone><sone id="l47_s16" lk="80" lemma="ī’ž" tahendus="ise" ingl="self" liik="ProS" vorm="sg.nom.">ī’ž</sone><sone id="l47_s17" lk="80" lemma="se" tahendus="see" ingl="this" liik="ProS" vorm="sg.gen.">sie</sone><sone id="l47_s18" lk="80" lemma="kuldi" tahendus="kuldne" ingl="golden" liik="A" vorm="sg.gen.">kuldiz</sone><sone id="l47_s19" lk="80" lemma="bokā" tahendus="sokk" ingl="buck" liik="S" vorm="sg.dat.">bokān</sone><sone id="l47_s20" lk="80" lemma="sǟlga" tahendus="selg" ingl="back" liik="S" vorm="sg.ill.">sälgə</sone><sone id="l47_s21" lk="80" lemma="un" tahendus="ja" ingl="and" liik="Konj">un</sone><sone id="l47_s22" lk="80" lemma="akkõ" tahendus="hakata" ingl="grab" liik="V" vorm="nud.sg.">akkən</sone><sone id="l47_s23" lk="80" lemma="se" tahendus="see" ingl="this" liik="ProS" vorm="sg.gen.">sie</sone><sone id="l47_s24" lk="80" lemma="neitst" tahendus="neiu" ingl="maiden" liik="S" vorm="sg.dat.">neitstən</sone><sone id="l47_s25" lk="80" lemma="ibūks" tahendus="juus" ingl="hair" liik="S" vorm="pl.ill.">ibūkšiz</sone><sone id="l47_s26" lk="80" lemma="vi’zzõ" tahendus="kinni" liik="Adva">vi’zzə</sone><sone id="l47_s27" lk="80" lemma="un" tahendus="ja" ingl="and" liik="Konj">un</sone><sone id="l47_s28" lk="80" lemma="vīdõ" tahendus="viia" ingl="take" liik="V" vorm="nud.sg.">vīnd</sone><sone id="l47_s29" lk="80" lemma="tā’giž" tahendus="tagasi" ingl="back" liik="Adv">tā’giz</sone><sone id="l47_s30" lk="80" meta="vahemärk">.</sone></lause><lause id="l48"><sone id="l48_s1" lk="80" lemma="vīdõ" tahendus="viia" ingl="take" liik="V" vorm="nud.sg.">vīnd</sone><sone id="l48_s2" lk="80" lemma="se" tahendus="see" ingl="this" liik="ProS" vorm="sg.ill.">si’ezə</sone><sone id="l48_s3" lk="80" lemma="kǭmaŗ" tahendus="kamber" ingl="chamber" liik="S" vorm="sg.gen.">kå̄mər</sone><sone id="l48_s4" lk="80" lemma="sillõ" tahendus="sisse" ingl="inside" liik="Post">sil’lə</sone><sone id="l48_s5" lk="80" lemma="un" tahendus="ja" ingl="and" liik="Konj">un</sone><sone id="l48_s6" lk="80" lemma="sǟ’l" tahendus="seal" ingl="there" liik="ProAdv">sǟ’l</sone><sone id="l48_s7" lk="80" lemma="vȱlda" tahendus="olla" ingl="be" liik="Va" vorm="pers.ind.pr.sg.3.">um’</sone><sone id="l48_s8" lk="80" lemma="vȱlda" tahendus="olla" ingl="be" liik="V" vorm="nud.sg.">ve̮nd</sone><sone id="l48_s9" lk="80" lemma="klutš" tahendus="pakk" ingl="chopping block" liik="S" vorm="sg.nom.">klutš</sone><sone id="l48_s10" lk="80" lemma="un" tahendus="ja" ingl="and" liik="Konj">un</sone><sone id="l48_s11" lk="80" lemma="kīraz" tahendus="kirves" ingl="axe" liik="S" vorm="sg.nom.">kīraz</sone><sone id="l48_s12" lk="80" lemma="un" tahendus="ja" ingl="and" liik="Konj">un</sone><sone id="l48_s13" lk="80" lemma="ra’dļõ" tahendus="raiuda" ingl="chop" liik="V" vorm="nud.sg.">ra’dĺən</sone><sone id="l48_s14" lk="80" lemma="se" tahendus="see" ingl="this" liik="ProS" vorm="sg.gen.">sie</sone><sone id="l48_s15" lk="80" lemma="neitst" tahendus="neiu" ingl="maiden" liik="S" vorm="sg.dat.">neitstən</sone><sone id="l48_s16" lk="80" lemma="pǟ" tahendus="pea" ingl="head" liik="S" vorm="sg.gen.">pǟ</sone><sone id="l48_s17" lk="80" lemma="jarā" tahendus="ära" ingl="off" liik="Adva">je̮rā</sone><sone id="l48_s18" lk="80" lemma="un" tahendus="ja" ingl="and" liik="Konj">un</sone><sone id="l48_s19" lk="80" lemma="pānda" tahendus="panna" ingl="put" liik="V" vorm="nud.sg.">pand</sone><sone id="l48_s20" lk="80" lemma="bokā+taļ" tahendus="sokutall" ingl="buck barn" liik="S" vorm="sg.ill.">bokā+taĺĺə</sone><sone id="l48_s21" lk="80" meta="vahemärk">.</sone></lause></sisu>
</liivike>
