<?xml version="1.0" encoding="UTF-8"?>
<?xml-stylesheet type="text/xsl" href="liivike_tekst.xsl"?>
<liivike>
	<info><tyyp>kirjalik</tyyp><keel>liivi</keel><kirjaviis>foneetiline transkriptsioon</kirjaviis><kyla longituud="22.588" latituud="57.744">Kuolka</kyla><teos pealkiri="Näytteitä liivin kielestä" aasta="1953" koht="Helsinki">E. N. Setälä</teos><murre>idaliivi</murre><kirjaviis>foneetiline transkriptsioon</kirjaviis><kyla longituud="" latituud="">Kuolka</kyla><teos pealkiri="Näytteitä liivin kielestä" aasta="1953" koht="Helsinki">E. N. Setälä</teos><teema>Satuja 1</teema><keel>liivi</keel><murre>idaliivi</murre><kirjaviis>foneetiline transkriptsioon</kirjaviis><kyla longituud="" latituud="">Kuolka</kyla><teos pealkiri="Näytteitä liivin kielestä" aasta="1953" koht="Helsinki">E. N. Setälä</teos><keelejuht id="R" haridus="" synniaasta="" synnikoht="" vanus="" sugu="">Rosenfelt</keelejuht></info><sisu id="Set_Sat_1">
		<lause id="l1">
			<sone id="l1_s1" lk="61" lemma="ikš" tahendus="üks" ingl="one" liik="ProS" vorm="sg.nom.">ik̀š</sone>
			<sone id="l1_s2" lk="61" lemma="kõrd" tahendus="kord" ingl="time" liik="Adv">ki̮r̀d</sone><sone id="l1_s3" lk="61" lemma="vȱlda" tahendus="olla" ingl="be" liik="Va" vorm="pers.ind.pr.pl.3.">ā’ttə</sone><sone id="l1_s4" lk="61" lemma="sarõkāndõ" tahendus="kokku leppida" ingl="agree" liik="V" vorm="nud.pl.">sa+ri̮kàndənd</sone><sone id="l1_s5" lk="61" lemma="riek" tahendus="tee" ingl="road" liik="S" vorm="sg.gen.">rⁱεk̀</sone><sone id="l1_s6" lk="61" lemma="pǟlõ" tahendus="peale" ingl="on" liik="Post">pǟlə</sone><sone id="l1_s7" lk="61" lemma="lǟ’dõ" tahendus="minna" ingl="go" liik="V" vorm="inf.">lǟ’də</sone><sone id="l1_s8" lk="61" lemma="pubā" tahendus="uba" ingl="bean" liik="S" vorm="sg.nom.">pubà</sone><sone id="l1_s9" lk="61" meta="vahemärk">,</sone><sone id="l1_s10" lk="61" lemma="tungõl" tahendus="tuletukk" ingl="firebrand" liik="S" vorm="sg.nom.">tuŋ̀gəl</sone><sone id="l1_s11" lk="61" lemma="un" tahendus="ja" ingl="and" liik="Konj">un</sone><sone id="l1_s12" lk="61" lemma="vȯļg" tahendus="õlg -e" ingl="thatch" liik="S" vorm="sg.nom.">ve̮l̀́g</sone><sone id="l1_s13" lk="61" meta="vahemärk">.</sone></lause>
		<lause id="l2"><sone id="l2_s1" lk="61" lemma="agā" tahendus="aga" ingl="but" liik="Konj">agà</sone><sone id="l2_s2" lk="61" lemma="ku" tahendus="kui" ingl="when" liik="Konj">ku</sone><sone id="l2_s3" lk="61" lemma="ne" tahendus="nemad" ingl="they" liik="ProS" vorm="pl.nom.">ne</sone><sone id="l2_s4" lk="61" lemma="ni" tahendus="nüüd" ingl="now" liik="Adv">ni</sone><sone id="l2_s5" lk="61" lemma="vȱlda" tahendus="olla" ingl="be" liik="Va" vorm="pers.ind.pr.pl.3.">ā’t</sone><sone id="l2_s6" lk="61" lemma="lǟ’dõ" tahendus="minna" ingl="go" liik="V" vorm="nud.pl.">lǟ’nəd</sone><sone id="l2_s7" lk="61" meta="vahemärk">,</sone><sone id="l2_s8" lk="61" lemma="si’z" tahendus="siis" ingl="then" liik="ProAdv">siz</sone><sone id="l2_s9" lk="61" lemma="vȱlda" tahendus="olla" ingl="be" liik="Va" vorm="pers.ind.pr.sg.3.">um</sone><sone id="l2_s10" lk="61" lemma="vȱlda" tahendus="olla" ingl="be" liik="V" vorm="nud.sg.">ve̮ǹd</sone><sone id="l2_s11" lk="61" lemma="sūr" tahendus="suur" ingl="big" liik="A" vorm="sg.nom.">sūr</sone><sone id="l2_s12" lk="61" lemma="jo’ug" tahendus="jõgi" ingl="river" liik="S" vorm="sg.nom.">jou’g</sone><sone id="l2_s13" lk="61" lemma="je’ds" tahendus="ees" ingl="in front of" liik="Adv">jε’ds</sone><sone id="l2_s14" lk="61" meta="vahemärk">.</sone></lause><lause id="l3"><sone id="l3_s1" lk="61" lemma="ne" tahendus="nemad" ingl="they" liik="ProS" vorm="pl.nom.">ne</sone><sone id="l3_s2" lk="61" lemma="vȱlda" tahendus="olla" ingl="be" liik="Va" vorm="pers.ind.pr.pl.3.">ā’t</sone><sone id="l3_s3" lk="61" lemma="rõkāndõ" tahendus="kokku leppida" ingl="agree" liik="V" vorm="nud.pl.">ri̮kàndənəd</sone><sone id="l3_s4" lk="61" meta="vahemärk">,</sone><sone id="l3_s5" lk="61" lemma="kis" tahendus="kes" ingl="who" liik="ProS" vorm="sg.nom.">kis</sone><sone id="l3_s6" lk="61" lemma="īedõ" tahendus="saada" ingl="become" liik="V" vorm="pers.ind.pr.sg.3.">iεb</sone><sone id="l3_s7" lk="61" lemma="pa" tahendus="millekski, kellekski" liik="Pre">pa</sone><sone id="l3_s8" lk="61" lemma="pūrdaz" tahendus="purre" ingl="footbridge" liik="S" vorm="sg.instl.">pūŕidəks</sone><sone id="l3_s9" lk="61" meta="vahemärk">(</sone><sone id="l3_s10" lk="61" meta="kommentaar">pro</sone><sone id="l3_s11" lk="61" meta="kommentaar">pur̀dəks</sone><sone lk="61" keel="eesti" id="l3_s12" meta="vahemärk">?</sone><sone lk="61" keel="eesti" id="l3_s13" meta="vahemärk">)</sone><sone id="l3_s14" lk="61" meta="vahemärk">:</sone><sone id="l3_s15" lk="61" lemma="vȯļg" tahendus="õlg -e" ingl="thatch" liik="S" vorm="sg.nom.">ve̮ĺ̀g</sone><sone id="l3_s16" lk="61" meta="vahemärk">.</sone></lause><lause id="l4"><sone id="l4_s1" lk="61" lemma="tungõl" tahendus="tuletukk" ingl="firebrand" liik="S" vorm="sg.nom.">tuŋ̀gləz</sone><sone id="l4_s2" lk="61" lemma="lǟ’dõ" tahendus="minna" ingl="go" liik="V" vorm="nud.sg.">lǟ’nd</sone><sone id="l4_s3" lk="61" lemma="e’žmi" tahendus="esimene" ingl="first" liik="Numj" vorm="sg.nom." kommentaar="?">e’žmi</sone><sone id="l4_s4" lk="61" meta="vahemärk">.</sone></lause><lause id="l5"><sone id="l5_s1" lk="61" lemma="ne’i" tahendus="nii" ingl="so" liik="ProAdv">ne</sone><sone id="l5_s2" lk="61" lemma="ku" tahendus="kui" ingl="when" liik="Konj">ku</sone><sone id="l5_s3" lk="61" lemma="sǭdõ" tahendus="saada" ingl="get" liik="V" vorm="nud.sg.">så̄nd</sone><sone id="l5_s4" lk="61" lemma="puolstõ" tahendus="poolde" liik="Pre">puolstə</sone><sone id="l5_s5" lk="61" lemma="jo’ug" tahendus="jõgi" ingl="river" liik="S" vorm="sg.part.">jou’gə</sone><sone id="l5_s6" lk="61" meta="vahemärk">,</sone><sone id="l5_s7" lk="61" lemma="ne’i" tahendus="nii" ingl="so" liik="ProAdv">ne</sone><sone id="l5_s8" lk="61" lemma="vȯļg" tahendus="õlg -e" ingl="thatch" liik="S" vorm="sg.nom.">ve̮l̀́g</sone><sone id="l5_s9" lk="61" lemma="irgõ" tahendus="hakata" ingl="start" liik="V" vorm="nud.sg.">ür̀gənd</sone><sone id="l5_s10" lk="61" meta="vahemärk">(</sone><sone id="l5_s11" lk="61" meta="kommentaar">pro</sone><sone id="l5_s12" lk="61" meta="kommentaar">ür̀gən</sone><sone id="l5_s13" lk="61" meta="vahemärk">)</sone><sone id="l5_s14" lk="61" lemma="gru’ztõ" tahendus="kõrbeda" ingl="smoulder" liik="V" vorm="inf.">gru’źdə</sone><sone id="l5_s15" lk="61" lemma="un" tahendus="ja" ingl="and" liik="Konj">un</sone><sone id="l5_s16" lk="61" lemma="ne’i" tahendus="nii" ingl="so" liik="ProAdv">nei’</sone><sone id="l5_s17" lk="61" lemma="tungõl" tahendus="tuletukk" ingl="firebrand" liik="S" vorm="sg.nom.">tuŋ̀gəl</sone><sone id="l5_s18" lk="61" lemma="sa’ddõ" tahendus="kukkuda" ingl="fall" liik="V" vorm="nud.sg.">sa’ddən</sone><sone id="l5_s19" lk="61" lemma="jo’ug" tahendus="jõgi" ingl="river" liik="S" vorm="sg.ill.">jou’gə</sone><sone id="l5_s20" lk="61" lemma="un" tahendus="ja" ingl="and" liik="Konj">un</sone><sone id="l5_s21" lk="61" lemma="akkõ" tahendus="hakata" ingl="start" liik="V" vorm="nud.sg.">akkən</sone><sone id="l5_s22" lk="61" lemma="õvā" tahendus="vool" ingl="stream" liik="S" vorm="sg.instl.">i̮vàks</sone><sone id="l5_s23" lk="61" lemma="lǟ’dõ" tahendus="minna" ingl="go" liik="V" vorm="inf.">lǟ’də</sone><sone id="l5_s24" lk="61" lemma="je’dspēḑõn" tahendus="ära" ingl="away" liik="Adva">jε’dsped́ə</sone><sone id="l5_s25" lk="61" meta="vahemärk">.</sone></lause><lause id="l6"><sone id="l6_s1" lk="61" lemma="pubā" tahendus="uba" ingl="bean" liik="S" vorm="sg.nom.">pubà</sone><sone id="l6_s2" lk="61" lemma="kaņț" tahendus="serv" ingl="edge" liik="S" vorm="sg.gen.">kań̀t</sone><sone id="l6_s3" lk="61" lemma="pǟl" tahendus="peal" ingl="on" liik="Post">pǟl</sone><sone id="l6_s4" lk="61" lemma="nǟ’dõ" tahendus="näha" ingl="see" liik="V" vorm="nud.sg.">nǟnd</sone><sone id="l6_s5" lk="61" lemma="un" tahendus="ja" ingl="and" liik="Konj">un</sone><sone id="l6_s6" lk="61" lemma="irgõ" tahendus="hakata" ingl="start" liik="V" vorm="nud.sg.">ir̀gən</sone><sone id="l6_s7" lk="61" lemma="na’grõ" tahendus="naerda" ingl="laugh" liik="V" vorm="inf.">na’grə</sone><sone id="l6_s8" lk="61" lemma="un" tahendus="ja" ingl="and" liik="Konj">un</sone><sone id="l6_s9" lk="61" lemma="seņtš" tahendus="seni" liik="ProAdv" ingl="as long">seńt́š́</sone><sone id="l6_s10" lk="61" lemma="na’grõ" tahendus="naerda" ingl="laugh" liik="V" vorm="nud.sg.">na’grən</sone><sone id="l6_s11" lk="61" lemma="kuņtš" tahendus="kuni" ingl="until" liik="Konj">kuńt́š́</sone><sone id="l6_s12" lk="61" lemma="īedõ" tahendus="jääda" ingl="remain" liik="V" vorm="nud.sg.">iεnd</sone><sone id="l6_s13" lk="61" lemma="sū" tahendus="suu" ingl="mouth" liik="S" vorm="sg.nom.">sū</sone><sone id="l6_s14" lk="61" lemma="vāldiņ" tahendus="lahti" ingl="open" liik="Adv">vā͔ldiń</sone><sone id="l6_s15" lk="61" meta="vahemärk">.</sone></lause><lause id="l7"><sone id="l7_s1" lk="61" lemma="ni" tahendus="nüüd" ingl="now" liik="Adv">ni</sone><sone lk="61" keel="eesti" id="l7_s2" meta="vahemärk">=</sone><sone lk="61" keel="eesti" id="l7_s3" lemma="vȱlda" tahendus="olla" ingl="be" liik="Va" vorm="pers.ind.pr.sg.3.">m’</sone><sone id="l7_s4" lk="61" lemma="tūlda" tahendus="tulla" ingl="come" liik="V" vorm="nud.sg.">tuǹd</sone><sone id="l7_s5" lk="61" tahendus="rätsep" liik="S" vorm="sg.nom." lemma="skrūodõr" ingl="tailor">skruodiĺ</sone><sone id="l7_s6" lk="61" lemma="un" tahendus="ja" ingl="and" liik="Konj">un</sone><sone id="l7_s7" lk="61" lemma="se" tahendus="see" ingl="this" liik="ProS" vorm="sg.dat.">siεn</sone><sone id="l7_s8" lk="61" lemma="vȱlda" tahendus="olla" ingl="be" liik="Va" vorm="pers.ind.pr.sg.3.">um’</sone><sone id="l7_s9" lk="61" lemma="vȱlda" tahendus="olla" ingl="be" liik="V" vorm="nud.sg.">ve̮ǹd</sone><sone id="l7_s10" lk="61" lemma="mustā" tahendus="must" ingl="black" liik="A" vorm="sg.part.">mus̀tə</sone><sone id="l7_s11" lk="61" lemma="lānga" tahendus="lõng" ingl="thread" liik="S" vorm="sg.part.">laŋ̀gə</sone><sone id="l7_s12" lk="61" lemma="un" tahendus="ja" ingl="and" liik="Konj">un</sone><sone id="l7_s13" lk="61" lemma="se" tahendus="see" ingl="this" liik="ProS" vorm="sg.nom.">se</sone><sone lk="61" keel="eesti" id="l7_s14" meta="vahemärk">=</sone><sone lk="61" keel="eesti" id="l7_s15" lemma="vȱlda" tahendus="olla" ingl="be" liik="Va" vorm="pers.ind.pr.sg.3.">m’</sone><sone id="l7_s16" lk="61" lemma="umblõ" tahendus="õmmelda" ingl="sew" liik="V" vorm="nud.sg.">um̀blən</sone><sone id="l7_s17" lk="61" lemma="tämā" tahendus="tema" ingl="s/he" liik="ProS" vorm="sg.dat.">täm’mən</sone><sone id="l7_s18" lk="61" lemma="sū" tahendus="suu" ingl="mouth" liik="S" vorm="sg.nom.">sū</sone><sone id="l7_s19" lk="61" lemma="vi’zzõ" tahendus="kinni" liik="Adva" ingl="shut">vi’zzə</sone><sone id="l7_s20" lk="61" meta="vahemärk">.</sone></lause><lause id="l8"><sone id="l8_s1" lk="61" lemma="un" tahendus="ja" ingl="and" liik="Konj">un</sone><sone id="l8_s2" lk="61" lemma="ne’i" tahendus="nii" ingl="so" liik="ProAdv">nei’</sone><sone id="l8_s3" lk="61" lemma="tämā" tahendus="tema" ingl="s/he" liik="ProS" vorm="sg.dat.">täm’</sone><sone id="l8_s4" lk="61" lemma="paldīņ" tahendus="praegu" ingl="now" liik="Adv">pal̀diń</sone><sone id="l8_s5" lk="61" lemma="vȱlda" tahendus="olla" ingl="be" liik="V" vorm="pers.ind.pr.sg.3.">um’</sone><sone id="l8_s6" lk="61" lemma="mustā" tahendus="must" ingl="black" liik="A" vorm="sg.nom.">mustà</sone><sone id="l8_s7" lk="61" lemma="sū" tahendus="suu" ingl="mouth" liik="S" vorm="sg.nom.">sū</sone><sone id="l8_s8" lk="61" meta="vahemärk">.</sone></lause></sisu>
</liivike>
