<?xml version="1.0" encoding="UTF-8"?>
<?xml-stylesheet type="text/xsl" href="liivike_tekst.xsl"?>
<liivike>
	<info><tyyp>kirjalik</tyyp><teema>Satuja 56</teema><keel>liivi</keel><kirjaviis>foneetiline transkriptsioon</kirjaviis><muu>Diedrich Belt</muu><kyla longituud="22.107" latituud="57.62">Īra</kyla><teos pealkiri="Näytteitä liivin kielestä" aasta="1953" koht="Helsinki">E. N. Setälä</teos><murre>Īra</murre><kirjaviis>foneetiline transkriptsioon</kirjaviis><muu>Diedrich Belt</muu><kyla longituud="22.116667" latituud="57.616667">Īra</kyla><teos pealkiri="Näytteitä liivin kielestä" aasta="1953" koht="Helsinki">E. N. Setälä</teos></info><sisu id="Set_Sat_56">
		<lause id="l1">
			<sone id="l1_s1" lk="291" lemma="kuŗē" tahendus="kurat" ingl="devil" liik="S" vorm="sg.el.">kurēst</sone>
			<sone id="l1_s2" lk="291" lemma="un" tahendus="ja" ingl="and" liik="Konj">un</sone><sone id="l1_s3" lk="291" lemma="Ants" tahendus="Ants" liik="H" vorm="sg.el.">antsəst</sone><sone id="l1_s4" lk="291" meta="vahemärk">.</sone></lause>
		<lause id="l2"><sone id="l2_s1" lk="291" lemma="Īra" tahendus="Īra" lati="Lielirbe" liik="H" vorm="sg.gen.">Īra</sone><sone id="l2_s2" lk="291" meta="vahemärk">,</sone><sone id="l2_s3" lk="291" lemma="Diedrich" tahendus="Diedrich" liik="H" vorm="sg.nom.">Diedrich</sone><sone id="l2_s4" lk="291" lemma="Belt" tahendus="Belt" liik="H" vorm="sg.nom.">Belt</sone><sone id="l2_s5" lk="291" meta="vahemärk">.</sone></lause><lause id="l3"><sone id="l3_s1" lk="291" lemma="ikš" tahendus="üks" ingl="one" liik="ProS" vorm="sg.nom.">ükš</sone><sone id="l3_s2" lk="291" meta="vahemärk">[</sone><sone id="l3_s3" lk="291" lemma="kõrd" tahendus="kord" ingl="time" liik="S" vorm="sg.nom.">kürd</sone><sone id="l3_s4" lk="291" meta="vahemärk"> &gt;</sone><sone id="l3_s5" lk="291" meta="vahemärk">]</sone><sone id="l3_s6" lk="291" lemma="kõrd" tahendus="kord" ingl="time" liik="S" vorm="sg.nom.">ki̮rd</sone><sone id="l3_s7" lk="291" lemma="kuŗē" tahendus="kurat" ingl="devil" liik="S" vorm="sg.nom.">kurē</sone><sone id="l3_s8" lk="291" lemma="vȱlda" tahendus="olla" ingl="be" liik="Va" vorm="pers.ind.pr.sg.3.">um’</sone><sone id="l3_s9" lk="291" lemma="sǟdõ" tahendus="palgata" ingl="hire" liik="V" vorm="nud.sg.">sǟdən</sone><sone id="l3_s10" lk="291" lemma="Piški" tahendus="Pisike" ingl="Little" liik="H" vorm="sg.el.">piškist</sone><sone id="l3_s11" lk="291" lemma="Ants" tahendus="Ants" liik="H" vorm="sg.part.">antsə</sone><sone id="l3_s12" lk="291" lemma="ī’ž" tahendus="ise" ingl="self" liik="ProS" vorm="sg.gen.">eńt́š</sone><sone id="l3_s13" lk="291" lemma="jūr" tahendus="juurde" ingl="at" liik="Post" vorm="sg.gen.">jūr</sone><sone id="l3_s14" lk="291" lemma="pa" tahendus="millekski, kellekski" ingl="for" liik="Pre">pa</sone><sone id="l3_s15" lk="291" lemma="pȯis" tahendus="sulane" ingl="farm hand" liik="S" vorm="sg.instl.">pue̮šiks</sone><sone id="l3_s16" lk="291" lemma="un" tahendus="ja" ingl="and" liik="Konj">un</sone><sone id="l3_s17" lk="291" lemma="tämā" tahendus="tema" ingl="he" liik="ProS" vorm="sg.nom.">ta</sone><sone lk="291" keel="eesti" id="l3_s18" meta="vahemärk">=</sone><sone lk="291" keel="eesti" id="l3_s19" lemma="vȱlda" tahendus="olla" ingl="be" liik="Va" vorm="pers.ind.pr.sg.3.">m’</sone><sone id="l3_s20" lk="291" lemma="kītõ" tahendus="öelda" ingl="say" liik="V" vorm="nud.sg.">kītən</sone><sone id="l3_s21" lk="291" meta="vahemärk">,</sone><sone id="l3_s22" lk="291" lemma="ku" tahendus="et" ingl="that" liik="Konj">ku</sone><sone id="l3_s23" lk="291" lemma="Ants" tahendus="Ants" liik="H" vorm="sg.nom.">ants</sone><sone id="l3_s24" lk="291" lemma="se" tahendus="see" ingl="this" liik="ProS" vorm="sg.part.">sⁱedā</sone><sone id="l3_s25" lk="291" lemma="ä’b" tahendus="ei" ingl="not" liik="Mn" vorm="pers.ind.pr.sg.3.">äb</sone><sone id="l3_s26" lk="291" meta="vahemärk">[</sone><sone id="l3_s27" lk="291" lemma="võidõ" tahendus="võida" ingl="may" liik="V" vorm="pers.ind.sg.3.neg.">vui</sone><sone id="l3_s28" lk="291" meta="vahemärk"> &gt;</sone><sone id="l3_s29" lk="291" meta="vahemärk">]</sone><sone id="l3_s30" lk="291" lemma="võidõ" tahendus="võida" ingl="may" liik="V" vorm="pers.ind.sg.3.neg.">vi̮i</sone><sone id="l3_s31" lk="291" lemma="no+tieudõ" tahendus="teada" ingl="know" liik="V" vorm="inf.prf.">nu’o+ti’edə</sone><sone id="l3_s32" lk="291" meta="vahemärk">,</sone><sone id="l3_s33" lk="291" lemma="mis" tahendus="mis" ingl="what" liik="Intr" vorm="sg.part.">mis</sone><sone id="l3_s34" lk="291" lemma="tämā" tahendus="tema" ingl="he" liik="ProS" vorm="sg.nom.">ta</sone><sone id="l3_s35" lk="291" lemma="pānda" tahendus="käskida" ingl="order" liik="V" vorm="pers.ind.pr.sg.3.">panūb</sone><sone id="l3_s36" lk="291" meta="vahemärk">.</sone></lause><lause id="l4"><sone id="l4_s1" lk="291" lemma="agā" tahendus="aga" ingl="but" liik="Konj">aga</sone><sone id="l4_s2" lk="291" lemma="Ants" tahendus="Ants" liik="H" vorm="sg.nom.">ants</sone><sone id="l4_s3" lk="291" lemma="kītõ" tahendus="öelda" ingl="say" liik="V" vorm="nud.sg.">kītən</sone><sone id="l4_s4" lk="291" meta="vahemärk">:</sone><sone id="l4_s5" lk="291" meta="vahemärk">”</sone><sone lk="291" keel="eesti" id="l4_s6" lemma="ku" tahendus="kui" ingl="if" liik="Konj">ku</sone><sone id="l4_s7" lk="291" lemma="set" tahendus="ainult" ingl="only" liik="ModAdv">set</sone><sone id="l4_s8" lk="291" lemma="sinā" tahendus="sina" ingl="you" liik="ProS" vorm="sg.nom.">sa</sone><sone id="l4_s9" lk="291" lemma="perī+mīez" tahendus="peremees" ingl="master " liik="S" vorm="sg.nom.">peri+mies</sone><sone id="l4_s10" lk="291" lemma="se" tahendus="see" ingl="this" liik="ProS" vorm="sg.part.">sⁱeda</sone><sone id="l4_s11" lk="291" lemma="võidõ" tahendus="võida" ingl="may" liik="V" vorm="pers.ind.pr.sg.2.">vi̮id</sone><sone id="l4_s12" lk="291" meta="vahemärk">,</sone><sone id="l4_s13" lk="291" lemma="mis" tahendus="mis" ingl="what" liik="Intr" vorm="sg.nom.">mis</sone><sone id="l4_s14" lk="291" lemma="minā" tahendus="mina" ingl="I" liik="ProS" vorm="sg.nom.">ma</sone><sone lk="291" keel="eesti" id="l4_s15" meta="vahemärk">.</sone><sone id="l4_s16" lk="291" meta="vahemärk">”</sone></lause><lause id="l5"><sone id="l5_s1" lk="291" lemma="si’z" tahendus="siis" ingl="then" liik="ProAdv">siz</sone><sone id="l5_s2" lk="291" lemma="tämā" tahendus="tema" ingl="he" liik="ProS" vorm="sg.nom.">ta</sone><sone lk="291" keel="eesti" id="l5_s3" meta="vahemärk">=</sone><sone lk="291" keel="eesti" id="l5_s4" lemma="vȱlda" tahendus="olla" ingl="be" liik="Va" vorm="pers.ind.pr.sg.3.">m’</sone><sone id="l5_s5" lk="291" meta="vahemärk">[</sone><sone id="l5_s6" lk="291" lemma="tämā" tahendus="tema" ingl="he" liik="ProS" vorm="sg.nom.">ta</sone><sone lk="291" keel="eesti" id="l5_s7" meta="vahemärk">=</sone><sone lk="291" keel="eesti" id="l5_s8" lemma="vȱlda" tahendus="olla" ingl="be" liik="Va" vorm="pers.imp.pr.sg.2.">ᵘm’</sone><sone id="l5_s9" lk="291" meta="vahemärk">]</sone><sone id="l5_s10" lk="291" lemma="sǭdõ" tahendus="saada" ingl="get" liik="V" vorm="nud.sg.">sānd</sone><sone id="l5_s11" lk="291" lemma="kutsõ" tahendus="kutsuda" ingl="invite" liik="V" vorm="tud.">kutstəd</sone><sone id="l5_s12" lk="291" meta="muukeelne">bē’riz</sone><sone id="l5_s13" lk="291" meta="vahemärk">.</sone></lause><lause id="l6"><sone id="l6_s1" lk="291" lemma="si’z" tahendus="siis" ingl="then" liik="ProAdv">siz</sone><sone id="l6_s2" lk="291" lemma="tämā" tahendus="tema" ingl="he" liik="ProS" vorm="sg.nom.">ta</sone><sone lk="291" keel="eesti" id="l6_s3" meta="vahemärk">=</sone><sone lk="291" keel="eesti" id="l6_s4" lemma="vȱlda" tahendus="olla" ingl="be" liik="Va" vorm="pers.ind.pr.sg.3.">m’</sone><sone id="l6_s5" lk="291" lemma="kītõ" tahendus="öelda" ingl="say" liik="V" vorm="nud.sg.">kītən</sone><sone id="l6_s6" lk="291" meta="vahemärk">,</sone><sone id="l6_s7" lk="291" lemma="la’z" tahendus="las" ingl="let" liik="ModAdv">laz</sone><sone id="l6_s8" lk="291" lemma="Ants" tahendus="Ants" liik="H" vorm="sg.nom.">ants</sone><sone id="l6_s9" lk="291" lemma="kū’opõ" tahendus="hoida" ingl="attend" liik="V" vorm="pers.jus.pr.sg.3.">ku’e̮pəg</sone><sone id="l6_s10" lk="291" lemma="tämā" tahendus="tema" ingl="he" liik="ProS" vorm="sg.gen.">täm’</sone><sone id="l6_s11" lk="291" lemma="läpš" tahendus="laps" ingl="child" liik="S" vorm="pl.part.">läpši</sone><sone id="l6_s12" lk="291" lemma="i’ļ" tahendus="üle" ingl="over" liik="Pre">üĺ’</sone><sone id="l6_s13" lk="291" lemma="īe" tahendus="öö" ingl="night" liik="S" vorm="sg.gen.">üö</sone><sone id="l6_s14" lk="291" meta="vahemärk">[</sone><sone id="l6_s15" lk="291" lemma="īe" tahendus="öö" ingl="night" liik="S" vorm="sg.gen.">üä</sone><sone id="l6_s16" lk="291" meta="vahemärk">]</sone><sone id="l6_s17" lk="291" lemma="un" tahendus="ja" ingl="and" liik="Konj">un</sone><sone id="l6_s18" lk="291" lemma="si’z" tahendus="siis" ingl="then" liik="ProAdv">siz</sone><sone id="l6_s19" lk="291" lemma="ūoņdžõl" tahendus="hommikul" ingl="in the morning" liik="Adv">ue̮nd́žil</sone><sone id="l6_s20" lk="291" lemma="la’z" tahendus="las" ingl="let" liik="ModAdv">laz</sone><sone id="l6_s21" lk="291" lemma="lǟ’dõ" tahendus="minna" ingl="go" liik="V" vorm="pers.jus.pr.sg.3.">läk</sone><sone id="l6_s22" lk="291" lemma="Ants" tahendus="Ants" liik="H" vorm="sg.nom.">ants</sone><sone id="l6_s23" lk="291" lemma="ka" tahendus="ka" ingl="also" liik="ModAdv">ka</sone><sone id="l6_s24" lk="291" meta="muukeelne">bē’riz</sone><sone id="l6_s25" lk="291" lemma="un" tahendus="ja" ingl="and" liik="Konj">un</sone><sone id="l6_s26" lk="291" lemma="si’z" tahendus="siis" ingl="then" liik="ProAdv">siz</sone><sone id="l6_s27" lk="291" lemma="la’z" tahendus="las" ingl="let" liik="ModAdv">laz</sone><sone id="l6_s28" lk="291" lemma="eitõ" tahendus="heita" ingl="throw" liik="V" vorm="pers.jus.pr.sg.3.">ētag</sone><sone id="l6_s29" lk="291" lemma="sīlma" tahendus="silm" ingl="eye" liik="S" vorm="pl.nom.">sīlmad</sone><sone id="l6_s30" lk="291" lemma="tämā" tahendus="tema" ingl="he" liik="ProS" vorm="sg.gen.">täm’</sone><sone id="l6_s31" lk="291" lemma="pūol" tahendus="poole" ingl="side" liik="Post">puol</sone><sone id="l6_s32" lk="291" meta="vahemärk">,</sone><sone id="l6_s33" lk="291" lemma="tämā" tahendus="tema" ingl="he" liik="ProS" vorm="sg.nom.">ta</sone><sone id="l6_s34" lk="291" lemma="ju" tahendus="ju" ingl="of course" liik="ModAdv">ju</sone><sone id="l6_s35" lk="291" lemma="ma’ggõ" tahendus="magada" ingl="sleep" liik="V" vorm="pers.kvt.pr.sg.3.">ma’ggiji</sone><sone id="l6_s36" lk="291" lemma="ǭ’j" tahendus="ahi" ingl="oven" liik="S" vorm="sg.gen.">ā’i</sone><sone id="l6_s37" lk="291" lemma="pǟl " tahendus="peal" ingl="on" liik="Post">pǟl</sone><sone id="l6_s38" lk="291" meta="vahemärk">.</sone></lause><lause id="l7"><sone id="l7_s1" lk="291" lemma="si’z" tahendus="siis" ingl="then" liik="ProAdv">siz</sone><sone id="l7_s2" lk="291" lemma="Ants" tahendus="Ants" liik="H" vorm="sg.nom.">ants</sone><sone id="l7_s3" lk="291" lemma="tappõ" tahendus="tappa" ingl="kill" liik="V" vorm="nud.sg.">tappən</sone><sone id="l7_s4" lk="291" lemma="īezõ" tahendus="öösel" ingl="night" liik="Adv">üözə</sone><sone id="l7_s5" lk="291" lemma="tikkiž" tahendus="kõik" ingl="all" liik="ProS" vorm="pl.nom.">tükkiz</sone><sone id="l7_s6" lk="291" lemma="läpš" tahendus="laps" ingl="child" liik="S" vorm="pl.nom.">lapst</sone><sone id="l7_s7" lk="291" lemma="mǭ’" tahendus="ära" ingl="off" liik="Adva">mā’</sone><sone id="l7_s8" lk="291" meta="vahemärk">,</sone><sone id="l7_s9" lk="291" lemma="īedõ" tahendus="lõigata" ingl="cut" liik="V" vorm="nud.sg.">i’edən</sone><sone id="l7_s10" lk="291" lemma="ma’g" tahendus="kõht" ingl="stomach" liik="S" vorm="pl.nom.">magūd</sone><sone id="l7_s11" lk="291" lemma="laigāld" tahendus="laiali" ingl="wide apart" liik="Adv">lā’igi</sone><sone id="l7_s12" lk="291" meta="vahemärk">,</sone><sone id="l7_s13" lk="291" lemma="käbīņțõ" tahendus="riputada" ingl="hang" liik="V" vorm="nud.sg.">käbīńt́ən</sone><sone id="l7_s14" lk="291" lemma="sāina" tahendus="sein" ingl="wall" liik="S" vorm="sg.gen.">sāina</sone><sone id="l7_s15" lk="291" lemma="jūr" tahendus="juurde" ingl="on" liik="Post">jūr</sone><sone id="l7_s16" lk="291" meta="vahemärk">,</sone><sone id="l7_s17" lk="291" lemma="tikkiž" tahendus="kõik" ingl="all" liik="ProS" vorm="sg.nom.">tükkiz</sone><sone id="l7_s18" lk="291" lemma="sīlma" tahendus="silm" ingl="eye" liik="S" vorm="pl.nom.">sīlmad</sone><sone id="l7_s19" lk="291" lemma="siskõ" tahendus="torgata" ingl="poke" liik="V" vorm="nud.sg.">süskən</sone><sone id="l7_s20" lk="291" lemma="ulzõ" tahendus="välja" ingl="out" liik="Adva">ulz</sone><sone id="l7_s21" lk="291" lemma="ne" tahendus="need" ingl="these" liik="ProS" vorm="pl.gen.">nänt</sone><sone id="l7_s22" lk="291" meta="vahemärk">[</sone><sone id="l7_s23" lk="291" lemma="pu’gtõ" tahendus="ajada" ingl="thread" liik="V" vorm="nud.sg.">pu’ktən</sone><sone id="l7_s24" lk="291" meta="vahemärk"> &gt;</sone><sone id="l7_s25" lk="291" meta="vahemärk">]</sone><sone id="l7_s26" lk="291" lemma="pu’gtõ" tahendus="ajada" ingl="thread" liik="V" vorm="nud.sg.">pu’gtən</sone><sone id="l7_s27" lk="291" lemma="lānga" tahendus="lõng" ingl="yarn" liik="S" vorm="sg.gen.">lāŋga</sone><sone id="l7_s28" lk="291" meta="vahemärk">[</sone><sone id="l7_s29" lk="291" lemma="si’zzõl" tahendus="sisse" ingl="into" liik="Adva">si’zl̥</sone><sone id="l7_s30" lk="291" meta="vahemärk"> &gt;</sone><sone id="l7_s31" lk="291" meta="vahemärk">]</sone><sone id="l7_s32" lk="291" lemma="sillõ" tahendus="sisse" ingl="into" liik="Adva">sil’l</sone><sone id="l7_s33" lk="291" meta="vahemärk">.</sone></lause><lause id="l8"><sone id="l8_s1" lk="291" lemma="si’z" tahendus="siis" ingl="then" liik="ProAdv">siz</sone><sone id="l8_s2" lk="291" lemma="tämā" tahendus="tema" ingl="he" liik="ProS" vorm="sg.nom.">ta</sone><sone id="l8_s3" lk="292" lemma="ūoņdžõl" tahendus="hommikul" ingl="in the morning" liik="Adv">uondžil</sone><sone id="l8_s4" lk="292" lemma="lǟʼdõ" tahendus="minna" ingl="go" liik="V" vorm="nud.sg.">lǟ’nd</sone><sone id="l8_s5" lk="292" lemma="ka" tahendus="ka" ingl="also" liik="ModAdv">ka</sone><sone id="l8_s6" lk="292" meta="muukeelne">bē’riz</sone><sone id="l8_s7" lk="292" lemma="un" tahendus="ja" ingl="and" liik="Konj">un</sone><sone id="l8_s8" lk="292" meta="vahemärk">[</sone><sone id="l8_s9" lk="292" lemma="võtt" tahendus="võtta" ingl="take" liik="V" vorm="nud.sg.">vuttən</sone><sone id="l8_s10" lk="292" meta="vahemärk"> &gt;</sone><sone id="l8_s11" lk="292" meta="vahemärk">]</sone><sone id="l8_s12" lk="292" lemma="võttõ" tahendus="võtta" ingl="take" liik="V" vorm="nud.sg.">vi̮ttən</sone><sone id="l8_s13" lk="292" lemma="sīlma" tahendus="silm" ingl="eye" liik="S" vorm="pl.gen.">sīlmad</sone><sone id="l8_s14" lk="292" lemma="ka" tahendus="ka" ingl="also" liik="ModAdv">ka</sone><sone id="l8_s15" lk="292" lemma="īņõs" tahendus="ühes" ingl="with" liik="Adv">ǖńiz</sone><sone id="l8_s16" lk="292" meta="vahemärk">.</sone></lause><lause id="l9"><sone id="l9_s1" lk="292" lemma="ku" tahendus="kui" ingl="when" liik="Konj">ku</sone><sone id="l9_s2" lk="292" lemma="tämā" tahendus="tema" ingl="he" liik="ProS" vorm="sg.nom.">ta</sone><sone id="l9_s3" lk="292" lemma="lǟʼdõ" tahendus="minna" ingl="go" liik="V" vorm="nud.sg.">lǟ’nd</sone><sone id="l9_s4" lk="292" lemma="ukš" tahendus="uks" ingl="door" liik="S" vorm="sg.el.">ukst</sone><sone id="l9_s5" lk="292" lemma="sillõ" tahendus="sisse" ingl="into" liik="Adva">sil’l</sone><sone id="l9_s6" lk="292" meta="vahemärk">,</sone><sone id="l9_s7" lk="292" lemma="ne’i" tahendus="nii" ingl="so" liik="ProAdv">nei’</sone><sone id="l9_s8" lk="292" lemma="tämā" tahendus="tema" ingl="he" liik="ProS" vorm="sg.nom.">ta</sone><sone id="l9_s9" lk="292" lemma="bissõ" tahendus="visata" ingl="throw" liik="V" vorm="nud.sg.">büssən</sone><sone id="l9_s10" lk="292" lemma="ne" tahendus="need" ingl="these" liik="ProS" vorm="pl.gen.">nänt</sone><sone id="l9_s11" lk="292" lemma="sīlma" tahendus="silm" ingl="eye" liik="S" vorm="pl.gen.">sīlmad</sone><sone id="l9_s12" lk="292" lemma="tikkiž" tahendus="kõik" ingl="all" liik="Adv">tükkiz</sone><sone id="l9_s13" lk="292" lemma="ǭ’j" tahendus="ahi" ingl="oven" liik="S" vorm="sg.gen.">ā’i</sone><sone id="l9_s14" lk="292" lemma="pǟl " tahendus="peale" ingl="onto" liik="Post">pǟl</sone><sone id="l9_s15" lk="292" lemma="kuŗē" tahendus="kurat" ingl="devil" liik="S" vorm="sg.gen.">kurē</sone><sone id="l9_s16" lk="292" lemma="jūr" tahendus="juurde" ingl="by" liik="Post">jūr</sone><sone id="l9_s17" lk="292" meta="vahemärk">.</sone></lause><lause id="l10"><sone id="l10_s1" lk="292" lemma="kuŗē" tahendus="kurat" ingl="devil" liik="S" vorm="sg.nom.">kurē</sone><sone id="l10_s2" lk="292" lemma="kītõ" tahendus="öelda" ingl="say" liik="V" vorm="nud.sg.">kītən</sone><sone id="l10_s3" lk="292" meta="vahemärk">:</sone><sone id="l10_s4" lk="292" meta="vahemärk">”</sone><sone lk="292" keel="eesti" id="l10_s5" lemma="ka" tahendus="ka" ingl="also" liik="ModAdv">ka</sone><sone id="l10_s6" lk="292" lemma="sinā" tahendus="sina" ingl="you" liik="ProS" vorm="sg.nom.">sa</sone><sone id="l10_s7" lk="292" lemma="minā" tahendus="mina" ingl="I" liik="ProS" vorm="sg.gen.">min’</sone><sone id="l10_s8" lk="292" lemma="läpš" tahendus="laps" ingl="child" liik="S" vorm="pl.part.">läpši</sone><sone id="l10_s9" lk="292" lemma="ka" tahendus="ka" ingl="also" liik="ModAdv">ka</sone><sone id="l10_s10" lk="292" lemma="kū’opõ" tahendus="hoida" ingl="attend" liik="V" vorm="pers.ind.ipf.sg.2.">ku’opist</sone><sone lk="292" keel="eesti" id="l10_s11" meta="vahemärk">?</sone><sone id="l10_s12" lk="292" meta="vahemärk">”</sone></lause><lause id="l11"><sone id="l11_s1" lk="292" lemma="tämā" tahendus="tema" ingl="he" liik="ProS" vorm="sg.nom.">ta</sone><sone id="l11_s2" lk="292" lemma="kītõ" tahendus="öelda" ingl="say" liik="V" vorm="pers.ind.ipf.sg.3.">kītiz</sone><sone id="l11_s3" lk="292" meta="vahemärk">:</sone><sone id="l11_s4" lk="292" meta="vahemärk">”</sone><sone lk="292" keel="eesti" id="l11_s5" lemma="läpš" tahendus="laps" ingl="child" liik="S" vorm="pl.nom.">lapst</sone><sone id="l11_s6" lk="292" lemma="vȱlda" tahendus="olla" ingl="be" liik="V" vorm="pers.ind.pr.pl.3.">ā’t</sone><sone id="l11_s7" lk="292" lemma="tikkiž" tahendus="kõik" ingl="all" liik="ProS" vorm="pl.nom.">tükkiz</sone><sone id="l11_s8" lk="292" lemma="sāina" tahendus="sein" ingl="wall" liik="S" vorm="sg.gen.">sāina</sone><sone id="l11_s9" lk="292" lemma="jūs" tahendus="juures" ingl="by" liik="Post">jūs</sone><sone id="l11_s10" lk="292" meta="vahemärk">,</sone><sone id="l11_s11" lk="292" lemma="un" tahendus="ja" ingl="and" liik="Konj">un</sone><sone id="l11_s12" lk="292" lemma="ne" tahendus="need" ingl="these" liik="ProS" vorm="pl.nom.">ne</sone><sone id="l11_s13" lk="292" lemma="vȱlda" tahendus="olla" ingl="be" liik="V" vorm="pers.ind.pr.pl.3.">ā’t</sone><sone id="l11_s14" lk="292" lemma="ne" tahendus="need" ingl="these" liik="ProS" vorm="pl.nom.">ne</sone><sone id="l11_s15" lk="292" lemma="sīlma" tahendus="silm" ingl="eye" liik="S" vorm="pl.nom.">sīlmad</sone><sone id="l11_s16" lk="292" meta="vahemärk">,</sone><sone id="l11_s17" lk="292" lemma="mis" tahendus="mis" ingl="what" liik="Intr" vorm="sg.nom.">mis</sone><sone id="l11_s18" lk="292" lemma="sinā" tahendus="sina" ingl="you" liik="ProS" vorm="sg.nom.">sa</sone><sone id="l11_s19" lk="292" lemma="pānda" tahendus="käskida" ingl="order" liik="V" vorm="nud.sg.">pań’d</sone><sone id="l11_s20" lk="292" lemma="eitõ" tahendus="heita" ingl="throw" liik="V" vorm="sup.">ētam</sone><sone id="l11_s21" lk="292" lemma="ǭ’j" tahendus="ahi" ingl="oven" liik="S" vorm="sg.gen.">ā’i</sone><sone id="l11_s22" lk="292" lemma="pǟl " tahendus="peale" ingl="onto" liik="Post">pǟl</sone><sone lk="292" keel="eesti" id="l11_s23" meta="vahemärk">.</sone><sone id="l11_s24" lk="292" meta="vahemärk">”</sone></lause><lause id="l12"><sone id="l12_s1" lk="292" lemma="ni" tahendus="nüüd" ingl="now" liik="Adv">ni</sone><sone id="l12_s2" lk="292" lemma="kuŗē" tahendus="kurat" ingl="devil" liik="S" vorm="sg.nom.">kurē</sone><sone id="l12_s3" lk="292" lemma="itkõ" tahendus="nutta" ingl="weep" liik="V" vorm="pers.ind.ipf.sg.3.">itkīz</sone><sone id="l12_s4" lk="292" meta="vahemärk">.</sone></lause><lause id="l13"><sone id="l13_s1" lk="292" lemma="ne’i" tahendus="nii" ingl="so" liik="ProAdv">nei’</sone><sone id="l13_s2" lk="292" lemma="kuŗē" tahendus="kurat" ingl="devil" liik="S" vorm="sg.nom.">kurē</sone><sone id="l13_s3" lk="292" lemma="tūlda" tahendus="tulla" ingl="come" liik="V" vorm="nud.sg.">tund</sone><sone id="l13_s4" lk="292" lemma="Ants" tahendus="Ants" liik="H" vorm="sg.instl.">antsəks</sone><sone id="l13_s5" lk="292" lemma="kuodāj" tahendus="koju" ingl="home" liik="Adv">kᵘe̮dāi</sone><sone id="l13_s6" lk="292" meta="vahemärk">.</sone></lause><lause id="l14"><sone id="l14_s1" lk="292" lemma="ni" tahendus="nüüd" ingl="now" liik="Adv">ni</sone><sone id="l14_s2" lk="292" lemma="ne" tahendus="nemad" ingl="they" liik="ProS" vorm="pl.nom.">ne</sone><sone id="l14_s3" lk="292" lemma="lǟʼdõ" tahendus="minna" ingl="go" liik="V" vorm="nud.pl.">lǟ’nəd</sone><sone id="l14_s4" lk="292" meta="vahemärk">[</sone><sone id="l14_s5" lk="292" lemma="mõtsā" tahendus="mets" ingl="forest" liik="S" vorm="sg.ill.">mütsə</sone><sone id="l14_s6" lk="292" meta="vahemärk"> &gt;</sone><sone id="l14_s7" lk="292" meta="vahemärk">]</sone><sone id="l14_s8" lk="292" lemma="mõtsā" tahendus="mets" ingl="forest" liik="S" vorm="sg.ill.">mi̮tsə</sone><sone id="l14_s9" lk="292" lemma="un" tahendus="ja" ingl="and" liik="Konj">un</sone><sone id="l14_s10" lk="292" lemma="kīskõ" tahendus="kiskuda" ingl="pull" liik="V" vorm="nud.pl.">kīskənəd</sone><sone id="l14_s11" lk="292" lemma="ikš" tahendus="üks" ingl="one" liik="ProS" vorm="sg.gen.">ǖ’d</sone><sone id="l14_s12" lk="292" lemma="täm" tahendus="tamm" ingl="oak" liik="S" vorm="sg.gen.">tamm</sone><sone id="l14_s13" lk="292" lemma="amād" tahendus="kõik" ingl="all" liik="ProS" vorm="pl.gen.">amād</sone><sone id="l14_s14" lk="292" lemma="jūŗ" tahendus="juur" ingl="root" liik="S" vorm="pl.instl.">jūrdkəks</sone><sone id="l14_s15" lk="292" lemma="ulz" tahendus="välja" ingl="out" liik="Adva">ulz</sone><sone id="l14_s16" lk="292" meta="vahemärk">.</sone></lause><lause id="l15"><sone id="l15_s1" lk="292" lemma="ni" tahendus="nüüd" ingl="now" liik="Adv">ni</sone><sone id="l15_s2" lk="292" lemma="kuŗē" tahendus="kurat" ingl="devil" liik="S" vorm="sg.nom.">kurē</sone><sone id="l15_s3" lk="292" lemma="kītõ" tahendus="öelda" ingl="say" liik="V" vorm="nud.sg.">kītən</sone><sone id="l15_s4" lk="292" meta="vahemärk">:</sone><sone id="l15_s5" lk="292" meta="vahemärk">”</sone><sone lk="292" keel="eesti" id="l15_s6" lemma="võttõ" tahendus="võtta" ingl="take" liik="V" vorm="pers.imp.pr.sg.2.">vi̮tā</sone><sone id="l15_s7" lk="292" lemma="sinā" tahendus="sina" ingl="you" liik="ProS" vorm="sg.nom.">sa</sone><sone id="l15_s8" lk="292" lemma="se" tahendus="see" ingl="this" liik="ProS" vorm="sg.nom.">se</sone><sone id="l15_s9" lk="292" lemma="ladā" tahendus="latv" ingl="top" liik="S" vorm="sg.nom.">ladā</sone><sone id="l15_s10" lk="292" meta="vahemärk">,</sone><sone id="l15_s11" lk="292" lemma="minā" tahendus="mina" ingl="I" liik="ProS" vorm="sg.nom.">ma</sone><sone id="l15_s12" lk="292" meta="vahemärk">[</sone><sone id="l15_s13" lk="292" lemma="võttõ" tahendus="võtta" ingl="take" liik="V" vorm="pers.ind.pr.sg.1.">utāb</sone><sone id="l15_s14" lk="292" meta="vahemärk"> &gt;</sone><sone id="l15_s15" lk="292" meta="vahemärk">]</sone><sone id="l15_s16" lk="292" lemma="võttõ" tahendus="võtta" ingl="take" liik="V" vorm="pers.ind.pr.sg.1.">vi̮tāb</sone><sone id="l15_s17" lk="292" lemma="se" tahendus="see" ingl="this" liik="ProS" vorm="sg.gen.">sie</sone><sone id="l15_s18" lk="292" meta="vahemärk">[</sone><sone id="l15_s19" lk="292" lemma="tõ’v" tahendus="tüvi" ingl="trunk" liik="S" vorm="sg.gen.">tü’v</sone><sone lk="292" keel="eesti" id="l15_s20" meta="vahemärk">&gt;</sone><sone id="l15_s21" lk="292" meta="vahemärk">]</sone><sone id="l15_s22" lk="292" lemma="tõ’v" tahendus="tüvi" ingl="trunk" liik="S" vorm="sg.gen.">ti̮v’</sone><sone lk="292" keel="eesti" id="l15_s23" meta="vahemärk">.</sone><sone id="l15_s24" lk="292" meta="vahemärk">”</sone></lause><lause id="l16"><sone id="l16_s1" lk="292" lemma="Ants" tahendus="Ants" liik="H" vorm="sg.nom.">ants</sone><sone id="l16_s2" lk="292" lemma="kītõ" tahendus="öelda" ingl="say" liik="V" vorm="pers.ind.ipf.sg.3.">kītiz</sone><sone id="l16_s3" lk="292" meta="vahemärk">:</sone><sone id="l16_s4" lk="292" meta="vahemärk">”</sone><sone lk="292" keel="eesti" id="l16_s5" lemma="võttõ" tahendus="võtta" ingl="take" liik="V" vorm="pers.imp.pr.sg.2.">vi̮tā</sone><sone id="l16_s6" lk="292" lemma="sinā" tahendus="sina" ingl="you" liik="ProS" vorm="sg.nom.">sa</sone><sone id="l16_s7" lk="292" lemma="se" tahendus="see" ingl="this" liik="ProS" vorm="sg.gen.">sie</sone><sone id="l16_s8" lk="292" lemma="ladā" tahendus="latv" ingl="top" liik="S" vorm="sg.gen.">ladā</sone><sone id="l16_s9" lk="292" meta="vahemärk">,</sone><sone id="l16_s10" lk="292" lemma="minā" tahendus="mina" ingl="I" liik="ProS" vorm="sg.nom.">ma</sone><sone id="l16_s11" lk="292" lemma="vȱlda" tahendus="olla" ingl="be" liik="V" vorm="pers.ind.pr.sg.1.">uo</sone><sone id="l16_s12" lk="292" lemma="jo" tahendus="enam (eessõna keskvõrde moodustamiseks)" ingl="more" liik="Pre">jo</sone><sone id="l16_s13" lk="292" lemma="ve’ggi" tahendus="vägev" ingl="strong" liik="A" vorm="sg.nom.">ve’ggi</sone><sone id="l16_s14" lk="292" meta="vahemärk">.</sone><sone id="l16_s15" lk="292" lemma="agā" tahendus="aga" ingl="but" liik="Konj">aga</sone><sone id="l16_s16" lk="292" lemma="immõr" tahendus="ümber" ingl="around" liik="Adv">ümmr̥</sone><sone id="l16_s17" lk="292" lemma="set" tahendus="ainult" ingl="only" liik="ModAdv">set</sone><sone id="l16_s18" lk="292" lemma="alā" tahendus="ära" ingl="not" liik="Mn" vorm="pers.imp.pr.sg.2.">alā</sone><sone id="l16_s19" lk="292" lemma="vaņțlõ" tahendus="vaadata" ingl="look" liik="V" vorm="pers.imp.pr.sg.2.neg.">vańḱĺə</sone><sone lk="292" keel="eesti" id="l16_s20" meta="vahemärk">!</sone><sone id="l16_s21" lk="292" meta="vahemärk">”</sone></lause><lause id="l17"><sone id="l17_s1" lk="292" lemma="si’z" tahendus="siis" ingl="then" liik="ProAdv">siz</sone><sone id="l17_s2" lk="292" lemma="Ants" tahendus="Ants" liik="H" vorm="sg.nom.">ants</sone><sone id="l17_s3" lk="292" lemma="istõ" tahendus="istuda" ingl="sit" liik="V" vorm="pers.ind.ipf.sg.3.">istīz</sone><sone id="l17_s4" lk="292" lemma="täm" tahendus="tamm" ingl="oak" liik="S" vorm="sg.gen.">tamm</sone><sone id="l17_s5" lk="292" lemma="jūŗ" tahendus="juur" ingl="root" liik="S" vorm="pl.gen.">jūrt</sone><sone id="l17_s6" lk="292" meta="vahemärk">[</sone><sone id="l17_s7" lk="292" lemma="jūŗ" tahendus="juur" ingl="root" liik="S" vorm="pl.gen.">jūrᴅ</sone><sone id="l17_s8" lk="292" meta="vahemärk">]</sone><sone id="l17_s9" lk="292" lemma="pǟl " tahendus="peal" ingl="on" liik="Post">pǟl</sone><sone id="l17_s10" lk="292" lemma="un" tahendus="ja" ingl="and" liik="Konj">un</sone><sone id="l17_s11" lk="292" lemma="kuŗē" tahendus="kurat" ingl="devil" liik="S" vorm="sg.nom.">kurē</sone><sone id="l17_s12" lk="292" lemma="kīskõ" tahendus="rebida" ingl="pull" liik="V" vorm="pers.ind.ipf.sg.3.">kīskiz</sone><sone id="l17_s13" lk="292" lemma="ku" tahendus="nagu" ingl="as" liik="Konj">ku</sone><sone id="l17_s14" lk="292" lemma="kīskõ" tahendus="rebida" ingl="pull" liik="V" vorm="pers.ind.ipf.sg.3.">kīskiz</sone><sone id="l17_s15" lk="292" meta="vahemärk">,</sone><sone id="l17_s16" lk="292" lemma="ku" tahendus="et" ingl="that" liik="Konj">ku</sone><sone id="l17_s17" lk="292" lemma="sǭdõ" tahendus="saada" ingl="get" liik="V" vorm="pers.ind.ipf.sg.3.">sai</sone><sone id="l17_s18" lk="292" lemma="kuodāj" tahendus="koju" ingl="home" liik="Adv">kᵘe̮dāi</sone><sone id="l17_s19" lk="292" meta="vahemärk">.</sone></lause><lause id="l18"><sone id="l18_s1" lk="292" lemma="si’z" tahendus="siis" ingl="then" liik="ProAdv">siz</sone><sone id="l18_s2" lk="292" lemma="bissõ" tahendus="visata" ingl="throw" liik="V" vorm="pers.ind.ipf.sg.3.">büsīz</sone><sone id="l18_s3" lk="292" lemma="mǭ’" tahendus="maha" ingl="down" liik="Adva">mā’</sone><sone id="l18_s4" lk="292" lemma="kǭrand" tahendus="talu" ingl="farm" liik="S" vorm="sg.ill.">kå̄randə</sone><sone id="l18_s5" lk="292" lemma="ne’i" tahendus="nii" ingl="so" liik="ProAdv">ne</sone><sone id="l18_s6" lk="292" lemma="ku" tahendus="et" ingl="that" liik="Konj">ku</sone><sone id="l18_s7" lk="292" lemma="Ants" tahendus="Ants" liik="H" vorm="sg.nom.">ants</sone><sone id="l18_s8" lk="292" lemma="kukkõ" tahendus="kukkuda" ingl="fall" liik="V" vorm="pers.ind.ipf.sg.3." kommentaar="?">kukīz</sone><sone id="l18_s9" lk="292" lemma="kim" tahendus="kümme" ingl="ten" liik="Nump" vorm="sg.nom.">küm</sone><sone id="l18_s10" lk="292" lemma="si’ļ" tahendus="süld " ingl="fathom" liik="S" vorm="sg.part.">sǖlda</sone><sone id="l18_s11" lk="292" lemma="amā" tahendus="kogu" ingl="all" liik="ProS" vorm="sg.gen.">amā</sone><sone id="l18_s12" lk="292" lemma="täm" tahendus="tamm" ingl="oak" liik="S" vorm="sg.instl.">tamkəks</sone><sone id="l18_s13" lk="292" lemma="i’lzõ" tahendus="üles" ingl="up" liik="Adva">ül’z</sone><sone id="l18_s14" lk="292" lemma="un" tahendus="ja" ingl="and" liik="Konj">un</sone><sone id="l18_s15" lk="292" lemma="sǭdõ" tahendus="saada" ingl="get" liik="V" vorm="pers.ind.ipf.sg.3.">sai</sone><sone id="l18_s16" lk="292" lemma="ikš" tahendus="üks" ingl="one" liik="ProS" vorm="sg.gen.">ǖ’d</sone><sone id="l18_s17" lk="292" lemma="piški" tahendus="pisike" ingl="small" liik="A" vorm="sg.gen.">piškīz</sone><sone id="l18_s18" lk="292" lemma="lind" tahendus="lind" ingl="bird" liik="S" vorm="sg.gen.">lind</sone><sone id="l18_s19" lk="292" lemma="kä’ddõ" tahendus="kätte" ingl="into hands" liik="Adva">kä’ddə</sone><sone id="l18_s20" lk="292" meta="vahemärk">.</sone></lause><lause id="l19"><sone id="l19_s1" lk="292" lemma="si’z" tahendus="siis" ingl="then" liik="ProAdv">siz</sone><sone id="l19_s2" lk="292" lemma="Ants" tahendus="Ants" liik="H" vorm="sg.nom.">ants</sone><sone id="l19_s3" lk="292" lemma="kītõ" tahendus="öelda" ingl="say" liik="V" vorm="pers.ind.ipf.sg.3.">kītiz</sone><sone id="l19_s4" lk="292" lemma="kuŗē" tahendus="kurat" ingl="devil" liik="S" vorm="sg.gen.">kurēn</sone><sone id="l19_s5" lk="292" meta="vahemärk">:</sone><sone id="l19_s6" lk="292" meta="vahemärk">”</sone><sone lk="292" keel="eesti" id="l19_s7" lemma="bissõ" tahendus="visata" ingl="throw" liik="V" vorm="pers.ind.pr.pl.1.">büssəm</sone><sone id="l19_s8" lk="292" lemma="ikš" tahendus="üks" ingl="one" liik="ProS" vorm="sg.gen.">ǖ’d</sone><sone id="l19_s9" lk="292" lemma="ki’v" tahendus="kivi" ingl="stone" liik="S" vorm="sg.gen.">kiv’</sone><sone id="l19_s10" lk="292" meta="vahemärk">,</sone><sone id="l19_s11" lk="292" lemma="kis" tahendus="kes" ingl="who" liik="Intr" vorm="sg.nom.">kis</sone><sone id="l19_s12" lk="292" meta="vahemärk">[</sone><sone id="l19_s13" lk="292" lemma="jo" tahendus="enam (eessõna keskvõrde moodustamiseks)" ingl="more" liik="Pre">jo</sone><sone id="l19_s14" lk="292" meta="vahemärk"> &gt;</sone><sone id="l19_s15" lk="292" meta="vahemärk">]</sone><sone id="l19_s16" lk="292" lemma="jo" tahendus="enam (eessõna keskvõrde moodustamiseks)" ingl="more" liik="Pre">ju’o</sone><sone id="l19_s17" lk="292" lemma="i’lzõ" tahendus="üles" ingl="up" liik="Adv">ül’z</sone><sone id="l19_s18" lk="292" lemma="no+bissõ" tahendus="visata" ingl="throw" liik="V" vorm="pers.ind.pr.sg.3.prf.">nu’o+büsūb</sone><sone lk="292" keel="eesti" id="l19_s19" meta="vahemärk">”</sone><sone id="l19_s20" lk="292" meta="vahemärk">,</sone><sone id="l19_s21" lk="292" lemma="a’ž" tahendus="kui" ingl="if" liik="Konj">aš</sone><sone id="l19_s22" lk="292" lemma="kuŗē" tahendus="kurat" ingl="devil" liik="S" vorm="sg.nom.">kurē</sone><sone id="l19_s23" lk="292" lemma="no+bissõ" tahendus="visata" ingl="throw" liik="V" vorm="pers.ind.pr.sg.3.prf.">nu’o+büsūb</sone><sone id="l19_s24" lk="292" lemma="jo" tahendus="enam (eessõna keskvõrde moodustamiseks)" ingl="more" liik="Pre">ju’o</sone><sone id="l19_s25" lk="292" lemma="i’lzõ" tahendus="üles" ingl="up" liik="Adva">ül’z</sone><sone id="l19_s26" lk="292" meta="vahemärk">,</sone><sone id="l19_s27" lk="292" lemma="si’z" tahendus="siis" ingl="then" liik="ProAdv">siz</sone><sone id="l19_s28" lk="292" lemma="Ants" tahendus="Ants" liik="H" vorm="sg.nom.">ants</sone><sone id="l19_s29" lk="292" lemma="lǟʼdõ" tahendus="minna" ingl="go" liik="V" vorm="pers.ind.pr.sg.3.">lǟ’b</sone><sone id="l19_s30" lk="292" lemma="jarā" tahendus="ära" ingl="away" liik="Adva">jerā</sone><sone id="l19_s31" lk="292" meta="vahemärk">.</sone></lause><lause id="l20"><sone id="l20_s1" lk="292" lemma="Ants" tahendus="Ants" liik="H" vorm="sg.nom.">ants</sone><sone id="l20_s2" lk="292" lemma="kītõ" tahendus="öelda" ingl="say" liik="V" vorm="pers.ind.ipf.sg.3.">kītiz</sone><sone id="l20_s3" lk="292" meta="vahemärk">,</sone><sone id="l20_s4" lk="292" lemma="la’z" tahendus="las" ingl="let" liik="ModAdv">laz</sone><sone id="l20_s5" lk="292" lemma="kuŗē" tahendus="kurat" ingl="devil" liik="S" vorm="sg.nom.">kurē</sone><sone id="l20_s6" lk="292" lemma="bissõ" tahendus="visata" ingl="throw" liik="V" vorm="pers.jus.pr.sg.3.">büssəg</sone><sone id="l20_s7" lk="292" lemma="je’ds" tahendus="enne" ingl="before" liik="Adv">je’ds</sone><sone id="l20_s8" lk="292" meta="vahemärk">.</sone></lause><lause id="l21"><sone id="l21_s1" lk="292" lemma="si’z" tahendus="siis" ingl="then" liik="ProAdv">siz</sone><sone id="l21_s2" lk="292" lemma="kuŗē" tahendus="kurat" ingl="devil" liik="S" vorm="sg.nom.">kurē</sone><sone id="l21_s3" lk="292" lemma="bissõ" tahendus="visata" ingl="throw" liik="V" vorm="nud.sg.">büssən</sone><sone id="l21_s4" lk="292" meta="vahemärk">.</sone></lause><lause id="l22"><sone id="l22_s1" lk="292" lemma="ki’v" tahendus="kivi" ingl="stone" liik="S" vorm="sg.nom.">kiv’</sone><sone id="l22_s2" lk="292" lemma="pī’lõ" tahendus="püsida" ingl="stay" liik="V" vorm="nud.sg.">pī’ĺən</sone><sone id="l22_s3" lk="292" lemma="mingi" tahendus="mõni" ingl="some" liik="ProS" vorm="sg.gen.">miŋgiz</sone><sone id="l22_s4" lk="292" lemma="stuņḑ" tahendus="tund" ingl="hour" liik="S" vorm="sg.gen.">stuńd</sone><sone id="l22_s5" lk="292" meta="vahemärk">,</sone><sone id="l22_s6" lk="292" lemma="si’z" tahendus="siis" ingl="then" liik="ProAdv">siz</sone><sone id="l22_s7" lk="293" lemma="tūlda" tahendus="tulla" ingl="come" liik="V" vorm="nud.sg.">tund</sone><sone id="l22_s8" lk="293" lemma="tā’giž" tahendus="tagasi" ingl="back" liik="Adva">ta’ggiz</sone><sone id="l22_s9" lk="293" meta="vahemärk">.</sone></lause><lause id="l23"><sone id="l23_s1" lk="293" lemma="si’z" tahendus="siis" ingl="then" liik="ProAdv">siz</sone><sone id="l23_s2" lk="293" lemma="Ants" tahendus="Ants" liik="H" vorm="sg.nom.">ants</sone><sone id="l23_s3" lk="293" lemma="bissõ" tahendus="visata" ingl="throw" liik="V" vorm="nud.sg.">büssən</sone><sone id="l23_s4" lk="293" lemma="eņțš" tahendus="oma" ingl="own" liik="ProS" vorm="sg.gen.">eńtš</sone><sone id="l23_s5" lk="293" lemma="piški" tahendus="pisike" ingl="small" liik="A" vorm="sg.gen.">piškīz</sone><sone id="l23_s6" lk="293" lemma="lind" tahendus="lind" ingl="bird" liik="S" vorm="sg.gen.">lind</sone><sone id="l23_s7" lk="293" meta="vahemärk">.</sone></lause><lause id="l24"><sone id="l24_s1" lk="293" lemma="si’z" tahendus="siis" ingl="then" liik="ProAdv">siz</sone><sone id="l24_s2" lk="293" lemma="vȯ’dlõ" tahendus="oodata" ingl="wait" liik="V" vorm="nud.pl.">ve̮’dlənəd</sone><sone id="l24_s3" lk="293" lemma="pǟva" tahendus="päev" ingl="day" liik="S" vorm="sg.gen.">pǟva</sone><sone id="l24_s4" lk="293" lemma="le’b" tahendus="läbi" ingl="through" liik="Post">le’b</sone><sone id="l24_s5" lk="293" meta="vahemärk">,</sone><sone id="l24_s6" lk="293" lemma="ä’b" tahendus="ei" ingl="not" liik="Mn" vorm="pers.ind.pr.sg.3.">äb</sone><sone id="l24_s7" lk="293" lemma="ikš" tahendus="üks" ingl="one" liik="ProS" vorm="sg.nom.">ǖ’t</sone><sone id="l24_s8" lk="293" lemma="ä’b" tahendus="ei" ingl="not" liik="Mn" vorm="pers.ind.pr.sg.3.">äb</sone><sone id="l24_s9" lk="293" lemma="tūlda" tahendus="tulla" ingl="come" liik="V" vorm="nud.sg." kommentaar="?">tund</sone><sone id="l24_s10" lk="293" lemma="tā’giž" tahendus="tagasi" ingl="back" liik="Adva">ta’ggiz</sone><sone id="l24_s11" lk="293" meta="vahemärk">.</sone></lause><lause id="l25"><sone id="l25_s1" lk="293" lemma="Ants" tahendus="Ants" liik="H" vorm="sg.nom.">ants</sone><sone id="l25_s2" lk="293" lemma="vindõ" tahendus="võita" ingl="win" liik="V" vorm="nud.sg.">vindən</sone><sone id="l25_s3" lk="293" meta="vahemärk">.</sone></lause><lause id="l26"><sone id="l26_s1" lk="293" lemma="si’z" tahendus="siis" ingl="then" liik="ProAdv">siz</sone><sone id="l26_s2" lk="293" lemma="Ants" tahendus="Ants" liik="H" vorm="sg.nom.">ants</sone><sone id="l26_s3" lk="293" lemma="lǟʼdõ" tahendus="minna" ingl="go" liik="V" vorm="nud.sg.">lǟ’nd</sone><sone id="l26_s4" lk="293" lemma="siepā" tahendus="sepp" ingl="smith" liik="S" vorm="sg.gen.">sⁱepā</sone><sone id="l26_s5" lk="293" lemma="jū’rõ" tahendus="juurde" ingl="to" liik="Post">jūrə</sone><sone id="l26_s6" lk="293" lemma="un" tahendus="ja" ingl="and" liik="Konj">un</sone><sone id="l26_s7" lk="293" lemma="vȯstõ" tahendus="osta" ingl="buy" liik="V" vorm="nud.sg.">ve̮stən</sone><sone id="l26_s8" lk="293" lemma="ikš" tahendus="üks" ingl="one" liik="ProS" vorm="sg.gen.">ǖ’d</sone><sone id="l26_s9" lk="293" lemma="nabāg" tahendus="oherdi (kulppuur)" ingl="auger" liik="S" vorm="sg.gen.">nabāg</sone><sone id="l26_s10" lk="293" meta="vahemärk">.</sone></lause><lause id="l27"><sone id="l27_s1" lk="293" lemma="si’z" tahendus="siis" ingl="then" liik="ProAdv">sis</sone><sone id="l27_s2" lk="293" lemma="tämā" tahendus="tema" ingl="he" liik="ProS" vorm="sg.nom.">ta</sone><sone id="l27_s3" lk="293" lemma="kītõ" tahendus="öelda" ingl="say" liik="V" vorm="nud.sg.">kītən</sone><sone id="l27_s4" lk="293" lemma="kuŗē" tahendus="kurat" ingl="devil" liik="S" vorm="sg.dat.">kurēn</sone><sone id="l27_s5" lk="293" meta="vahemärk">:</sone><sone id="l27_s6" lk="293" meta="vahemärk">”</sone><sone lk="293" keel="eesti" id="l27_s7" lemma="a’ž" tahendus="kui" ingl="if" liik="Konj">aš</sone><sone id="l27_s8" lk="293" lemma="sinā" tahendus="sina" ingl="you" liik="ProS" vorm="sg.nom.">sa</sone><sone id="l27_s9" lk="293" lemma="eņtš" tahendus="oma" ingl="own" liik="ProS" vorm="sg.gen.">eńt́š</sone><sone id="l27_s10" lk="293" lemma="ažā" tahendus="suguelund" ingl="cock" liik="S" vorm="sg.instl.">ažāks</sone><sone id="l27_s11" lk="293" lemma="no+laskõ" tahendus="lasta" ingl="let" liik="V" vorm="pers.ind.pr.sg.2.prf.">nu’o+lasūd</sone><sone id="l27_s12" lk="293" lemma="le’b" tahendus="läbi" ingl="through" liik="Pre">le’b</sone><sone id="l27_s13" lk="293" lemma="täm" tahendus="tamm" ingl="oak" liik="S" vorm="sg.gen.">tamm</sone><sone id="l27_s14" lk="293" lemma="kūoŗ" tahendus="koor" ingl="bark" liik="S" vorm="sg.gen.">kue̮rə</sone><sone id="l27_s15" lk="293" meta="vahemärk">,</sone><sone id="l27_s16" lk="293" lemma="si’z" tahendus="siis" ingl="then" liik="ProAdv">siz</sone><sone id="l27_s17" lk="293" lemma="minā" tahendus="mina" ingl="I" liik="ProS" vorm="sg.nom.">ma</sone><sone id="l27_s18" lk="293" lemma="lǟʼdõ" tahendus="minna" ingl="go" liik="V" vorm="pers.ind.pr.sg.1.">lǟ’b</sone><sone id="l27_s19" lk="293" lemma="jarā" tahendus="ära" ingl="away" liik="Adva">jerā</sone><sone id="l27_s20" lk="293" meta="vahemärk">,</sone><sone id="l27_s21" lk="293" lemma="a’ž" tahendus="kui" ingl="if" liik="Konj">aš</sone><sone id="l27_s22" lk="293" lemma="minā" tahendus="mina" ingl="I" liik="ProS" vorm="sg.nom.">ma</sone><sone id="l27_s23" lk="293" lemma="no+laskõ" tahendus="lasta" ingl="let" liik="V" vorm="pers.ind.pr.sg.1.prf.">nu’o+lasūb</sone><sone id="l27_s24" lk="293" meta="vahemärk">,</sone><sone id="l27_s25" lk="293" lemma="si’z" tahendus="siis" ingl="then" liik="ProAdv">siz</sone><sone id="l27_s26" lk="293" lemma="minā" tahendus="mina" ingl="I" liik="ProS" vorm="sg.nom.">ma</sone><sone id="l27_s27" lk="293" lemma="ä’b" tahendus="ei" ingl="not" liik="Mn" vorm="pers.ind.pr.sg.1.">äb</sone><sone id="l27_s28" lk="293" lemma="lǟ’dõ" tahendus="minna" ingl="go" liik="V" vorm="pers.ind.sg.1.neg.">lǟ’</sone><sone id="l27_s29" lk="293" lemma="jarā" tahendus="ära" ingl="away" liik="Adva">jerā</sone><sone lk="293" keel="eesti" id="l27_s30" meta="vahemärk">.</sone><sone id="l27_s31" lk="293" meta="vahemärk">”</sone></lause><lause id="l28"><sone id="l28_s1" lk="293" lemma="si’z" tahendus="siis" ingl="then" liik="ProAdv">sis</sone><sone id="l28_s2" lk="293" lemma="kuŗē" tahendus="kurat" ingl="devil" liik="S" vorm="sg.nom.">kurē</sone><sone id="l28_s3" lk="293" meta="vahemärk">[</sone><sone id="l28_s4" lk="293" lemma="vi’ggõltõ" tahendus="puurida" ingl="drill" liik="V" vorm="nud.sg.">vi’glətən</sone><sone id="l28_s5" lk="293" meta="vahemärk"> &gt;</sone><sone id="l28_s6" lk="293" meta="vahemärk">]</sone><sone id="l28_s7" lk="293" lemma="vi’ggõltõ" tahendus="puurida" ingl="drill" liik="V" vorm="pers.ind.ipf.sg.3.">vi’gl̥tiz</sone><sone id="l28_s8" lk="293" lemma="eņțš" tahendus="oma" ingl="own" liik="ProS" vorm="sg.gen.">eńtš</sone><sone id="l28_s9" lk="293" lemma="ažā" tahendus="suguelund" ingl="cock" liik="S" vorm="sg.instl.">ažāks</sone><sone id="l28_s10" lk="293" lemma="tīera" tahendus="terve" ingl="whole" liik="A" vorm="sg.gen.">tiera</sone><sone id="l28_s11" lk="293" lemma="stuņḑ" tahendus="tund" ingl="hour" liik="S" vorm="sg.gen.">stuńd</sone><sone id="l28_s12" lk="293" lemma="kūoŗ" tahendus="koor" ingl="bark" liik="S" vorm="sg.gen.">kue̮rə</sone><sone id="l28_s13" lk="293" lemma="jūs" tahendus="juures" ingl="at" liik="Post">jūs</sone><sone id="l28_s14" lk="293" meta="vahemärk">–</sone><sone id="l28_s15" lk="293" lemma="ä’b" tahendus="ei" ingl="not" liik="Mn" vorm="pers.ind.sg.3.">äb</sone><sone id="l28_s16" lk="293" lemma="midāgõd" tahendus="miski" ingl="anything" liik="ProS" vorm="sg.part.">midāgid</sone><sone id="l28_s17" lk="293" meta="vahemärk">.</sone></lause><lause id="l29"><sone id="l29_s1" lk="293" lemma="si’z" tahendus="siis" ingl="then" liik="ProAdv">siz</sone><sone id="l29_s2" lk="293" lemma="kuŗē" tahendus="kurat" ingl="devil" liik="S" vorm="sg.nom.">kurē</sone><sone id="l29_s3" lk="293" lemma="kītõ" tahendus="öelda" ingl="say" liik="V" vorm="nud.sg.">kītən</sone><sone id="l29_s4" lk="293" meta="vahemärk">,</sone><sone id="l29_s5" lk="293" lemma="la’z" tahendus="las" ingl="let" liik="ModAdv">laz</sone><sone id="l29_s6" lk="293" lemma="Ants" tahendus="Ants" liik="H" vorm="sg.nom.">ants</sone><sone id="l29_s7" lk="293" lemma="kǭ’ļõ" tahendus="proovida" ingl="try" liik="V" vorm="pers.jus.pr.sg.3.">kā’ĺəg</sone><sone id="l29_s8" lk="293" meta="vahemärk">.</sone></lause><lause id="l30"><sone id="l30_s1" lk="293" lemma="Ants" tahendus="Ants" liik="H" vorm="sg.nom.">ants</sone><sone id="l30_s2" lk="293" lemma="pistõ" tahendus="pista" ingl="shove" liik="V" vorm="nud.sg.">pistən</sone><sone id="l30_s3" lk="293" lemma="nabāg" tahendus="oherdi (kulppuur)" ingl="auger" liik="S" vorm="sg.gen.">nabāg</sone><sone id="l30_s4" lk="293" lemma="bikšõd" tahendus="püksid" ingl="trousers" liik="S" vorm="pl.gen.">bükšəd</sone><sone id="l30_s5" lk="293" lemma="sillõ" tahendus="sisse" ingl="in" liik="Adva">sil’l</sone><sone id="l30_s6" lk="293" meta="vahemärk">,</sone><sone id="l30_s7" lk="293" lemma="kakš" tahendus="kaks" ingl="two" liik="Nump" vorm="sg.nom.">kakš</sone><sone id="l30_s8" lk="293" lemma="kuolm" tahendus="kolm" ingl="three" liik="Nump" vorm="sg.nom.">kᵘe̮lm</sone><sone id="l30_s9" lk="293" lemma="kõrd" tahendus="kord" ingl="time" liik="S" vorm="sg.gen.">ki̮rd</sone><sone id="l30_s10" lk="293" lemma="sǭdõ" tahendus="saada" ingl="get" liik="V" vorm="nud.sg.">sānd</sone><sone id="l30_s11" lk="293" lemma="kīerõ" tahendus="keerata" ingl="skrew" liik="V" vorm="inf.">kierə</sone><sone id="l30_s12" lk="293" meta="vahemärk">,</sone><sone id="l30_s13" lk="293" lemma="si’z" tahendus="siis" ingl="then" liik="ProAdv">sis</sone><sone id="l30_s14" lk="293" lemma="vȱlda" tahendus="olla" ingl="be" liik="V" vorm="nud.sg.">ve̮nd</sone><sone id="l30_s15" lk="293" lemma="pūol" tahendus="pool" ingl="half" liik="Nump" vorm="sg.nom.">pue̮l</sone><sone id="l30_s16" lk="293" lemma="täm" tahendus="tamm" ingl="oak" liik="S" vorm="sg.part.">tammə</sone><sone id="l30_s17" lk="293" lemma="ouki" tahendus="auguga" ingl="pierced" liik="A" vorm="sg.nom.">ouki</sone><sone id="l30_s18" lk="293" meta="vahemärk">.</sone></lause><lause id="l31"><sone id="l31_s1" lk="293" lemma="ju" tahendus="ju" ingl="of course" liik="ModAdv">ju</sone><sone id="l31_s2" lk="293" lemma="Ants" tahendus="Ants" liik="H" vorm="sg.nom.">ants</sone><sone id="l31_s3" lk="293" lemma="vindõ" tahendus="võita" ingl="win" liik="V" vorm="nud.sg.">vindən</sone><sone id="l31_s4" lk="293" meta="vahemärk">.</sone></lause><lause id="l32"><sone id="l32_s1" lk="293" lemma="si’z" tahendus="siis" ingl="then" liik="ProAdv">siz</sone><sone id="l32_s2" lk="293" lemma="Ants" tahendus="Ants" liik="H" vorm="sg.nom.">ants</sone><sone id="l32_s3" lk="293" lemma="kītõ" tahendus="öelda" ingl="say" liik="V" vorm="nud.sg.">kītən</sone><sone id="l32_s4" lk="293" lemma="kuŗē" tahendus="kurat" ingl="devil" liik="S" vorm="sg.dat.">kurēn</sone><sone id="l32_s5" lk="293" meta="vahemärk">:</sone><sone id="l32_s6" lk="293" meta="vahemärk">”</sone><sone lk="293" keel="eesti" id="l32_s7" lemma="a’ž" tahendus="kui" ingl="if" liik="Konj">aš</sone><sone id="l32_s8" lk="293" meta="vahemärk">‿</sone><sone id="l32_s9" lk="293" lemma="sinā" tahendus="sina" ingl="you" liik="ProS">ša</sone><sone id="l32_s10" lk="293" lemma="minā" tahendus="mina" ingl="I" liik="ProS" vorm="sg.dat.">min’nən</sone><sone id="l32_s11" lk="293" lemma="andõ" tahendus="anda" ingl="give" liik="V" vorm="pers.ind.pr.sg.2.">āndad</sone><sone id="l32_s12" lk="293" lemma="ikš" tahendus="üks" ingl="one" liik="Nump" vorm="sg.gen.">ǖ’d</sone><sone id="l32_s13" lk="293" lemma="kuoț+täuž" tahendus="kotitäis" ingl="bagful" liik="S" vorm="sg.gen.">kᵘe̮t́t́+tävd</sone><sone id="l32_s14" lk="293" lemma="rǭ’" tahendus="raha" ingl="money" liik="S" vorm="sg.part.">rā’də</sone><sone id="l32_s15" lk="293" meta="vahemärk">,</sone><sone id="l32_s16" lk="293" lemma="si’z" tahendus="siis" ingl="then" liik="ProAdv">siz</sone><sone id="l32_s17" lk="293" lemma="minā" tahendus="mina" ingl="I" liik="ProS" vorm="sg.nom.">ma</sone><sone id="l32_s18" lk="293" lemma="lǟʼdõ" tahendus="minna" ingl="go" liik="V" vorm="pers.ind.pr.sg.1.">lǟ’b</sone><sone id="l32_s19" lk="293" lemma="jarā" tahendus="ära" ingl="away" liik="Adva">jerā</sone><sone lk="293" keel="eesti" id="l32_s20" meta="vahemärk">.</sone><sone id="l32_s21" lk="293" meta="vahemärk">”</sone></lause><lause id="l33"><sone id="l33_s1" lk="293" lemma="kuŗē" tahendus="kurat" ingl="devil" liik="S" vorm="sg.nom.">kurē</sone><sone id="l33_s2" lk="293" lemma="kītõ" tahendus="öelda" ingl="say" liik="V" vorm="pers.ind.ipf.sg.3.">kītiz</sone><sone id="l33_s3" lk="293" meta="vahemärk">:</sone><sone id="l33_s4" lk="293" meta="vahemärk">”</sone><sone lk="293" keel="eesti" id="l33_s5" lemma="se" tahendus="see" ingl="this" liik="ProS" vorm="sg.part.">sⁱeda</sone><sone id="l33_s6" lk="293" lemma="võidõ" tahendus="võida" ingl="may" liik="V" vorm="pers.ind.pr.sg.3.">vi̮ib</sone><sone id="l33_s7" lk="293" lemma="sǭdõ" tahendus="saada" ingl="get" liik="V" vorm="inf.">sādə</sone><sone lk="293" keel="eesti" id="l33_s8" meta="vahemärk">.</sone><sone id="l33_s9" lk="293" meta="vahemärk">”</sone></lause><lause id="l34"><sone id="l34_s1" lk="293" lemma="si’z" tahendus="siis" ingl="then" liik="ProAdv">siz</sone><sone id="l34_s2" lk="293" lemma="Ants" tahendus="Ants" liik="H" vorm="sg.nom.">ants</sone><sone id="l34_s3" lk="293" lemma="ī’edõ" tahendus="lõigata" ingl="cut" liik="V" vorm="pers.ind.ipf.sg.3.">i’ediz</sone><sone id="l34_s4" lk="293" lemma="kuoț" tahendus="kott" ingl="bag" liik="S" vorm="sg.gen.">kᵘe̮t́t́</sone><sone id="l34_s5" lk="293" lemma="aldõ" tahendus="alt" ingl="from under" liik="Adv">aldə</sone><sone id="l34_s6" lk="293" lemma="laigāld" tahendus="laiali" ingl="wide apart" liik="Adv" kommentaar="?">lā’igi</sone><sone id="l34_s7" lk="293" lemma="un" tahendus="ja" ingl="and" liik="Konj">un</sone><sone id="l34_s8" lk="293" lemma="vīdõ" tahendus="viia" ingl="take" liik="V" vorm="pers.ind.ipf.sg.3.">vīž</sone><sone id="l34_s9" lk="293" lemma="taļ" tahendus="tall" ingl="barn" liik="S" vorm="sg.ill.">taĺĺə</sone><sone id="l34_s10" lk="293" lemma="se" tahendus="see" ingl="this" liik="ProS" vorm="sg.gen.">sie</sone><sone id="l34_s11" lk="293" lemma="ouk" tahendus="auk" ingl="hole" liik="S" vorm="sg.gen.">ouk</sone><sone id="l34_s12" lk="293" lemma="jūr" tahendus="juurde" ingl="by" liik="Post">jūr</sone><sone id="l34_s13" lk="293" meta="vahemärk">,</sone><sone id="l34_s14" lk="293" lemma="kus" tahendus="kuhu" ingl="where" liik="Intr">kus</sone><sone id="l34_s15" lk="293" lemma="i’bbi" tahendus="hobune" ingl="horse" liik="S" vorm="sg.dat.">übīzən</sone><sone id="l34_s16" lk="293" lemma="āina" tahendus="hein" ingl="hay" liik="S" vorm="sg.gen.">ainə</sone><sone id="l34_s17" lk="293" lemma="pistõ" tahendus="pista" ingl="shove" liik="V" vorm="ips.ind.pr.sg.3.">pistāb</sone><sone id="l34_s18" lk="293" meta="vahemärk">.</sone></lause><lause id="l35"><sone id="l35_s1" lk="293" lemma="si’z" tahendus="siis" ingl="then" liik="ProAdv">siz</sone><sone id="l35_s2" lk="293" lemma="kuŗē" tahendus="kurat" ingl="devil" liik="S" vorm="sg.nom.">kurē</sone><sone id="l35_s3" lk="293" lemma="tūodõ" tahendus="tuua" ingl="bring" liik="V" vorm="nud.sg.">tue̮nd</sone><sone id="l35_s4" lk="293" lemma="ikš" tahendus="üks" ingl="one" liik="Nump" vorm="sg.gen.">ǖ’d</sone><sone id="l35_s5" lk="293" lemma="sūr" tahendus="suur" ingl="big" liik="A" vorm="sg.gen.">sūr</sone><sone id="l35_s6" lk="293" lemma="kuoț" tahendus="kott" ingl="bag" liik="S" vorm="sg.gen.">kᵘe̮t́t́</sone><sone id="l35_s7" lk="293" lemma="rǭ’" tahendus="raha" ingl="money" liik="S" vorm="sg.part.">rā’də</sone><sone id="l35_s8" lk="293" meta="vahemärk">,</sone><sone id="l35_s9" lk="293" lemma="vīdõ" tahendus="viia" ingl="take" liik="V" vorm="nud.sg.">vīnd</sone><sone id="l35_s10" lk="293" lemma="taļ" tahendus="tall" ingl="barn" liik="S" vorm="sg.gen.">taĺĺ</sone><sone id="l35_s11" lk="293" lemma="pǟl " tahendus="peale" ingl="onto" liik="Post">pǟl</sone><sone id="l35_s12" lk="293" lemma="i’lzõ" tahendus="üles" ingl="up" liik="Adva">ül’z</sone><sone id="l35_s13" lk="293" lemma="un" tahendus="ja" ingl="and" liik="Konj">un</sone><sone id="l35_s14" lk="293" lemma="gǭ’žõ" tahendus="kallata" ingl="pour" liik="V" vorm="nud.sg.">gā’žən</sone><sone id="l35_s15" lk="293" lemma="si’zzõl" tahendus="sisse" ingl="into" liik="Adva">si’zzəl</sone><sone id="l35_s16" lk="293" lemma="un" tahendus="ja" ingl="and" liik="Konj">un</sone><sone id="l35_s17" lk="293" lemma="ki’zzõ" tahendus="küsida" ingl="ask" liik="V" vorm="nud.sg.">kü’zzən</sone><sone id="l35_s18" lk="293" meta="vahemärk">:</sone><sone id="l35_s19" lk="293" meta="vahemärk">”</sone><sone lk="293" keel="eesti" id="l35_s20" lemma="un" tahendus="ja" ingl="and" liik="Konj">u</sone><sone id="l35_s21" lk="293" lemma="ni" tahendus="nüüd" ingl="now" liik="Adv">ni</sone><sone id="l35_s22" lk="293" lemma="vȱlda" tahendus="olla" ingl="be" liik="V" vorm="pers.ind.pr.sg.3.">um’</sone><sone id="l35_s23" lk="293" lemma="täuž" tahendus="täis" ingl="full" liik="A" vorm="sg.nom.">tävž</sone><sone lk="293" keel="eesti" id="l35_s24" meta="vahemärk">?</sone><sone id="l35_s25" lk="293" meta="vahemärk">”</sone><sone id="l35_s26" lk="293" lemma="Ants" tahendus="Ants" liik="H" vorm="sg.nom.">ants</sone><sone id="l35_s27" lk="293" lemma="kītõ" tahendus="öelda" ingl="say" liik="V" vorm="pers.ind.ipf.sg.3.">kītiz</sone><sone id="l35_s28" lk="293" meta="vahemärk">:</sone><sone id="l35_s29" lk="293" meta="vahemärk">”</sone><sone lk="293" keel="eesti" id="l35_s30" lemma="ve’l" tahendus="veel" ingl="yet" liik="Adv">vel</sone><sone id="l35_s31" lk="293" lemma="ä’b" tahendus="ei" ingl="not" liik="Mn" vorm="pers.ind.pr.sg.3.">äb</sone><sone id="l35_s32" lk="293" lemma="vȱlda" tahendus="olla" ingl="be" liik="V" vorm="pers.ind.sg.3.neg.">uo</sone><sone id="l35_s33" lk="293" lemma="pūol" tahendus="pool" ingl="half" liik="Nump" vorm="sg.nom.">pue̮ĺ</sone><sone lk="293" keel="eesti" id="l35_s34" meta="vahemärk">.</sone><sone id="l35_s35" lk="293" meta="vahemärk">”</sone></lause><lause id="l36"><sone id="l36_s1" lk="293" lemma="lǟʼdõ" tahendus="minna" ingl="go" liik="V" vorm="nud.sg.">lǟ’nd</sone><sone id="l36_s2" lk="293" lemma="alā" tahendus="alla" ingl="down" liik="Adv">alā</sone><sone id="l36_s3" lk="293" lemma="taļ" tahendus="tall" ingl="barn" liik="S" vorm="sg.ill.">taĺĺə</sone><sone id="l36_s4" lk="293" meta="vahemärk">,</sone><sone id="l36_s5" lk="293" lemma="a’jjõ" tahendus="ajada" ingl="spread" liik="V" vorm="nud.sg.">aj’jən</sone><sone id="l36_s6" lk="293" lemma="rǭ’" tahendus="raha" ingl="money" liik="S" vorm="sg.gen.">rā’</sone><sone id="l36_s7" lk="293" lemma="laigāld" tahendus="laiali" ingl="wide apart" liik="Adv">laigālt</sone><sone id="l36_s8" lk="293" meta="vahemärk">.</sone></lause><lause id="l37"><sone id="l37_s1" lk="293" lemma="si’z" tahendus="siis" ingl="then" liik="ProAdv">sis</sone><sone id="l37_s2" lk="293" lemma="kuŗē" tahendus="kurat" ingl="devil" liik="S" vorm="sg.nom.">kurē</sone><sone id="l37_s3" lk="293" lemma="lǟʼdõ" tahendus="minna" ingl="go" liik="V" vorm="nud.sg.">lǟ’nd</sone><sone id="l37_s4" lk="293" lemma="tuoi" tahendus="teine" ingl="second" liik="Numj" vorm="sg.gen.">tᵘe̮iz</sone><sone id="l37_s5" lk="293" lemma="kuoț" tahendus="kott" ingl="bag" liik="S" vorm="sg.gen.">kᵘe̮t́t́</sone><sone id="l37_s6" lk="293" lemma="tūodõ" tahendus="tuua" ingl="bring" liik="V" vorm="sup.">tue̮m</sone><sone id="l37_s7" lk="293" lemma="ve’l" tahendus="veel" ingl="more" liik="Adv">vel</sone><sone id="l37_s8" lk="293" lemma="jo" tahendus="enam (eessõna keskvõrde moodustamiseks)" ingl="more" liik="Pre">ju’o</sone><sone id="l37_s9" lk="293" lemma="sūr" tahendus="suur" ingl="big" liik="A" vorm="sg.gen.">sūr</sone><sone id="l37_s10" lk="293" meta="vahemärk">,</sone><sone id="l37_s11" lk="293" lemma="gǭ’žõ" tahendus="kallata" ingl="pour" liik="V" vorm="nud.sg.">gā’žən</sone><sone id="l37_s12" lk="293" lemma="te’iž" tahendus="jälle" ingl="again" liik="Adv">täi’z</sone><sone id="l37_s13" lk="293" lemma="kuoț" tahendus="kott" ingl="bag" liik="S" vorm="sg.ill.">kᵘe̮t́t́ə</sone><sone id="l37_s14" lk="294" lemma="un" tahendus="ja" ingl="and" liik="Konj">un</sone><sone id="l37_s15" lk="294" lemma="ki’zzõ" tahendus="küsida" ingl="ask" liik="V" vorm="nud.sg.">kü’zzən</sone><sone id="l37_s16" lk="294" meta="vahemärk">:</sone><sone id="l37_s17" lk="294" meta="vahemärk">”</sone><sone lk="294" keel="eesti" id="l37_s18" lemma="un" tahendus="ja" ingl="and" liik="Konj">u</sone><sone id="l37_s19" lk="294" lemma="ni" tahendus="nüüd" ingl="now" liik="Adv">ni</sone><sone id="l37_s20" lk="294" lemma="vȱlda" tahendus="olla" ingl="be" liik="V" vorm="pers.ind.pr.sg.3.">um’</sone><sone id="l37_s21" lk="294" lemma="täuž" tahendus="täis" ingl="full" liik="A" vorm="sg.nom.">tävž</sone><sone lk="294" keel="eesti" id="l37_s22" meta="vahemärk">?</sone><sone id="l37_s23" lk="294" meta="vahemärk">”</sone></lause><lause id="l38"><sone id="l38_s1" lk="294" lemma="Ants" tahendus="Ants" liik="H" vorm="sg.nom.">ants</sone><sone id="l38_s2" lk="294" lemma="lǟʼdõ" tahendus="minna" ingl="go" liik="V" vorm="nud.sg.">lǟ’nd</sone><sone id="l38_s3" lk="294" lemma="vaņțlõ" tahendus="vaadata" ingl="look" liik="V" vorm="sup.">vańḱ́ĺəm</sone><sone id="l38_s4" lk="294" meta="vahemärk">,</sone><sone id="l38_s5" lk="294" lemma="kītõ" tahendus="öelda" ingl="say" liik="V" vorm="nud.sg.">kītən</sone><sone id="l38_s6" lk="294" meta="vahemärk">:</sone><sone id="l38_s7" lk="294" meta="vahemärk">”</sone><sone lk="294" keel="eesti" id="l38_s8" lemma="ni" tahendus="nüüd" ingl="now" liik="Adv">ni</sone><sone id="l38_s9" lk="294" lemma="pigā" tahendus="peaaegu" ingl="almost" liik="Adv">pigā</sone><sone id="l38_s10" lk="294" lemma="pūol" tahendus="pool" ingl="half" liik="Nump" vorm="sg.nom.">puoĺ</sone><sone id="l38_s11" lk="294" lemma="vȱlda" tahendus="olla" ingl="be" liik="V" vorm="pers.ind.pr.sg.3.">um’</sone><sone lk="294" keel="eesti" id="l38_s12" meta="vahemärk">.</sone><sone id="l38_s13" lk="294" meta="vahemärk">”</sone></lause><lause id="l39"><sone id="l39_s1" lk="294" lemma="kuŗē" tahendus="kurat" ingl="devil" liik="S" vorm="sg.nom.">kurē</sone><sone id="l39_s2" lk="294" lemma="kītõ" tahendus="öelda" ingl="say" liik="V" vorm="nud.sg.">kītən</sone><sone id="l39_s3" lk="294" meta="vahemärk">:</sone><sone id="l39_s4" lk="294" meta="vahemärk">”</sone><sone lk="294" keel="eesti" id="l39_s5" lemma="ve’l" tahendus="veel" ingl="also" liik="Adv">vel</sone><sone id="l39_s6" lk="294" lemma="minā" tahendus="mina" ingl="I" liik="ProS" vorm="sg.dat.">min’</sone><sone id="l39_s7" lk="294" lemma="ikš" tahendus="üks" ingl="one" liik="Nump" vorm="sg.nom.">ükš</sone><sone id="l39_s8" lk="294" lemma="vä’ggi" tahendus="väga" ingl="very" liik="Adv">vä’ggi</sone><sone id="l39_s9" lk="294" lemma="sūr" tahendus="suur" ingl="big" liik="A" vorm="sg.nom.">sūr</sone><sone id="l39_s10" lk="294" lemma="kuoț" tahendus="kott" ingl="bag" liik="S" vorm="sg.nom.">kᵘe̮t́t́</sone><sone id="l39_s11" lk="294" lemma="vȱlda" tahendus="olla" ingl="be" liik="V" vorm="pers.ind.pr.sg.3.">um’</sone><sone id="l39_s12" lk="294" meta="vahemärk">,</sone><sone id="l39_s13" lk="294" lemma="a’ž" tahendus="kui" ingl="if" liik="Konj">aš</sone><sone id="l39_s14" lk="294" meta="vahemärk">‿</sone><sone id="l39_s15" lk="294" lemma="se" tahendus="see" ingl="this" liik="ProS" vorm="sg.instl.">šieks</sone><sone id="l39_s16" lk="294" lemma="ä’b" tahendus="ei" ingl="not" liik="Mn" vorm="pers.ind.pr.sg.3.">äb</sone><sone id="l39_s17" lk="294" lemma="vȱlda" tahendus="olla" ingl="be" liik="V" vorm="pers.ind.sg.3.neg.">uo</sone><sone id="l39_s18" lk="294" lemma="ve’l" tahendus="veel" ingl="still" liik="Adv">vel</sone><sone id="l39_s19" lk="294" meta="vahemärk">,</sone><sone id="l39_s20" lk="294" lemma="si’z" tahendus="siis" ingl="then" liik="ProAdv">siz</sone><sone id="l39_s21" lk="294" lemma="minā" tahendus="mina" ingl="I" liik="ProS" vorm="sg.dat.">min’</sone><sone id="l39_s22" lk="294" lemma="e’mmit" tahendus="enam" ingl="anymore" liik="Adv">jem’bit</sone><sone id="l39_s23" lk="294" lemma="ä’b" tahendus="ei" ingl="not" liik="Mn" vorm="pers.ind.pr.sg.3.">äb</sone><sone id="l39_s24" lk="294" lemma="vȱlda" tahendus="olla" ingl="be" liik="V" vorm="pers.ind.sg.3.neg.">uo</sone><sone lk="294" keel="eesti" id="l39_s25" meta="vahemärk">.</sone><sone id="l39_s26" lk="294" meta="vahemärk">”</sone></lause><lause id="l40"><sone id="l40_s1" lk="294" lemma="si’z" tahendus="siis" ingl="then" liik="ProAdv">sis</sone><sone id="l40_s2" lk="294" lemma="kuŗē" tahendus="kurat" ingl="devil" liik="S" vorm="sg.nom.">kurē</sone><sone id="l40_s3" lk="294" lemma="lǟʼdõ" tahendus="minna" ingl="go" liik="V" vorm="nud.sg.">lǟ’nd</sone><sone id="l40_s4" lk="294" lemma="se" tahendus="see" ingl="this" liik="ProS" vorm="sg.gen.">sie</sone><sone id="l40_s5" lk="294" lemma="kuolmi" tahendus="kolmas" ingl="third" liik="Numj" vorm="sg.gen.">kᵘe̮lmiz</sone><sone id="l40_s6" lk="294" lemma="kuoț" tahendus="kott" ingl="bag" liik="S" vorm="sg.gen.">kᵘe̮t́t́</sone><sone id="l40_s7" lk="294" lemma="tagā" tahendus="järele" ingl="after" liik="Post">tagā</sone><sone id="l40_s8" lk="294" meta="vahemärk">.</sone></lause><lause id="l41"><sone id="l41_s1" lk="294" lemma="se" tahendus="see" ingl="this" liik="ProS" vorm="sg.nom.">se</sone><sone id="l41_s2" lk="294" lemma="vȱlda" tahendus="olla" ingl="be" liik="V" vorm="nud.sg.">ve̮nd</sone><sone id="l41_s3" lk="294" lemma="nemē" tahendus="nagu" ingl="like" liik="Konj">neme</sone><sone id="l41_s4" lk="294" lemma="sūr" tahendus="suur" ingl="big" liik="A" vorm="sg.nom.">sūr</sone><sone id="l41_s5" lk="294" lemma="sōna+ǭ’j" tahendus="saunaahi" ingl="sauna stove" liik="S" vorm="sg.nom.">sōna+ā’i</sone><sone id="l41_s6" lk="294" lemma="sǟlga" tahendus="selg" ingl="back" liik="S" vorm="sg.in.">sǟlgas</sone><sone id="l41_s7" lk="294" meta="vahemärk">.</sone></lause><lause id="l42"><sone id="l42_s1" lk="294" lemma="si’z" tahendus="siis" ingl="then" liik="ProAdv">siz</sone><sone id="l42_s2" lk="294" lemma="ä’b" tahendus="ei" ingl="not" liik="Mn" vorm="pers.ind.pr.sg.3.">äb</sone><sone id="l42_s3" lk="294" lemma="vȱlda" tahendus="olla" ingl="be" liik="Va" vorm="pers.ind.sg.3.neg.">uo</sone><sone id="l42_s4" lk="294" lemma="no+lǟ’dõ" tahendus="minna" ingl="go" liik="V" vorm="nud.sg.prf.">nu’e̮+lǟ’nd</sone><sone id="l42_s5" lk="294" lemma="taļ" tahendus="tall" ingl="barn" liik="S" vorm="sg.gen.">taĺĺ</sone><sone id="l42_s6" lk="294" lemma="pǟl " tahendus="peale" ingl="onto" liik="Post">pǟl</sone><sone id="l42_s7" lk="294" lemma="i’lzõ" tahendus="üles" ingl="up" liik="Adv">ül’z</sone><sone id="l42_s8" lk="294" meta="vahemärk">,</sone><sone id="l42_s9" lk="294" lemma="si’z" tahendus="siis" ingl="then" liik="ProAdv">siz</sone><sone id="l42_s10" lk="294" lemma="no’vvõ" tahendus="lebada" ingl="lie" liik="V" vorm="nud.sg.">nou’vən</sone><sone id="l42_s11" lk="294" lemma="taļ" tahendus="tall" ingl="barn" liik="S" vorm="sg.gen.">taĺĺ</sone><sone id="l42_s12" lk="294" lemma="täppan" tahendus="tapp, nurk" ingl="corner" liik="S" vorm="sg.gen." kommentaar="Kettuselt">täpān</sone><sone id="l42_s13" lk="294" lemma="jūs" tahendus="juures" ingl="by" liik="Post">jūs</sone><sone id="l42_s14" lk="294" meta="vahemärk">.</sone></lause><lause id="l43"><sone id="l43_s1" lk="294" lemma="si’z" tahendus="siis" ingl="then" liik="ProAdv">siz</sone><sone id="l43_s2" lk="294" lemma="i’bbi" tahendus="hobune" ingl="horse" liik="S" vorm="sg.nom.">ü’bbi</sone><sone id="l43_s3" lk="294" lemma="sprõukšlõ" tahendus="puristada" ingl="sputter" liik="V" vorm="nud.sg.">spri̮v’kšlən</sone><sone id="l43_s4" lk="294" meta="vahemärk">.</sone></lause><lause id="l44"><sone id="l44_s1" lk="294" lemma="si’z" tahendus="siis" ingl="then" liik="ProAdv">siz</sone><sone id="l44_s2" lk="294" lemma="kuŗē" tahendus="kurat" ingl="devil" liik="S" vorm="sg.nom.">kurē</sone><sone id="l44_s3" lk="294" lemma="ki’zzõ" tahendus="küsida" ingl="ask" liik="V" vorm="nud.sg.">kü’zzən</sone><sone id="l44_s4" lk="294" lemma="Ants" tahendus="Ants" liik="H" vorm="sg.gen.">ants</sone><sone id="l44_s5" lk="294" lemma="kä’dst" tahendus="käest" ingl="from" liik="Post">kä’dst</sone><sone id="l44_s6" lk="294" meta="vahemärk">:</sone><sone id="l44_s7" lk="294" meta="vahemärk">”</sone><sone lk="294" keel="eesti" id="l44_s8" lemma="mis" tahendus="mis" ingl="what" liik="Intr" vorm="sg.nom.">mis</sone><sone id="l44_s9" lk="294" lemma="se" tahendus="see" ingl="this" liik="ProS" vorm="sg.nom.">se</sone><sone id="l44_s10" lk="294" lemma="vȱlda" tahendus="olla" ingl="be" liik="V" vorm="pers.ind.pr.ipf.sg.3.">ve̮ĺ’</sone><sone lk="294" keel="eesti" id="l44_s11" meta="vahemärk">.</sone><sone id="l44_s12" lk="294" meta="vahemärk">”</sone></lause><lause id="l45"><sone id="l45_s1" lk="294" lemma="Ants" tahendus="Ants" liik="H" vorm="sg.nom.">ants</sone><sone id="l45_s2" lk="294" lemma="kītõ" tahendus="öelda" ingl="say" liik="V" vorm="pers.ind.ipf.sg.3.">kītiz</sone><sone id="l45_s3" lk="294" meta="vahemärk">:</sone><sone id="l45_s4" lk="294" meta="vahemärk">”</sone><sone lk="294" keel="eesti" id="l45_s5" lemma="se" tahendus="see" ingl="this" liik="ProS" vorm="sg.nom.">se</sone><sone id="l45_s6" lk="294" lemma="vȱlda" tahendus="olla" ingl="be" liik="V" vorm="pers.ind.ipf.sg.3.">ve̮ĺ’</sone><sone id="l45_s7" lk="294" lemma="minā" tahendus="mina" ingl="I" liik="ProS" vorm="sg.gen.">min’</sone><sone id="l45_s8" lk="294" lemma="tǭți" tahendus="taat" ingl="dad" liik="S" vorm="sg.nom.">tāt́i</sone><sone id="l45_s9" lk="294" meta="vahemärk">,</sone><sone id="l45_s10" lk="294" lemma="vie’ddõ" tahendus="tõmmata" ingl="pull" liik="V" vorm="pers.ind.ipf.sg.3.">vⁱedīz</sone><sone id="l45_s11" lk="294" lemma="bikšõd" tahendus="püksid" ingl="trousers" liik="S" vorm="pl.gen.">bükšəd</sone><sone id="l45_s12" lk="294" lemma="jālga" tahendus="jalg" ingl="leg" liik="S" vorm="sg.ill.">jalgə</sone><sone lk="294" keel="eesti" id="l45_s13" meta="vahemärk">.</sone><sone id="l45_s14" lk="294" meta="vahemärk">”</sone></lause><lause id="l46"><sone id="l46_s1" lk="294" lemma="kuŗē" tahendus="kurat" ingl="devil" liik="S" vorm="sg.nom.">kurē</sone><sone id="l46_s2" lk="294" lemma="kītõ" tahendus="öelda" ingl="say" liik="V" vorm="pers.ind.ipf.sg.3.">kītiz</sone><sone id="l46_s3" lk="294" meta="vahemärk">:</sone><sone id="l46_s4" lk="294" meta="vahemärk">”</sone><sone lk="294" keel="eesti" id="l46_s5" lemma="ku" tahendus="kui" ingl="if" liik="Konj">ku</sone><sone id="l46_s6" lk="294" lemma="seļļi" tahendus="selline" ingl="such" liik="ProA" vorm="sg.nom.">selli</sone><sone id="l46_s7" lk="294" lemma="tǭți" tahendus="taat" ingl="dad" liik="S" vorm="sg.nom.">tāt́i</sone><sone id="l46_s8" lk="294" lemma="sinā" tahendus="sina" ingl="you" liik="ProS" vorm="sg.dat.">sin’</sone><sone id="l46_s9" lk="294" lemma="vȱlda" tahendus="olla" ingl="be" liik="V" vorm="pers.ind.pr.sg.3.">um’</sone><sone id="l46_s10" lk="294" meta="vahemärk">,</sone><sone id="l46_s11" lk="294" lemma="kis" tahendus="kes" ingl="who" liik="Intr" vorm="sg.nom.">kis</sone><sone id="l46_s12" lk="294" lemma="ne’i" tahendus="nii" ingl="so" liik="ProAdv">nei’</sone><sone id="l46_s13" lk="294" lemma="vie’ddõ" tahendus="tõmmata" ingl="pull" liik="V" vorm="pers.ind.pr.sg.3.">vⁱedāb</sone><sone id="l46_s14" lk="294" lemma="bikšõd" tahendus="püksid" ingl="trousers" liik="S" vorm="pl.part.">bükšidi</sone><sone id="l46_s15" lk="294" lemma="jālga" tahendus="jalg" ingl="leg" liik="S" vorm="sg.ill.">jalgə</sone><sone id="l46_s16" lk="294" meta="vahemärk">,</sone><sone id="l46_s17" lk="294" lemma="mingi" tahendus="milline" ingl="which" liik="Intr" vorm="sg.nom.">miŋgi</sone><sone id="l46_s18" lk="294" lemma="si’z" tahendus="siis" ingl="then" liik="ModAdv">siz</sone><sone id="l46_s19" lk="294" lemma="se" tahendus="see" ingl="this" liik="ProS" vorm="sg.nom.">se</sone><sone id="l46_s20" lk="294" lemma="vȱlda" tahendus="olla" ingl="be" liik="V" vorm="pers.ind.pr.sg.3.">um</sone><sone id="l46_s21" lk="294" meta="vahemärk">,</sone><sone id="l46_s22" lk="294" lemma="ku" tahendus="kui" ingl="when" liik="Konj">ku</sone><sone id="l46_s23" lk="294" lemma="se" tahendus="see" ingl="this" liik="ProS" vorm="sg.nom.">se</sone><sone id="l46_s24" lk="294" lemma="ve’l" tahendus="veel" ingl="also" liik="ModAdv">vel</sone><sone id="l46_s25" lk="294" lemma="ulz" tahendus="välja" ingl="out" liik="Adva">ulz</sone><sone id="l46_s26" lk="294" lemma="tūlda" tahendus="tulla" ingl="come" liik="V" vorm="pers.ind.pr.sg.3.">tulūb</sone><sone lk="294" keel="eesti" id="l46_s27" meta="vahemärk">?</sone><sone id="l46_s28" lk="294" meta="vahemärk">”</sone></lause><lause id="l47"><sone id="l47_s1" lk="294" lemma="ne’i" tahendus="nii" ingl="so" liik="ProAdv">ne</sone><sone id="l47_s2" lk="294" lemma="jettõ" tahendus="jätta" ingl="leave" liik="V" vorm="pers.ind.ipf.sg.3.">jetīz</sone><sone id="l47_s3" lk="294" lemma="rǭ’" tahendus="raha" ingl="money" liik="S" vorm="sg.gen.">rā’</sone><sone id="l47_s4" lk="294" lemma="Ants" tahendus="Ants" liik="H" vorm="sg.dat.">antsən</sone><sone id="l47_s5" lk="294" lemma="un" tahendus="ja" ingl="and" liik="Konj">un</sone><sone id="l47_s6" lk="294" lemma="kargõ" tahendus="karata" ingl="jump" liik="V" vorm="pers.ind.ipf.sg.3.">kārgiz</sone><sone id="l47_s7" lk="294" lemma="ī’ž" tahendus="ise" ingl="himself" liik="ProS" vorm="sg.nom.">ī’ž</sone><sone id="l47_s8" lk="294" lemma="jarā" tahendus="ära" ingl="away" liik="Adva">jera</sone><sone id="l47_s9" lk="294" meta="vahemärk">.</sone></lause><lause id="l48"><sone id="l48_s1" lk="294" lemma="si’z" tahendus="siis" ingl="then" liik="ProAdv">sis</sone><sone id="l48_s2" lk="294" lemma="kuŗē" tahendus="kurat" ingl="devil" liik="S" vorm="sg.nom.">kurē</sone><sone id="l48_s3" lk="294" lemma="pānda" tahendus="panna" ingl="make" liik="V" vorm="pers.ind.ipf.sg.3.">pań’</sone><sone id="l48_s4" lk="294" lemma="lǟ’dõ" tahendus="minna" ingl="go" liik="V" vorm="sup.">lǟ’m</sone><sone id="l48_s5" lk="294" lemma="eņtš" tahendus="oma" ingl="own" liik="ProS" vorm="sg.gen.">eńt́š</sone><sone id="l48_s6" lk="294" lemma="nai" tahendus="naine" ingl="wife" liik="S" vorm="sg.dat.">naizən</sone><sone id="l48_s7" lk="294" lemma="un" tahendus="ja" ingl="and" liik="Konj">un</sone><sone id="l48_s8" lk="294" lemma="Ants" tahendus="Ants" liik="H" vorm="sg.dat.">antsən</sone><sone id="l48_s9" lk="294" lemma="jo’ug" tahendus="jõgi" ingl="river" liik="S" vorm="sg.gen.">jo’g</sone><sone id="l48_s10" lk="294" lemma="kūolta" tahendus="kallas" ingl="bank" liik="S" vorm="sg.gen.">kuolta</sone><sone id="l48_s11" lk="294" lemma="pǟl " tahendus="peale" ingl="onto" liik="Post">pǟl</sone><sone id="l48_s12" lk="294" meta="vahemärk">,</sone><sone id="l48_s13" lk="294" lemma="la’z" tahendus="las" ingl="let" liik="ModAdv">las</sone><sone id="l48_s14" lk="294" lemma="ne" tahendus="nemad" ingl="they" liik="ProS" vorm="pl.nom.">ne</sone><sone id="l48_s15" lk="294" lemma="pu’ggõ" tahendus="pugeda" ingl="creep" liik="V" vorm="pers.jus.pr.pl.3.">pu’ggəgəd</sone><sone id="l48_s16" lk="294" lemma="kuoț" tahendus="kott" ingl="bag" liik="S" vorm="sg.gen.">kᵘe̮t́t́</sone><sone id="l48_s17" lk="294" lemma="sillõ" tahendus="sisse" ingl="into" liik="Adva">sil’l</sone><sone id="l48_s18" lk="294" lemma="un" tahendus="ja" ingl="and" liik="Konj">un</sone><sone id="l48_s19" lk="294" lemma="si’z" tahendus="siis" ingl="then" liik="ProAdv">siz</sone><sone id="l48_s20" lk="294" lemma="la’z" tahendus="las" ingl="let" liik="ModAdv">laz</sone><sone id="l48_s21" lk="294" lemma="ne" tahendus="nemad" ingl="they" liik="ProS" vorm="pl.nom.">ne</sone><sone id="l48_s22" lk="294" lemma="sǟ’l" tahendus="seal" ingl="there" liik="ProAdv">sǟ’l</sone><sone id="l48_s23" lk="294" lemma="ma’ggõ" tahendus="magada" ingl="sleep" liik="V" vorm="pers.jus.pr.pl.3.">ma’ggəgəd</sone><sone id="l48_s24" lk="294" meta="vahemärk">,</sone><sone id="l48_s25" lk="294" lemma="Ants" tahendus="Ants" liik="H" vorm="sg.nom.">ants</sone><sone id="l48_s26" lk="294" lemma="amā" tahendus="kõige" ingl="right" liik="Ms" kommentaar="?">amā</sone><sone id="l48_s27" lk="294" lemma="jo’ugn+aigā" tahendus="jõeäär" ingl="river bank" liik="S" vorm="sg.in.">jo’g+aigās</sone><sone id="l48_s28" lk="294" meta="vahemärk">,</sone><sone id="l48_s29" lk="294" lemma="si’z" tahendus="siis" ingl="then" liik="ProAdv">sis</sone><sone id="l48_s30" lk="294" lemma="te’iž" tahendus="jälle" ingl="again" liik="ModAdv">täi’z</sone><sone id="l48_s31" lk="294" lemma="kuŗē" tahendus="kurat" ingl="devil" liik="S" vorm="sg.gen.">kurē</sone><sone id="l48_s32" lk="294" lemma="nai" tahendus="naine" ingl="wife" liik="S" vorm="sg.nom.">nai</sone><sone id="l48_s33" lk="294" meta="vahemärk">.</sone></lause><lause id="l49"><sone id="l49_s1" lk="294" lemma="si’z" tahendus="siis" ingl="then" liik="ProAdv">sis</sone><sone id="l49_s2" lk="294" lemma="Ants" tahendus="Ants" liik="H" vorm="sg.nom.">ants</sone><sone id="l49_s3" lk="294" lemma="kītõ" tahendus="öelda" ingl="say" liik="V" vorm="pers.ind.ipf.sg.3.">kītiz</sone><sone id="l49_s4" lk="294" lemma="kuŗē" tahendus="kurat" ingl="devil" liik="S" vorm="sg.gen.">kurē</sone><sone id="l49_s5" lk="294" lemma="nai" tahendus="naine" ingl="wife" liik="S" vorm="sg.dat.">naizən</sone><sone id="l49_s6" lk="294" meta="vahemärk">:</sone><sone id="l49_s7" lk="294" meta="vahemärk">”</sone><sone lk="294" keel="eesti" id="l49_s8" lemma="pu’ggõ" tahendus="pugeda" ingl="creep" liik="V" vorm="pers.imp.pr.sg.2.">pu’g</sone><sone id="l49_s9" lk="294" lemma="sinā" tahendus="sina" ingl="you" liik="ProS" vorm="sg.nom.">sa</sone><sone id="l49_s10" lk="294" lemma="minā" tahendus="mina" ingl="I" liik="ProS" vorm="sg.gen.">min’</sone><sone id="l49_s11" lk="294" lemma="kuoț" tahendus="kott" ingl="bag" liik="S" vorm="sg.ill.">kᵘe̮t́t́ə</sone><sone id="l49_s12" lk="294" meta="vahemärk">,</sone><sone id="l49_s13" lk="294" lemma="sǟ’l" tahendus="seal" ingl="there" liik="ProAdv">sǟ’l</sone><sone id="l49_s14" lk="294" lemma="vȱlda" tahendus="olla" ingl="be" liik="V" vorm="pers.ind.pr.sg.3.">um’</sone><sone id="l49_s15" lk="294" lemma="jo" tahendus="enam (eessõna keskvõrde moodustamiseks)" ingl="more" liik="Pre">ju’o</sone><sone id="l49_s16" lk="294" meta="vahemärk">[</sone><sone id="l49_s17" lk="294" lemma="jõvā" tahendus="hea" ingl="good" liik="A" vorm="sg.nom.">juva</sone><sone id="l49_s18" lk="294" meta="vahemärk"> &gt;</sone><sone id="l49_s19" lk="294" meta="vahemärk">]</sone><sone id="l49_s20" lk="294" lemma="jõvā" tahendus="hea" ingl="good" liik="A" vorm="sg.nom.">ji̮vā</sone><sone id="l49_s21" lk="294" meta="vahemärk">,</sone><sone id="l49_s22" lk="294" lemma="minā" tahendus="mina" ingl="I" liik="ProS" vorm="sg.nom.">ma</sone><sone id="l49_s23" lk="294" lemma="lǟʼdõ" tahendus="minna" ingl="go" liik="V" vorm="pers.ind.pr.sg.1.">lǟ’b</sone><sone id="l49_s24" lk="294" lemma="jo" tahendus="parem" ingl="better" liik="Adv">ju’o</sone><sone id="l49_s25" lk="294" lemma="sinā" tahendus="sina" ingl="you" liik="ProS" vorm="sg.gen.">sin’</sone><sone id="l49_s26" lk="294" lemma="kuoț" tahendus="kott" ingl="bag" liik="S" vorm="sg.ill.">kᵘe̮t́t́ə</sone><sone lk="294" keel="eesti" id="l49_s27" meta="vahemärk">.</sone><sone id="l49_s28" lk="294" meta="vahemärk">”</sone></lause><lause id="l50"><sone id="l50_s1" lk="294" lemma="si’z" tahendus="siis" ingl="then" liik="ProAdv">siz</sone><sone id="l50_s2" lk="294" lemma="kuŗē" tahendus="kurat" ingl="devil" liik="S" vorm="sg.nom.">kurē</sone><sone id="l50_s3" lk="294" lemma="tūlda" tahendus="tulla" ingl="come" liik="V" vorm="nud.sg.">tund</sone><sone id="l50_s4" lk="294" lemma="mõtsā" tahendus="mets" ingl="forest" liik="S" vorm="sg.el.">mi̮tsāst</sone><sone id="l50_s5" lk="294" lemma="ulz" tahendus="välja" ingl="out" liik="Adva">ulz</sone><sone id="l50_s6" lk="294" lemma="un" tahendus="ja" ingl="and" liik="Konj">un</sone><sone id="l50_s7" lk="294" lemma="võttõ" tahendus="võtta" ingl="take" liik="V" vorm="nud.sg.">vi̮ttən</sone><sone id="l50_s8" lk="294" lemma="se" tahendus="see" ingl="this" liik="ProS" vorm="sg.gen.">sie</sone><sone id="l50_s9" lk="294" lemma="kuoț" tahendus="kott" ingl="bag" liik="S" vorm="sg.gen.">kᵘe̮t́t́</sone><sone id="l50_s10" lk="294" meta="vahemärk">,</sone><sone id="l50_s11" lk="294" lemma="kis" tahendus="kes" ingl="who" liik="Intr" vorm="sg.nom.">kis</sone><sone id="l50_s12" lk="294" lemma="jo’ugn+aigā" tahendus="jõeäär" ingl="river bank" liik="S" vorm="sg.gen.">jo’g+aigā</sone><sone id="l50_s13" lk="294" lemma="pǟl " tahendus="peal" ingl="on" liik="Post">pǟl</sone><sone id="l50_s14" lk="294" lemma="vȱlda" tahendus="olla" ingl="be" liik="V" vorm="pers.ind.ipf.sg.3.">ve̮ĺ’</sone><sone id="l50_s15" lk="294" meta="vahemärk">,</sone><sone id="l50_s16" lk="294" lemma="un" tahendus="ja" ingl="and" liik="Konj">un</sone><sone id="l50_s17" lk="294" lemma="bissõ" tahendus="visata" ingl="throw" liik="V" vorm="nud.sg.">büssən</sone><sone id="l50_s18" lk="294" lemma="jo’ug" tahendus="jõgi" ingl="river" liik="S" vorm="sg.ill.">jo’ggə</sone><sone id="l50_s19" lk="294" lemma="zlākst" tahendus="plärts" ingl="splash" liik="Ono">zlākst</sone><sone id="l50_s20" lk="294" lemma="si’zzõl" tahendus="sisse" ingl="into" liik="Adva">si’zzəl</sone><sone id="l50_s21" lk="294" meta="vahemärk">.</sone></lause><lause id="l51"><sone id="l51_s1" lk="294" lemma="si’z" tahendus="siis" ingl="then" liik="ProAdv">sis</sone><sone id="l51_s2" lk="294" lemma="Ants" tahendus="Ants" liik="H" vorm="sg.nom.">ants</sone><sone id="l51_s3" lk="294" lemma="kītõ" tahendus="öelda" ingl="say" liik="V" vorm="pers.ind.ipf.sg.3.">kītiz</sone><sone id="l51_s4" lk="294" lemma="kuŗē" tahendus="kurat" ingl="devil" liik="S" vorm="sg.dat.">kurēn</sone><sone id="l51_s5" lk="294" meta="vahemärk">:</sone><sone id="l51_s6" lk="294" meta="vahemärk">”</sone><sone lk="294" keel="eesti" id="l51_s7" lemma="mis" tahendus="mis" ingl="what" liik="Intr" vorm="sg.nom.">mis</sone><sone id="l51_s8" lk="294" lemma="sinā" tahendus="sina" ingl="you" liik="ProS" vorm="sg.nom.">sa</sone><sone id="l51_s9" lk="294" lemma="ni" tahendus="nüüd" ingl="now" liik="ModAdv">ni</sone><sone id="l51_s10" lk="294" lemma="tī’edõ" tahendus="teha" ingl="do" liik="V" vorm="pers.ind.ipf.sg.2.">teid</sone><sone lk="294" keel="eesti" id="l51_s11" meta="vahemärk">?</sone><sone id="l51_s12" lk="294" meta="vahemärk">”</sone></lause><lause id="l52"><sone id="l52_s1" lk="294" lemma="si’z" tahendus="siis" ingl="then" liik="ProAdv">sis</sone><sone id="l52_s2" lk="294" lemma="kuŗē" tahendus="kurat" ingl="devil" liik="S" vorm="sg.nom.">kurē</sone><sone id="l52_s3" lk="294" lemma="vȱlda" tahendus="olla" ingl="be" liik="Va" vorm="pers.ind.ipf.sg.3.">ve̮ĺ’</sone><sone id="l52_s4" lk="295" lemma="eitõ" tahendus="heita" ingl="throw" liik="V" vorm="nud.sg.">eitən</sone><sone id="l52_s5" lk="295" lemma="eņțš" tahendus="oma" ingl="own" liik="ProS" vorm="sg.gen.">eńtš</sone><sone id="l52_s6" lk="295" lemma="nai" tahendus="naine" ingl="wife" liik="S" vorm="sg.gen.">naiz</sone><sone id="l52_s7" lk="295" lemma="jo’ug" tahendus="jõgi" ingl="river" liik="S" vorm="sg.ill.">jo’ggə</sone><sone id="l52_s8" lk="295" lemma="un" tahendus="ja" ingl="and" liik="Konj">un</sone><sone id="l52_s9" lk="295" lemma="tämā" tahendus="tema" ingl="she" liik="ProS" vorm="sg.nom.">ta</sone><sone id="l52_s10" lk="295" lemma="upāndõ" tahendus="uppuda" ingl="drown" liik="V" vorm="pers.ind.ipf.sg.3.">upātiz</sone><sone id="l52_s11" lk="295" lemma="jarā" tahendus="ära" ingl="off" liik="Adva">jerā</sone><sone id="l52_s12" lk="295" meta="vahemärk">.</sone></lause><lause id="l53"><sone id="l53_s1" lk="295" lemma="si’z" tahendus="siis" ingl="then" liik="ProAdv">siz</sone><sone id="l53_s2" lk="295" lemma="kuŗē" tahendus="kurat" ingl="devil" liik="S" vorm="sg.dat.">kurēn</sone><sone id="l53_s3" lk="295" lemma="i’z" tahendus="ei" ingl="not" liik="Mn" vorm="pers.ind.ipf.sg.3.">iz</sone><sone id="l53_s4" lk="295" lemma="vȱlda" tahendus="olla" ingl="be" liik="V" vorm="pers.ind.sg.3.neg.">uo</sone><sone id="l53_s5" lk="295" lemma="e’mmit" tahendus="enam" ingl="anymore" liik="Adv">jem’bit</sone><sone id="l53_s6" lk="295" lemma="nai" tahendus="naine" ingl="wife" liik="S" vorm="sg.part.">nāista</sone><sone id="l53_s7" lk="295" meta="vahemärk">,</sone><sone id="l53_s8" lk="295" lemma="i’z" tahendus="ei" ingl="not" liik="Mn" vorm="pers.ind.ipf.sg.3.">iz</sone><sone id="l53_s9" lk="295" lemma="läpš" tahendus="laps" ingl="child" liik="S" vorm="pl.part.">läpši</sone><sone id="l53_s10" lk="295" meta="vahemärk">,</sone><sone id="l53_s11" lk="295" lemma="i’z" tahendus="ei" ingl="not" liik="Mn" vorm="pers.ind.ipf.sg.3.">iz</sone><sone id="l53_s12" lk="295" lemma="rǭ’" tahendus="raha" ingl="money" liik="S" vorm="sg.part.">rā’də</sone><sone id="l53_s13" lk="295" meta="vahemärk">.</sone></lause><lause id="l54"><sone id="l54_s1" lk="295" lemma="si’z" tahendus="siis" ingl="then" liik="ProAdv">siz</sone><sone id="l54_s2" lk="295" lemma="kuŗē" tahendus="kurat" ingl="devil" liik="S" vorm="sg.nom.">kurē</sone><sone id="l54_s3" lk="295" lemma="kītõ" tahendus="öelda" ingl="say" liik="V" vorm="pers.ind.ipf.sg.3.">kītiz</sone><sone id="l54_s4" lk="295" lemma="Ants" tahendus="Ants" liik="H" vorm="sg.dat.">antsən</sone><sone id="l54_s5" lk="295" meta="vahemärk">:</sone><sone id="l54_s6" lk="295" meta="vahemärk">”</sone><sone lk="295" keel="eesti" id="l54_s7" lemma="lǟ’dõ" tahendus="minna" ingl="go" liik="V" vorm="pers.imp.pr.sg.2.">le</sone><sone id="l54_s8" lk="295" lemma="ni" tahendus="nüüd" ingl="now" liik="Adv">ni</sone><sone id="l54_s9" lk="295" lemma="jarā" tahendus="ära" ingl="away" liik="Adva">jerā</sone><sone lk="295" keel="eesti" id="l54_s10" meta="vahemärk">.</sone><sone id="l54_s11" lk="295" meta="vahemärk">”</sone></lause><lause id="l55"><sone id="l55_s1" lk="295" lemma="si’z" tahendus="siis" ingl="then" liik="ProAdv">sis</sone><sone id="l55_s2" lk="295" lemma="tämā" tahendus="tema" ingl="he" liik="ProS" vorm="sg.nom.">ta</sone><sone id="l55_s3" lk="295" lemma="sǭdõ" tahendus="saada" ingl="get" liik="V" vorm="pers.ind.ipf.sg.3.">sai</sone><sone id="l55_s4" lk="295" lemma="tämā" tahendus="tema" ingl="he" liik="ProS" vorm="sg.el.">täm’st</sone><sone id="l55_s5" lk="295" lemma="vāldiņ" tahendus="lahti" ingl="rid" liik="Adv">vå̄ldiń</sone><sone id="l55_s6" lk="295" meta="vahemärk">.</sone></lause></sisu>
</liivike>
