<?xml version="1.0" encoding="UTF-8"?>
<?xml-stylesheet type="text/xsl" href="liivike_tekst.xsl"?>
<liivike>
	<info><tyyp>kirjalik</tyyp><teema>Satuja 64</teema><keel>liivi</keel><murre>lääneliivi</murre><kirjaviis>foneetiline transkriptsioon</kirjaviis><kyla longituud="21.966667" latituud="57.583333">Pizā</kyla><teos pealkiri="Näytteitä liivin kielestä" aasta="1953" koht="Helsinki">E. N. Setälä</teos></info><sisu id="Set_Sat_64">
		<lause id="l1">
			<sone id="l1_s1" lk="316" meta="number">64</sone>
			<sone id="l1_s2" lk="316" meta="vahemärk">.</sone></lause>
		<lause id="l2"><sone id="l2_s1" lk="316" meta="kommentaar">Piza</sone><sone id="l2_s2" lk="316" meta="vahemärk">,</sone><sone id="l2_s3" lk="316" meta="kommentaar">Jāń</sone><sone id="l2_s4" lk="316" meta="kommentaar">Belt</sone><sone id="l2_s5" lk="316" meta="vahemärk">?</sone></lause><lause id="l3"><sone id="l3_s1" lk="316" lemma="ikš+kõrd" tahendus="ükskord" ingl="once" liik="ProAdv">ikš+kird</sone><sone id="l3_s2" lk="316" lemma="vȱlda" tahendus="olla" ingl="be" liik="Va" vorm="pers.ind.pr.sg.3.">um</sone><sone id="l3_s3" lk="316" lemma="vȱlda" tahendus="olla" ingl="be" liik="V" vorm="nud.sg.">wond</sone><sone id="l3_s4" lk="316" lemma="ikš" tahendus="üks" ingl="one" liik="ProS" vorm="sg.nom.">ikš</sone><sone id="l3_s5" lk="316" lemma="su’ž" tahendus="hunt" ingl="wolf" liik="S" vorm="sg.nom.">su’ⁱž</sone><sone id="l3_s6" lk="316" lemma="un" tahendus="ja" ingl="and" liik="Konj">un</sone><sone id="l3_s7" lk="316" lemma="re’bbi" tahendus="rebane" ingl="fox" liik="S" vorm="sg.nom.">rⁱe’bbi</sone><sone id="l3_s8" lk="316" meta="vahemärk">(</sone><sone id="l3_s9" lk="316" meta="kommentaar">pro</sone><sone id="l3_s10" lk="316" lemma="re’bbi" tahendus="rebane" ingl="fox" liik="S" vorm="sg.nom.">re’bbi</sone><sone lk="316" keel="eesti" id="l3_s11" meta="vahemärk">?</sone><sone lk="316" keel="eesti" id="l3_s12" meta="vahemärk">)</sone><sone id="l3_s13" lk="316" meta="vahemärk">,</sone><sone id="l3_s14" lk="316" lemma="un" tahendus="ja" ingl="and" liik="Konj">un</sone><sone id="l3_s15" lk="316" lemma="ni" tahendus="nüüd" ingl="now" liik="Adv">ni</sone><sone id="l3_s16" lk="316" lemma="ne" tahendus="nemad" ingl="they" liik="ProS" vorm="pl.nom.">ne</sone><sone id="l3_s17" lk="316" lemma="vȱlda" tahendus="olla" ingl="be" liik="Va" vorm="pers.ind.pr.pl.3.">ā’t</sone><sone id="l3_s18" lk="316" lemma="lǟʼdõ" tahendus="minna" ingl="go" liik="V" vorm="nud.pl.">lǟ’nəd</sone><sone id="l3_s19" lk="316" lemma="pi’ds" tahendus="mööda" ingl="along" liik="Pre">pi’ds</sone><sone id="l3_s20" lk="316" lemma="riek" tahendus="tee" ingl="road" liik="S" vorm="sg.part.">rⁱekkə</sone><sone id="l3_s21" lk="316" meta="vahemärk">.</sone></lause><lause id="l4"><sone id="l4_s1" lk="316" lemma="ne’i" tahendus="nii" ingl="so" liik="ProAdv">nei</sone><sone id="l4_s2" lk="316" lemma="su’ž" tahendus="hunt" ingl="wolf" liik="S" vorm="sg.nom.">su’ⁱž</sone><sone id="l4_s3" lk="316" lemma="vȱlda" tahendus="olla" ingl="be" liik="Va" vorm="pers.ind.pr.sg.3.">um’</sone><sone id="l4_s4" lk="316" lemma="kītõ" tahendus="öelda" ingl="say" liik="V" vorm="nud.sg.">kītən</sone><sone id="l4_s5" lk="316" lemma="se" tahendus="see" ingl="this" liik="ProS" vorm="sg.gen.">sie</sone><sone id="l4_s6" lk="316" lemma="re’bbi" tahendus="rebane" ingl="fox" liik="S" vorm="sg.dat.">rⁱebīzən</sone><sone id="l4_s7" lk="316" meta="vahemärk">:</sone><sone id="l4_s8" lk="316" meta="vahemärk">”</sone><sone lk="316" keel="eesti" id="l4_s9" lemma="minā" tahendus="mina" ingl="I" liik="ProS" vorm="sg.nom.">ma</sone><sone id="l4_s10" lk="316" lemma="irgõ" tahendus="hakata" ingl="begin" liik="V" vorm="pers.ind.pr.sg.1.">irg</sone><sone id="l4_s11" lk="316" lemma="sīedõ" tahendus="süüa" ingl="eat" liik="V" vorm="inf.">siedə</sone><sone id="l4_s12" lk="316" lemma="tǭ’dõ" tahendus="tahta" ingl="want" liik="V" vorm="inf.">tā’də</sone><sone id="l4_s13" lk="316" meta="vahemärk">,</sone><sone id="l4_s14" lk="316" lemma="a’ž" tahendus="kui" ingl="if" liik="Konj">aš</sone><sone id="l4_s15" lk="316" lemma="sinā" tahendus="sina" ingl="you" liik="ProS" vorm="sg.nom.">sa</sone><sone id="l4_s16" lk="316" lemma="minā" tahendus="mina" ingl="I" liik="ProS" vorm="sg.dat.">min’nən</sone><sone id="l4_s17" lk="316" lemma="ä’d" tahendus="ei" ingl="not" liik="Mn" vorm="pers.ind.pr.sg.2.">äd</sone><sone id="l4_s18" lk="316" lemma="gǭdõ" tahendus="hankida" ingl="provide" liik="V" vorm="pers.ind.sg.2.neg." kommentaar="Kettuselt">gād</sone><sone id="l4_s19" lk="316" lemma="sīedõ" tahendus="süüa" ingl="eat" liik="V" vorm="inf.">siedə</sone><sone id="l4_s20" lk="316" meta="vahemärk">,</sone><sone id="l4_s21" lk="316" lemma="si’z" tahendus="siis" ingl="then" liik="ProAdv">siz</sone><sone id="l4_s22" lk="316" lemma="minā" tahendus="mina" ingl="I" liik="ProS" vorm="sg.nom.">ma</sone><sone id="l4_s23" lk="316" lemma="sinā" tahendus="sina" ingl="you" liik="ProS" vorm="sg.gen.">sin’</sone><sone id="l4_s24" lk="316" lemma="ī’ž" tahendus="ise" ingl="self" liik="ProS" vorm="sg.gen.">eńtš</sone><sone id="l4_s25" lk="316" lemma="sīedõ" tahendus="süüa" ingl="eat" liik="V" vorm="pers.ind.pr.sg.1.">sieb</sone><sone id="l4_s26" lk="316" lemma="jarā" tahendus="ära" ingl="off" liik="Adva">jerā</sone><sone lk="316" keel="eesti" id="l4_s27" meta="vahemärk">.</sone><sone id="l4_s28" lk="316" meta="vahemärk">”</sone></lause><lause id="l5"><sone id="l5_s1" lk="316" lemma="si’z" tahendus="siis" ingl="then" liik="ProAdv">siz</sone><sone id="l5_s2" lk="316" lemma="ne" tahendus="nemad" ingl="they" liik="ProS" vorm="pl.nom.">ne</sone><sone id="l5_s3" lk="316" lemma="lǟ’dõ" tahendus="minna" ingl="go" liik="V" vorm="pers.ind.ipf.pl.3.">lekšti</sone><sone id="l5_s4" lk="316" lemma="ikš" tahendus="üks" ingl="one" liik="ProS" vorm="sg.ill.">ī’də</sone><sone id="l5_s5" lk="316" lemma="kilā" tahendus="küla" ingl="village" liik="S" vorm="sg.ill.">kil’lə</sone><sone id="l5_s6" lk="316" meta="vahemärk">,</sone><sone id="l5_s7" lk="316" lemma="un" tahendus="ja" ingl="and" liik="Konj">un</sone><sone id="l5_s8" lk="316" lemma="si’z" tahendus="siis" ingl="then" liik="ProAdv">siz</sone><sone id="l5_s9" lk="316" lemma="re’bbi" tahendus="rebane" ingl="fox" liik="S" vorm="sg.nom.">rⁱe’bbi</sone><sone id="l5_s10" lk="316" lemma="kītõ" tahendus="öelda" ingl="say" liik="V" vorm="pers.ind.ipf.sg.3.">kītiz</sone><sone id="l5_s11" lk="316" meta="vahemärk">:</sone><sone id="l5_s12" lk="316" meta="vahemärk">”</sone><sone lk="316" keel="eesti" id="l5_s13" lemma="īedõ" tahendus="jääda" ingl="stay" liik="V" vorm="pers.imp.pr.sg.2.">ie</sone><sone id="l5_s14" lk="316" lemma="sinā" tahendus="sina" ingl="you" liik="ProS" vorm="sg.nom.">sa</sone><sone id="l5_s15" lk="316" lemma="ni" tahendus="nüüd" ingl="now" liik="Adv">ni</sone><sone id="l5_s16" lk="316" lemma="tǟnõ" tahendus="siia" ingl="to here" liik="ProAdv">tǟn</sone><sone id="l5_s17" lk="316" lemma="tarā" tahendus="aed" ingl="garden" liik="S" vorm="sg.part.">tar’rə</sone><sone id="l5_s18" lk="316" meta="vahemärk">,</sone><sone id="l5_s19" lk="316" lemma="minā" tahendus="mina" ingl="I" liik="ProS" vorm="sg.nom.">ma</sone><sone id="l5_s20" lk="316" lemma="tieudõ" tahendus="teada" ingl="know" liik="V" vorm="pers.ind.pr.sg.1.">tiedub</sone><sone id="l5_s21" lk="316" meta="vahemärk">,</sone><sone id="l5_s22" lk="316" lemma="kus" tahendus="kus" ingl="where" liik="Intr">kus</sone><sone id="l5_s23" lk="316" lemma="ikš" tahendus="üks" ingl="one" liik="ProS" vorm="sg.nom.">ikš</sone><sone id="l5_s24" lk="316" meta="vahemärk">[</sone><sone id="l5_s25" lk="316" lemma="pe’r+nai" tahendus="perenaine" ingl="homemaker" liik="S" vorm="sg.nom.">per+nai</sone><sone id="l5_s26" lk="316" meta="vahemärk"> &gt;</sone><sone id="l5_s27" lk="316" meta="vahemärk">]</sone><sone id="l5_s28" lk="316" lemma="perī+nai" tahendus="perenaine" ingl="homemaker" liik="S" vorm="sg.nom.">peri+nai</sone><sone id="l5_s29" lk="316" meta="vahemärk">[</sone><sone id="l5_s30" lk="316" lemma="ūdõ" tahendus="küpsetada" ingl="bake" liik="V" vorm="pers.ind.pr.sg.3.">ūdub</sone><sone id="l5_s31" lk="316" meta="vahemärk"> &gt;</sone><sone id="l5_s32" lk="316" meta="vahemärk">]</sone><sone id="l5_s33" lk="316" lemma="ūdõ" tahendus="küpsetada" ingl="bake" liik="V" vorm="pers.ind.pr.sg.3.">ūdəb</sone><sone id="l5_s34" lk="316" lemma="kak" tahendus="kakk" ingl="bun" liik="S" vorm="pl.part.">kakīdi</sone><sone lk="316" keel="eesti" id="l5_s35" meta="vahemärk">.</sone><sone id="l5_s36" lk="316" meta="vahemärk">”</sone></lause><lause id="l6"><sone id="l6_s1" lk="316" lemma="si’z" tahendus="siis" ingl="then" liik="ProAdv">siz</sone><sone id="l6_s2" lk="316" lemma="re’bbi" tahendus="rebane" ingl="fox" liik="S" vorm="sg.nom.">rⁱe’bbi</sone><sone id="l6_s3" lk="316" lemma="lǟ’dõ" tahendus="minna" ingl="go" liik="V" vorm="pers.ind.ipf.sg.3.">lekš</sone><sone id="l6_s4" lk="316" lemma="vā’giž" tahendus="vaikselt" ingl="quietly" liik="Adv">va’ggiž</sone><sone id="l6_s5" lk="316" lemma="pu’ggõ" tahendus="pugeda" ingl="creep" liik="V" vorm="pers.ind.ipf.sg.3.">pu’ggəs</sone><sone id="l6_s6" lk="316" lemma="pi’ds" tahendus="mööda" ingl="along" liik="Pre">pi’ds</sone><sone id="l6_s7" lk="316" lemma="je’l" tahendus="elamu" ingl="house" liik="S" vorm="pl.gen.">jelūd</sone><sone id="l6_s8" lk="316" lemma="aigā" tahendus="äär" ingl="side" liik="S" vorm="pl.part.">aigīži</sone><sone id="l6_s9" lk="316" lemma="un" tahendus="ja" ingl="and" liik="Konj">un</sone><sone id="l6_s10" lk="316" lemma="pu’ggõ" tahendus="pugeda" ingl="creep" liik="V" vorm="pers.ind.ipf.sg.3.">pugīz</sone><sone id="l6_s11" lk="316" lemma="sīnõ" tahendus="sinna" ingl="to there" liik="ProAdv">sīn</sone><sone id="l6_s12" lk="316" lemma="se" tahendus="see" ingl="this" liik="ProS" vorm="sg.gen.">sie</sone><sone id="l6_s13" lk="316" lemma="lä’b" tahendus="aken" ingl="window" liik="S" vorm="sg.gen.">lä’b</sone><sone id="l6_s14" lk="316" lemma="jūr" tahendus="juurde" ingl="to" liik="Post">jūr</sone><sone id="l6_s15" lk="316" meta="vahemärk">,</sone><sone id="l6_s16" lk="316" lemma="kus" tahendus="kus" ingl="where" liik="Intr">kus</sone><sone id="l6_s17" lk="316" lemma="kak" tahendus="kakk" ingl="bun" liik="S" vorm="pl.nom.">kakūd</sone><sone id="l6_s18" lk="317" lemma="vȱlda" tahendus="olla" ingl="be" liik="V" vorm="pers.ind.ipf.pl.3.">woĺ’ti</sone><sone id="l6_s19" lk="317" meta="vahemärk">.</sone></lause><lause id="l7"><sone id="l7_s1" lk="317" lemma="si’z" tahendus="siis" ingl="then" liik="ProAdv">siz</sone><sone id="l7_s2" lk="317" lemma="tämā" tahendus="tema" ingl="he" liik="ProS" vorm="sg.nom.">ta</sone><sone id="l7_s3" lk="317" lemma="tūodõ" tahendus="tuua" ingl="bring" liik="V" vorm="pers.ind.ipf.sg.3.">tᵘoi</sone><sone id="l7_s4" lk="317" lemma="mingi" tahendus="mingi" ingl="some" liik="ProS" vorm="pl.nom.">miŋgist</sone><sone id="l7_s5" lk="317" lemma="nēļa" tahendus="neli" ingl="four" liik="Nump" vorm="sg.nom.">nēĺa</sone><sone id="l7_s6" lk="317" lemma="vīž" tahendus="viis" ingl="five" liik="Nump" vorm="sg.nom.">vīž</sone><sone id="l7_s7" lk="317" lemma="kak" tahendus="kakk" ingl="bun" liik="S" vorm="sg.part.">kakkə</sone><sone id="l7_s8" lk="317" lemma="su’ž" tahendus="hunt" ingl="wolf" liik="S" vorm="sg.dat.">su’ddən</sone><sone id="l7_s9" lk="317" meta="vahemärk">.</sone></lause><lause id="l8"><sone id="l8_s1" lk="317" lemma="si’z" tahendus="siis" ingl="then" liik="ProAdv">siz</sone><sone id="l8_s2" lk="317" lemma="su’ž" tahendus="hunt" ingl="wolf" liik="S" vorm="sg.nom.">su’ⁱž</sone><sone id="l8_s3" lk="317" lemma="kītõ" tahendus="öelda" ingl="say" liik="V" vorm="pers.ind.ipf.sg.3.">kītiz</sone><sone id="l8_s4" lk="317" meta="vahemärk">:</sone><sone id="l8_s5" lk="317" meta="vahemärk">”</sone><sone lk="317" keel="eesti" id="l8_s6" lemma="ne" tahendus="need" ingl="these" liik="ProS" vorm="pl.nom.">ne</sone><sone id="l8_s7" lk="317" lemma="vȱlda" tahendus="olla" ingl="be" liik="V" vorm="pers.ind.pr.pl.3.">ā’t</sone><sone id="l8_s8" lk="317" lemma="vä’ggi" tahendus="väga" ingl="very" liik="Adv">vä’ggi</sone><sone id="l8_s9" lk="317" lemma="jõvā" tahendus="hea" ingl="good" liik="A" vorm="pl.nom.">juvād</sone><sone id="l8_s10" lk="317" meta="vahemärk">,</sone><sone id="l8_s11" lk="317" lemma="minā" tahendus="mina" ingl="I" liik="ProS" vorm="sg.nom.">ma</sone><sone id="l8_s12" lk="317" meta="vahemärk">[</sone><sone id="l8_s13" lk="317" lemma="tǭ’dõ" tahendus="tahta" ingl="want" liik="V" vorm="pers.ind.pr.sg.1.">tā’b</sone><sone id="l8_s14" lk="317" meta="vahemärk"> &gt;</sone><sone id="l8_s15" lk="317" meta="vahemärk">]</sone><sone id="l8_s16" lk="317" lemma="tǭ’dõ" tahendus="tahta" ingl="want" liik="V" vorm="pers.ind.sg.1.">tā’</sone><sone id="l8_s17" lk="317" lemma="ī’ž" tahendus="ise" ingl="self" liik="ProS" vorm="sg.nom.">ī’ž</sone><sone id="l8_s18" lk="317" lemma="lǟ’dõ" tahendus="minna" ingl="go" liik="V" vorm="inf.">lǟ’də</sone><sone id="l8_s19" lk="317" lemma="ne" tahendus="need" ingl="these" liik="ProS" vorm="pl.part.">nēd́i</sone><sone id="l8_s20" lk="317" lemma="kak" tahendus="kakk" ingl="bun" liik="S" vorm="pl.part.">kakīdi</sone><sone id="l8_s21" lk="317" lemma="sǭdõ" tahendus="saada" ingl="get" liik="V" vorm="sup.">sām</sone><sone lk="317" keel="eesti" id="l8_s22" meta="vahemärk">.</sone><sone id="l8_s23" lk="317" meta="vahemärk">”</sone></lause><lause id="l9"><sone id="l9_s1" lk="317" lemma="si’z" tahendus="siis" ingl="then" liik="ProAdv">siz</sone><sone id="l9_s2" lk="317" lemma="tämā" tahendus="tema" ingl="he" liik="ProS" vorm="sg.nom.">ta</sone><sone id="l9_s3" lk="317" lemma="lǟ’dõ" tahendus="minna" ingl="go" liik="V" vorm="pers.ind.ipf.sg.3.">lekš</sone><sone id="l9_s4" lk="317" lemma="un" tahendus="ja" ingl="and" liik="Konj">un</sone><sone id="l9_s5" lk="317" lemma="pu’ggõ" tahendus="pugeda" ingl="creep" liik="V" vorm="pers.ind.ipf.sg.3.">pugīz</sone><sone id="l9_s6" lk="317" lemma="lä’b" tahendus="aken" ingl="window" liik="S" vorm="sg.gen.">lä’b</sone><sone id="l9_s7" lk="317" lemma="pǟl " tahendus="peale" ingl="on" liik="Post">pǟl</sone><sone id="l9_s8" lk="317" lemma="un" tahendus="ja" ingl="and" liik="Konj">un</sone><sone id="l9_s9" lk="317" lemma="võttõ" tahendus="võtta" ingl="take" liik="V" vorm="pers.ind.ipf.sg.3.">wutīz</sone><sone id="l9_s10" lk="317" lemma="kak" tahendus="kakk" ingl="bun" liik="S" vorm="pl.part.">kakīdi</sone><sone id="l9_s11" lk="317" meta="vahemärk">.</sone></lause><lause id="l10"><sone id="l10_s1" lk="317" lemma="si’z" tahendus="siis" ingl="then" liik="ProAdv">siz</sone><sone id="l10_s2" lk="317" lemma="tämā" tahendus="tema" ingl="he" liik="ProS" vorm="sg.nom.">ta</sone><sone id="l10_s3" lk="317" lemma="gǭ’žõ" tahendus="lükata" ingl="knock down" liik="V" vorm="pers.ind.ipf.sg.3.">gā’žiz</sone><sone id="l10_s4" lk="317" lemma="kakūd+kouš" tahendus="kakukauss" ingl="bun bowl" liik="S" vorm="sg.gen.">kakūd+kouš</sone><sone id="l10_s5" lk="317" lemma="mǭ’" tahendus="maha" ingl="down" liik="Adva">mā’</sone><sone id="l10_s6" lk="317" lemma="un" tahendus="ja" ingl="and" liik="Konj">un</sone><sone id="l10_s7" lk="317" lemma="se" tahendus="see" ingl="this" liik="ProS" vorm="sg.el.">siest</sone><sone id="l10_s8" lk="317" lemma="märā" tahendus="lärm" ingl="noise" liik="S" vorm="sg.el.">märāst</sone><sone id="l10_s9" lk="317" lemma="pe’r+nai" tahendus="perenaine" ingl="homemaker" liik="S" vorm="sg.nom.">per+nai</sone><sone id="l10_s10" lk="317" lemma="kūlõ" tahendus="kuulda" ingl="hear" liik="V" vorm="pers.ind.ipf.sg.3.">kūliz</sone><sone id="l10_s11" lk="317" lemma="un" tahendus="ja" ingl="and" liik="Konj">un</sone><sone id="l10_s12" lk="317" lemma="lǟ’dõ" tahendus="minna" ingl="go" liik="V" vorm="pers.ind.ipf.sg.3.">lekš</sone><sone id="l10_s13" lk="317" lemma="vaņțlõ" tahendus="vaadata" ingl="look" liik="V" vorm="sup.">vańḱ́́ĺəm</sone><sone id="l10_s14" lk="317" meta="vahemärk">,</sone><sone id="l10_s15" lk="317" lemma="mis" tahendus="mis" ingl="what" liik="Intr" vorm="sg.nom.">mis</sone><sone id="l10_s16" lk="317" lemma="sǟ’l" tahendus="seal" ingl="there" liik="ProAdv">sǟl</sone><sone id="l10_s17" lk="317" lemma="vȱlda" tahendus="olla" ingl="be" liik="V" vorm="pers.ind.pr.sg.3.">um</sone><sone id="l10_s18" lk="317" meta="vahemärk">.</sone></lause><lause id="l11"><sone id="l11_s1" lk="317" lemma="si’z" tahendus="siis" ingl="then" liik="ProAdv">siz</sone><sone id="l11_s2" lk="317" lemma="tämā" tahendus="tema" ingl="she" liik="ProS" vorm="sg.nom.">ta</sone><sone id="l11_s3" lk="317" lemma="ie+nǟ’dõ" tahendus="näha" ingl="see" liik="V" vorm="pers.ind.ipf.sg.3.prf.">i’e+neiz</sone><sone id="l11_s4" lk="317" lemma="su’ž" tahendus="hunt" ingl="wolf" liik="S" vorm="sg.part.">sutā</sone><sone id="l11_s5" lk="317" lemma="un" tahendus="ja" ingl="and" liik="Konj">un</sone><sone id="l11_s6" lk="317" lemma="sa+kutsõ" tahendus="kutsuda" ingl="call" liik="V" vorm="pers.ind.ipf.sg.3.prf.">sa+kutsīz</sone><sone id="l11_s7" lk="317" lemma="tikkiž" tahendus="kogu" ingl="all" liik="ProS">tikkiž</sone><sone id="l11_s8" lk="317" lemma="ro’v" tahendus="rahvas" ingl="people" liik="S" vorm="sg.gen.">rou’və</sone><sone id="l11_s9" lk="317" meta="vahemärk">,</sone><sone id="l11_s10" lk="317" lemma="un" tahendus="ja" ingl="and" liik="Konj">un</sone><sone id="l11_s11" lk="317" lemma="si’z" tahendus="siis" ingl="then" liik="ProAdv">siz</sone><sone id="l11_s12" lk="317" lemma="ne" tahendus="nemad" ingl="they" liik="ProS" vorm="pl.nom.">ne</sone><sone id="l11_s13" lk="317" lemma="pieksõ" tahendus="peksta" ingl="beat" liik="V" vorm="pers.ind.ipf.pl.3.">pⁱeksīsti</sone><sone id="l11_s14" lk="317" lemma="se" tahendus="see" ingl="this" liik="ProS" vorm="sg.part.">sⁱedā</sone><sone id="l11_s15" lk="317" lemma="su’ž" tahendus="hunt" ingl="wolf" liik="S" vorm="sg.part.">sutā</sone><sone id="l11_s16" lk="317" lemma="vä’ggi" tahendus="väga" ingl="very" liik="Adv">vä’ggi</sone><sone id="l11_s17" lk="317" lemma="je’nnõ" tahendus="palju" ingl="much" liik="Adv">jen’nə</sone><sone id="l11_s18" lk="317" meta="vahemärk">,</sone><sone id="l11_s19" lk="317" lemma="ne’i" tahendus="nii" ingl="so" liik="ProAdv">nei</sone><sone id="l11_s20" lk="317" lemma="ku" tahendus="et" ingl="that" liik="Konj">ku</sone><sone id="l11_s21" lk="317" lemma="tämā" tahendus="tema" ingl="he" liik="ProS" vorm="sg.nom.">ta</sone><sone id="l11_s22" lk="317" lemma="lǟ’dõ" tahendus="minna" ingl="go" liik="V" vorm="pers.ind.ipf.sg.3.">lekš</sone><sone id="l11_s23" lk="317" lemma="kli’bbõ" tahendus="longata" ingl="limp" liik="V" vorm="ger.">kli’bbəs</sone><sone id="l11_s24" lk="317" lemma="un" tahendus="ja" ingl="and" liik="Konj">un</sone><sone id="l11_s25" lk="317" lemma="u’llõ" tahendus="uluda" ingl="wail" liik="V" vorm="ger.">ul’ləs</sone><sone id="l11_s26" lk="317" lemma="mõtsā" tahendus="mets" ingl="forest" liik="S" vorm="sg.ill.">mitsə</sone><sone id="l11_s27" lk="317" lemma="tā’giž" tahendus="tagasi" ingl="back" liik="Adva">ta’ggiž</sone><sone id="l11_s28" lk="317" meta="vahemärk">.</sone></lause><lause id="l12"><sone id="l12_s1" lk="317" lemma="si’z" tahendus="siis" ingl="then" liik="ProAdv">siz</sone><sone id="l12_s2" lk="317" lemma="re’bbi" tahendus="rebane" ingl="fox" liik="S" vorm="sg.nom.">rⁱe’bbi</sone><sone id="l12_s3" lk="317" lemma="ki’zzõ" tahendus="küsida" ingl="ask" liik="V" vorm="pers.ind.ipf.sg.3.">kizīz</sone><sone id="l12_s4" lk="317" meta="vahemärk">:</sone><sone id="l12_s5" lk="317" meta="vahemärk">”</sone><sone lk="317" keel="eesti" id="l12_s6" lemma="kui" tahendus="kuidas" ingl="how" liik="Intr">kui’</sone><sone id="l12_s7" lk="317" lemma="sinā" tahendus="sina" ingl="you" liik="ProS" vorm="sg.dat.">sin’nən</sone><sone id="l12_s8" lk="317" lemma="ka" tahendus="ka" ingl="also" liik="ModAdv">ka</sone><sone id="l12_s9" lk="317" lemma="ni" tahendus="nüüd" ingl="now" liik="Adv">ni</sone><sone id="l12_s10" lk="317" lemma="lǟ’dõ" tahendus="minna" ingl="go" liik="V" vorm="pers.ind.ipf.sg.3.">lekš</sone><sone id="l12_s11" lk="317" lemma="jõvīst" tahendus="hästi" ingl="well" liik="Adv">juvīst</sone><sone lk="317" keel="eesti" id="l12_s12" meta="vahemärk">?</sone><sone id="l12_s13" lk="317" meta="vahemärk">”</sone></lause><lause id="l13"><sone id="l13_s1" lk="317" lemma="si’z" tahendus="siis" ingl="then" liik="ProAdv">siz</sone><sone id="l13_s2" lk="317" lemma="su’ž" tahendus="hunt" ingl="wolf" liik="S" vorm="sg.nom.">su’ⁱž</sone><sone id="l13_s3" lk="317" lemma="kītõ" tahendus="öelda" ingl="say" liik="V" vorm="pers.ind.ipf.sg.3.">kītiz</sone><sone id="l13_s4" lk="317" meta="vahemärk">:</sone><sone id="l13_s5" lk="317" meta="vahemärk">”</sone><sone lk="317" keel="eesti" id="l13_s6" lemma="minā" tahendus="mina" ingl="I" liik="ProS" vorm="sg.nom.">ma</sone><sone id="l13_s7" lk="317" lemma="sǭdõ" tahendus="saada" ingl="get" liik="V" vorm="pers.ind.ipf.sg.1.">sai</sone><sone id="l13_s8" lk="317" lemma="ne’i" tahendus="nii" ingl="so" liik="ProAdv">nei’</sone><sone id="l13_s9" lk="317" lemma="je’nnõ" tahendus="palju" ingl="much" liik="Adv">jen’n</sone><sone id="l13_s10" lk="317" lemma="pieks" tahendus="peks" ingl="beating" liik="S" vorm="sg.part.">pⁱeksə</sone><sone id="l13_s11" lk="317" meta="vahemärk">,</sone><sone id="l13_s12" lk="317" lemma="ne’i" tahendus="nii" ingl="so" liik="ProAdv">nei’</sone><sone id="l13_s13" lk="317" lemma="ku" tahendus="et" ingl="that" liik="Konj">ku</sone><sone id="l13_s14" lk="317" lemma="minā" tahendus="mina" ingl="I" liik="ProS" vorm="sg.nom.">ma</sone><sone id="l13_s15" lk="317" lemma="pigā" tahendus="peaaegu" ingl="almost" liik="Adv">pigā</sone><sone id="l13_s16" lk="317" lemma="i’z" tahendus="ei" ingl="not" liik="Mn" vorm="pers.ind.ipf.sg.3.">iz</sone><sone id="l13_s17" lk="317" lemma="no+tūlda" tahendus="tulla" ingl="come" liik="V" vorm="pers.ind.sg.1.prf.neg.">nu’o+tul’</sone><sone id="l13_s18" lk="317" lemma="mõtsā" tahendus="mets" ingl="forest" liik="S" vorm="sg.ill.">mitsə</sone><sone lk="317" keel="eesti" id="l13_s19" meta="vahemärk">.</sone><sone id="l13_s20" lk="317" meta="vahemärk">”</sone></lause><lause id="l14"><sone id="l14_s1" lk="317" lemma="si’z" tahendus="siis" ingl="then" liik="ProAdv">siz</sone><sone id="l14_s2" lk="317" lemma="re’bbi" tahendus="rebane" ingl="fox" liik="S" vorm="sg.nom.">rⁱe’bbi</sone><sone id="l14_s3" lk="317" lemma="kītõ" tahendus="öelda" ingl="say" liik="V" vorm="pers.ind.ipf.sg.3.">kītiz</sone><sone id="l14_s4" lk="317" meta="vahemärk">:</sone><sone id="l14_s5" lk="317" meta="vahemärk">”</sone><sone lk="317" keel="eesti" id="l14_s6" lemma="alā" tahendus="ära" ingl="not" liik="Mn" vorm="pers.imp.pr.sg.2.">ala</sone><sone id="l14_s7" lk="317" lemma="si’z" tahendus="siis" ingl="then" liik="ModAdv">siz</sone><sone id="l14_s8" lk="317" lemma="vȱlda" tahendus="olla" ingl="be" liik="V" vorm="pers.ind.sg.2.neg.">uo</sone><sone id="l14_s9" lk="317" lemma="seļļi" tahendus="selline" ingl="such" liik="ProA" vorm="sg.nom.">selli</sone><sone id="l14_s10" lk="317" lemma="krätīl" tahendus="argpüks" ingl="coward" liik="V" vorm="sg.nom." kommentaar="?">krätīl</sone><sone lk="317" keel="eesti" id="l14_s11" meta="vahemärk">.</sone><sone id="l14_s12" lk="317" meta="vahemärk">”</sone></lause><lause id="l15"><sone id="l15_s1" lk="317" lemma="si’z" tahendus="siis" ingl="then" liik="ProAdv">siz</sone><sone id="l15_s2" lk="317" lemma="su’ž" tahendus="hunt" ingl="wolf" liik="S" vorm="sg.nom.">su’ⁱž</sone><sone id="l15_s3" lk="317" lemma="ma’ggõ" tahendus="lamada" ingl="sleep" liik="V" vorm="pers.ind.ipf.sg.3.">magīz</sone><sone id="l15_s4" lk="317" lemma="mingi" tahendus="mõni" ingl="some" liik="ProS" vorm="sg.part.">miŋgist</sone><sone id="l15_s5" lk="317" lemma="kakš" tahendus="kaks" ingl="two" liik="Nump" vorm="sg.nom.">kakš</sone><sone id="l15_s6" lk="317" lemma="kuolm" tahendus="kolm" ingl="three" liik="Nump" vorm="sg.nom.">kᵘolm</sone><sone id="l15_s7" lk="317" lemma="pǟva" tahendus="päev" ingl="day" liik="S" vorm="sg.part.">päuvə</sone><sone id="l15_s8" lk="317" lemma="mõtsā" tahendus="mets" ingl="forest" liik="S" vorm="sg.in.">mitsās</sone><sone id="l15_s9" lk="317" lemma="bäs" tahendus="ilma" ingl="without" liik="Pre">bäs</sone><sone id="l15_s10" lk="317" lemma="sīedõ" tahendus="süüa" ingl="eat" liik="V" vorm="sup.ab.">siemət</sone><sone id="l15_s11" lk="317" meta="vahemärk">,</sone><sone id="l15_s12" lk="317" lemma="un" tahendus="ja" ingl="and" liik="Konj">un</sone><sone id="l15_s13" lk="317" lemma="si’z" tahendus="siis" ingl="then" liik="ProAdv">siz</sone><sone id="l15_s14" lk="317" lemma="ku" tahendus="kui" ingl="when" liik="Konj">ku</sone><sone id="l15_s15" lk="317" lemma="tämā" tahendus="tema" ingl="he" liik="ProS" vorm="sg.nom.">ta</sone><sone id="l15_s16" lk="317" lemma="sǭdõ" tahendus="saada" ingl="get" liik="V" vorm="pers.ind.ipf.sg.3.">sai</sone><sone id="l15_s17" lk="317" lemma="tīera" tahendus="terve" ingl="well" liik="A" vorm="sg.tr.">tⁱerrəks</sone><sone id="l15_s18" lk="317" meta="vahemärk">,</sone><sone id="l15_s19" lk="317" lemma="si’z" tahendus="siis" ingl="then" liik="ProAdv">siz</sone><sone id="l15_s20" lk="317" lemma="tämā" tahendus="tema" ingl="he" liik="ProS" vorm="sg.nom.">ta</sone><sone id="l15_s21" lk="317" lemma="kītõ" tahendus="öelda" ingl="say" liik="V" vorm="pers.ind.ipf.sg.3.">kītiz</sone><sone id="l15_s22" lk="317" lemma="se" tahendus="see" ingl="this" liik="ProS" vorm="sg.gen.">sie</sone><sone id="l15_s23" lk="317" lemma="re’bbi" tahendus="rebane" ingl="fox" liik="S" vorm="sg.dat.">rⁱebīzən</sone><sone id="l15_s24" lk="317" meta="vahemärk">:</sone><sone id="l15_s25" lk="317" meta="vahemärk">”</sone><sone lk="317" keel="eesti" id="l15_s26" lemma="koks" tahendus="kui ometi" ingl="if only" liik="Konj">koks</sone><sone id="l15_s27" lk="317" lemma="minā" tahendus="mina" ingl="I" liik="ProS" vorm="sg.nom.">ma</sone><sone id="l15_s28" lk="317" lemma="ka" tahendus="ka" ingl="also" liik="ModAdv">ka</sone><sone id="l15_s29" lk="317" lemma="sǭdõ" tahendus="saada" ingl="get" liik="V" vorm="nud.sg.">sānd</sone><sone id="l15_s30" lk="317" lemma="mingi" tahendus="mõni" ingl="some" liik="ProS" vorm="sg.gen.">miŋgiz</sone><sone id="l15_s31" lk="317" lemma="reid" tahendus="kord" ingl="time" liik="S" vorm="sg.gen.">reid</sone><sone id="l15_s32" lk="317" lemma="rištīng" tahendus="inimene" ingl="human" liik="S" vorm="sg.part.">rištīŋgt</sone><sone id="l15_s33" lk="317" lemma="nǟ’dõ" tahendus="näha" ingl="see" liik="V" vorm="inf.">nǟ’də</sone><sone lk="317" keel="eesti" id="l15_s34" meta="vahemärk">.</sone><sone id="l15_s35" lk="317" meta="vahemärk">”</sone></lause><lause id="l16"><sone id="l16_s1" lk="317" lemma="si’z" tahendus="siis" ingl="then" liik="ProAdv">siz</sone><sone id="l16_s2" lk="317" lemma="re’bbi" tahendus="rebane" ingl="fox" liik="S" vorm="sg.nom.">rⁱe’bbi</sone><sone id="l16_s3" lk="317" lemma="kītõ" tahendus="öelda" ingl="say" liik="V" vorm="pers.ind.ipf.sg.3.">kītiz</sone><sone id="l16_s4" lk="317" meta="vahemärk">:</sone><sone id="l16_s5" lk="317" meta="vahemärk">”</sone><sone lk="317" keel="eesti" id="l16_s6" lemma="ro’vz" tahendus="inimesed" ingl="people" liik="S" vorm="sg.nom.">rou’ž</sone><sone id="l16_s7" lk="317" lemma="vȱlda" tahendus="olla" ingl="be" liik="V" vorm="pers.ind.pr.pl.3.">āt</sone><sone id="l16_s8" lk="317" lemma="vä’ggi" tahendus="väga" ingl="very" liik="Adv">vägi</sone><sone id="l16_s9" lk="317" lemma="ve’ggi" tahendus="vägev" ingl="powerful" liik="A" vorm="pl.nom.">ve’ggist</sone><sone lk="317" keel="eesti" id="l16_s10" meta="vahemärk">.</sone><sone id="l16_s11" lk="317" meta="vahemärk">”</sone></lause><lause id="l17"><sone id="l17_s1" lk="317" lemma="agā" tahendus="aga" ingl="but" liik="Konj">agā</sone><sone id="l17_s2" lk="317" lemma="su’ž" tahendus="hunt" ingl="wolf" liik="S" vorm="sg.nom.">su’ⁱž</sone><sone id="l17_s3" lk="317" lemma="kītõ" tahendus="öelda" ingl="say" liik="V" vorm="pers.ind.ipf.sg.3.">kītiz</sone><sone id="l17_s4" lk="317" meta="vahemärk">:</sone><sone id="l17_s5" lk="317" meta="vahemärk">”</sone><sone lk="317" keel="eesti" id="l17_s6" lemma="minā" tahendus="mina" ingl="I" liik="ProS" vorm="sg.nom.">ma</sone><sone id="l17_s7" lk="317" lemma="tǭ’dõ" tahendus="tahta" ingl="want" liik="V" vorm="pers.ind.pr.sg.1.">tā’</sone><sone id="l17_s8" lk="317" lemma="lǟ’dõ" tahendus="minna" ingl="go" liik="V" vorm="inf.">lǟ’də</sone><sone id="l17_s9" lk="317" lemma="joud" tahendus="jõud" ingl="strength" liik="S" vorm="sg.part.">joudə</sone><sone id="l17_s10" lk="317" lemma="kǭ’ļõ" tahendus="katsuda" ingl="try" liik="V" vorm="sup.">kā’ĺəm</sone><sone lk="317" keel="eesti" id="l17_s11" meta="vahemärk">.</sone><sone id="l17_s12" lk="317" meta="vahemärk">”</sone></lause><lause id="l18"><sone id="l18_s1" lk="317" lemma="si’z" tahendus="siis" ingl="then" liik="ProAdv">siz</sone><sone id="l18_s2" lk="317" lemma="re’bbi" tahendus="rebane" ingl="fox" liik="S" vorm="sg.nom.">rⁱe’bbi</sone><sone id="l18_s3" lk="317" lemma="kītõ" tahendus="öelda" ingl="say" liik="V" vorm="pers.ind.ipf.sg.3.">kītiz</sone><sone id="l18_s4" lk="317" meta="vahemärk">:</sone><sone id="l18_s5" lk="317" meta="vahemärk">”</sone><sone lk="317" keel="eesti" id="l18_s6" lemma="ki’l" tahendus="küll" ingl="surely" liik="ModAdv">küll</sone><sone id="l18_s7" lk="317" lemma="minā" tahendus="mina" ingl="I" liik="ProS" vorm="sg.nom.">ma</sone><sone id="l18_s8" lk="317" lemma="sinā" tahendus="sina" ingl="you" liik="ProS" vorm="sg.dat.">sin’nən</sone><sone id="l18_s9" lk="317" lemma="nä’gțõ" tahendus="näidata" ingl="show" liik="V" vorm="pers.ind.pr.sg.1.">nä’gt́əb</sone><sone lk="317" keel="eesti" id="l18_s10" meta="vahemärk">.</sone><sone id="l18_s11" lk="317" meta="vahemärk">”</sone></lause><lause id="l19"><sone id="l19_s1" lk="317" lemma="si’z" tahendus="siis" ingl="then" liik="ProAdv">siz</sone><sone id="l19_s2" lk="317" lemma="ūoņdžõl" tahendus="hommikul" ingl="in the morning" liik="Adv">uondžəl</sone><sone id="l19_s3" lk="317" lemma="va’rrõ" tahendus="vara" ingl="early" liik="Adv">var’rə</sone><sone id="l19_s4" lk="317" lemma="lǟ’dõ" tahendus="minna" ingl="go" liik="V" vorm="pers.ind.ipf.sg.3.">lekš</sone><sone id="l19_s5" lk="317" lemma="ikš" tahendus="üks" ingl="one" liik="ProS" vorm="sg.nom.">ikš</sone><sone id="l19_s6" lk="317" lemma="pȯiški" tahendus="poisike" ingl="little boy" liik="S" vorm="sg.nom.">pᵘoiški</sone><sone id="l19_s7" lk="317" lemma="skūol" tahendus="kool" ingl="school" liik="S" vorm="sg.ill.">skuolə</sone><sone id="l19_s8" lk="317" meta="vahemärk">.</sone></lause><lause id="l20"><sone id="l20_s1" lk="317" lemma="si’z" tahendus="siis" ingl="then" liik="ProAdv">siz</sone><sone id="l20_s2" lk="317" lemma="su’ž" tahendus="hunt" ingl="wolf" liik="S" vorm="sg.nom.">su’ⁱž</sone><sone id="l20_s3" lk="317" lemma="ki’zzõ" tahendus="küsida" ingl="ask" liik="V" vorm="pers.ind.ipf.sg.3.">kizīz</sone><sone id="l20_s4" lk="317" meta="vahemärk">:</sone><sone id="l20_s5" lk="317" meta="vahemärk">”</sone><sone lk="317" keel="eesti" id="l20_s6" lemma="u" tahendus="kas" ingl="if" liik="Intr">u</sone><sone id="l20_s7" lk="317" lemma="se" tahendus="see" ingl="this" liik="ProS" vorm="sg.nom.">se</sone><sone id="l20_s8" lk="317" lemma="ni" tahendus="nüüd" ingl="now" liik="Adv">ni</sone><sone id="l20_s9" lk="317" lemma="vȱlda" tahendus="olla" ingl="be" liik="V" vorm="pers.ind.pr.sg.3.">um’</sone><sone id="l20_s10" lk="317" lemma="rištīng" tahendus="inimene" ingl="human" liik="S" vorm="sg.nom.">rištīŋg</sone><sone lk="317" keel="eesti" id="l20_s11" meta="vahemärk">?</sone><sone id="l20_s12" lk="317" meta="vahemärk">”</sone></lause><lause id="l21"><sone id="l21_s1" lk="317" lemma="re’bbi" tahendus="rebane" ingl="fox" liik="S" vorm="sg.nom.">rⁱe’bbi</sone><sone id="l21_s2" lk="317" lemma="kītõ" tahendus="öelda" ingl="say" liik="V" vorm="pers.ind.ipf.sg.3.">kītiz</sone><sone id="l21_s3" lk="317" meta="vahemärk">:</sone><sone id="l21_s4" lk="317" meta="vahemärk">”</sone><sone lk="317" keel="eesti" id="l21_s5" lemma="se" tahendus="see" ingl="this" liik="ProS" vorm="sg.nom.">se</sone><sone id="l21_s6" lk="317" lemma="līdõ" tahendus="olema saada" ingl="will be" liik="V" vorm="pers.ind.pr.sg.3.">līb</sone><sone id="l21_s7" lk="317" meta="vahemärk">[</sone><sone id="l21_s8" lk="317" lemma="ki’l" tahendus="küll" ingl="indeed" liik="ModAdv">küll</sone><sone id="l21_s9" lk="317" meta="vahemärk"> &gt;</sone><sone id="l21_s10" lk="317" meta="vahemärk">]</sone><sone id="l21_s11" lk="317" lemma="ki’l" tahendus="küll" ingl="indeed" liik="ModAdv">kill</sone><sone id="l21_s12" lk="317" lemma="mingi" tahendus="mingi" ingl="some" liik="ProS" vorm="sg.gen.">miŋgiz</sone><sone id="l21_s13" lk="317" lemma="kõrd" tahendus="kord" ingl="time" liik="S" vorm="sg.gen.">kird</sone><sone id="l21_s14" lk="317" lemma="rištīng" tahendus="inimene" ingl="human" liik="S" vorm="sg.nom.">rištīŋg</sone><sone id="l21_s15" lk="317" meta="vahemärk">,</sone><sone id="l21_s16" lk="317" lemma="agā" tahendus="aga" ingl="but" liik="Konj">agā</sone><sone id="l21_s17" lk="317" lemma="tämā" tahendus="tema" ingl="he" liik="ProS" vorm="sg.nom.">ta</sone><sone id="l21_s18" lk="317" lemma="paldīņ" tahendus="praegu" ingl="at this moment" liik="Adv">paldiń</sone><sone id="l21_s19" lk="317" lemma="ä’b" tahendus="ei" ingl="not" liik="Mn" vorm="pers.ind.pr.sg.3.">äb</sone><sone id="l21_s20" lk="317" lemma="vȱlda" tahendus="olla" ingl="be" liik="V" vorm="pers.ind.sg.3.neg.">uo</sone><sone lk="317" keel="eesti" id="l21_s21" meta="vahemärk">.</sone><sone id="l21_s22" lk="317" meta="vahemärk">”</sone></lause><lause id="l22"><sone id="l22_s1" lk="317" lemma="si’z" tahendus="siis" ingl="then" liik="ProAdv">siz</sone><sone id="l22_s2" lk="317" lemma="lǟ’dõ" tahendus="minna" ingl="go" liik="V" vorm="pers.ind.ipf.sg.3.">lekš</sone><sone id="l22_s3" lk="317" lemma="te’iž" tahendus="jälle" ingl="again" liik="Adv">täi’z</sone><sone id="l22_s4" lk="317" lemma="ikš" tahendus="üks" ingl="one" liik="ProS" vorm="sg.nom.">ikš</sone><sone id="l22_s5" lk="317" lemma="vanā" tahendus="vana" ingl="old" liik="A" vorm="sg.nom.">vanā</sone><sone id="l22_s6" lk="317" lemma="mīez" tahendus="mees" ingl="man" liik="S" vorm="sg.nom.">miez</sone><sone id="l22_s7" lk="317" lemma="pū" tahendus="puu" ingl="tree" liik="S" vorm="pl.part.">pūd́i</sone><sone id="l22_s8" lk="317" lemma="ra’dļõ" tahendus="raiuda" ingl="chop" liik="V" vorm="sup.">ra’d́ĺəm</sone><sone id="l22_s9" lk="317" meta="vahemärk">.</sone></lause><lause id="l23"><sone id="l23_s1" lk="317" lemma="si’z" tahendus="siis" ingl="then" liik="ProAdv">siz</sone><sone id="l23_s2" lk="317" lemma="su’ž" tahendus="hunt" ingl="wolf" liik="S" vorm="sg.nom.">su’ⁱž</sone><sone id="l23_s3" lk="317" lemma="ki’zzõ" tahendus="küsida" ingl="ask" liik="V" vorm="pers.ind.ipf.sg.3.">kizīz</sone><sone id="l23_s4" lk="317" lemma="te’iž" tahendus="jälle" ingl="again" liik="Adv">täi’z</sone><sone id="l23_s5" lk="317" meta="vahemärk">:</sone><sone id="l23_s6" lk="317" meta="vahemärk">”</sone><sone lk="317" keel="eesti" id="l23_s7" lemma="u" tahendus="kas" ingl="if" liik="Intr">u</sone><sone id="l23_s8" lk="317" lemma="se" tahendus="see" ingl="this" liik="ProS" vorm="sg.nom.">se</sone><sone id="l23_s9" lk="317" lemma="vȱlda" tahendus="olla" ingl="be" liik="V" vorm="pers.ind.pr.sg.3.">um’</sone><sone id="l23_s10" lk="317" lemma="rištīng" tahendus="inimene" ingl="human" liik="S" vorm="sg.nom.">rištīŋg</sone><sone lk="317" keel="eesti" id="l23_s11" meta="vahemärk">?</sone><sone id="l23_s12" lk="317" meta="vahemärk">”</sone></lause><lause id="l24"><sone id="l24_s1" lk="317" lemma="re’bbi" tahendus="rebane" ingl="fox" liik="S" vorm="sg.nom.">rⁱe’bbi</sone><sone id="l24_s2" lk="317" lemma="kītõ" tahendus="öelda" ingl="say" liik="V" vorm="pers.ind.ipf.sg.3.">kītiz</sone><sone id="l24_s3" lk="317" meta="vahemärk">:</sone><sone id="l24_s4" lk="317" meta="vahemärk">”</sone><sone lk="317" keel="eesti" id="l24_s5" lemma="se" tahendus="see" ingl="this" liik="ProS" vorm="sg.nom.">se</sone><sone id="l24_s6" lk="317" lemma="vȱlda" tahendus="olla" ingl="be" liik="Va" vorm="pers.ind.pr.sg.3.">um’</sone><sone id="l24_s7" lk="317" lemma="vȱlda" tahendus="olla" ingl="be" liik="V" vorm="nud.sg.">wond</sone><sone id="l24_s8" lk="317" lemma="ki’l" tahendus="küll" ingl="indeed" liik="ModAdv">kill</sone><sone id="l24_s9" lk="318" lemma="mingi" tahendus="mingi" ingl="some" liik="ProS" vorm="sg.gen.">miŋgiz</sone><sone id="l24_s10" lk="318" lemma="reid" tahendus="kord" ingl="time" liik="S" vorm="sg.gen.">reid</sone><sone id="l24_s11" lk="318" lemma="rištīng" tahendus="inimene" ingl="human" liik="S" vorm="sg.nom.">rištīŋg</sone><sone id="l24_s12" lk="318" meta="vahemärk">,</sone><sone id="l24_s13" lk="318" lemma="agā" tahendus="aga" ingl="but" liik="Konj">agā</sone><sone id="l24_s14" lk="318" lemma="tämā" tahendus="tema" ingl="he" liik="ProS" vorm="sg.nom.">ta</sone><sone id="l24_s15" lk="318" lemma="paldīņ" tahendus="praegu" ingl="at this moment" liik="Adv">paldiń</sone><sone id="l24_s16" lk="318" lemma="ä’b" tahendus="ei" ingl="not" liik="Mn" vorm="pers.ind.pr.sg.3.">äb</sone><sone id="l24_s17" lk="318" lemma="vȱlda" tahendus="olla" ingl="be" liik="V" vorm="pers.ind.sg.3.neg.">uo</sone><sone lk="318" keel="eesti" id="l24_s18" meta="vahemärk">.</sone><sone id="l24_s19" lk="318" meta="vahemärk">”</sone></lause><lause id="l25"><sone id="l25_s1" lk="318" lemma="si’z" tahendus="siis" ingl="then" liik="ProAdv">siz</sone><sone id="l25_s2" lk="318" lemma="tūlda" tahendus="tulla" ingl="come" liik="V" vorm="pers.ind.ipf.sg.3.">tuĺ’</sone><sone id="l25_s3" lk="318" lemma="te’iž" tahendus="jälle" ingl="again" liik="Adv">täi’z</sone><sone id="l25_s4" lk="318" lemma="ikš" tahendus="üks" ingl="one" liik="ProS" vorm="sg.nom.">ikš</sone><sone id="l25_s5" lk="318" lemma="mõtsā+kaits" tahendus="metsavaht" ingl="gamekeeper" liik="S" vorm="sg.nom.">mitsā+kaitsiji</sone><sone id="l25_s6" lk="318" meta="vahemärk">,</sone><sone id="l25_s7" lk="318" lemma="tämā" tahendus="tema" ingl="he" liik="ProS" vorm="sg.nom.">ta</sone><sone id="l25_s8" lk="318" lemma="lǟ’dõ" tahendus="minna" ingl="go" liik="V" vorm="pers.ind.ipf.sg.3.">lekš</sone><sone id="l25_s9" lk="318" lemma="jakt" tahendus="jaht" ingl="hunt" liik="S" vorm="sg.gen.">jaḱt́</sone><sone id="l25_s10" lk="318" lemma="pǟl " tahendus="peale" ingl="on" liik="Post">pǟl</sone><sone id="l25_s11" lk="318" meta="vahemärk">.</sone></lause><lause id="l26"><sone id="l26_s1" lk="318" lemma="si’z" tahendus="siis" ingl="then" liik="ProAdv">siz</sone><sone id="l26_s2" lk="318" lemma="su’ž" tahendus="hunt" ingl="wolf" liik="S" vorm="sg.nom.">su’ⁱž</sone><sone id="l26_s3" lk="318" lemma="ki’zzõ" tahendus="küsida" ingl="ask" liik="V" vorm="pers.ind.ipf.sg.3.">kizīz</sone><sone id="l26_s4" lk="318" meta="vahemärk">:</sone><sone id="l26_s5" lk="318" meta="vahemärk">”</sone><sone lk="318" keel="eesti" id="l26_s6" lemma="u" tahendus="kas" ingl="if" liik="Intr">u</sone><sone id="l26_s7" lk="318" lemma="se" tahendus="see" ingl="this" liik="ProS" vorm="sg.nom.">se</sone><sone id="l26_s8" lk="318" lemma="ni" tahendus="nüüd" ingl="now" liik="Adv">ni</sone><sone id="l26_s9" lk="318" lemma="vȱlda" tahendus="olla" ingl="be" liik="V" vorm="pers.ind.pr.sg.3.">um’</sone><sone id="l26_s10" lk="318" lemma="rištīng" tahendus="inimene" ingl="human" liik="S" vorm="sg.nom.">rištīŋg</sone><sone lk="318" keel="eesti" id="l26_s11" meta="vahemärk">?</sone><sone id="l26_s12" lk="318" meta="vahemärk">”</sone></lause><lause id="l27"><sone id="l27_s1" lk="318" lemma="si’z" tahendus="siis" ingl="then" liik="ProAdv">siz</sone><sone id="l27_s2" lk="318" lemma="re’bbi" tahendus="rebane" ingl="fox" liik="S" vorm="sg.nom.">rⁱe’bbi</sone><sone id="l27_s3" lk="318" lemma="kītõ" tahendus="öelda" ingl="say" liik="V" vorm="pers.ind.ipf.sg.3.">kītiz</sone><sone id="l27_s4" lk="318" meta="vahemärk">:</sone><sone id="l27_s5" lk="318" meta="vahemärk">”</sone><sone lk="318" keel="eesti" id="l27_s6" lemma="se" tahendus="see" ingl="this" liik="ProS" vorm="sg.nom.">se</sone><sone id="l27_s7" lk="318" lemma="vȱlda" tahendus="olla" ingl="be" liik="V" vorm="pers.ind.pr.sg.3.">um’</sone><sone lk="318" keel="eesti" id="l27_s8" meta="vahemärk">.</sone><sone id="l27_s9" lk="318" meta="vahemärk">”</sone></lause><lause id="l28"><sone id="l28_s1" lk="318" lemma="ne’i" tahendus="nii" ingl="so" liik="ProAdv">nei’</sone><sone id="l28_s2" lk="318" lemma="ka" tahendus="ka" ingl="also" liik="ModAdv">ka</sone><sone id="l28_s3" lk="318" lemma="su’ž" tahendus="hunt" ingl="wolf" liik="S" vorm="sg.nom.">su’ⁱž</sone><sone id="l28_s4" lk="318" lemma="lǟ’dõ" tahendus="minna" ingl="go" liik="V" vorm="pers.ind.ipf.sg.3.">lekš</sone><sone id="l28_s5" lk="318" lemma="tämā" tahendus="tema" ingl="he" liik="ProS" vorm="sg.dat.">täm’mən</sone><sone id="l28_s6" lk="318" lemma="vastõ" tahendus="vastu" ingl="against" liik="Adva">vastə</sone><sone id="l28_s7" lk="318" meta="vahemärk">.</sone></lause><lause id="l29"><sone id="l29_s1" lk="318" lemma="si’z" tahendus="siis" ingl="then" liik="ProAdv">Siz</sone><sone id="l29_s2" lk="318" lemma="mõtsā+kaits" tahendus="metsavaht" ingl="gamekeeper" liik="S" vorm="sg.nom.">mitsā+kaitsiji</sone><sone id="l29_s3" lk="318" lemma="laskõ " tahendus="tulistada" ingl="shoot" liik="V" vorm="pers.ind.ipf.sg.3.">lasīz</sone><sone id="l29_s4" lk="318" lemma="tämā" tahendus="tema" ingl="he" liik="ProS" vorm="sg.dat.">täm’mən</sone><sone id="l29_s5" lk="318" lemma="sīlma" tahendus="silm" ingl="eye" liik="S" vorm="pl.ill.">silmži</sone><sone id="l29_s6" lk="318" meta="vahemärk">,</sone><sone id="l29_s7" lk="318" lemma="agā" tahendus="aga" ingl="but" liik="Konj">aga</sone><sone id="l29_s8" lk="318" lemma="tämā" tahendus="tema" ingl="he" liik="ProS" vorm="sg.nom.">ta</sone><sone id="l29_s9" lk="318" lemma="zǟlõ" tahendus="kahetseda" ingl="regret" liik="V" vorm="pers.ind.ipf.sg.3.">zǟliz</sone><sone id="l29_s10" lk="318" meta="vahemärk">,</sone><sone id="l29_s11" lk="318" lemma="ku" tahendus="et" ingl="that" liik="Konj">ku</sone><sone id="l29_s12" lk="318" lemma="tämā" tahendus="tema" ingl="he" liik="ProS" vorm="sg.dat.">täm’mən</sone><sone id="l29_s13" lk="318" lemma="ä’b" tahendus="ei" ingl="not" liik="Mn" vorm="pers.ind.pr.sg.3.">äb</sone><sone id="l29_s14" lk="318" lemma="vȱlda" tahendus="olla" ingl="be" liik="Va" vorm="pers.ind.sg.3.neg.">uo</sone><sone id="l29_s15" lk="318" lemma="vȱlda" tahendus="olla" ingl="be" liik="V" vorm="nud.sg.">wond</sone><sone id="l29_s16" lk="318" lemma="plint" tahendus="püss" ingl="gun" liik="S" vorm="sg.nom.">plīnta</sone><sone id="l29_s17" lk="318" lemma="lǭțõ" tahendus="laadida" ingl="load" liik="V" vorm="tud.">lāt́əd</sone><sone id="l29_s18" lk="318" lemma="lēḑ" tahendus="kuul" ingl="bullet" liik="S" vorm="pl.instl.">lēd́kəks</sone><sone id="l29_s19" lk="318" meta="vahemärk">.</sone></lause><lause id="l30"><sone id="l30_s1" lk="318" lemma="si’z" tahendus="siis" ingl="then" liik="ProAdv">siz</sone><sone id="l30_s2" lk="318" lemma="su’ž" tahendus="hunt" ingl="wolf" liik="S" vorm="sg.nom.">su’ⁱž</sone><sone id="l30_s3" lk="318" lemma="lǟ’dõ" tahendus="minna" ingl="go" liik="V" vorm="pers.ind.ipf.sg.3.">lekš</sone><sone id="l30_s4" lk="318" lemma="tämā" tahendus="tema" ingl="he" liik="ProS" vorm="sg.dat.">täm’mən</sone><sone id="l30_s5" lk="318" lemma="jū’rõ" tahendus="juurde" ingl="near" liik="Adva">jūrə</sone><sone id="l30_s6" lk="318" lemma="un" tahendus="ja" ingl="and" liik="Konj">un</sone><sone id="l30_s7" lk="318" lemma="tǭ’dõ" tahendus="tahta" ingl="want" liik="V" vorm="pers.ind.ipf.sg.3.">tā’ž</sone><sone id="l30_s8" lk="318" lemma="irgõ" tahendus="hakata" ingl="begin" liik="V" vorm="inf.">irgə</sone><sone id="l30_s9" lk="318" lemma="joud" tahendus="jõud" ingl="strenght" liik="S" vorm="sg.part.">joudə</sone><sone id="l30_s10" lk="318" lemma="kǭ’ļõ" tahendus="katsuda" ingl="try" liik="V" vorm="inf.">kā’ĺə</sone><sone id="l30_s11" lk="318" meta="vahemärk">.</sone><sone id="l30_s12" lk="318" lemma="si’z" tahendus="siis" ingl="then" liik="ProAdv">siz</sone><sone id="l30_s13" lk="318" lemma="mõtsā+kaits" tahendus="metsavaht" ingl="gamekeeper" liik="S" vorm="sg.nom.">mitsā+kaitsiji</sone><sone id="l30_s14" lk="318" lemma="vie’ddõ" tahendus="tõmmata" ingl="pull" liik="V" vorm="pers.ind.ipf.sg.3.">vⁱedīz</sone><sone id="l30_s15" lk="318" lemma="mȭk" tahendus="mõõk" ingl="sword" liik="S" vorm="sg.gen.">mīk</sone><sone id="l30_s16" lk="318" lemma="ulzõ" tahendus="välja" ingl="out" liik="Adva">ulz</sone><sone id="l30_s17" lk="318" lemma="un" tahendus="ja" ingl="and" liik="Konj">un</sone><sone id="l30_s18" lk="318" lemma="ra’dļõ" tahendus="raiuda" ingl="chop" liik="V" vorm="pers.ind.ipf.sg.3.">ra’d́ĺiz</sone><sone id="l30_s19" lk="318" lemma="su’ž" tahendus="hunt" ingl="wolf" liik="S" vorm="sg.dat.">su’ddən</sone><sone id="l30_s20" lk="318" lemma="i’ļ" tahendus="vastu" ingl="against" liik="Pre">iĺ’</sone><sone id="l30_s21" lk="318" lemma="ikš" tahendus="üks" ingl="one" liik="Nump" vorm="sg.gen.">ī’d</sone><sone id="l30_s22" lk="318" lemma="kūora" tahendus="kõrv" ingl="ear" liik="S" vorm="sg.gen.">kuora</sone><sone id="l30_s23" lk="318" lemma="un" tahendus="ja" ingl="and" liik="Konj">un</sone><sone id="l30_s24" lk="318" lemma="i’ļ" tahendus="vastu" ingl="against" liik="Pre">iĺ’</sone><sone id="l30_s25" lk="318" lemma="tuoi" tahendus="teine" ingl="second" liik="Numj" vorm="sg.gen.">tᵘoiz</sone><sone id="l30_s26" lk="318" lemma="kūora" tahendus="kõrv" ingl="ear" liik="S" vorm="sg.gen.">kuora</sone><sone id="l30_s27" lk="318" meta="vahemärk">,</sone><sone id="l30_s28" lk="318" lemma="ne’i" tahendus="nii" ingl="so" liik="ProAdv">nei’</sone><sone id="l30_s29" lk="318" lemma="ka" tahendus="ka" ingl="also" liik="ModAdv">ka</sone><sone id="l30_s30" lk="318" lemma="su’ž" tahendus="hunt" ingl="wolf" liik="S" vorm="sg.nom.">su’ⁱž</sone><sone id="l30_s31" lk="318" lemma="a’ilõ" tahendus="joosta" ingl="run" liik="V" vorm="pers.ind.ipf.sg.3.">ai’liz</sone><sone id="l30_s32" lk="318" lemma="jarā" tahendus="ära" ingl="away" liik="Adva">jerā</sone><sone id="l30_s33" lk="318" lemma="re’bbi" tahendus="rebane" ingl="fox" liik="S" vorm="sg.gen.">rⁱebīz</sone><sone id="l30_s34" lk="318" lemma="jūr" tahendus="juurde" ingl="to" liik="Post">jūr</sone><sone id="l30_s35" lk="318" lemma="un" tahendus="ja" ingl="and" liik="Konj">un</sone><sone id="l30_s36" lk="318" lemma="kītõ" tahendus="öelda" ingl="say" liik="V" vorm="pers.ind.ipf.sg.3.">kītiz</sone><sone id="l30_s37" lk="318" meta="vahemärk">:</sone><sone id="l30_s38" lk="318" meta="vahemärk">”</sone><sone lk="318" keel="eesti" id="l30_s39" lemma="ro’vz" tahendus="inimesed" ingl="people" liik="S" vorm="sg.nom.">rou’ž</sone><sone id="l30_s40" lk="318" lemma="vȱlda" tahendus="olla" ingl="be" liik="V" vorm="pers.ind.pr.pl.3.">āt</sone><sone id="l30_s41" lk="318" lemma="vä’ggi" tahendus="väga" ingl="very" liik="Adv">vägi</sone><sone id="l30_s42" lk="318" lemma="ve’ggi" tahendus="vägev" ingl="powerful" liik="A" vorm="pl.nom.">ve’ggist</sone><sone id="l30_s43" lk="318" meta="vahemärk">,</sone><sone id="l30_s44" lk="318" lemma="tämā" tahendus="tema" ingl="he" liik="ProS" vorm="sg.nom.">ta</sone><sone id="l30_s45" lk="318" lemma="minā" tahendus="mina" ingl="I" liik="ProS" vorm="sg.dat.">min’nən</sone><sone id="l30_s46" lk="318" lemma="bissõ" tahendus="visata" ingl="throw" liik="V" vorm="pers.ind.ipf.sg.3.">bisīz</sone><sone id="l30_s47" lk="318" lemma="jērnaz" tahendus="hernes" ingl="pea" liik="S" vorm="pl.instl.">jernədəks</sone><sone id="l30_s48" lk="318" lemma="i’ļ" tahendus="vastu" ingl="against" liik="Pre">iĺ’</sone><sone id="l30_s49" lk="318" lemma="sīlma" tahendus="silm" ingl="eye" liik="S" vorm="pl.nom.">sīlmad</sone><sone id="l30_s50" lk="318" meta="vahemärk">,</sone><sone id="l30_s51" lk="318" lemma="ne’i" tahendus="nii" ingl="so" liik="ProAdv">nei’</sone><sone id="l30_s52" lk="318" lemma="ku" tahendus="et" ingl="that" liik="Konj">ku</sone><sone id="l30_s53" lk="318" lemma="minā" tahendus="mina" ingl="I" liik="ProS" vorm="sg.nom.">ma</sone><sone id="l30_s54" lk="318" lemma="īedõ" tahendus="jääda" ingl="become" liik="V" vorm="pers.ind.ipf.sg.1.">ei</sone><sone id="l30_s55" lk="318" lemma="pi’mdõ" tahendus="pime" ingl="blind" liik="A" vorm="sg.tr.">pim’dəks</sone><sone id="l30_s56" lk="318" meta="vahemärk">,</sone><sone id="l30_s57" lk="318" lemma="un" tahendus="ja" ingl="and" liik="Konj">un</sone><sone id="l30_s58" lk="318" lemma="si’z" tahendus="siis" ingl="then" liik="ProAdv">siz</sone><sone id="l30_s59" lk="318" lemma="ku" tahendus="kui" ingl="when" liik="Konj">ku</sone><sone id="l30_s60" lk="318" lemma="minā" tahendus="mina" ingl="I" liik="ProS" vorm="sg.nom.">ma</sone><sone id="l30_s61" lk="318" lemma="tämā" tahendus="tema" ingl="he" liik="ProS" vorm="sg.dat.">täm’mən</sone><sone id="l30_s62" lk="318" lemma="jū’rõ" tahendus="juurde" ingl="near" liik="Adv">jūrə</sone><sone id="l30_s63" lk="318" lemma="lǟ’dõ" tahendus="minna" ingl="go" liik="V" vorm="pers.ind.ipf.sg.1.">lekš</sone><sone id="l30_s64" lk="318" meta="vahemärk">,</sone><sone id="l30_s65" lk="318" lemma="si’z" tahendus="siis" ingl="then" liik="ProAdv">siz</sone><sone id="l30_s66" lk="318" lemma="tämā" tahendus="tema" ingl="he" liik="ProS" vorm="sg.nom.">ta</sone><sone id="l30_s67" lk="318" lemma="vie’ddõ" tahendus="tõmmata" ingl="pull" liik="V" vorm="pers.ind.ipf.sg.3.">vⁱedīz</sone><sone id="l30_s68" lk="318" lemma="ikš" tahendus="üks" ingl="one" liik="ProS" vorm="sg.gen.">ī’d</sone><sone id="l30_s69" lk="318" lemma="kilg+lū" tahendus="küljeluu" ingl="rib" liik="S" vorm="sg.gen.">kilg+lū</sone><sone id="l30_s70" lk="318" lemma="ī’ž" tahendus="ise" ingl="self" liik="ProS" vorm="sg.dat.">eńtšən</sone><sone id="l30_s71" lk="318" lemma="ulzõ" tahendus="välja" ingl="out" liik="Adva">ulz</sone><sone id="l30_s72" lk="318" lemma="un" tahendus="ja" ingl="and" liik="Konj">un</sone><sone id="l30_s73" lk="318" lemma="ra’bbõ" tahendus="lüüa" ingl="hit" liik="V" vorm="pers.ind.ipf.sg.3.">rabīz</sone><sone id="l30_s74" lk="318" lemma="minā" tahendus="mina" ingl="I" liik="ProS" vorm="sg.dat.">min’nən</sone><sone id="l30_s75" lk="318" lemma="i’ļ" tahendus="vastu" ingl="against" liik="Pre">iĺ’</sone><sone id="l30_s76" lk="318" lemma="ikš" tahendus="üks" ingl="one" liik="Nump" vorm="sg.gen.">ī’d</sone><sone id="l30_s77" lk="318" lemma="kūora" tahendus="kõrv" ingl="ear" liik="S" vorm="sg.gen.">kuora</sone><sone id="l30_s78" lk="318" lemma="un" tahendus="ja" ingl="and" liik="Konj">un</sone><sone id="l30_s79" lk="318" lemma="i’ļ" tahendus="vastu" ingl="against" liik="Pre">iĺ’</sone><sone id="l30_s80" lk="318" lemma="tuoi" tahendus="teine" ingl="second" liik="Numj" vorm="sg.gen.">tᵘoiz</sone><sone id="l30_s81" lk="318" lemma="kūora" tahendus="kõrv" ingl="ear" liik="S" vorm="sg.gen.">kuora</sone><sone id="l30_s82" lk="318" meta="vahemärk">,</sone><sone id="l30_s83" lk="318" lemma="ne’i" tahendus="nii" ingl="so" liik="ProAdv">nei</sone><sone id="l30_s84" lk="318" lemma="ku" tahendus="et" ingl="that" liik="Konj">ku</sone><sone id="l30_s85" lk="318" lemma="minā" tahendus="mina" ingl="I" liik="ProS" vorm="sg.dat.">min’nən</sone><sone id="l30_s86" lk="318" lemma="vȱlda" tahendus="olla" ingl="be" liik="V" vorm="pers.ind.ipf.sg.3.">woĺ’</sone><sone id="l30_s87" lk="318" lemma="ūž+āigast" tahendus="uusaasta" ingl="new year" liik="A" vorm="sg.nom.">ūž+āigast</sone><sone id="l30_s88" lk="318" lemma="jǭņ+pǟva" tahendus="jaanipäev" ingl="Midsummer day" liik="S" vorm="sg.instl.">jān+pǟvaks</sone><sone id="l30_s89" lk="318" lemma="ī’ds+ku’bs" tahendus="üheskoos" ingl="together" liik="Adv">ī’ds+ku’bs</sone><sone id="l30_s90" lk="318" meta="vahemärk">.</sone><sone id="l30_s91" lk="318" meta="vahemärk">”</sone></lause></sisu>
</liivike>
