<?xml version="1.0" encoding="UTF-8"?>
<?xml-stylesheet type="text/xsl" href="liivike_tekst.xsl"?>
<liivike>
	<info><tyyp>kirjalik</tyyp><teema>Satuja 37</teema><keel>liivi</keel><murre>idaliivi</murre><kirjaviis>foneetiline transkriptsioon</kirjaviis><kyla longituud="22.317266" latituud="57.68167">Irē?</kyla><teos pealkiri="Näytteitä liivin kielestä" aasta="1953" koht="Helsinki">E. N. Setälä</teos><muu>Rikk Taizõl</muu><kyla longituud="22.321" latituud="57.681">Irē?</kyla><teos pealkiri="Näytteitä liivin kielestä" aasta="1953" koht="Helsinki">E. N. Setälä</teos><keelejuht id="RT" haridus="" synniaasta="" synnikoht="" vanus="" sugu="M">Rikk Taizõl</keelejuht></info><sisu id="Set_Sat_37">
		<lause id="l1">
			<sone id="l1_s1" lk="201" meta="number">37</sone>
			<sone id="l1_s2" lk="201" meta="vahemärk">.</sone></lause>
		<lause id="l2"><sone id="l2_s1" lk="201" meta="kommentaar">Ire?</sone><sone id="l2_s2" lk="201" meta="vahemärk">,</sone><sone id="l2_s3" lk="201" meta="kommentaar">Rikk</sone><sone id="l2_s4" lk="201" meta="kommentaar">Taizəl</sone><sone id="l2_s5" lk="201" meta="vahemärk">.</sone></lause><lause id="l3"><sone id="l3_s1" lk="201" lemma="ikš+kõrd" tahendus="ükskord" ingl="once" liik="ProAdv">ikš+ki̮rd</sone><sone id="l3_s2" lk="201" lemma="vȱlda" tahendus="olla" ingl="be" liik="Va" vorm="pers.ind.pr.pl.3.">ā’t</sone><sone id="l3_s3" lk="201" lemma="vȱlda" tahendus="olla" ingl="be" liik="V" vorm="nud.pl.">ve̮nnəd</sone><sone id="l3_s4" lk="201" lemma="kakš" tahendus="kaks" ingl="two" liik="Nump" vorm="sg.nom.">kakš</sone><sone id="l3_s5" lk="201" lemma="perī+mīez" tahendus="peremees" ingl="master of the house" liik="S" vorm="sg.part.">perī+miestə</sone><sone id="l3_s6" lk="201" meta="vahemärk">,</sone><sone id="l3_s7" lk="201" lemma="ikš" tahendus="üks" ingl="one" liik="ProS" vorm="sg.nom.">ikš</sone><sone id="l3_s8" lk="201" lemma="rikāz" tahendus="rikas" ingl="rich" liik="A" vorm="sg.nom.">rikāz</sone><sone id="l3_s9" lk="201" meta="vahemärk">,</sone><sone id="l3_s10" lk="201" lemma="tuoi" tahendus="teine" ingl="other" liik="ProS" vorm="sg.nom.">tᵘoi</sone><sone id="l3_s11" lk="201" lemma="joutõm" tahendus="vaene" ingl="poor" liik="A" vorm="sg.nom.">joutəm</sone><sone id="l3_s12" lk="201" meta="vahemärk">.</sone></lause><lause id="l4"><sone id="l4_s1" lk="201" lemma="se" tahendus="see" ingl="this" liik="ProS" vorm="sg.nom.">se</sone><sone id="l4_s2" lk="201" lemma="joutõm" tahendus="vaene" ingl="poor" liik="A" vorm="sg.nom.">joutəm</sone><sone id="l4_s3" lk="201" lemma="vȱlda" tahendus="olla" ingl="be" liik="Va" vorm="pers.ind.pr.sg.3.">um</sone><sone id="l4_s4" lk="201" lemma="vēļõ" tahendus="soovida" ingl="wish" liik="V" vorm="nud.sg.">vēĺən</sone><sone id="l4_s5" lk="201" lemma="ka" tahendus="ka" ingl="also" liik="ModAdv">ka</sone><sone id="l4_s6" lk="201" lemma="kievād" tahendus="kevadel" ingl="in the spring" liik="Adv">kⁱevād</sone><sone id="l4_s7" lk="201" lemma="sitā+ta’lk" tahendus="sõnnikutalgud" ingl="manure bee" liik="S" vorm="sg.nom.">sitā+tal’k</sone><sone id="l4_s8" lk="201" lemma="tī’edõ" tahendus="teha" ingl="do" liik="V" vorm="inf.">ti’edə</sone><sone id="l4_s9" lk="201" lemma="agā" tahendus="aga" ingl="but" liik="Konj">aga</sone><sone id="l4_s10" lk="201" lemma="tämā" tahendus="tema" ingl="he" liik="ProS" vorm="sg.dat.">täm’mən</sone><sone id="l4_s11" lk="201" lemma="ä’b" tahendus="ei" ingl="not" liik="Mn" vorm="pers.ind.pr.sg.3.">äb</sone><sone id="l4_s12" lk="201" lemma="vȱlda" tahendus="olla" ingl="be" liik="Va" vorm="pers.ind.sg.3.neg.">uo</sone><sone id="l4_s13" lk="201" lemma="vȱlda" tahendus="olla" ingl="be" liik="V" vorm="nud.sg.">ve̮nd</sone><sone id="l4_s14" lk="201" lemma="rǭ’" tahendus="raha" ingl="money" liik="S" vorm="sg.part.">rå̄’də</sone><sone id="l4_s15" lk="201" meta="vahemärk">.</sone></lause><lause id="l5"><sone id="l5_s1" lk="201" lemma="tämā" tahendus="tema" ingl="he" liik="ProS" vorm="sg.nom.">ta</sone><sone lk="201" keel="eesti" id="l5_s2" meta="vahemärk">=</sone><sone lk="201" keel="eesti" id="l5_s3" lemma="vȱlda" tahendus="olla" ingl="be" liik="Va" vorm="pers.ind.pr.sg.3.">m’</sone><sone id="l5_s4" lk="201" lemma="lǟʼdõ" tahendus="minna" ingl="go" liik="V" vorm="nud.sg.">lǟ’nd</sone><sone id="l5_s5" lk="201" lemma="se" tahendus="see" ingl="this" liik="ProS" vorm="sg.gen.">sie</sone><sone id="l5_s6" lk="201" lemma="rikāz" tahendus="rikas" ingl="rich" liik="A" vorm="sg.gen.">rikkə</sone><sone id="l5_s7" lk="201" lemma="perī+mīez" tahendus="peremees" ingl="master of the house" liik="S" vorm="sg.gen.">perī+mi’e</sone><sone id="l5_s8" lk="201" lemma="jūr" tahendus="juurde" ingl="to" liik="Post">jū’r</sone><sone id="l5_s9" lk="201" meta="vahemärk">,</sone><sone id="l5_s10" lk="201" lemma="la’z" tahendus="las" ingl="let" liik="ModAdv">laz</sone><sone id="l5_s11" lk="201" lemma="se" tahendus="see" ingl="this" liik="ProS" vorm="sg.nom.">se</sone><sone id="l5_s12" lk="201" lemma="tämā" tahendus="tema" ingl="he" liik="ProS" vorm="sg.dat.">täm’mən</sone><sone id="l5_s13" lk="201" lemma="täpīņtõ" tahendus="laenata" ingl="lend" liik="V" vorm="pers.jus.pr.sg.3.">täpīńtəg</sone><sone id="l5_s14" lk="201" lemma="vīž" tahendus="viis" ingl="five" liik="Nump" vorm="sg.nom.">vīž</sone><sone id="l5_s15" lk="201" lemma="rubīļ" tahendus="rubla" ingl="ruble" liik="S" vorm="sg.part.">rubīĺt</sone><sone id="l5_s16" lk="201" meta="vahemärk">,</sone><sone id="l5_s17" lk="202" lemma="ku" tahendus="et" ingl="that" liik="Konj">ku</sone><sone id="l5_s18" lk="202" lemma="tämā" tahendus="tema" ingl="he" liik="ProS" vorm="sg.nom.">ta</sone><sone id="l5_s19" lk="202" lemma="ka" tahendus="ka" ingl="also" liik="ModAdv">ka</sone><sone id="l5_s20" lk="202" lemma="võidõ" tahendus="võida" ingl="can" liik="V" vorm="pers.knd.pr.sg.3.">vi̮iks</sone><sone id="l5_s21" lk="202" lemma="eņtš" tahendus="oma" ingl="own" liik="ProS" vorm="sg.gen.">eńt́š</sone><sone id="l5_s22" lk="202" lemma="sitā" tahendus="sõnnik" ingl="manure" liik="S" vorm="sg.gen.">sitā</sone><sone id="l5_s23" lk="202" lemma="sǭdõ" tahendus="saada" ingl="get" liik="V" vorm="inf.">så̄də</sone><sone id="l5_s24" lk="202" lemma="ulzõ" tahendus="välja" ingl="out" liik="Adva">ulz</sone><sone id="l5_s25" lk="202" meta="vahemärk">.</sone></lause><lause id="l6"><sone id="l6_s1" lk="202" lemma="se" tahendus="see" ingl="this" liik="ProS" vorm="sg.nom.">se</sone><sone lk="202" keel="eesti" id="l6_s2" meta="vahemärk">=</sone><sone lk="202" keel="eesti" id="l6_s3" lemma="vȱlda" tahendus="olla" ingl="be" liik="Va" vorm="pers.ind.pr.sg.3.">m’</sone><sone id="l6_s4" lk="202" lemma="andõ" tahendus="anda" ingl="give" liik="V" vorm="nud.sg.">andən</sone><sone id="l6_s5" lk="202" lemma="tämā" tahendus="tema" ingl="he" liik="ProS" vorm="sg.dat.">täm’mən</sone><sone id="l6_s6" lk="202" lemma="vīž" tahendus="viis" ingl="five" liik="Nump" vorm="sg.nom.">vīž</sone><sone id="l6_s7" lk="202" lemma="rubīļ" tahendus="rubla" ingl="ruble" liik="S" vorm="sg.part.">rubīĺt</sone><sone id="l6_s8" lk="202" meta="vahemärk">,</sone><sone id="l6_s9" lk="202" lemma="ne’i" tahendus="nii" ingl="so" liik="ProAdv">nei’</sone><sone id="l6_s10" lk="202" lemma="ku" tahendus="et" ingl="that" liik="Konj">ku</sone><sone id="l6_s11" lk="202" lemma="si’gžõ" tahendus="sügisel" ingl="in the autumn" liik="Adv">si’gžə</sone><sone id="l6_s12" lk="202" lemma="at+andõ" tahendus="tagasi anda" ingl="give back" liik="V" vorm="pers.ind.pr.sg.3.prf.">at+āndab</sone><sone id="l6_s13" lk="202" lemma="ku" tahendus="kui" ingl="when" liik="Konj">ku</sone><sone id="l6_s14" lk="202" lemma="vīļa" tahendus="vili" ingl="crop" liik="S" vorm="sg.nom.">vīĺa</sone><sone id="l6_s15" lk="202" lemma="līdõ" tahendus="olema saada" ingl="will be" liik="Va" vorm="pers.ind.pr.sg.3.">līb</sone><sone id="l6_s16" lk="202" lemma="ka’zzõ" tahendus="kasvada" ingl="grow" liik="V" vorm="nud.sg.">ka’zzən</sone><sone id="l6_s17" lk="202" meta="vahemärk">.</sone></lause><lause id="l7"><sone id="l7_s1" lk="202" lemma="perī+mīez" tahendus="peremees" ingl="master of the house" liik="S" vorm="sg.nom.">perī+miez</sone><sone id="l7_s2" lk="202" lemma="vȱlda" tahendus="olla" ingl="be" liik="Va" vorm="pers.ind.pr.sg.3.">um’</sone><sone id="l7_s3" lk="202" lemma="no+tī’edõ" tahendus="teha" ingl="do" liik="V" vorm="nud.sg.prf.">nu’o+tiend</sone><sone id="l7_s4" lk="202" lemma="eņtš" tahendus="oma" ingl="own" liik="ProS" vorm="sg.gen.">eńt́š</sone><sone id="l7_s5" lk="202" lemma="ta’lk" tahendus="talgud" ingl="bee" liik="S" vorm="sg.gen.">tal’k</sone><sone id="l7_s6" lk="202" meta="vahemärk">.</sone></lause><lause id="l8"><sone id="l8_s1" lk="202" lemma="ni" tahendus="nüüd" ingl="now" liik="Adv">ni</sone><sone lk="202" keel="eesti" id="l8_s2" meta="vahemärk">=</sone><sone lk="202" keel="eesti" id="l8_s3" lemma="vȱlda" tahendus="olla" ingl="be" liik="Va" vorm="pers.ind.pr.sg.3.">m’</sone><sone id="l8_s4" lk="202" lemma="tūlda" tahendus="tulla" ingl="come" liik="V" vorm="nud.sg.">tund</sone><sone id="l8_s5" lk="202" lemma="si’gžõ" tahendus="sügisel" ingl="in the autumn" liik="Adv">si’gžə</sone><sone id="l8_s6" lk="202" lemma="jū’rõ" tahendus="juurde" ingl="by" liik="Adva">jū’rə</sone><sone id="l8_s7" lk="202" meta="vahemärk">–</sone><sone id="l8_s8" lk="202" lemma="perī+mīez" tahendus="peremees" ingl="master of the house" liik="S" vorm="sg.dat.">perī+mi’en</sone><sone id="l8_s9" lk="202" lemma="ikš" tahendus="üks" ingl="one" liik="Nump" vorm="sg.part.">ǖ’tə</sone><sone id="l8_s10" lk="202" lemma="rǭ’" tahendus="raha" ingl="money" liik="S" vorm="sg.part.">rå̄’də</sone><sone id="l8_s11" lk="202" lemma="ä’b" tahendus="ei" ingl="not" liik="Mn" vorm="pers.ind.pr.sg.3.">äb</sone><sone id="l8_s12" lk="202" lemma="vȱlda" tahendus="olla" ingl="be" liik="Va" vorm="pers.ind.sg.3.neg.">uo</sone><sone id="l8_s13" lk="202" lemma="vȱlda" tahendus="olla" ingl="be" liik="V" vorm="nud.sg.">ve̮nd</sone><sone id="l8_s14" lk="202" meta="vahemärk">.</sone></lause><lause id="l9"><sone id="l9_s1" lk="202" lemma="ni" tahendus="nüüd" ingl="now" liik="Adv">ni</sone><sone lk="202" keel="eesti" id="l9_s2" meta="vahemärk">=</sone><sone lk="202" keel="eesti" id="l9_s3" lemma="vȱlda" tahendus="olla" ingl="be" liik="Va" vorm="pers.ind.pr.sg.3.">m’</sone><sone id="l9_s4" lk="202" lemma="lǟʼdõ" tahendus="minna" ingl="go" liik="V" vorm="nud.sg.">lǟ’nd</sone><sone id="l9_s5" lk="202" lemma="se" tahendus="see" ingl="this" liik="ProS" vorm="sg.nom.">se</sone><sone id="l9_s6" lk="202" lemma="rikāz" tahendus="rikas" ingl="rich" liik="A" vorm="sg.nom.">rikāz</sone><sone id="l9_s7" lk="202" lemma="perī+mīez" tahendus="peremees" ingl="master of the house" liik="S" vorm="sg.nom.">perī+miez</sone><sone id="l9_s8" lk="202" lemma="kaibõ" tahendus="kaevata" ingl="complain" liik="V" vorm="sup.">kaibəm</sone><sone id="l9_s9" lk="202" lemma="mȯiz+izānd" tahendus="mõisahärra" ingl="lord of the manor" liik="S" vorm="sg.gen.">mᵘe̮iz+izānd</sone><sone id="l9_s10" lk="202" lemma="jūr" tahendus="juurde" ingl="to" liik="Post">jū’r</sone><sone id="l9_s11" lk="202" meta="vahemärk">.</sone></lause><lause id="l10"><sone id="l10_s1" lk="202" lemma="izānd" tahendus="härra" ingl="lord" liik="S" vorm="sg.nom.">izānd</sone><sone id="l10_s2" lk="202" lemma="kītõ" tahendus="öelda" ingl="say" liik="V" vorm="nud.sg.">kītən</sone><sone id="l10_s3" lk="202" meta="vahemärk">:</sone><sone id="l10_s4" lk="202" meta="vahemärk">”</sone><sone lk="202" keel="eesti" id="l10_s5" lemma="sinā" tahendus="sina" ingl="you" liik="ProS" vorm="sg.nom.">sinā</sone><sone id="l10_s6" lk="202" lemma="vȱlda" tahendus="olla" ingl="be" liik="V" vorm="pers.ind.pr.sg.2.">uod</sone><sone id="l10_s7" lk="202" lemma="rikāz" tahendus="rikas" ingl="rich" liik="A" vorm="sg.nom.">rikāz</sone><sone id="l10_s8" lk="202" lemma="un" tahendus="ja" ingl="and" liik="Konj">un</sone><sone id="l10_s9" lk="202" lemma="vizā" tahendus="kõva" ingl="tough" liik="A" vorm="sg.nom.">vizā</sone><sone id="l10_s10" lk="202" lemma="perī+mīez" tahendus="peremees" ingl="master of the house" liik="S" vorm="sg.nom.">perī+miez</sone><sone lk="202" keel="eesti" id="l10_s11" meta="vahemärk">.</sone><sone id="l10_s12" lk="202" meta="vahemärk">”</sone></lause><lause id="l11"><sone id="l11_s1" lk="202" lemma="un" tahendus="ja" ingl="and" liik="Konj">un</sone><sone id="l11_s2" lk="202" lemma="izānd" tahendus="härra" ingl="lord" liik="S" vorm="sg.nom.">izānd</sone><sone id="l11_s3" lk="202" lemma="vȱlda" tahendus="olla" ingl="be" liik="Va" vorm="pers.ind.pr.sg.3.">um</sone><sone id="l11_s4" lk="202" lemma="mõtlõ" tahendus="mõelda" ingl="think" liik="V" vorm="nud.sg.">mi̮tlən</sone><sone id="l11_s5" lk="202" lemma="ku" tahendus="kuidas" ingl="how" liik="Intr">ku</sone><sone id="l11_s6" lk="202" lemma="ne’i" tahendus="nii" ingl="so" liik="ProAdv">nei’</sone><sone id="l11_s7" lk="202" lemma="võidõ" tahendus="võida" ingl="can" liik="V" vorm="pers.knd.pr.sg.3.">vi̮iks</sone><sone id="l11_s8" lk="202" lemma="is+tī’edõ" tahendus="teha" ingl="do" liik="V" vorm="inf.prf.">is+tiedə</sone><sone id="l11_s9" lk="202" lemma="ku" tahendus="et" ingl="that" liik="Konj">ku</sone><sone id="l11_s10" lk="202" lemma="ä’b" tahendus="ei" ingl="not" liik="Mn" vorm="pers.ind.pr.sg.3.">äb</sone><sone id="l11_s11" lk="202" lemma="vȱlda" tahendus="olla" ingl="be" liik="Va" vorm="pers.knd.sg.3.neg.">ve̮lks</sone><sone id="l11_s12" lk="202" lemma="se" tahendus="see" ingl="this" liik="ProS" vorm="sg.part.">sⁱedā</sone><sone id="l11_s13" lk="202" lemma="rǭ’" tahendus="raha" ingl="money" liik="S" vorm="sg.part.">rå̄’də</sone><sone id="l11_s14" lk="202" lemma="at+andõ" tahendus="tagasi anda" ingl="give back" liik="V" vorm="deb.prf.">at+āndaməst</sone><sone id="l11_s15" lk="202" meta="vahemärk">.</sone></lause><lause id="l12"><sone id="l12_s1" lk="202" lemma="izānd" tahendus="härra" ingl="härra" liik="S" vorm="sg.nom.">izānd</sone><sone id="l12_s2" lk="202" lemma="vȱlda" tahendus="olla" ingl="be" liik="Va" vorm="pers.ind.pr.sg.3.">um</sone><sone id="l12_s3" lk="202" lemma="pānda" tahendus="teha" ingl="make" liik="V" vorm="nud.sg.">pand</sone><sone id="l12_s4" lk="202" lemma="kuolm" tahendus="kolm" ingl="three" liik="Nump" vorm="sg.nom.">kᵘolm</sone><sone id="l12_s5" lk="202" lemma="tabāndõks" tahendus="mõistatus" ingl="riddle" liik="S" vorm="sg.part.">tabāndəkst</sone><sone id="l12_s6" lk="202" meta="vahemärk">,</sone><sone id="l12_s7" lk="202" lemma="i’ļ" tahendus="pärast" ingl="after" liik="Pre">iĺ’</sone><sone id="l12_s8" lk="202" lemma="kuolm" tahendus="kolm" ingl="three" liik="Nump" vorm="sg.gen.">kᵘolm</sone><sone id="l12_s9" lk="202" lemma="pǟva" tahendus="päev" ingl="day" liik="S" vorm="sg.gen.">pǟva</sone><sone id="l12_s10" lk="202" lemma="līdõ" tahendus="olema saada" ingl="will be" liik="Va" vorm="pers.ind.pr.sg.3.">līb</sone><sone id="l12_s11" lk="202" lemma="at+kītõ" tahendus="vastata" ingl="answer" liik="V" vorm="deb.prf.">at+kītəməst</sone><sone id="l12_s12" lk="202" lemma="nämād" tahendus="nemad" ingl="they" liik="ProAdv" vorm="pl.dat.">näntən</sone><sone id="l12_s13" lk="202" lemma="mȯ’lmõd" tahendus="mõlemad" ingl="both" liik="ProS" vorm="pl.dat.">mᵘol’mədən</sone><sone id="l12_s14" lk="202" meta="vahemärk">.</sone></lause><lause id="l13"><sone id="l13_s1" lk="202" lemma="ni" tahendus="nüüd" ingl="now" liik="Adv">ni</sone><sone lk="202" keel="eesti" id="l13_s2" meta="vahemärk">=</sone><sone lk="202" keel="eesti" id="l13_s3" lemma="vȱlda" tahendus="olla" ingl="be" liik="Va" vorm="pers.ind.pr.sg.3.">m’</sone><sone id="l13_s4" lk="202" lemma="ki’zzõ" tahendus="küsida" ingl="ask" liik="V" vorm="nud.sg.">ki’zzən</sone><sone id="l13_s5" lk="202" meta="vahemärk">:</sone><sone id="l13_s6" lk="202" meta="vahemärk">”</sone><sone lk="202" keel="eesti" id="l13_s7" lemma="mis" tahendus="mis" ingl="what" liik="Intr" vorm="sg.nom.">mis</sone><sone id="l13_s8" lk="202" lemma="se" tahendus="see" ingl="this" liik="ProS" vorm="sg.nom.">se</sone><sone id="l13_s9" lk="202" lemma="vȱlda" tahendus="olla" ingl="be" liik="V" vorm="pers.ind.pr.sg.3.">um</sone><sone id="l13_s10" lk="202" lemma="kis" tahendus="kes" ingl="who" liik="Intr" vorm="sg.nom.">kis</sone><sone id="l13_s11" lk="202" lemma="võidõ" tahendus="võida" ingl="may" liik="V" vorm="pers.ind.pr.sg.3.">vi̮ib</sone><sone id="l13_s12" lk="202" lemma="i’ļ" tahendus="üle" ingl="over" liik="Pre">iĺ’</sone><sone id="l13_s13" lk="202" lemma="amā" tahendus="kõik" ingl="whole" liik="A" vorm="sg.gen.">amā</sone><sone id="l13_s14" lk="202" lemma="pasouļ" tahendus="maailm" ingl="world" liik="S" vorm="sg.gen.">passouĺ</sone><sone id="l13_s15" lk="202" lemma="amā" tahendus="kõige" ingl="most" liik="Ms">amā</sone><sone id="l13_s16" lk="202" lemma="jemīņ" tahendus="rohkem" ingl="much" liik="Adv">je̮mīń</sone><sone id="l13_s17" lk="202" lemma="sīedõ" tahendus="süüa" ingl="eat" liik="V" vorm="inf.">siedə</sone><sone lk="202" keel="eesti" id="l13_s18" meta="vahemärk">?</sone><sone id="l13_s19" lk="202" meta="vahemärk">”</sone></lause><lause id="l14"><sone id="l14_s1" lk="202" meta="vahemärk">”</sone><sone lk="202" keel="eesti" id="l14_s2" lemma="mis" tahendus="mis" ingl="what" liik="Intr" vorm="sg.nom.">mis</sone><sone id="l14_s3" lk="202" lemma="se" tahendus="see" ingl="this" liik="ProS" vorm="sg.nom.">se</sone><sone id="l14_s4" lk="202" lemma="vȱlda" tahendus="olla" ingl="be" liik="V" vorm="pers.ind.pr.sg.3.">um</sone><sone id="l14_s5" lk="202" lemma="kis" tahendus="kes" ingl="who" liik="Intr" vorm="sg.nom.">kis</sone><sone id="l14_s6" lk="202" lemma="võidõ" tahendus="võida" ingl="may" liik="V" vorm="pers.ind.pr.sg.3.">vi̮ib</sone><sone id="l14_s7" lk="202" lemma="i’ļ" tahendus="üle" ingl="over" liik="Pre">iĺ’</sone><sone id="l14_s8" lk="202" lemma="amā" tahendus="kogu" ingl="whole" liik="A" vorm="sg.gen.">amā</sone><sone id="l14_s9" lk="202" lemma="pasouļ" tahendus="maailm" ingl="world" liik="S" vorm="sg.gen.">passouĺ</sone><sone id="l14_s10" lk="202" lemma="amā" tahendus="kõige" ingl="most" liik="Ms">amā</sone><sone id="l14_s11" lk="202" lemma="jemīņ" tahendus="rohkem" ingl="much" liik="Adv">je̮mīń</sone><sone id="l14_s12" lk="202" lemma="jūodõ" tahendus="juua" ingl="drink" liik="V" vorm="inf.">juodə</sone><sone lk="202" keel="eesti" id="l14_s13" meta="vahemärk">?</sone><sone id="l14_s14" lk="202" meta="vahemärk">”</sone></lause><lause id="l15"><sone id="l15_s1" lk="202" meta="vahemärk">”</sone><sone lk="202" keel="eesti" id="l15_s2" lemma="kis" tahendus="kes" ingl="who" liik="Intr" vorm="sg.nom.">kis</sone><sone id="l15_s3" lk="202" lemma="vȱlda" tahendus="olla" ingl="be" liik="V" vorm="pers.ind.pr.sg.3.">um</sone><sone id="l15_s4" lk="202" lemma="kis" tahendus="kes" ingl="who" liik="Intr" vorm="sg.nom.">kis</sone><sone id="l15_s5" lk="202" lemma="i’ļ" tahendus="üle" ingl="over" liik="Pre">iĺ’</sone><sone id="l15_s6" lk="202" lemma="amā" tahendus="kogu" ingl="whole" liik="A" vorm="sg.gen.">amā</sone><sone id="l15_s7" lk="202" lemma="pasouļ" tahendus="maailm" ingl="world" liik="S" vorm="sg.gen.">passouĺ</sone><sone id="l15_s8" lk="202" lemma="võidõ" tahendus="võida" ingl="may" liik="V" vorm="pers.ind.pr.sg.3.">vi̮ib</sone><sone id="l15_s9" lk="202" lemma="amā" tahendus="kõige" ingl="most" liik="Ms">amā</sone><sone id="l15_s10" lk="202" lemma="jemīņ" tahendus="rohkem" ingl="much" liik="Adv">je̮mīń</sone><sone id="l15_s11" lk="202" lemma="lǟ’dõ" tahendus="käia" ingl="go" liik="V" vorm="inf.">lǟ’də</sone><sone lk="202" keel="eesti" id="l15_s12" meta="vahemärk">?</sone><sone id="l15_s13" lk="202" meta="vahemärk">”</sone></lause><lause id="l16"><sone id="l16_s1" lk="202" lemma="se" tahendus="see" ingl="this" liik="ProS" vorm="sg.nom.">se</sone><sone id="l16_s2" lk="202" lemma="rikāz" tahendus="rikas" ingl="rich" liik="A" vorm="sg.nom.">rikāz</sone><sone id="l16_s3" lk="202" lemma="perī+mīez" tahendus="peremees" ingl="master of the house" liik="S" vorm="sg.nom.">perī+miez</sone><sone id="l16_s4" lk="202" lemma="mõtlõ" tahendus="mõelda" ingl="think" liik="V" vorm="pers.ind.ipf.sg.3.">mi̮tliz</sone><sone id="l16_s5" lk="202" meta="vahemärk">,</sone><sone id="l16_s6" lk="202" lemma="ku" tahendus="kui" ingl="if" liik="Konj">ku</sone><sone id="l16_s7" lk="202" lemma="vȱlda" tahendus="olla" ingl="be" liik="V" vorm="pers.knd.pr.sg.3.">ve̮lks</sone><sone id="l16_s8" lk="202" lemma="brī" tahendus="vaba" ingl="free" liik="A" vorm="sg.nom.">brī</sone><sone id="l16_s9" lk="202" lemma="kītõ" tahendus="öelda" ingl="say" liik="V" vorm="inf.">kītə</sone><sone id="l16_s10" lk="202" meta="vahemärk">,</sone><sone id="l16_s11" lk="202" lemma="tämā" tahendus="tema" ingl="he" liik="ProS" vorm="sg.nom.">ta</sone><sone id="l16_s12" lk="202" lemma="võidõ" tahendus="võida" ingl="may" liik="V" vorm="pers.knd.pr.sg.3.">vi̮iks</sone><sone id="l16_s13" lk="202" lemma="tulīnõz" tahendus="otsekohe" ingl="immediately" liik="Adv">tūlī̇ń</sone><sone id="l16_s14" lk="202" lemma="kītõ" tahendus="öelda" ingl="say" liik="V" vorm="inf.">kītə</sone><sone id="l16_s15" lk="202" meta="vahemärk">,</sone><sone id="l16_s16" lk="202" lemma="bet" tahendus="aga" ingl="but" liik="Konj">bet</sone><sone id="l16_s17" lk="202" lemma="se" tahendus="see" ingl="this" liik="ProS" vorm="sg.nom.">se</sone><sone id="l16_s18" lk="202" lemma="vȱlda" tahendus="olla" ingl="be" liik="Va" vorm="pers.ind.pr.sg.3.">um</sone><sone id="l16_s19" lk="202" lemma="i’ļ" tahendus="pärast" ingl="after" liik="Pre">iĺ’</sone><sone id="l16_s20" lk="202" lemma="kuolm" tahendus="kolm" ingl="three" liik="Nump" vorm="sg.gen.">kᵘolm</sone><sone id="l16_s21" lk="202" lemma="pǟva" tahendus="päev" ingl="day" liik="S" vorm="sg.gen.">pǟva</sone><sone id="l16_s22" lk="202" lemma="kītõ" tahendus="öelda" ingl="say" liik="V" vorm="deb.">kītəməst</sone><sone id="l16_s23" lk="202" meta="vahemärk">.</sone></lause><lause id="l17"><sone id="l17_s1" lk="202" lemma="ni" tahendus="nüüd" ingl="now" liik="Adv">ni</sone><sone id="l17_s2" lk="202" meta="vahemärk">[</sone><sone id="l17_s3" lk="202" lemma="vȱlda" tahendus="olla" ingl="be" liik="Va" vorm="pers.ind.pr.pl.3.">ā’t</sone><sone id="l17_s4" lk="202" meta="vahemärk"> &gt;</sone><sone id="l17_s5" lk="202" meta="vahemärk">]</sone><sone id="l17_s6" lk="202" lemma="vȱlda" tahendus="olla" ingl="be" liik="Va" vorm="pers.ind.pr.pl.3.">a’dt</sone><sone id="l17_s7" lk="202" lemma="lǟʼdõ" tahendus="minna" ingl="go" liik="V" vorm="nud.pl.">lǟ’nəd</sone><sone id="l17_s8" lk="202" lemma="mȯ’lmõd" tahendus="mõlemad" ingl="both" liik="ProS" vorm="pl.nom.">mᵘol’məd</sone><sone id="l17_s9" lk="202" lemma="kuodāj" tahendus="koju" ingl="to home" liik="Adv">kᵘodāi</sone><sone id="l17_s10" lk="202" meta="vahemärk">.</sone></lause><lause id="l18"><sone id="l18_s1" lk="202" lemma="joutõm" tahendus="vaene" ingl="poor" liik="A" vorm="sg.nom.">joutəm</sone><sone id="l18_s2" lk="202" lemma="lǟʼdõ" tahendus="minna" ingl="go" liik="V" vorm="nud.sg.">lǟ’nd</sone><sone id="l18_s3" lk="202" lemma="kuodāj" tahendus="koju" ingl="to home" liik="Adv">kᵘodāi</sone><sone id="l18_s4" lk="202" meta="vahemärk">,</sone><sone id="l18_s5" lk="202" lemma="istõ" tahendus="istuda" ingl="sit" liik="V" vorm="nud.sg.">istən</sone><sone id="l18_s6" lk="202" lemma="ǭ’j" tahendus="ahi" ingl="oven" liik="S" vorm="sg.gen.">å̄’i</sone><sone id="l18_s7" lk="202" lemma="kilgõ" tahendus="kõrvale" ingl="beside" liik="Post">kilgə</sone><sone id="l18_s8" lk="202" lemma="un" tahendus="ja" ingl="and" liik="Konj">un</sone><sone id="l18_s9" lk="202" lemma="mõtlõ" tahendus="mõelda" ingl="think" liik="V" vorm="nud.sg.">mi̮tlən</sone><sone id="l18_s10" lk="202" meta="vahemärk">,</sone><sone id="l18_s11" lk="202" lemma="mis" tahendus="mis" ingl="what" liik="Intr" vorm="sg.nom.">mis</sone><sone id="l18_s12" lk="202" lemma="tämā" tahendus="tema" ingl="he" liik="ProS" vorm="sg.nom.">ta</sone><sone id="l18_s13" lk="202" lemma="ni" tahendus="nüüd" ingl="now" liik="Adv">ni</sone><sone id="l18_s14" lk="202" lemma="la’z" tahendus="las" ingl="let" liik="ModAdv">las</sone><sone id="l18_s15" lk="202" lemma="tī’edõ" tahendus="teha" ingl="do" liik="V" vorm="pers.jus.pr.sg.3.">tieg</sone><sone id="l18_s16" lk="202" meta="vahemärk">.</sone></lause><lause id="l19"><sone id="l19_s1" lk="202" lemma="tidār" tahendus="tütar" ingl="daughter" liik="S" vorm="sg.nom.">tidār</sone><sone id="l19_s2" lk="202" lemma="nai" tahendus="naine" ingl="wife" liik="S" vorm="sg.instl.">naizkəks</sone><sone id="l19_s3" lk="202" lemma="vȱlda" tahendus="olla" ingl="be" liik="Va" vorm="pers.ind.pr.pl.3.">a’dt</sone><sone id="l19_s4" lk="202" lemma="nǟ’dõ" tahendus="näha" ingl="see" liik="V" vorm="nud.pl.">nǟ’nəd</sone><sone id="l19_s5" lk="202" meta="vahemärk">,</sone><sone id="l19_s6" lk="202" lemma="kui" tahendus="kuidas" ingl="how" liik="Intr">kui’</sone><sone id="l19_s7" lk="202" lemma="tämā" tahendus="tema" ingl="he" liik="ProS" vorm="sg.nom.">ta</sone><sone lk="202" keel="eesti" id="l19_s8" meta="vahemärk">=</sone><sone lk="202" keel="eesti" id="l19_s9" lemma="vȱlda" tahendus="olla" ingl="be" liik="Va" vorm="pers.ind.pr.sg.3.">m’</sone><sone id="l19_s10" lk="202" lemma="ǭ’j" tahendus="ahi" ingl="oven" liik="S" vorm="sg.gen.">å̄’i</sone><sone id="l19_s11" lk="202" lemma="kilgsõ" tahendus="kõrval" ingl="beside" liik="Post">kilgs</sone><sone id="l19_s12" lk="202" lemma="mõtlõ" tahendus="mõelda" ingl="think" liik="V" vorm="nud.sg.">mi̮tlən</sone><sone id="l19_s13" lk="202" meta="vahemärk">.</sone></lause><lause id="l20"><sone id="l20_s1" lk="202" lemma="ki’zzõ" tahendus="küsida" ingl="ask" liik="V" vorm="nud.pl.">ki’zzənəd</sone><sone id="l20_s2" lk="202" lemma="mis" tahendus="mis" ingl="what" liik="Intr" vorm="sg.nom.">mis</sone><sone id="l20_s3" lk="202" lemma="tämā" tahendus="tema" ingl="he" liik="ProS" vorm="sg.dat.">täm’</sone><sone id="l20_s4" lk="202" lemma="pa" liik="Pre">pa</sone><sone id="l20_s5" lk="202" lemma="vigā" tahendus="häda" ingl="trouble" liik="S" vorm="sg.nom.">vigā</sone><sone id="l20_s6" lk="202" lemma="vȱlda" tahendus="olla" ingl="be" liik="V" vorm="pers.ind.pr.sg.3.">um’</sone><sone id="l20_s7" lk="202" meta="vahemärk">.</sone></lause><lause id="l21"><sone id="l21_s1" lk="202" lemma="tämā" tahendus="tema" ingl="he" liik="ProS" vorm="sg.nom.">ta</sone><sone id="l21_s2" lk="202" lemma="kītõ" tahendus="öelda" ingl="say" liik="V" vorm="nud.sg.">kītən</sone><sone id="l21_s3" lk="202" lemma="ku" tahendus="et" ingl="that" liik="Konj">ku</sone><sone id="l21_s4" lk="202" meta="vahemärk">”</sone><sone lk="202" keel="eesti" id="l21_s5" lemma="mis" tahendus="mis" ingl="what" liik="Intr" vorm="sg.nom.">mis</sone><sone id="l21_s6" lk="202" lemma="tēg" tahendus="teie" ingl="you" liik="ProS" vorm="pl.nom.">tēg</sone><sone id="l21_s7" lk="202" lemma="minā" tahendus="mina" ingl="I" liik="ProS" vorm="sg.gen.">min’</sone><sone id="l21_s8" lk="202" lemma="tieudõ" tahendus="osata" ingl="know" liik="V" vorm="pers.ind.pr.pl.3.">tiedat</sone><sone id="l21_s9" lk="202" lemma="ä’bțõ" tahendus="aidata" ingl="help" liik="V" vorm="inf.">ä’bt́ə</sone><sone lk="202" keel="eesti" id="l21_s10" meta="vahemärk">.</sone><sone id="l21_s11" lk="202" meta="vahemärk">”</sone></lause><lause id="l22"><sone id="l22_s1" lk="202" lemma="nai" tahendus="naine" ingl="wife" liik="S" vorm="sg.nom.">nai</sone><sone id="l22_s2" lk="202" lemma="kītõ" tahendus="öelda" ingl="say" liik="V" vorm="nud.sg.">kītən</sone><sone id="l22_s3" lk="202" meta="vahemärk">:</sone><sone id="l22_s4" lk="203" meta="vahemärk">”</sone><sone lk="203" keel="eesti" id="l22_s5" lemma="mēg" tahendus="meie" ingl="we" liik="ProS" vorm="pl.nom.">mēg</sone><sone id="l22_s6" lk="203" lemma="vȱlda" tahendus="olla" ingl="be" liik="V" vorm="pers.ind.pr.pl.1.">uom</sone><sone id="l22_s7" lk="203" lemma="sinā" tahendus="sina" ingl="you" liik="ProS" vorm="sg.gen.">sin’</sone><sone id="l22_s8" lk="203" lemma="ro’vz" tahendus="rahvas" ingl="people" liik="S" vorm="sg.nom.">rou’z</sone><sone id="l22_s9" lk="203" meta="vahemärk">,</sone><sone id="l22_s10" lk="203" lemma="mēg" tahendus="meie" ingl="we" liik="ProS" vorm="pl.dat.">mä’ddən</sone><sone id="l22_s11" lk="203" lemma="vȱlda" tahendus="olla" ingl="be" liik="Va" vorm="pers.ind.pr.sg.3.">um</sone><sone id="l22_s12" lk="203" lemma="tieudõ" tahendus="osata" ingl="know" liik="V" vorm="deb.">tiedaməst</sone><sone lk="203" keel="eesti" id="l22_s13" meta="vahemärk">.</sone><sone id="l22_s14" lk="203" meta="vahemärk">”</sone></lause><lause id="l23"><sone id="l23_s1" lk="203" lemma="mīez" tahendus="mees" ingl="man" liik="S" vorm="sg.nom.">miez</sone><sone id="l23_s2" lk="203" lemma="kītõ" tahendus="öelda" ingl="say" liik="V" vorm="nud.sg.">kītən</sone><sone id="l23_s3" lk="203" lemma="ku" tahendus="et" ingl="that" liik="Konj">ku</sone><sone id="l23_s4" lk="203" lemma="izānd" tahendus="härra" ingl="lord" liik="S" vorm="sg.nom.">izānd</sone><sone id="l23_s5" lk="203" lemma="vȱlda" tahendus="olla" ingl="be" liik="Va" vorm="pers.ind.pr.sg.3.">um</sone><sone id="l23_s6" lk="203" lemma="pānda" tahendus="käskida" ingl="make" liik="V" vorm="nud.sg.">pand</sone><sone id="l23_s7" lk="203" lemma="kuolm" tahendus="kolm" ingl="three" liik="Nump" vorm="sg.nom.">kᵘolm</sone><sone id="l23_s8" lk="203" lemma="tabāndõks" tahendus="mõistatus" ingl="riddle" liik="S" vorm="sg.part.">tabāndəkst</sone><sone id="l23_s9" lk="203" lemma="i’ļ" tahendus="pärast" ingl="after" liik="Pre">iĺ’</sone><sone id="l23_s10" lk="203" lemma="kuolm" tahendus="kolm" ingl="three" liik="Nump" vorm="sg.gen.">kᵘolm</sone><sone id="l23_s11" lk="203" lemma="pǟva" tahendus="päev" ingl="day" liik="S" vorm="sg.gen.">pǟva</sone><sone id="l23_s12" lk="203" lemma="at+kītõ" tahendus="vastata" ingl="answer" liik="V" vorm="inf.prf.">at+kītə</sone><sone id="l23_s13" lk="203" meta="vahemärk">;</sone><sone id="l23_s14" lk="203" lemma="izānd" tahendus="härra" ingl="lord" liik="S" vorm="sg.nom.">izānd</sone><sone id="l23_s15" lk="203" lemma="vȱlda" tahendus="olla" ingl="be" liik="Va" vorm="pers.ind.pr.sg.3.">um’</sone><sone id="l23_s16" lk="203" lemma="kītõ" tahendus="öelda" ingl="say" liik="V" vorm="nud.sg.">kītən</sone><sone id="l23_s17" lk="203" meta="vahemärk">:</sone><sone id="l23_s18" lk="203" meta="vahemärk">”</sone><sone lk="203" keel="eesti" id="l23_s19" lemma="mis" tahendus="mis" ingl="what" liik="Intr" vorm="sg.nom.">mis</sone><sone id="l23_s20" lk="203" lemma="se" tahendus="see" ingl="this" liik="ProS" vorm="sg.nom.">se</sone><sone id="l23_s21" lk="203" lemma="vȱlda" tahendus="olla" ingl="be" liik="V" vorm="pers.ind.pr.sg.3.">um</sone><sone id="l23_s22" lk="203" lemma="kis" tahendus="kes" ingl="who" liik="Intr" vorm="sg.nom.">kis</sone><sone id="l23_s23" lk="203" lemma="võidõ" tahendus="võida" ingl="may" liik="V" vorm="pers.ind.pr.sg.3.">vi̮ib</sone><sone id="l23_s24" lk="203" lemma="i’ļ" tahendus="üle" ingl="over" liik="Pre">iĺ’</sone><sone id="l23_s25" lk="203" lemma="amā" tahendus="kogu" ingl="whole" liik="A" vorm="sg.gen.">amā</sone><sone id="l23_s26" lk="203" lemma="pasouļ" tahendus="maailm" ingl="world" liik="S" vorm="sg.gen.">passouĺ</sone><sone id="l23_s27" lk="203" lemma="amā" tahendus="kõige" ingl="most" liik="Ms">amā</sone><sone id="l23_s28" lk="203" lemma="jemīņ" tahendus="rohkem" ingl="much" liik="Adv">je̮mīń</sone><sone id="l23_s29" lk="203" lemma="sīedõ" tahendus="süüa" ingl="eat" liik="V" vorm="inf.">siedə</sone><sone id="l23_s30" lk="203" lemma="un" tahendus="ja" ingl="and" liik="Konj">un</sone><sone id="l23_s31" lk="203" lemma="amā" tahendus="kõige" ingl="most" liik="Ms">amā</sone><sone id="l23_s32" lk="203" lemma="jemīņ" tahendus="rohkem" ingl="much" liik="Adv">je̮mīń</sone><sone id="l23_s33" lk="203" lemma="jūodõ" tahendus="juua" ingl="drink" liik="V" vorm="inf.">juodə</sone><sone id="l23_s34" lk="203" lemma="un" tahendus="ja" ingl="and" liik="Konj">un</sone><sone id="l23_s35" lk="203" lemma="amā" tahendus="kõige" ingl="most" liik="Ms">amā</sone><sone id="l23_s36" lk="203" lemma="jemīņ" tahendus="rohkem" ingl="much" liik="Adv">je̮mīń</sone><sone id="l23_s37" lk="203" lemma="lǟ’dõ" tahendus="käia" ingl="go" liik="V" vorm="inf.">lǟ’də</sone><sone lk="203" keel="eesti" id="l23_s38" meta="vahemärk">?</sone><sone id="l23_s39" lk="203" meta="vahemärk">”</sone></lause><lause id="l24"><sone id="l24_s1" lk="203" lemma="tidār" tahendus="tütar" ingl="daughter" liik="S" vorm="sg.nom.">tidār</sone><sone id="l24_s2" lk="203" lemma="mõtlõ" tahendus="mõelda" ingl="think" liik="V" vorm="nud.sg.">mi̮tlən</sone><sone id="l24_s3" lk="203" lemma="un" tahendus="ja" ingl="and" liik="Konj">un</sone><sone id="l24_s4" lk="203" lemma="kītõ" tahendus="öelda" ingl="say" liik="V" vorm="nud.sg.">kītən</sone><sone id="l24_s5" lk="203" meta="vahemärk">,</sone><sone id="l24_s6" lk="203" lemma="ku" tahendus="et" ingl="that" liik="Konj">ku</sone><sone id="l24_s7" lk="203" lemma="i’ļ" tahendus="üle" ingl="over" liik="Pre">iĺ’</sone><sone id="l24_s8" lk="203" lemma="pasouļ" tahendus="maailm" ingl="world" liik="S" vorm="sg.gen.">passouĺ</sone><sone id="l24_s9" lk="203" lemma="rištīng" tahendus="inimene" ingl="person" liik="S" vorm="sg.gen.">rištīŋg</sone><sone id="l24_s10" lk="203" lemma="mēļ" tahendus="meel" ingl="mind" liik="S" vorm="sg.nom.">mēĺ</sone><sone id="l24_s11" lk="203" lemma="võidõ" tahendus="võida" ingl="may" liik="V" vorm="pers.ind.pr.sg.3.">vi̮ib</sone><sone id="l24_s12" lk="203" lemma="lǟ’dõ" tahendus="käia" ingl="go" liik="V" vorm="inf.">lǟ’də</sone><sone id="l24_s13" lk="203" lemma="un" tahendus="ja" ingl="and" liik="Konj">un</sone><sone id="l24_s14" lk="203" lemma="su’dmaļ+ki’v" tahendus="veskikivi" ingl="millstone" liik="S" vorm="pl.nom.">su’dmaĺ+kivīd</sone><sone id="l24_s15" lk="203" lemma="võidõ" tahendus="võida" ingl="may" liik="V" vorm="pers.ind.pr.pl.3.">vi̮ibəd</sone><sone id="l24_s16" lk="203" lemma="amā" tahendus="kõige" ingl="most" liik="Ms">amā</sone><sone id="l24_s17" lk="203" lemma="jemīņ" tahendus="rohkem" ingl="much" liik="Adv">je̮mīń</sone><sone id="l24_s18" lk="203" lemma="sīedõ" tahendus="süüa" ingl="eat" liik="V" vorm="inf.">siedə</sone><sone id="l24_s19" lk="203" lemma="un" tahendus="ja" ingl="and" liik="Konj">un</sone><sone id="l24_s20" lk="203" lemma="su’dmaļ" tahendus="veski" ingl="mill" liik="S" vorm="sg.gen.">su’dmaĺ</sone><sone id="l24_s21" lk="203" lemma="vie’d+kȭr" tahendus="vesiratas" ingl="water wheel" liik="A" vorm="pl.nom.">vⁱe’d+kī̮rəd</sone><sone id="l24_s22" lk="203" lemma="amā" tahendus="kõige" ingl="most" liik="Ms">amā</sone><sone id="l24_s23" lk="203" lemma="jemīņ" tahendus="rohkem" ingl="much" liik="Adv">je̮mbit</sone><sone id="l24_s24" lk="203" lemma="jūodõ" tahendus="juua" ingl="drink" liik="V" vorm="inf.">juodə</sone><sone id="l24_s25" lk="203" meta="vahemärk">.</sone></lause><lause id="l25"><sone id="l25_s1" lk="203" lemma="ni" tahendus="nüüd" ingl="now" liik="Adv">ni</sone><sone id="l25_s2" lk="203" lemma="vȱlda" tahendus="olla" ingl="be" liik="Va" vorm="pers.ind.pr.pl.3.">a’dt</sone><sone id="l25_s3" lk="203" lemma="lǟʼdõ" tahendus="minna" ingl="go" liik="V" vorm="nud.pl.">lǟ’nəd</sone><sone id="l25_s4" lk="203" lemma="izānd" tahendus="härra" ingl="lord" liik="S" vorm="sg.gen.">izānd</sone><sone id="l25_s5" lk="203" lemma="jūr" tahendus="juurde" ingl="to" liik="Post">jū’r</sone><sone id="l25_s6" lk="203" lemma="i’ļ" tahendus="vastu" ingl="after" liik="Pre">iĺ’</sone><sone id="l25_s7" lk="203" lemma="kuolm" tahendus="kolm" ingl="three" liik="Nump" vorm="sg.gen.">kᵘolm</sone><sone id="l25_s8" lk="203" lemma="pǟva" tahendus="päev" ingl="day" liik="S" vorm="sg.gen.">pǟva</sone><sone id="l25_s9" lk="203" meta="vahemärk">.</sone></lause><lause id="l26"><sone id="l26_s1" lk="203" lemma="izānd" tahendus="härra" ingl="lord" liik="S" vorm="sg.nom.">izānd</sone><sone id="l26_s2" lk="203" lemma="ki’zzõ" tahendus="küsida" ingl="ask" liik="V" vorm="nud.sg.">ki’zzən</sone><sone id="l26_s3" lk="203" lemma="se" tahendus="see" ingl="this" liik="ProS" vorm="sg.gen.">sie</sone><sone id="l26_s4" lk="203" lemma="rikāz" tahendus="rikas" ingl="rich" liik="A" vorm="sg.gen.">rikkə</sone><sone id="l26_s5" lk="203" lemma="perī+mīez" tahendus="peremees" ingl="master of the house" liik="S" vorm="sg.gen.">perī+mi’e</sone><sone id="l26_s6" lk="203" lemma="kä’dst" tahendus="käest" ingl="from" liik="Post">kä’dst</sone><sone id="l26_s7" lk="203" lemma="je’ds" tahendus="enne" ingl="before" liik="Adv">je’ds</sone><sone id="l26_s8" lk="203" meta="vahemärk">,</sone><sone id="l26_s9" lk="203" lemma="kis" tahendus="kes" ingl="who" liik="Intr" vorm="sg.nom.">kis</sone><sone id="l26_s10" lk="203" lemma="võidõ" tahendus="võida" ingl="may" liik="V" vorm="pers.ind.pr.sg.3.">vi̮ib</sone><sone id="l26_s11" lk="203" lemma="i’ļ" tahendus="üle" ingl="over" liik="Pre">iĺ’</sone><sone id="l26_s12" lk="203" lemma="amā" tahendus="kogu" ingl="whole" liik="A" vorm="sg.gen.">amā</sone><sone id="l26_s13" lk="203" lemma="pasouļ" tahendus="maailm" ingl="world" liik="S" vorm="sg.gen.">passouĺ</sone><sone id="l26_s14" lk="203" lemma="amā" tahendus="kõige" ingl="most" liik="Ms">amā</sone><sone id="l26_s15" lk="203" lemma="jemīņ" tahendus="rohkem" ingl="much" liik="Adv">je̮mbit</sone><sone id="l26_s16" lk="203" lemma="sīedõ" tahendus="süüa" ingl="eat" liik="V" vorm="inf.">siedə</sone><sone id="l26_s17" lk="203" meta="vahemärk">.</sone></lause><lause id="l27"><sone id="l27_s1" lk="203" lemma="perī+mīez" tahendus="peremees" ingl="master of the house" liik="S" vorm="sg.nom.">perī+miez</sone><sone id="l27_s2" lk="203" lemma="kītõ" tahendus="öelda" ingl="say" liik="V" vorm="nud.sg.">kītən</sone><sone id="l27_s3" lk="203" lemma="ku" tahendus="et" ingl="that" liik="Konj">ku</sone><sone id="l27_s4" lk="203" lemma="tämā" tahendus="tema" ingl="he" liik="ProS" vorm="sg.dat.">täm’mən</sone><sone id="l27_s5" lk="203" lemma="vȱlda" tahendus="olla" ingl="be" liik="V" vorm="pers.ind.pr.sg.3.">um’</sone><sone id="l27_s6" lk="203" lemma="sūr" tahendus="suur" ingl="big" liik="A" vorm="sg.nom.">sūr</sone><sone id="l27_s7" lk="203" lemma="sigā" tahendus="siga" ingl="pig" liik="S" vorm="sg.nom.">sigā</sone><sone id="l27_s8" lk="203" lemma="un" tahendus="ja" ingl="and" liik="Konj">un</sone><sone id="l27_s9" lk="203" lemma="se" tahendus="see" ingl="this" liik="ProS" vorm="sg.nom.">se</sone><sone id="l27_s10" lk="203" lemma="võidõ" tahendus="võida" ingl="may" liik="V" vorm="pers.ind.pr.sg.3.">vi̮ib</sone><sone id="l27_s11" lk="203" lemma="i’ļ" tahendus="üle" ingl="over" liik="Pre">iĺ’</sone><sone id="l27_s12" lk="203" lemma="amā" tahendus="kogu" ingl="whole" liik="A" vorm="sg.gen.">amā</sone><sone id="l27_s13" lk="203" lemma="pasouļ" tahendus="maailm" ingl="world" liik="S" vorm="sg.gen.">passouĺ</sone><sone id="l27_s14" lk="203" lemma="amā" tahendus="kõige" ingl="most" liik="Ms">amā</sone><sone id="l27_s15" lk="203" lemma="jemīņ" tahendus="rohkem" ingl="much" liik="Adv">je̮mbit</sone><sone id="l27_s16" lk="203" lemma="sīedõ" tahendus="süüa" ingl="eat" liik="V" vorm="inf.">siedə</sone><sone id="l27_s17" lk="203" meta="vahemärk">.</sone></lause><lause id="l28"><sone id="l28_s1" lk="203" lemma="izānd" tahendus="härra" ingl="lord" liik="S" vorm="sg.nom.">izānd</sone><sone id="l28_s2" lk="203" lemma="kītõ" tahendus="öelda" ingl="say" liik="V" vorm="nud.sg.">kītən</sone><sone id="l28_s3" lk="203" meta="vahemärk">:</sone><sone id="l28_s4" lk="203" meta="vahemärk">”</sone><sone lk="203" keel="eesti" id="l28_s5" lemma="se" tahendus="see" ingl="this" liik="ProS" vorm="sg.nom.">se</sone><sone lk="203" keel="eesti" id="l28_s6" meta="vahemärk">=</sone><sone lk="203" keel="eesti" id="l28_s7" lemma="vȱlda" tahendus="olla" ingl="be" liik="V" vorm="pers.ind.pr.sg.3.">m’</sone><sone id="l28_s8" lk="203" lemma="pietūks" tahendus="vale" ingl="lie" liik="S" vorm="sg.nom.">pⁱetūks</sone><sone lk="203" keel="eesti" id="l28_s9" meta="vahemärk">.</sone><sone id="l28_s10" lk="203" meta="vahemärk">”</sone></lause><lause id="l29"><sone id="l29_s1" lk="203" lemma="ki’zzõ" tahendus="küsida" ingl="ask" liik="V" vorm="nud.sg.">ki’zzən</sone><sone id="l29_s2" lk="203" lemma="kis" tahendus="kes" ingl="who" liik="Intr" vorm="sg.nom.">kis</sone><sone id="l29_s3" lk="203" lemma="amā" tahendus="kõige" ingl="most" liik="Ms">amā</sone><sone id="l29_s4" lk="203" lemma="jemīņ" tahendus="rohkem" ingl="much" liik="Adv">je̮mbit</sone><sone id="l29_s5" lk="203" lemma="võidõ" tahendus="võida" ingl="may" liik="V" vorm="pers.ind.pr.sg.3.">vi̮ib</sone><sone id="l29_s6" lk="203" lemma="lǟ’dõ" tahendus="käia" ingl="go" liik="V" vorm="inf.">lǟ’də</sone><sone id="l29_s7" lk="203" meta="vahemärk">.</sone></lause><lause id="l30"><sone id="l30_s1" lk="203" lemma="rikāz" tahendus="rikas" ingl="rich" liik="A" vorm="sg.nom.">rikāz</sone><sone id="l30_s2" lk="203" lemma="perī+mīez" tahendus="peremees" ingl="master of the house" liik="S" vorm="sg.nom.">perī+miez</sone><sone id="l30_s3" lk="203" lemma="kītõ" tahendus="öelda" ingl="say" liik="V" vorm="nud.sg.">kītən</sone><sone id="l30_s4" lk="203" lemma="ku" tahendus="et" ingl="that" liik="Konj">ku</sone><sone id="l30_s5" lk="203" lemma="tämā" tahendus="tema" ingl="he" liik="ProS" vorm="sg.dat.">täm’mən</sone><sone id="l30_s6" lk="203" lemma="vȱlda" tahendus="olla" ingl="be" liik="V" vorm="pers.kvt.pr.sg.3.">ve̮ĺĺi</sone><sone id="l30_s7" lk="203" lemma="mustā" tahendus="must (värv)" ingl="black" liik="A" vorm="sg.nom.">mustā</sone><sone id="l30_s8" lk="203" lemma="ē’rzõl" tahendus="täkk" ingl="stallion" liik="S" vorm="sg.nom.">e’rzəl</sone><sone id="l30_s9" lk="203" meta="vahemärk">,</sone><sone id="l30_s10" lk="203" lemma="la’z" tahendus="las" ingl="let" liik="ModAdv">las</sone><sone id="l30_s11" lk="203" lemma="se" tahendus="see" ingl="this" liik="ProS" vorm="sg.dat.">sien</sone><sone id="l30_s12" lk="203" lemma="astõ" tahendus="ronida" ingl="climb" liik="V" vorm="pers.jus.pr.sg.3.">astāg</sone><sone id="l30_s13" lk="203" lemma="sälgõ" tahendus="selga" ingl="onto one's back" liik="Adva">sälgə</sone><sone id="l30_s14" lk="203" meta="vahemärk">,</sone><sone id="l30_s15" lk="203" lemma="se" tahendus="see" ingl="this" liik="ProS" vorm="sg.nom.">se</sone><sone id="l30_s16" lk="203" lemma="lǟʼdõ" tahendus="minna" ingl="go" liik="V" vorm="pers.ind.pr.sg.3.">lǟ’b</sone><sone id="l30_s17" lk="203" lemma="ne+ka" tahendus="nagu" ingl="like" liik="Konj">ne+ka</sone><sone id="l30_s18" lk="203" lemma="tūļ" tahendus="tuul" ingl="wind" liik="S" vorm="sg.nom.">tūĺ</sone><sone id="l30_s19" lk="203" meta="vahemärk">.</sone></lause><lause id="l31"><sone id="l31_s1" lk="203" lemma="izānd" tahendus="härra" ingl="lord" liik="S" vorm="sg.nom.">izānd</sone><sone id="l31_s2" lk="203" lemma="kītõ" tahendus="öelda" ingl="say" liik="V" vorm="nud.sg.">kītən</sone><sone id="l31_s3" lk="203" lemma="ku" tahendus="et" ingl="that" liik="Konj">ku</sone><sone id="l31_s4" lk="203" meta="vahemärk">”</sone><sone lk="203" keel="eesti" id="l31_s5" lemma="se" tahendus="see" ingl="this" liik="ProS" vorm="sg.nom.">se</sone><sone lk="203" keel="eesti" id="l31_s6" meta="vahemärk">=</sone><sone lk="203" keel="eesti" id="l31_s7" lemma="vȱlda" tahendus="olla" ingl="be" liik="V" vorm="pers.ind.pr.sg.3.">m’</sone><sone id="l31_s8" lk="203" lemma="pietūks" tahendus="vale" ingl="lie" liik="S" vorm="sg.nom.">pⁱetūks</sone><sone lk="203" keel="eesti" id="l31_s9" meta="vahemärk">.</sone><sone id="l31_s10" lk="203" meta="vahemärk">”</sone></lause><lause id="l32"><sone id="l32_s1" lk="203" lemma="kutsõ" tahendus="kutsuda" ingl="call" liik="V" vorm="nud.sg.">kutsən</sone><sone id="l32_s2" lk="203" lemma="se" tahendus="see" ingl="this" liik="ProS" vorm="sg.gen.">sie</sone><sone id="l32_s3" lk="203" lemma="joutõm" tahendus="vaene" ingl="poor" liik="S" vorm="sg.gen.">joutəm</sone><sone id="l32_s4" lk="203" lemma="perī+mīez" tahendus="peremees" ingl="master of the house" liik="S" vorm="sg.gen.">perī+mi’e</sone><sone id="l32_s5" lk="203" lemma="je’ddõ" tahendus="ette" ingl="in front" liik="Adva">je’ddə</sone><sone id="l32_s6" lk="203" meta="vahemärk">,</sone><sone id="l32_s7" lk="203" lemma="ki’zzõ" tahendus="küsida" ingl="ask" liik="V" vorm="nud.sg.">ki’zzən</sone><sone id="l32_s8" lk="203" lemma="tämā" tahendus="tema" ingl="he" liik="ProS" vorm="sg.gen.">täm’</sone><sone id="l32_s9" lk="203" lemma="kä’dst" tahendus="käest" ingl="from" liik="Post">kä’dst</sone><sone id="l32_s10" lk="203" meta="vahemärk">:</sone><sone id="l32_s11" lk="203" meta="vahemärk">”</sone><sone lk="203" keel="eesti" id="l32_s12" lemma="kis" tahendus="kes" ingl="who" liik="Intr" vorm="sg.nom.">kis</sone><sone id="l32_s13" lk="203" lemma="võidõ" tahendus="võida" ingl="may" liik="V" vorm="pers.ind.pr.sg.3.">vi̮ib</sone><sone id="l32_s14" lk="203" lemma="amā" tahendus="kõige" ingl="most" liik="Ms">amā</sone><sone id="l32_s15" lk="203" lemma="jemīņ" tahendus="rohkem" ingl="much" liik="Adv">je̮mīń</sone><sone id="l32_s16" lk="203" lemma="sīedõ" tahendus="süüa" ingl="eat" liik="V" vorm="inf.">siedə</sone><sone lk="203" keel="eesti" id="l32_s17" meta="vahemärk">?</sone><sone id="l32_s18" lk="203" meta="vahemärk">”</sone></lause><lause id="l33"><sone id="l33_s1" lk="203" lemma="tämā" tahendus="tema" ingl="he" liik="ProS" vorm="sg.nom.">ta</sone><sone lk="203" keel="eesti" id="l33_s2" meta="vahemärk">=</sone><sone lk="203" keel="eesti" id="l33_s3" lemma="vȱlda" tahendus="olla" ingl="be" liik="Va" vorm="pers.ind.pr.sg.3.">m’</sone><sone id="l33_s4" lk="203" lemma="kītõ" tahendus="öelda" ingl="say" liik="V" vorm="nud.sg.">kītən</sone><sone id="l33_s5" lk="203" lemma="ku" tahendus="et" ingl="that" liik="Konj">ku</sone><sone id="l33_s6" lk="203" meta="vahemärk">”</sone><sone id="l33_s7" lk="203" lemma="su’dmaļ+ki’v" tahendus="veskikivi" ingl="millstone" liik="S" vorm="pl.nom.">su’dmaĺ+kivīd</sone><sone lk="203" keel="eesti" id="l33_s8" meta="vahemärk">.</sone><sone id="l33_s9" lk="203" meta="vahemärk">”</sone></lause><lause id="l34"><sone id="l34_s1" lk="203" lemma="izānd" tahendus="härra" ingl="lord" liik="S" vorm="sg.nom.">izānd</sone><sone id="l34_s2" lk="203" lemma="kītõ" tahendus="öelda" ingl="say" liik="V" vorm="nud.sg.">kītən</sone><sone id="l34_s3" lk="203" meta="vahemärk">:</sone><sone id="l34_s4" lk="203" meta="vahemärk">”</sone><sone lk="203" keel="eesti" id="l34_s5" lemma="se" tahendus="see" ingl="this" liik="ProS" vorm="sg.nom.">se</sone><sone lk="203" keel="eesti" id="l34_s6" meta="vahemärk">=</sone><sone lk="203" keel="eesti" id="l34_s7" lemma="vȱlda" tahendus="olla" ingl="be" liik="V" vorm="pers.ind.pr.sg.3.">m’</sone><sone id="l34_s8" lk="203" lemma="riktig" tahendus="õige" ingl="right" liik="A" vorm="sg.nom.">rikt́ig</sone><sone lk="203" keel="eesti" id="l34_s9" meta="vahemärk">.</sone><sone id="l34_s10" lk="203" meta="vahemärk">”</sone></lause><lause id="l35"><sone id="l35_s1" lk="203" lemma="ki’zzõ" tahendus="küsida" ingl="ask" liik="V" vorm="nud.sg.">ki’zzən</sone><sone id="l35_s2" lk="203" lemma="tämā" tahendus="tema" ingl="he" liik="ProS" vorm="sg.gen.">täm</sone><sone id="l35_s3" lk="203" lemma="kä’dst" tahendus="käest" ingl="from" liik="Post">kä’dst</sone><sone id="l35_s4" lk="203" meta="vahemärk">:</sone><sone id="l35_s5" lk="203" meta="vahemärk">”</sone><sone lk="203" keel="eesti" id="l35_s6" lemma="kis" tahendus="kes" ingl="who" liik="Intr" vorm="sg.nom.">kis</sone><sone id="l35_s7" lk="203" lemma="amā" tahendus="kõige" ingl="most" liik="Ms">amā</sone><sone id="l35_s8" lk="203" lemma="jemīņ" tahendus="rohkem" ingl="much" liik="Adv">je̮mīń</sone><sone id="l35_s9" lk="203" lemma="võidõ" tahendus="võida" ingl="may" liik="V" vorm="pers.ind.pr.sg.3.">vi̮ib</sone><sone id="l35_s10" lk="203" lemma="jūodõ" tahendus="juua" ingl="drink" liik="V" vorm="inf.">juodə</sone><sone lk="203" keel="eesti" id="l35_s11" meta="vahemärk">.</sone><sone id="l35_s12" lk="203" meta="vahemärk">”</sone></lause><lause id="l36"><sone id="l36_s1" lk="203" lemma="tämā" tahendus="tema" ingl="he" liik="ProS" vorm="sg.nom.">ta</sone><sone lk="203" keel="eesti" id="l36_s2" meta="vahemärk">=</sone><sone lk="203" keel="eesti" id="l36_s3" lemma="vȱlda" tahendus="olla" ingl="be" liik="Va" vorm="pers.ind.pr.sg.3.">m’</sone><sone id="l36_s4" lk="203" lemma="kītõ" tahendus="öelda" ingl="say" liik="V" vorm="nud.sg.">kītən</sone><sone id="l36_s5" lk="203" lemma="ku" tahendus="et" ingl="that" liik="Konj">ku</sone><sone id="l36_s6" lk="203" meta="vahemärk">”</sone><sone lk="203" keel="eesti" id="l36_s7" lemma="su’dmaļ" tahendus="veski" ingl="mill" liik="S" vorm="sg.gen.">su’dmaĺ</sone><sone id="l36_s8" lk="203" meta="vahemärk">[</sone><sone id="l36_s9" lk="203" lemma="tībõz" tahendus="tiib" ingl="wing" liik="S" vorm="pl.nom.">tībəd</sone><sone id="l36_s10" lk="203" meta="vahemärk"> &gt;</sone><sone id="l36_s11" lk="203" meta="vahemärk">]</sone><sone id="l36_s12" lk="203" lemma="vie’d+kȭr" tahendus="vesiratas" ingl="water wheel" liik="A" vorm="pl.nom.">vⁱe’d-kī̮rəd</sone><sone lk="203" keel="eesti" id="l36_s13" meta="vahemärk">.</sone><sone id="l36_s14" lk="203" meta="vahemärk">”</sone></lause><lause id="l37"><sone id="l37_s1" lk="203" lemma="izānd" tahendus="härra" ingl="lord" liik="S" vorm="sg.nom.">izānd</sone><sone id="l37_s2" lk="203" lemma="kītõ" tahendus="öelda" ingl="say" liik="V" vorm="pers.ind.ipf.sg.3.">kītiz</sone><sone id="l37_s3" lk="203" meta="vahemärk">:</sone><sone id="l37_s4" lk="203" meta="vahemärk">”</sone><sone lk="203" keel="eesti" id="l37_s5" lemma="se" tahendus="see" ingl="this" liik="ProS" vorm="sg.nom.">se</sone><sone lk="203" keel="eesti" id="l37_s6" meta="vahemärk">=</sone><sone lk="203" keel="eesti" id="l37_s7" lemma="vȱlda" tahendus="olla" ingl="be" liik="V" vorm="pers.ind.pr.sg.3.">m’</sone><sone id="l37_s8" lk="203" lemma="ka" tahendus="ka" ingl="also" liik="ModAdv">ka</sone><sone id="l37_s9" lk="203" lemma="riktig" tahendus="õige" ingl="right" liik="A" vorm="sg.nom.">rikt́ig</sone><sone lk="203" keel="eesti" id="l37_s10" meta="vahemärk">”</sone><sone id="l37_s11" lk="203" meta="vahemärk">,</sone><sone id="l37_s12" lk="203" lemma="un" tahendus="ja" ingl="and" liik="Konj">un</sone><sone id="l37_s13" lk="203" lemma="ki’zzõ" tahendus="küsida" ingl="ask" liik="V" vorm="nud.sg.">ki’zzən</sone><sone id="l37_s14" lk="203" meta="vahemärk">:</sone><sone id="l37_s15" lk="203" meta="vahemärk">”</sone><sone lk="203" keel="eesti" id="l37_s16" lemma="kis" tahendus="kes" ingl="who" liik="Intr" vorm="sg.nom.">kis</sone><sone id="l37_s17" lk="203" lemma="amā" tahendus="kõige" ingl="most" liik="Ms">amā</sone><sone id="l37_s18" lk="203" lemma="jemīņ" tahendus="rohkem" ingl="much" liik="Adv">je̮mīń</sone><sone id="l37_s19" lk="204" lemma="võidõ" tahendus="võida" ingl="may" liik="V" vorm="pers.ind.pr.sg.3.">vi̮ib</sone><sone id="l37_s20" lk="204" lemma="lǟ’dõ" tahendus="käia" ingl="go" liik="V" vorm="inf.">lǟ’də</sone><sone lk="204" keel="eesti" id="l37_s21" meta="vahemärk">?</sone><sone id="l37_s22" lk="204" meta="vahemärk">”</sone></lause><lause id="l38"><sone id="l38_s1" lk="204" lemma="tämā" tahendus="tema" ingl="he" liik="ProS" vorm="sg.nom.">ta</sone><sone id="l38_s2" lk="204" lemma="kītõ" tahendus="öelda" ingl="say" liik="V" vorm="nud.sg.">kītən</sone><sone id="l38_s3" lk="204" lemma="ku" tahendus="et" ingl="that" liik="Konj">ku</sone><sone id="l38_s4" lk="204" meta="vahemärk">”</sone><sone lk="204" keel="eesti" id="l38_s5" lemma="rištīng" tahendus="inimene" ingl="person" liik="S" vorm="sg.gen.">rištīŋg</sone><sone id="l38_s6" lk="204" lemma="mēļ" tahendus="meel" ingl="mind" liik="S" vorm="sg.nom.">mēĺ</sone><sone lk="204" keel="eesti" id="l38_s7" meta="vahemärk">.</sone><sone id="l38_s8" lk="204" meta="vahemärk">”</sone></lause><lause id="l39"><sone id="l39_s1" lk="204" meta="vahemärk">”</sone><sone lk="204" keel="eesti" id="l39_s2" lemma="se" tahendus="see" ingl="this" liik="ProS" vorm="sg.nom.">se</sone><sone lk="204" keel="eesti" id="l39_s3" meta="vahemärk">=</sone><sone lk="204" keel="eesti" id="l39_s4" lemma="vȱlda" tahendus="olla" ingl="be" liik="V" vorm="pers.ind.pr.sg.3.">m’</sone><sone id="l39_s5" lk="204" lemma="tuo’ž" tahendus="tõde" ingl="truth" liik="S" vorm="sg.nom.">tᵘo’ⁱž</sone><sone id="l39_s6" lk="204" meta="vahemärk">,</sone><sone id="l39_s7" lk="204" lemma="la’z" tahendus="las" ingl="let" liik="ModAdv">las</sone><sone id="l39_s8" lk="204" lemma="se" tahendus="see" ingl="this" liik="ProS" vorm="sg.nom.">se</sone><sone id="l39_s9" lk="204" lemma="rikāz" tahendus="rikas" ingl="rich" liik="A" vorm="sg.nom.">rikāz</sone><sone id="l39_s10" lk="204" lemma="perī+mīez" tahendus="peremees" ingl="master of the house" liik="S" vorm="sg.nom.">perī+miez</sone><sone id="l39_s11" lk="204" lemma="maksõ" tahendus="maksta" ingl="pay" liik="V" vorm="pers.jus.pr.sg.3.">maksāg</sone><sone id="l39_s12" lk="204" lemma="tämā" tahendus="tema" ingl="he" liik="ProS" vorm="sg.dat.">täm’mən</sone><sone id="l39_s13" lk="204" lemma="vīž" tahendus="viis" ingl="five" liik="Nump" vorm="sg.nom.">vīž</sone><sone id="l39_s14" lk="204" lemma="rubīļ" tahendus="rubla" ingl="ruble" liik="S" vorm="sg.part.">rubīĺt</sone><sone id="l39_s15" lk="204" lemma="jū’rõ" tahendus="juurde" ingl="in addition" liik="Adva">jū’rə</sone><sone id="l39_s16" lk="204" lemma="ve’l" tahendus="veel" ingl="more" liik="Adv">vel</sone><sone lk="204" keel="eesti" id="l39_s17" meta="vahemärk">.</sone><sone id="l39_s18" lk="204" meta="vahemärk">”</sone></lause><lause id="l40"><sone id="l40_s1" lk="204" lemma="ni" tahendus="nüüd" ingl="now" liik="Adv">ni</sone><sone id="l40_s2" lk="204" lemma="vȱlda" tahendus="olla" ingl="be" liik="Va" vorm="pers.ind.pr.sg.3.">um</sone><sone id="l40_s3" lk="204" lemma="se" tahendus="see" ingl="this" liik="ProS" vorm="sg.nom.">se</sone><sone id="l40_s4" lk="204" lemma="maksõ" tahendus="maksta" ingl="pay" liik="V" vorm="nud.sg.">maksən</sone><sone id="l40_s5" lk="204" meta="vahemärk">.</sone></lause><lause id="l41"><sone id="l41_s1" lk="204" lemma="ni" tahendus="nüüd" ingl="now" liik="Adv">ni</sone><sone id="l41_s2" lk="204" lemma="vȱlda" tahendus="olla" ingl="be" liik="Va" vorm="pers.ind.pr.sg.3.">um</sone><sone id="l41_s3" lk="204" lemma="sǭtõ" tahendus="saata" ingl="send" liik="V" vorm="nud.sg.">så̄tən</sone><sone id="l41_s4" lk="204" lemma="la’z" tahendus="las" ingl="let" liik="ModAdv">laz</sone><sone id="l41_s5" lk="204" lemma="rikāz" tahendus="rikas" ingl="rich" liik="A" vorm="sg.nom.">rikāz</sone><sone id="l41_s6" lk="204" lemma="perī+mīez" tahendus="peremees" ingl="master of the house" liik="S" vorm="sg.nom.">perī+miez</sone><sone id="l41_s7" lk="204" lemma="lǟ’dõ" tahendus="minna" ingl="go" liik="V" vorm="pers.jus.pr.sg.3.">läk</sone><sone id="l41_s8" lk="204" lemma="kuodāj" tahendus="koju" ingl="to home" liik="Adv">kᵘodāi</sone><sone id="l41_s9" lk="204" lemma="un" tahendus="ja" ingl="and" liik="Konj">un</sone><sone id="l41_s10" lk="204" lemma="ki’zzõ" tahendus="küsida" ingl="ask" liik="V" vorm="nud.sg.">ki’zzən</sone><sone id="l41_s11" lk="204" lemma="se" tahendus="see" ingl="this" liik="ProS" vorm="sg.gen.">sie</sone><sone id="l41_s12" lk="204" lemma="joutõm" tahendus="vaene" ingl="poor" liik="A" vorm="sg.gen.">joutəm</sone><sone id="l41_s13" lk="204" lemma="perī+mīez" tahendus="peremees" ingl="master of the house" liik="S" vorm="sg.gen.">perī+mi’e</sone><sone id="l41_s14" lk="204" lemma="kä’dst" tahendus="käest" ingl="from" liik="Post">kä’dst</sone><sone id="l41_s15" lk="204" meta="vahemärk">,</sone><sone id="l41_s16" lk="204" lemma="kis" tahendus="kes" ingl="who" liik="Intr" vorm="sg.nom.">kis</sone><sone id="l41_s17" lk="204" lemma="tämā" tahendus="tema" ingl="he" liik="ProS" vorm="sg.dat.">täm’mən</sone><sone id="l41_s18" lk="204" lemma="se" tahendus="see" ingl="this" liik="ProS" vorm="sg.part.">sⁱedā</sone><sone id="l41_s19" lk="204" lemma="vȱlda" tahendus="olla" ingl="be" liik="Va" vorm="pers.ind.pr.sg.3.">um</sone><sone id="l41_s20" lk="204" lemma="opātõ" tahendus="õpetada" ingl="teach" liik="V" vorm="nud.sg.">opātən</sone><sone id="l41_s21" lk="204" meta="vahemärk">.</sone></lause><lause id="l42"><sone id="l42_s1" lk="204" lemma="perī+mīez" tahendus="peremees" ingl="master of the house" liik="S" vorm="sg.nom.">perī+miez</sone><sone id="l42_s2" lk="204" lemma="ä’b" tahendus="ei" ingl="not" liik="Mn" vorm="pers.ind.pr.sg.3.">äb</sone><sone id="l42_s3" lk="204" lemma="vȱlda" tahendus="olla" ingl="be" liik="Va" vorm="pers.ind.sg.3.neg.">uo</sone><sone id="l42_s4" lk="204" lemma="tǭ’dõ" tahendus="tahta" ingl="want" liik="V" vorm="nud.sg.">tå̄’nd</sone><sone id="l42_s5" lk="204" lemma="kītõ" tahendus="öelda" ingl="say" liik="V" vorm="inf.">kītə</sone><sone id="l42_s6" lk="204" meta="vahemärk">–</sone><sone id="l42_s7" lk="204" lemma="kītõ" tahendus="öelda" ingl="say" liik="V" vorm="nud.sg.">kītən</sone><sone id="l42_s8" lk="204" lemma="ku" tahendus="et" ingl="that" liik="Konj">ku</sone><sone id="l42_s9" lk="204" lemma="tämā" tahendus="tema" ingl="he" liik="ProS" vorm="sg.gen.">täm</sone><sone id="l42_s10" lk="204" lemma="tidār" tahendus="tütar" ingl="daughter" liik="S" vorm="sg.nom.">tidār</sone><sone id="l42_s11" lk="204" lemma="vȱlda" tahendus="olla" ingl="be" liik="Va" vorm="pers.ind.pr.sg.3.">um</sone><sone id="l42_s12" lk="204" lemma="opātõ" tahendus="õpetada" ingl="teach" liik="V" vorm="nud.sg.">opātən</sone><sone id="l42_s13" lk="204" meta="vahemärk">.</sone></lause><lause id="l43"><sone id="l43_s1" lk="204" lemma="izānd" tahendus="härra" ingl="lord" liik="S" vorm="sg.nom.">izānd</sone><sone id="l43_s2" lk="204" lemma="kītõ" tahendus="öelda" ingl="say" liik="V" vorm="nud.sg.">kītən</sone><sone id="l43_s3" lk="204" meta="vahemärk">:</sone><sone id="l43_s4" lk="204" meta="vahemärk">”</sone><sone lk="204" keel="eesti" id="l43_s5" lemma="kītõ" tahendus="öelda" ingl="tell" liik="V" vorm="pers.imp.pr.sg.2.">kīt</sone><sone id="l43_s6" lk="204" lemma="eņtš" tahendus="oma" ingl="own" liik="ProS" vorm="sg.gen.">eńt́š</sone><sone id="l43_s7" lk="204" lemma="tidār" tahendus="tütar" ingl="daughter" liik="S" vorm="sg.dat.">tidārən</sone><sone id="l43_s8" lk="204" meta="vahemärk">,</sone><sone id="l43_s9" lk="204" lemma="la’z" tahendus="las" ingl="let" liik="ModAdv">las</sone><sone id="l43_s10" lk="204" lemma="tämā" tahendus="tema" ingl="she" liik="ProS" vorm="sg.nom.">ta</sone><sone id="l43_s11" lk="204" lemma="tūlda" tahendus="tulla" ingl="come" liik="V" vorm="pers.jus.pr.sg.3.">tulgə</sone><sone id="l43_s12" lk="204" lemma="minā" tahendus="mina" ingl="I" liik="ProS" vorm="sg.gen.">min’</sone><sone id="l43_s13" lk="204" lemma="jūr" tahendus="juurde" ingl="to" liik="Post">jū’r</sone><sone id="l43_s14" lk="204" lemma="ä’b" tahendus="ei" ingl="not" liik="Mn">äb</sone><sone id="l43_s15" lk="204" lemma="ratsõl" tahendus="ratsa" ingl="on horseback" liik="Adv">ratsəl</sone><sone id="l43_s16" lk="204" meta="vahemärk">,</sone><sone id="l43_s17" lk="204" lemma="ä’b" tahendus="ei" ingl="not" liik="Mn">äb</sone><sone id="l43_s18" lk="204" lemma="jālgiņ" tahendus="jala" ingl="on foot" liik="Adv">jālgiń</sone><sone id="l43_s19" lk="204" meta="vahemärk">,</sone><sone id="l43_s20" lk="204" lemma="ä’b" tahendus="ei" ingl="not" liik="Mn">äb</sone><sone id="l43_s21" lk="204" lemma="ē’ḑõ" tahendus="riietuda" ingl="dress" liik="V" vorm="nud.sg.">ē’d́ən</sone><sone id="l43_s22" lk="204" meta="vahemärk">,</sone><sone id="l43_s23" lk="204" lemma="ä’b" tahendus="ei" ingl="not" liik="Mn">äb</sone><sone id="l43_s24" lk="204" lemma="pǭļaz" tahendus="paljas" ingl="naked" liik="A" vorm="sg.nom.">på̄ĺaz</sone><sone id="l43_s25" lk="204" meta="vahemärk">,</sone><sone id="l43_s26" lk="204" lemma="ä’b" tahendus="ei" ingl="not" liik="Mn">äb</sone><sone id="l43_s27" lk="204" lemma="pi’ds" tahendus="mööda" ingl="along" liik="Pre">pits</sone><sone id="l43_s28" lk="204" lemma="riek" tahendus="tee" ingl="road" liik="S" vorm="sg.part.">rⁱekkə</sone><sone id="l43_s29" lk="204" meta="vahemärk">,</sone><sone id="l43_s30" lk="204" lemma="ä’b" tahendus="ei" ingl="not" liik="Mn">äb</sone><sone id="l43_s31" lk="204" lemma="pi’ds" tahendus="mööda" ingl="along" liik="Pre">pits</sone><sone id="l43_s32" lk="204" lemma="riek+aigā" tahendus="teeäär" ingl="roadside" liik="S" vorm="sg.part.">rⁱek+ai’gə</sone><sone id="l43_s33" lk="204" meta="vahemärk">!</sone><sone id="l43_s34" lk="204" meta="vahemärk">”</sone></lause><lause id="l44"><sone id="l44_s1" lk="204" lemma="perī+mīez" tahendus="peremees" ingl="master of the house" liik="S" vorm="sg.nom.">perī+miez</sone><sone id="l44_s2" lk="204" lemma="lǟʼdõ" tahendus="minna" ingl="go" liik="V" vorm="nud.sg.">lǟ’nd</sone><sone id="l44_s3" lk="204" lemma="kuodāj" tahendus="koju" ingl="to home" liik="Adv">kᵘodāi</sone><sone id="l44_s4" lk="204" meta="vahemärk">,</sone><sone id="l44_s5" lk="204" lemma="ni" tahendus="nüüd" ingl="now" liik="Adv">ni</sone><sone id="l44_s6" lk="204" lemma="vȱlda" tahendus="olla" ingl="be" liik="V" vorm="nud.sg.">ve̮nd</sone><sone id="l44_s7" lk="204" lemma="jo" tahendus="enam (eessõna keskvõrde moodustamiseks)" ingl="more" liik="Pre">jo</sone><sone id="l44_s8" lk="204" lemma="murāgõl" tahendus="mures" ingl="worried" liik="Adv">murāgəl</sone><sone id="l44_s9" lk="204" lemma="ku" tahendus="kui" ingl="than" liik="Konj">ku</sone><sone id="l44_s10" lk="204" lemma="vȱlda" tahendus="olla" ingl="be" liik="V" vorm="nud.sg.">ve̮nd</sone><sone id="l44_s11" lk="204" meta="vahemärk">.</sone></lause><lause id="l45"><sone id="l45_s1" lk="204" lemma="tidār" tahendus="tütar" ingl="daughter" liik="S" vorm="sg.nom.">tidār</sone><sone id="l45_s2" lk="204" lemma="vȱlda" tahendus="olla" ingl="be" liik="Va" vorm="pers.ind.pr.sg.3.">um</sone><sone id="l45_s3" lk="204" lemma="ki’zzõ" tahendus="küsida" ingl="ask" liik="V" vorm="nud.sg.">ki’zzən</sone><sone id="l45_s4" lk="204" meta="vahemärk">:</sone><sone id="l45_s5" lk="204" meta="vahemärk">”</sone><sone lk="204" keel="eesti" id="l45_s6" lemma="mis" tahendus="mis" ingl="what" liik="Intr" vorm="sg.nom.">mis</sone><sone id="l45_s7" lk="204" lemma="pa">pa</sone><sone id="l45_s8" lk="204" lemma="vigā" tahendus="häda" ingl="trouble" liik="S" vorm="sg.nom.">vigā</sone><sone lk="204" keel="eesti" id="l45_s9" meta="vahemärk">?</sone><sone id="l45_s10" lk="204" meta="vahemärk">”</sone></lause><lause id="l46"><sone id="l46_s1" lk="204" lemma="perī+mīez" tahendus="peremees" ingl="master of the house" liik="S" vorm="sg.nom.">perī+miez</sone><sone id="l46_s2" lk="204" lemma="kītõ" tahendus="öelda" ingl="say" liik="V" vorm="nud.sg.">kītən</sone><sone id="l46_s3" lk="204" meta="vahemärk">:</sone><sone id="l46_s4" lk="204" meta="vahemärk">”</sone><sone lk="204" keel="eesti" id="l46_s5" lemma="izānd" tahendus="härra" ingl="lord" liik="S" vorm="sg.nom.">izānd</sone><sone id="l46_s6" lk="204" lemma="pānda" tahendus="käskida" ingl="order" liik="V" vorm="pers.ind.ipf.sg.3.">pań’</sone><sone id="l46_s7" lk="204" lemma="ku" tahendus="et" ingl="that" liik="Konj">ku</sone><sone id="l46_s8" lk="204" lemma="sinā" tahendus="sina" ingl="you" liik="ProS" vorm="sg.dat.">sin’</sone><sone id="l46_s9" lk="204" lemma="vȱlda" tahendus="olla" ingl="be" liik="Va" vorm="pers.ind.pr.sg.3.">um</sone><sone id="l46_s10" lk="204" lemma="tämā" tahendus="tema" ingl="he" liik="ProS" vorm="sg.gen.">täm</sone><sone id="l46_s11" lk="204" lemma="jūr" tahendus="juurde" ingl="to" liik="Post">jū’r</sone><sone id="l46_s12" lk="204" lemma="tūlda" tahendus="tulla" ingl="come" liik="V" vorm="deb.">tul’məst</sone><sone id="l46_s13" lk="204" meta="vahemärk">,</sone><sone id="l46_s14" lk="204" lemma="ä’b" tahendus="ei" ingl="not" liik="Mn">äb</sone><sone id="l46_s15" lk="204" lemma="ratsõl" tahendus="ratsa" ingl="on horseback" liik="Adv">ratsəl</sone><sone id="l46_s16" lk="204" meta="vahemärk">,</sone><sone id="l46_s17" lk="204" lemma="ä’b" tahendus="ei" ingl="not" liik="Mn">äb</sone><sone id="l46_s18" lk="204" lemma="jālgiņ" tahendus="jala" ingl="on foot" liik="Adv">jālgiń</sone><sone id="l46_s19" lk="204" meta="vahemärk">,</sone><sone id="l46_s20" lk="204" lemma="ä’b" tahendus="ei" ingl="not" liik="Mn">äb</sone><sone id="l46_s21" lk="204" lemma="ē’ḑõ" tahendus="riietuda" ingl="dress" liik="V" vorm="nud.sg.">ē’d́ən</sone><sone id="l46_s22" lk="204" meta="vahemärk">,</sone><sone id="l46_s23" lk="204" lemma="ä’b" tahendus="ei" ingl="not" liik="Mn">äb</sone><sone id="l46_s24" lk="204" lemma="pǭļaz" tahendus="paljas" ingl="naked" liik="A" vorm="sg.nom.">på̄ĺaz</sone><sone id="l46_s25" lk="204" meta="vahemärk">,</sone><sone id="l46_s26" lk="204" lemma="ä’b" tahendus="ei" ingl="not" liik="Mn">äb</sone><sone id="l46_s27" lk="204" lemma="pi’ds" tahendus="mööda" ingl="along" liik="Pre">pits</sone><sone id="l46_s28" lk="204" lemma="riek" tahendus="tee" ingl="road" liik="S" vorm="sg.part.">rⁱekkə</sone><sone id="l46_s29" lk="204" meta="vahemärk">,</sone><sone id="l46_s30" lk="204" lemma="ä’b" tahendus="ei" ingl="not" liik="Mn">äb</sone><sone id="l46_s31" lk="204" lemma="pi’ds" tahendus="mööda" ingl="along" liik="Pre">pits</sone><sone id="l46_s32" lk="204" lemma="riek+aigā" tahendus="teeäär" ingl="roadside" liik="S" vorm="sg.part.">rⁱek+ai’gə</sone><sone id="l46_s33" lk="204" meta="vahemärk">.</sone><sone id="l46_s34" lk="204" meta="vahemärk">”</sone></lause><lause id="l47"><sone id="l47_s1" lk="204" lemma="tidār" tahendus="tütar" ingl="daughter" liik="S" vorm="sg.nom.">tidār</sone><sone id="l47_s2" lk="204" lemma="vȱlda" tahendus="olla" ingl="be" liik="Va" vorm="pers.ind.pr.sg.3.">um</sone><sone id="l47_s3" lk="204" lemma="lǟʼdõ" tahendus="minna" ingl="go" liik="V" vorm="nud.sg.">lǟ’nd</sone><sone id="l47_s4" lk="204" meta="vahemärk">,</sone><sone id="l47_s5" lk="204" lemma="võttõ" tahendus="võtta" ingl="take" liik="V" vorm="nud.sg.">vi̮ttən</sone><sone id="l47_s6" lk="204" lemma="võrgõ" tahendus="võrk" ingl="net" liik="S" vorm="sg.gen.">vi̮rgə</sone><sone id="l47_s7" lk="204" meta="vahemärk">,</sone><sone id="l47_s8" lk="204" lemma="vändõ" tahendus="mähkida" ingl="wrap" liik="V" vorm="nud.sg.">vändən</sone><sone id="l47_s9" lk="204" lemma="immõr" tahendus="ümber" ingl="around" liik="Adv">immr̥</sone><sone id="l47_s10" lk="204" meta="vahemärk">,</sone><sone id="l47_s11" lk="204" lemma="astõ" tahendus="ronida" ingl="climb" liik="V" vorm="nud.sg.">astən</sone><sone id="l47_s12" lk="204" lemma="bokā" tahendus="sokk" ingl="buck" liik="S" vorm="sg.dat.">bokān</sone><sone id="l47_s13" lk="204" lemma="sälgõ" tahendus="selga" ingl="onto one's back" liik="Adv">sälgə</sone><sone id="l47_s14" lk="204" lemma="un" tahendus="ja" ingl="and" liik="Konj">un</sone><sone id="l47_s15" lk="204" lemma="ratstõ" tahendus="ratsutada" ingl="ride" liik="V" vorm="nud.sg.">ratstən</sone><sone id="l47_s16" lk="204" lemma="pi’ds" tahendus="mööda" ingl="along" liik="Pre">pits</sone><sone id="l47_s17" lk="204" lemma="grǭv" tahendus="kraav" ingl="ditch" liik="S" vorm="sg.part.">grå̄və</sone><sone id="l47_s18" lk="204" meta="vahemärk">.</sone></lause><lause id="l48"><sone id="l48_s1" lk="204" lemma="lǟʼdõ" tahendus="minna" ingl="go" liik="V" vorm="nud.sg.">lǟ’nd</sone><sone id="l48_s2" lk="204" lemma="izānd" tahendus="härra" ingl="lord" liik="S" vorm="sg.gen.">izānd</sone><sone id="l48_s3" lk="204" lemma="jūr" tahendus="juurde" ingl="to" liik="Post">jū’r</sone><sone id="l48_s4" lk="204" meta="vahemärk">,</sone><sone id="l48_s5" lk="204" lemma="si’ddõ" tahendus="siduda" ingl="tie" liik="V" vorm="nud.sg.">si’ddən</sone><sone id="l48_s6" lk="204" lemma="bokā" tahendus="sokk" ingl="buck" liik="S" vorm="sg.gen.">bokā</sone><sone id="l48_s7" lk="204" lemma="va’il" tahendus="vahele" ingl="between" liik="Pre">va’il</sone><sone id="l48_s8" lk="204" lemma="rattõd" tahendus="vanker" ingl="carriage" liik="S" vorm="pl.gen.">rattəd</sone><sone id="l48_s9" lk="204" lemma="un" tahendus="ja" ingl="and" liik="Konj">un</sone><sone id="l48_s10" lk="204" lemma="rie’ggõz" tahendus="regi" ingl="sleigh" liik="S" vorm="sg.gen.">rⁱe’ggə</sone><sone id="l48_s11" lk="204" lemma="vi’zzõ" tahendus="kinni" ingl="fastened" liik="Adva">vi’zzə</sone><sone id="l48_s12" lk="204" meta="vahemärk">.</sone></lause><lause id="l49"><sone id="l49_s1" lk="204" lemma="izānd" tahendus="härra" ingl="lord" liik="S" vorm="sg.nom.">Izānd</sone><sone id="l49_s2" lk="204" lemma="ki’zzõ" tahendus="küsida" ingl="ask" liik="V" vorm="nud.sg.">ki’zzən</sone><sone id="l49_s3" lk="204" meta="vahemärk">:</sone><sone id="l49_s4" lk="204" meta="vahemärk">”</sone><sone lk="204" keel="eesti" id="l49_s5" lemma="kus" tahendus="kus" ingl="where" liik="Intr">kus</sone><sone id="l49_s6" lk="204" lemma="ne" tahendus="need" ingl="these" liik="ProS" vorm="pl.nom.">ne</sone><sone id="l49_s7" lk="204" lemma="vȱlda" tahendus="olla" ingl="be" liik="V" vorm="pers.ind.pr.pl.3.">umāt</sone><sone id="l49_s8" lk="204" meta="vahemärk">[</sone><sone id="l49_s9" lk="204" lemma="mingi" tahendus="milline" ingl="which" liik="A" vorm="sg.instl.">miŋgizəks</sone><sone id="l49_s10" lk="204" meta="muukeelne"> &gt;</sone><sone id="l49_s11" lk="204" meta="vahemärk">]</sone><sone id="l49_s12" lk="204" lemma="mis" tahendus="mis" ingl="what" liik="Intr" vorm="sg.instl.">missəks</sone><sone id="l49_s13" lk="204" lemma="sinā" tahendus="sina" ingl="you" liik="ProS" vorm="sg.nom.">sa</sone><sone id="l49_s14" lk="204" lemma="tūlda" tahendus="tulla" ingl="come" liik="V" vorm="pers.ind.ipf.sg.2.">tuĺ’d</sone><sone lk="204" keel="eesti" id="l49_s15" meta="vahemärk">?</sone><sone id="l49_s16" lk="204" meta="vahemärk">”</sone></lause><lause id="l50"><sone id="l50_s1" lk="204" lemma="tämā" tahendus="tema" ingl="she" liik="ProS" vorm="sg.nom.">ta</sone><sone id="l50_s2" lk="204" lemma="kītõ" tahendus="öelda" ingl="say" liik="V" vorm="pers.ind.ipf.sg.3.">kītiz</sone><sone id="l50_s3" lk="204" meta="vahemärk">:</sone><sone id="l50_s4" lk="204" meta="vahemärk">”</sone><sone lk="204" keel="eesti" id="l50_s5" lemma="va’il" tahendus="vahel" ingl="between" liik="Pre">va’il</sone><sone id="l50_s6" lk="204" lemma="sõ’v" tahendus="suvi" ingl="summer" liik="S" vorm="sg.gen.">si̮’v</sone><sone id="l50_s7" lk="204" lemma="un" tahendus="ja" ingl="and" liik="Konj">un</sone><sone id="l50_s8" lk="204" lemma="va’il" tahendus="vahel" ingl="between" liik="Pre">va’il</sone><sone id="l50_s9" lk="204" lemma="tǭla" tahendus="talv" ingl="winter" liik="S" vorm="sg.gen.">tå̄la</sone><sone lk="204" keel="eesti" id="l50_s10" meta="vahemärk">.</sone><sone id="l50_s11" lk="204" meta="vahemärk">”</sone></lause><lause id="l51"><sone id="l51_s1" lk="204" lemma="izānd" tahendus="härra" ingl="lord" liik="S" vorm="sg.nom.">izānd</sone><sone id="l51_s2" lk="204" lemma="mõtlõ" tahendus="mõelda" ingl="think" liik="V" vorm="pers.ind.ipf.sg.3.">mi̮tliz</sone><sone id="l51_s3" lk="204" meta="vahemärk">,</sone><sone id="l51_s4" lk="204" lemma="kus" tahendus="kus" ingl="where" liik="Intr">kus</sone><sone id="l51_s5" lk="204" lemma="se" tahendus="see" ingl="this" liik="ProS" vorm="sg.nom.">se</sone><sone id="l51_s6" lk="204" lemma="vȱlda" tahendus="olla" ingl="be" liik="V" vorm="pers.ind.pr.sg.3.">um’</sone><sone id="l51_s7" lk="204" meta="vahemärk">,</sone><sone id="l51_s8" lk="204" lemma="kītõ" tahendus="öelda" ingl="tell" liik="V" vorm="pers.ind.ipf.sg.3.">kītiz</sone><sone id="l51_s9" lk="204" lemma="su’lli" tahendus="teener" ingl="servant" liik="S" vorm="sg.dat.">sulīzən</sone><sone id="l51_s10" lk="205" lemma="la’z" tahendus="las" ingl="let" liik="ModAdv">laz</sone><sone id="l51_s11" lk="205" lemma="lǟ’dõ" tahendus="minna" ingl="go" liik="V" vorm="pers.jus.pr.sg.3.">läk</sone><sone id="l51_s12" lk="205" lemma="vaņțlõ" tahendus="vaadata" ingl="look" liik="V" vorm="sup.">vańḱĺəm</sone><sone id="l51_s13" lk="205" meta="vahemärk">.</sone></lause><lause id="l52"><sone id="l52_s1" lk="205" lemma="su’lli" tahendus="teener" ingl="servant" liik="S" vorm="sg.nom.">sul’li</sone><sone id="l52_s2" lk="205" lemma="tūlda" tahendus="tulla" ingl="come" liik="V" vorm="pers.ind.ipf.sg.3.">tuĺ’</sone><sone id="l52_s3" lk="205" lemma="tā’giž" tahendus="tagasi" ingl="back" liik="Adva">tā’giž</sone><sone id="l52_s4" lk="205" meta="vahemärk">,</sone><sone id="l52_s5" lk="205" lemma="kītõ" tahendus="öelda" ingl="say" liik="V" vorm="pers.ind.ipf.sg.3.">kītiz</sone><sone id="l52_s6" lk="205" meta="vahemärk">:</sone><sone id="l52_s7" lk="205" meta="vahemärk">”</sone><sone lk="205" keel="eesti" id="l52_s8" lemma="va’il" tahendus="vahel" ingl="between" liik="Pre">va’il</sone><sone id="l52_s9" lk="205" lemma="rattõd" tahendus="vanker" ingl="carriage" liik="S" vorm="pl.gen.">rattəd</sone><sone id="l52_s10" lk="205" lemma="un" tahendus="ja" ingl="and" liik="Konj">un</sone><sone id="l52_s11" lk="205" lemma="va’il" tahendus="vahel" ingl="between" liik="Pre">va’il</sone><sone id="l52_s12" lk="205" lemma="rie’ggõz" tahendus="regi" ingl="sleigh" liik="S" vorm="sg.gen.">rⁱe’ggə</sone><sone lk="205" keel="eesti" id="l52_s13" meta="vahemärk">.</sone><sone id="l52_s14" lk="205" meta="vahemärk">”</sone></lause><lause id="l53"><sone id="l53_s1" lk="205" lemma="izānd" tahendus="härra" ingl="lord" liik="S" vorm="sg.nom.">izānd</sone><sone id="l53_s2" lk="205" lemma="nǟ’dõ" tahendus="näha" ingl="see" liik="V" vorm="pers.ind.ipf.sg.3.">neiz</sone><sone id="l53_s3" lk="205" lemma="ku" tahendus="et" ingl="that" liik="Konj">ku</sone><sone id="l53_s4" lk="205" lemma="neitst" tahendus="neiu" ingl="maiden" liik="S" vorm="sg.nom.">neitst</sone><sone id="l53_s5" lk="205" lemma="vȱlda" tahendus="olla" ingl="be" liik="V" vorm="pers.ind.pr.sg.3.">um</sone><sone id="l53_s6" lk="205" lemma="jo" tahendus="enam (eessõna keskvõrde moodustamiseks)" ingl="more" liik="Pre">jo</sone><sone id="l53_s7" lk="205" lemma="kovāl" tahendus="kaval" ingl="smart" liik="A" vorm="sg.nom.">kovāl</sone><sone id="l53_s8" lk="205" lemma="ä’b" tahendus="ei" ingl="not" liik="Mn">äb</sone><sone id="l53_s9" lk="205" lemma="ku" tahendus="kui" ingl="as" liik="Konj">ku</sone><sone id="l53_s10" lk="205" lemma="tämā" tahendus="tema" ingl="he" liik="ProS" vorm="sg.nom.">tämā</sone><sone id="l53_s11" lk="205" meta="vahemärk">.</sone></lause><lause id="l54"><sone id="l54_s1" lk="205" lemma="izānd" tahendus="härra" ingl="lord" liik="S" vorm="sg.nom.">izānd</sone><sone id="l54_s2" lk="205" lemma="võttõ" tahendus="võtta" ingl="take" liik="V" vorm="pers.ind.ipf.sg.3.">vi̮tīz</sone><sone id="l54_s3" lk="205" lemma="tämā" tahendus="tema" ingl="she" liik="ProS" vorm="sg.gen.">täm’</sone><sone id="l54_s4" lk="205" lemma="pa" tahendus="millekski, kellekski" ingl="for" liik="Pre">pa</sone><sone id="l54_s5" lk="205" lemma="nai" tahendus="naine" ingl="wife" liik="S" vorm="sg.tr.">nāizəks</sone><sone id="l54_s6" lk="205" lemma="un" tahendus="ja" ingl="and" liik="Konj">un</sone><sone id="l54_s7" lk="205" lemma="no+kītõ" tahendus="öelda" ingl="say" liik="V" vorm="pers.ind.ipf.sg.3.prf.">nu’o+kītiz</sone><sone id="l54_s8" lk="205" lemma="tämā" tahendus="tema" ingl="she" liik="ProS" vorm="sg.dat.">täm’mən</sone><sone id="l54_s9" lk="205" meta="vahemärk">,</sone><sone id="l54_s10" lk="205" lemma="ku" tahendus="et" ingl="that" liik="Konj">ku</sone><sone id="l54_s11" lk="205" lemma="tämā" tahendus="tema" ingl="he" liik="ProS" vorm="sg.nom.">ta</sone><sone id="l54_s12" lk="205" meta="vahemärk">[</sone><sone id="l54_s13" lk="205" lemma="nǟ’dõ" tahendus="näha" ingl="see" liik="V" vorm="pers.ind.pr.sg.3.">nǟ’b</sone><sone id="l54_s14" lk="205" meta="vahemärk"> &gt;</sone><sone id="l54_s15" lk="205" meta="vahemärk">]</sone><sone id="l54_s16" lk="205" lemma="nǟ’dõ" tahendus="näha" ingl="see" liik="V" vorm="pers.ind.pr.sg.3.">nǟb</sone><sone id="l54_s17" lk="205" lemma="ku" tahendus="et" ingl="that" liik="Konj">ku</sone><sone id="l54_s18" lk="205" lemma="tämā" tahendus="tema" ingl="she" liik="ProS" vorm="sg.nom.">ta</sone><sone id="l54_s19" lk="205" lemma="vȱlda" tahendus="olla" ingl="be" liik="V" vorm="pers.ind.pr.sg.3.">um</sone><sone id="l54_s20" lk="205" lemma="jo" tahendus="enam (eessõna keskvõrde moodustamiseks)" ingl="more" liik="Pre">jo</sone><sone id="l54_s21" lk="205" lemma="kovāl" tahendus="kaval" ingl="smart" liik="A" vorm="sg.nom.">kovāl</sone><sone id="l54_s22" lk="205" meta="vahemärk">,</sone><sone id="l54_s23" lk="205" lemma="alā" tahendus="ära" liik="Mn" vorm="pers.jus.pr.sg.3.">algə</sone><sone id="l54_s24" lk="205" lemma="tämā" tahendus="tema" ingl="she" liik="ProS" vorm="sg.nom.">ta</sone><sone id="l54_s25" lk="205" lemma="tämā" tahendus="tema" ingl="he" liik="ProS" vorm="sg.dat.">täm’mən</sone><sone id="l54_s26" lk="205" lemma="sie’ggõ" tahendus="segada" ingl="interrupt" liik="V" vorm="pers.jus.pr.sg.3.">sⁱe’ggə</sone><sone id="l54_s27" lk="205" lemma="rõkāndõ" tahendus="rääkida" ingl="talk" liik="V" vorm="inf." kommentaar="?">ri̮kāndəg</sone><sone id="l54_s28" lk="205" meta="vahemärk">,</sone><sone id="l54_s29" lk="205" lemma="ku" tahendus="kui" ingl="if" liik="Konj">ku</sone><sone id="l54_s30" lk="205" lemma="tämā" tahendus="tema" ingl="she" liik="ProS" vorm="sg.nom.">ta</sone><sone id="l54_s31" lk="205" lemma="nǟ’dõ" tahendus="näha" ingl="see" liik="V" vorm="pers.ind.pr.sg.3.">nǟb</sone><sone id="l54_s32" lk="205" lemma="ku" tahendus="et" ingl="that" liik="Konj">ku</sone><sone id="l54_s33" lk="205" lemma="tämā" tahendus="tema" ingl="he" liik="ProS" vorm="sg.nom.">ta</sone><sone id="l54_s34" lk="205" lemma="riktig" tahendus="õigesti" ingl="right" liik="Adv">rikt́ig</sone><sone id="l54_s35" lk="205" lemma="ä’b" tahendus="ei" ingl="not" liik="Mn" vorm="pers.ind.pr.sg.3.">äb</sone><sone id="l54_s36" lk="205" lemma="sprī’ezõ" tahendus="arutada" ingl="discuss" liik="V" vorm="pers.ind.sg.3.neg.">spri’ež</sone><sone id="l54_s37" lk="205" meta="vahemärk">.</sone></lause></sisu>
</liivike>
