<?xml version="1.0" encoding="UTF-8"?>
<?xml-stylesheet type="text/xsl" href="liivike_tekst.xsl"?>
<liivike>
	<info><tyyp>kirjalik</tyyp><teema>Satuja 29</teema><keel>liivi</keel><murre>idaliivi</murre><kirjaviis>foneetiline transkriptsioon</kirjaviis><kyla longituud="22.45" latituud="57.226">Va'id?</kyla><teos pealkiri="Näytteitä liivin kielestä" aasta="1953" koht="Helsinki">E. N. Setälä</teos></info><sisu id="Set_Sat_29">
		<lause id="l1">
			<sone id="l1_s1" lk="163" meta="number">29</sone>
			<sone id="l1_s2" lk="163" meta="vahemärk">.</sone></lause>
		<lause id="l2"><sone id="l2_s1" lk="163" meta="kommentaar">Vaid</sone><sone id="l2_s2" lk="163" meta="vahemärk">?</sone></lause><lause id="l3"><sone id="l3_s1" lk="163" lemma="ikš+kõrd" tahendus="ükskord" ingl="once" liik="ProAdv">ük̀š+kür̀ᴅ</sone><sone id="l3_s2" lk="163" lemma="vȱlda" tahendus="olla" ingl="be" liik="V" vorm="pers.ind.ipf.sg.3.">ve̮ĺ’</sone><sone id="l3_s3" lk="163" lemma="ikš" tahendus="üks" ingl="one" liik="ProS" vorm="sg.nom.">ük̀š</sone><sone id="l3_s4" lk="163" lemma="piški" tahendus="pisike" ingl="small" liik="A" vorm="sg.nom.">piš̀ki</sone><sone id="l3_s5" lk="163" lemma="kǭŗa+paint" tahendus="karjane" ingl="herder" liik="S" vorm="sg.nom.">kå̄ⁱŕa+paìnt</sone><sone id="l3_s6" lk="163" meta="vahemärk">.</sone></lause><lause id="l4"><sone id="l4_s1" lk="163" lemma="tämā" tahendus="tema" ingl="he" liik="ProS" vorm="sg.nom.">ta</sone><sone id="l4_s2" lk="163" lemma="kaitsõ" tahendus="karjatada" ingl="herd" liik="V" vorm="pers.ind.ipf.sg.3.">kå̄itsiᴢ</sone><sone id="l4_s3" lk="163" lemma="i’bbi" tahendus="hobune" ingl="horse" liik="S" vorm="pl.part.">übìži</sone><sone id="l4_s4" lk="163" meta="vahemärk">,</sone><sone id="l4_s5" lk="163" lemma="nī’em" tahendus="lehm" ingl="cow" liik="S" vorm="pl.part.">nē’mi</sone><sone id="l4_s6" lk="163" lemma="un" tahendus="ja" ingl="and" liik="Konj">un</sone><sone id="l4_s7" lk="163" lemma="lāmbaz" tahendus="lammas" ingl="sheep" liik="S" vorm="pl.part.">lam̀bidi</sone><sone id="l4_s8" lk="163" meta="vahemärk">.</sone></lause><lause id="l5"><sone id="l5_s1" lk="163" lemma="un" tahendus="ja" ingl="and" liik="Konj">un</sone><sone id="l5_s2" lk="163" lemma="si’z" tahendus="siis" ingl="then" liik="ProAdv">sis</sone><sone id="l5_s3" lk="163" lemma="tämā" tahendus="tema" ingl="he" liik="ProS" vorm="sg.nom.">ta</sone><sone id="l5_s4" lk="163" lemma="lǟ’dõ" tahendus="minna" ingl="go" liik="V" vorm="pers.ind.ipf.sg.3.">lek̀š</sone><sone id="l5_s5" lk="163" lemma="eņțš" tahendus="oma" ingl="own" liik="ProS" vorm="sg.gen.">eńt́š́</sone><sone id="l5_s6" lk="163" lemma="tubā" tahendus="tare" ingl="house" liik="S" vorm="sg.ill.">tu’bbə</sone><sone id="l5_s7" lk="163" meta="vahemärk">.</sone></lause><lause id="l6"><sone id="l6_s1" lk="163" lemma="un" tahendus="ja" ingl="and" liik="Konj">un</sone><sone id="l6_s2" lk="163" lemma="sǟ’l" tahendus="seal" ingl="there" liik="ProAdv">sǟ’l</sone><sone id="l6_s3" lk="163" lemma="vȱlda" tahendus="olla" ingl="be" liik="V" vorm="pers.ind.ipf.sg.3.">ve̮ĺ’</sone><sone id="l6_s4" lk="163" lemma="ikš" tahendus="üks" ingl="one" liik="ProS" vorm="sg.nom.">ük̀š</sone><sone id="l6_s5" lk="163" meta="vahemärk">[</sone><sone id="l6_s6" lk="163" lemma="pi’ņ" tahendus="koer" ingl="dog" liik="S" vorm="sg.gen.">piń’</sone><sone id="l6_s7" lk="163" meta="vahemärk"> &gt;</sone><sone id="l6_s8" lk="163" meta="vahemärk">]</sone><sone id="l6_s9" lk="163" lemma="dīk" tahendus="tiik" ingl="pond" liik="S" vorm="sg.nom.">dīk</sone><sone id="l6_s10" lk="163" meta="vahemärk">–</sone><sone id="l6_s11" lk="163" lemma="piški" tahendus="pisike" ingl="small" liik="A" vorm="sg.nom.">piš̀ki</sone><sone id="l6_s12" lk="163" meta="vahemärk">[</sone><sone id="l6_s13" lk="163" lemma="pi’ņ" tahendus="koer" ingl="dog" liik="S" vorm="sg.gen.">piń’</sone><sone id="l6_s14" lk="163" meta="vahemärk"> &gt;</sone><sone id="l6_s15" lk="163" meta="vahemärk">]</sone><sone id="l6_s16" lk="163" lemma="dīk" tahendus="tiik" ingl="pond" liik="S" vorm="sg.nom.">dīk</sone><sone id="l6_s17" lk="163" lemma="tämā" tahendus="tema" ingl="he" liik="ProS" vorm="sg.dat.">täm’mən</sone><sone id="l6_s18" lk="163" meta="vahemärk">,</sone><sone id="l6_s19" lk="163" lemma="kus" tahendus="kus" ingl="where" liik="Intr">kus</sone><sone id="l6_s20" lk="163" lemma="tämā" tahendus="tema" ingl="he" liik="ProS" vorm="sg.nom.">ta</sone><sone id="l6_s21" lk="163" lemma="jūotõ" tahendus="joota" ingl="water" liik="V" vorm="pers.ind.ipf.sg.3.">juɔtiᴢ</sone><sone id="l6_s22" lk="163" lemma="i’bbi" tahendus="hobune" ingl="horse" liik="S" vorm="pl.part.">übìži</sone><sone id="l6_s23" lk="163" meta="vahemärk">,</sone><sone id="l6_s24" lk="163" lemma="nī’em" tahendus="lehm" ingl="cow" liik="S" vorm="pl.part.">nē’mi</sone><sone id="l6_s25" lk="163" lemma="un" tahendus="ja" ingl="and" liik="Konj">un</sone><sone id="l6_s26" lk="163" lemma="lāmbaz" tahendus="lammas" ingl="sheep" liik="S" vorm="pl.part.">lam̀bidi</sone><sone id="l6_s27" lk="163" meta="vahemärk">.</sone></lause><lause id="l7"><sone id="l7_s1" lk="163" lemma="un" tahendus="ja" ingl="and" liik="Konj">un</sone><sone id="l7_s2" lk="163" lemma="si’z" tahendus="siis" ingl="then" liik="ProAdv">sis</sone><sone id="l7_s3" lk="163" lemma="tämā" tahendus="tema" ingl="he" liik="ProS" vorm="sg.nom.">ta</sone><sone id="l7_s4" lk="163" lemma="lǟ’dõ" tahendus="minna" ingl="go" liik="V" vorm="pers.ind.ipf.sg.3.">lek̀š</sone><sone id="l7_s5" lk="163" lemma="eņțš" tahendus="oma" ingl="own" liik="ProS" vorm="sg.gen.">eńt́š́</sone><sone id="l7_s6" lk="163" lemma="tubā" tahendus="tare" ingl="house" liik="S" vorm="sg.ill.">tu’bbə</sone><sone id="l7_s7" lk="163" meta="vahemärk">,</sone><sone id="l7_s8" lk="163" lemma="istõ" tahendus="istuda" ingl="sit" liik="V" vorm="pers.ind.ipf.sg.3.">istìᴢ</sone><sone id="l7_s9" lk="163" lemma="lä’b" tahendus="aken" ingl="window" liik="S" vorm="sg.gen.">lä’b</sone><sone id="l7_s10" lk="163" lemma="jūr" tahendus="juures" ingl="by" liik="Adv">jūr</sone><sone id="l7_s11" lk="163" meta="vahemärk">.</sone></lause><lause id="l8"><sone id="l8_s1" lk="163" lemma="tūlda" tahendus="tulla" ingl="come" liik="V" vorm="pers.ind.ipf.sg.3.">tuĺ’</sone><sone id="l8_s2" lk="163" lemma="ikš" tahendus="üks" ingl="one" liik="ProS" vorm="sg.nom.">ük̀š</sone><sone id="l8_s3" lk="163" lemma="izānd" tahendus="isand" ingl="lord" liik="S" vorm="sg.nom.">izànᴅ</sone><sone id="l8_s4" lk="163" lemma="bro’utšõ" tahendus="sõita" ingl="ride" liik="V" vorm="ger.">brou’tšə</sone><sone id="l8_s5" lk="163" meta="vahemärk">.</sone></lause><lause id="l9"><sone id="l9_s1" lk="163" lemma="se" tahendus="see" ingl="this" liik="ProS" vorm="sg.nom.">se</sone><sone id="l9_s2" lk="163" lemma="izānd" tahendus="isand" ingl="lord" liik="S" vorm="sg.nom.">izànᴅ</sone><sone id="l9_s3" lk="163" lemma="no+pie’zzõ" tahendus="pesta" ingl="wash" liik="V" vorm="pers.ind.ipf.sg.3.prf.">nu’ɔ+pⁱεzìᴢ</sone><sone id="l9_s4" lk="163" lemma="sīlma" tahendus="silm" ingl="eye" liik="S" vorm="pl.part.">siĺ̀mi</sone><sone id="l9_s5" lk="163" lemma="un" tahendus="ja" ingl="and" liik="Konj">un</sone><sone id="l9_s6" lk="163" lemma="lǟ’dõ" tahendus="minna" ingl="go" liik="V" vorm="pers.ind.ipf.sg.3.">lek̀š</sone><sone id="l9_s7" lk="163" meta="vahemärk">,</sone><sone id="l9_s8" lk="163" lemma="istõ" tahendus="istuda" ingl="sit" liik="V" vorm="pers.ind.ipf.sg.3.">istìᴢ</sone><sone id="l9_s9" lk="163" lemma="eņțš" tahendus="oma" ingl="own" liik="ProS" vorm="sg.gen.">eńt́š́</sone><sone id="l9_s10" lk="163" lemma="rattõd" tahendus="vanker" ingl="carriage" liik="S" vorm="pl.ill.">rattiᴢ</sone><sone id="l9_s11" lk="163" lemma="un" tahendus="ja" ingl="and" liik="Konj">un</sone><sone id="l9_s12" lk="163" lemma="bro’utšõ" tahendus="sõita" ingl="ride" liik="V" vorm="pers.ind.ipf.sg.3.">brou’t́š́iᴢ</sone><sone id="l9_s13" lk="163" lemma="järā" tahendus="ära" ingl="away" liik="Adva">je͕rà</sone><sone id="l9_s14" lk="163" meta="vahemärk">.</sone></lause><lause id="l10"><sone id="l10_s1" lk="163" lemma="un" tahendus="ja" ingl="and" liik="Konj">un</sone><sone id="l10_s2" lk="163" lemma="ni" tahendus="nüüd" ingl="now" liik="Adv">ni</sone><sone id="l10_s3" lk="163" lemma="izānd" tahendus="isand" ingl="lord" liik="S" vorm="sg.dat.">izàndən</sone><sone id="l10_s4" lk="163" lemma="u’nnõ" tahendus="ununeda" ingl="be forgotten" liik="V" vorm="nud.sg.">un’nən</sone><sone id="l10_s5" lk="163" meta="vahemärk">[</sone><sone id="l10_s6" lk="163" lemma="tšemondan" tahendus="kohver" ingl="suitcase" liik="S" vorm="sg.nom." kommentaar="?">t́šemondant</sone><sone id="l10_s7" lk="163" meta="vahemärk"> &gt;</sone><sone id="l10_s8" lk="163" meta="vahemärk">]</sone><sone id="l10_s9" lk="163" lemma="tšemondan" tahendus="kohver" ingl="suitcase" liik="S" vorm="sg.nom.">t́šumondant</sone><sone id="l10_s10" lk="163" lemma="amā" tahendus="kogu" ingl="all" liik="A" vorm="sg.gen.">amà</sone><sone id="l10_s11" lk="163" lemma="rǭ’" tahendus="raha" ingl="money" liik="S" vorm="sg.instl.">rå̄’kəks</sone><sone id="l10_s12" lk="163" lemma="sīnõ" tahendus="sinna" ingl="there" liik="ProAdv">sīn</sone><sone id="l10_s13" lk="163" lemma="se" tahendus="see" ingl="this" liik="ProS" vorm="sg.gen.">siε</sone><sone id="l10_s14" lk="163" lemma="dīk" tahendus="tiik" ingl="pond" liik="S" vorm="sg.gen.">dīk</sone><sone id="l10_s15" lk="163" lemma="a’igõ" tahendus="äärde" ingl="by" liik="Post">ai’gə</sone><sone id="l10_s16" lk="163" meta="vahemärk">.</sone></lause><lause id="l11"><sone id="l11_s1" lk="163" meta="vahemärk">[</sone><sone id="l11_s2" lk="163" lemma="un" tahendus="ja" ingl="and" liik="Konj">un</sone><sone id="l11_s3" lk="163" lemma="si’z" tahendus="siis" ingl="then" liik="ProAdv">sis</sone><sone id="l11_s4" lk="163" lemma="se" tahendus="see" ingl="this" liik="ProS" vorm="sg.nom.">se</sone><sone id="l11_s5" lk="163" lemma="izānd" tahendus="isand" ingl="lord" liik="S" vorm="sg.nom.">izànᴅ</sone><sone id="l11_s6" lk="163" lemma="tūlda" tahendus="tulla" ingl="come" liik="V" vorm="pers.ind.pr.sg.3.">tulùʙ</sone><sone id="l11_s7" lk="163" lemma="pie’rrõ" tahendus="pärast" ingl="later" liik="Adv">pⁱεr’rə</sone><sone id="l11_s8" lk="163" meta="vahemärk">[</sone><sone id="l11_s9" lk="163" lemma="tubā" tahendus="tare" ingl="house" liik="S" vorm="sg.ill.">tu’bbə</sone><sone id="l11_s10" lk="163" meta="vahemärk"> &gt;</sone><sone id="l11_s11" lk="163" meta="vahemärk">]</sone><sone id="l11_s12" lk="163" lemma="tubā" tahendus="tare" ingl="house" liik="S" vorm="sg.ill.">tu’b</sone><sone id="l11_s13" lk="163" meta="vahemärk">–</sone><sone id="l11_s14" lk="163" lemma="ni" tahendus="nüüd" ingl="now" liik="Adv">ni</sone><sone id="l11_s15" lk="163" lemma="minā" tahendus="mina" ingl="I" liik="ProS" vorm="sg.nom.">ma</sone><sone id="l11_s16" lk="163" lemma="kītõ" tahendus="öelda" ingl="say" liik="V" vorm="pers.ind.ipf.sg.1.">kītiᴢ</sone><sone id="l11_s17" lk="163" lemma="slikțõ" tahendus="halvasti" ingl="badly" liik="Adv">slik̀t́ə</sone><sone id="l11_s18" lk="163" meta="vahemärk">]</sone><sone id="l11_s19" lk="163" lemma="ni" tahendus="nüüd" ingl="now" liik="Adv">ni</sone><sone id="l11_s20" lk="163" lemma="tūlda" tahendus="tulla" ingl="come" liik="V" vorm="pers.ind.ipf.sg.3.">tuĺ’</sone><sone id="l11_s21" lk="163" lemma="tā’giž" tahendus="tagasi" ingl="back" liik="Adva">tā’giŽ</sone><sone id="l11_s22" lk="163" lemma="se" tahendus="see" ingl="this" liik="ProS" vorm="sg.nom.">se</sone><sone id="l11_s23" lk="163" lemma="kǭŗa+paint" tahendus="karjane" ingl="herder" liik="S" vorm="sg.nom.">kå͔̄ⁱŕa+paìnt</sone><sone id="l11_s24" lk="163" lemma="se" tahendus="see" ingl="this" liik="ProS" vorm="sg.gen.">siε</sone><sone id="l11_s25" lk="163" lemma="dīk" tahendus="tiik" ingl="pond" liik="S" vorm="sg.gen.">dīk</sone><sone id="l11_s26" lk="163" lemma="a’igõ" tahendus="äärde" ingl="by" liik="Post">ai’gə</sone><sone id="l11_s27" lk="163" lemma="un" tahendus="ja" ingl="and" liik="Konj">un</sone><sone id="l11_s28" lk="163" lemma="nǟ’dõ" tahendus="näha" ingl="see" liik="V" vorm="pers.ind.ipf.sg.3.">neìᴢ</sone><sone id="l11_s29" lk="163" meta="vahemärk">,</sone><sone id="l11_s30" lk="163" lemma="ku" tahendus="et" ingl="that" liik="Konj">ku</sone><sone id="l11_s31" lk="163" lemma="vȱlda" tahendus="olla" ingl="be" liik="V" vorm="pers.ind.ipf.sg.3.">ve̮ĺ’</sone><sone id="l11_s32" lk="163" lemma="tšemondan" tahendus="kohver" ingl="suitcase" liik="S" vorm="sg.nom.">t́š́umundan</sone><sone id="l11_s33" lk="163" lemma="sǟ’l" tahendus="seal" ingl="there" liik="ProAdv">sǟ’l</sone><sone id="l11_s34" lk="163" lemma="mǭsõ" tahendus="maas" ingl="down" liik="Adv">må̄s</sone><sone id="l11_s35" lk="163" meta="vahemärk">.</sone></lause><lause id="l12"><sone id="l12_s1" lk="163" lemma="un" tahendus="ja" ingl="and" liik="Konj">u</sone><sone id="l12_s2" lk="163" meta="vahemärk">[</sone><sone id="l12_s3" lk="163" lemma="si’z" tahendus="siis" ingl="then" liik="ProAdv">siᴢ</sone><sone id="l12_s4" lk="163" meta="vahemärk"> &gt;</sone><sone id="l12_s5" lk="163" meta="vahemärk">]</sone><sone id="l12_s6" lk="163" lemma="si’z" tahendus="siis" ingl="then" liik="ProAdv">sis</sone><sone id="l12_s7" lk="163" lemma="tämā" tahendus="tema" ingl="he" liik="ProS" vorm="sg.nom.">ta</sone><sone id="l12_s8" lk="163" lemma="võttõ" tahendus="võtta" ingl="take" liik="V" vorm="pers.ind.ipf.sg.3.">utìᴢ</sone><sone id="l12_s9" lk="163" lemma="vīdõ" tahendus="viia" ingl="take" liik="V" vorm="pers.ind.ipf.sg.3.">vīŽ</sone><sone id="l12_s10" lk="163" lemma="eņțš" tahendus="oma" ingl="own" liik="ProS" vorm="sg.gen.">eńt́š́</sone><sone id="l12_s11" lk="163" lemma="tubā" tahendus="tare" ingl="house" liik="S" vorm="sg.ill.">tu’bbə</sone><sone id="l12_s12" lk="163" meta="vahemärk">.</sone></lause><lause id="l13"><sone id="l13_s1" lk="163" lemma="tämā" tahendus="tema" ingl="he" liik="ProS" vorm="sg.nom.">ta</sone><sone id="l13_s2" lk="163" lemma="i’z" tahendus="ei" ingl="not" liik="Mn" vorm="pers.ind.ipf.sg.3.">iz</sone><sone id="l13_s3" lk="163" lemma="vaņțlõ" tahendus="vaadata" ingl="look" liik="V" vorm="pers.ind.sg.3.neg.">vań̀t́ĺə</sone><sone id="l13_s4" lk="163" meta="vahemärk">,</sone><sone id="l13_s5" lk="163" lemma="mis" tahendus="mis" ingl="what" liik="Intr" vorm="sg.nom.">mis</sone><sone id="l13_s6" lk="163" lemma="sǟ’l" tahendus="seal" ingl="there" liik="ProAdv">sǟ’l</sone><sone id="l13_s7" lk="163" lemma="sizāl" tahendus="sees" ingl="in" liik="Adv">sizàl</sone><sone id="l13_s8" lk="163" lemma="vȱlda" tahendus="olla" ingl="be" liik="V" vorm="pers.ind.pr.sg.3.">um’</sone><sone id="l13_s9" lk="163" meta="vahemärk">.</sone></lause><lause id="l14"><sone id="l14_s1" lk="163" lemma="si’z" tahendus="siis" ingl="then" liik="ProAdv">sis</sone><sone id="l14_s2" lk="163" lemma="tämā" tahendus="tema" ingl="he" liik="ProS" vorm="sg.nom.">ta</sone><sone id="l14_s3" lk="163" lemma="võttõ" tahendus="võtta" ingl="take" liik="V" vorm="pers.ind.ipf.sg.3.">utìᴢ</sone><sone id="l14_s4" lk="163" meta="vahemärk">–</sone><sone id="l14_s5" lk="163" lemma="la’z" tahendus="las" ingl="let" liik="ModAdv">las</sone><sone id="l14_s6" lk="163" lemma="pī’lõ" tahendus="seista" ingl="stay" liik="V" vorm="pers.jus.pr.sg.3.">pī’ləɢ</sone><sone id="l14_s7" lk="163" lemma="sǟ’l" tahendus="seal" ingl="there" liik="ProAdv">sǟ’l</sone><sone id="l14_s8" lk="163" meta="vahemärk">.</sone></lause><lause id="l15"><sone id="l15_s1" lk="163" lemma="un" tahendus="ja" ingl="and" liik="Konj">un</sone><sone id="l15_s2" lk="163" lemma="ni" tahendus="nüüd" ingl="now" liik="Adv">ni</sone><sone id="l15_s3" lk="163" lemma="tūlda" tahendus="tulla" ingl="come" liik="V" vorm="pers.ind.ipf.sg.3.">tuĺ’</sone><sone id="l15_s4" lk="163" meta="vahemärk">[</sone><sone id="l15_s5" lk="163" lemma="izānd" tahendus="isand" ingl="lord" liik="S" vorm="sg.nom.">izànd</sone><sone id="l15_s6" lk="163" meta="vahemärk"> &gt;</sone><sone id="l15_s7" lk="163" meta="vahemärk">]</sone><sone id="l15_s8" lk="163" lemma="izānd" tahendus="isand" ingl="lord" liik="S" vorm="sg.nom.">izànᴅ</sone><sone id="l15_s9" lk="163" lemma="tā’giž" tahendus="tagasi" ingl="back" liik="Adva">tā’giŽ</sone><sone id="l15_s10" lk="163" meta="vahemärk">.</sone></lause><lause id="l16"><sone id="l16_s1" lk="163" lemma="izānd" tahendus="isand" ingl="lord" liik="S" vorm="sg.nom.">izànᴅ</sone><sone id="l16_s2" lk="163" lemma="ki’zzõ" tahendus="küsida" ingl="ask" liik="V" vorm="pers.ind.ipf.sg.3.">küzìᴢ</sone><sone id="l16_s3" lk="163" meta="vahemärk">:</sone><sone id="l16_s4" lk="163" meta="vahemärk">”</sone><sone lk="163" keel="eesti" id="l16_s5" lemma="agā" tahendus="kas" ingl="if" liik="Konj">agà</sone><sone id="l16_s6" lk="163" lemma="sinā" tahendus="sina" ingl="you" liik="ProS" vorm="sg.nom.">sa</sone><sone id="l16_s7" lk="163" lemma="vȱlda" tahendus="olla" ingl="be" liik="Va" vorm="pers.ind.pr.sg.2.">uɔᴅ</sone><sone id="l16_s8" lk="163" lemma="lieudõ" tahendus="leida" ingl="find" liik="V" vorm="nud.sg.">lⁱεùdən</sone><sone id="l16_s9" lk="163" lemma="midāgõd" tahendus="miski" ingl="something" liik="ProS" vorm="sg.part.">midàgiᴅ</sone><sone lk="163" keel="eesti" id="l16_s10" meta="vahemärk">?</sone><sone id="l16_s11" lk="163" meta="vahemärk">”</sone></lause><lause id="l17"><sone id="l17_s1" lk="163" lemma="tämā" tahendus="tema" ingl="he" liik="ProS" vorm="sg.nom.">ta</sone><sone id="l17_s2" lk="163" lemma="kītõ" tahendus="öelda" ingl="say" liik="V" vorm="pers.ind.ipf.sg.3.">kītiᴢ</sone><sone id="l17_s3" lk="163" meta="vahemärk">:</sone><sone id="l17_s4" lk="163" meta="vahemärk">”</sone><sone lk="163" keel="eesti" id="l17_s5" lemma="nǟ" tahendus="jah" ingl="yes" liik="Par">nǟ</sone><sone id="l17_s6" lk="163" meta="vahemärk">,</sone><sone id="l17_s7" lk="163" lemma="minā" tahendus="mina" ingl="I" liik="ProS" vorm="sg.nom.">ma</sone><sone id="l17_s8" lk="163" lemma="lieudõ" tahendus="leida" ingl="find" liik="V" vorm="pers.ind.ipf.sg.1.">liεdiᴢ</sone><sone id="l17_s9" lk="163" lemma="ki’l" tahendus="küll" ingl="indeed" liik="ModAdv">kül̀</sone><sone id="l17_s10" lk="163" meta="vahemärk">.</sone><sone id="l17_s11" lk="163" lemma="minā" tahendus="mina" ingl="I" liik="ProS" vorm="sg.nom.">ma</sone><sone id="l17_s12" lk="163" lemma="lieudõ" tahendus="leida" ingl="find" liik="V" vorm="pers.ind.ipf.sg.1.">liεdiᴢ</sone><sone id="l17_s13" lk="163" lemma="tō" tahendus="näe" ingl="see" liik="Par">tō</sone><sone id="l17_s14" lk="163" lemma="kus" tahendus="kus" ingl="where" liik="Intr">kus</sone><sone id="l17_s15" lk="163" lemma="vȱlda" tahendus="olla" ingl="be" liik="V" vorm="pers.ind.pr.sg.3.">um’</sone><sone id="l17_s16" lk="163" lemma="tubā" tahendus="tare" ingl="house" liik="S" vorm="sg.in.">tubàs</sone><sone lk="163" keel="eesti" id="l17_s17" meta="vahemärk">.</sone><sone id="l17_s18" lk="163" meta="vahemärk">”</sone></lause><lause id="l18"><sone id="l18_s1" lk="163" meta="vahemärk">”</sone><sone lk="163" keel="eesti" id="l18_s2" lemma="se" tahendus="see" ingl="this" liik="ProS" vorm="sg.nom.">se</sone><sone id="l18_s3" lk="163" lemma="vȱlda" tahendus="olla" ingl="be" liik="V" vorm="pers.ind.pr.sg.3.">um’</sone><sone id="l18_s4" lk="163" lemma="minā" tahendus="mina" ingl="I" liik="ProS" vorm="sg.dat.">min’nən</sone><sone lk="163" keel="eesti" id="l18_s5" meta="vahemärk">”</sone><sone id="l18_s6" lk="163" meta="vahemärk">,</sone><sone id="l18_s7" lk="163" lemma="izānd" tahendus="isand" ingl="lord" liik="S" vorm="sg.nom.">izànᴅ</sone><sone id="l18_s8" lk="163" lemma="kītõ" tahendus="öelda" ingl="say" liik="V" vorm="pers.ind.ipf.sg.3.">kītiᴢ</sone><sone id="l18_s9" lk="163" meta="vahemärk">.</sone></lause><lause id="l19"><sone id="l19_s1" lk="163" meta="vahemärk">”</sone><sone lk="163" keel="eesti" id="l19_s2" lemma="a’ž" tahendus="kui" ingl="if" liik="Konj">aš</sone><sone id="l19_s3" lk="163" lemma="tämā" tahendus="tema" ingl="it" liik="ProS" vorm="sg.nom.">ta</sone><sone id="l19_s4" lk="163" lemma="vȱlda" tahendus="olla" ingl="be" liik="V" vorm="pers.ind.pr.sg.3.">um’</sone><sone id="l19_s5" lk="163" lemma="sinā" tahendus="sina" ingl="you" liik="ProS" vorm="sg.dat.">sin’nən</sone><sone id="l19_s6" lk="163" meta="vahemärk">,</sone><sone id="l19_s7" lk="163" lemma="võttõ" tahendus="võtta" ingl="take" liik="V" vorm="pers.imp.pr.sg.2.">utà</sone><sone id="l19_s8" lk="163" meta="vahemärk">,</sone><sone id="l19_s9" lk="163" lemma="vīdõ" tahendus="viia" ingl="take" liik="V" vorm="pers.imp.pr.sg.2.">vī</sone><sone id="l19_s10" lk="163" lemma="järā" tahendus="ära" ingl="away" liik="Adva">je̮͔rà</sone><sone lk="163" keel="eesti" id="l19_s11" meta="vahemärk">.</sone><sone id="l19_s12" lk="163" meta="vahemärk">”</sone></lause><lause id="l20"><sone id="l20_s1" lk="163" meta="vahemärk">[</sone><sone id="l20_s2" lk="163" lemma="un" tahendus="ja" ingl="and" liik="Konj">un</sone><sone id="l20_s3" lk="163" meta="vahemärk"> &gt;</sone><sone id="l20_s4" lk="163" meta="vahemärk">]</sone><sone id="l20_s5" lk="163" lemma="ō" tahendus="no" ingl="oh" liik="Par">ō</sone><sone id="l20_s6" lk="163" lemma="jõvīst" tahendus="hästi" ingl="well" liik="ModAdv">juvìst</sone><sone id="l20_s7" lk="163" meta="vahemärk">,</sone><sone id="l20_s8" lk="163" lemma="vīdõ" tahendus="viia" ingl="take" liik="V" vorm="pers.ind.ipf.sg.3.">vīŽ</sone><sone id="l20_s9" lk="163" lemma="järā" tahendus="ära" ingl="away" liik="Adva">je̮͔rà</sone><sone id="l20_s10" lk="163" meta="vahemärk">.</sone></lause><lause id="l21"><sone id="l21_s1" lk="163" lemma="tämā" tahendus="tema" ingl="he" liik="ProS" vorm="sg.nom.">ta</sone><sone id="l21_s2" lk="163" lemma="ki’zzõ" tahendus="küsida" ingl="ask" liik="V" vorm="pers.ind.pr.sg.3.">küzùʙ</sone><sone id="l21_s3" lk="163" meta="vahemärk">:</sone><sone id="l21_s4" lk="163" meta="vahemärk">”</sone><sone lk="163" keel="eesti" id="l21_s5" lemma="agā" tahendus="kas" ingl="if" liik="Konj">agà</sone><sone id="l21_s6" lk="163" lemma="sinā" tahendus="sina" ingl="you" liik="ProS" vorm="sg.nom.">sa</sone><sone id="l21_s7" lk="163" lemma="tǭ’dõ" tahendus="tahta" ingl="want" liik="V" vorm="pers.ind.pr.sg.2.">tå̄’ᴅ</sone><sone id="l21_s8" lk="163" lemma="maks" tahendus="tasu" ingl="reward" liik="S" vorm="sg.part.">mak̀sə</sone><sone id="l21_s9" lk="163" meta="vahemärk">,</sone><sone id="l21_s10" lk="163" lemma="rǭ’" tahendus="raha" ingl="money" liik="S" vorm="sg.part.">rå̄’də</sone><sone id="l21_s11" lk="163" lemma="minā" tahendus="mina" ingl="I" liik="ProS" vorm="sg.nom.">ma</sone><sone id="l21_s12" lk="163" lemma="sinā" tahendus="sina" ingl="you" liik="ProS" vorm="sg.dat.">sin’</sone><sone id="l21_s13" lk="163" lemma="andõ" tahendus="anda" ingl="give" liik="V" vorm="pers.ind.pr.sg.1.">å̄ndaʙ</sone><sone id="l21_s14" lk="163" lemma="se" tahendus="see" ingl="this" liik="ProS" vorm="sg.gen.">siε</sone><sone id="l21_s15" lk="163" lemma="lieudimi" tahendus="leidmine" ingl="finding" liik="S" vorm="sg.gen.">liεdamiᴢ</sone><sone id="l21_s16" lk="163" lemma="je’dstõ" tahendus="eest" ingl="for" liik="Post">je̮͔’ᴅst</sone><sone lk="163" keel="eesti" id="l21_s17" meta="vahemärk">.</sone><sone id="l21_s18" lk="163" meta="vahemärk">”</sone></lause><lause id="l22"><sone id="l22_s1" lk="163" meta="vahemärk">”</sone><sone lk="163" keel="eesti" id="l22_s2" lemma="minā" tahendus="mina" ingl="I" liik="ProS" vorm="sg.nom.">ma</sone><sone id="l22_s3" lk="163" lemma="ä’b" tahendus="ei" ingl="not" liik="Mn" vorm="pers.ind.pr.sg.1.">äb</sone><sone id="l22_s4" lk="163" lemma="tǭ’dõ" tahendus="tahta" ingl="want" liik="V" vorm="pers.ind.sg.1.neg.">tå̄’</sone><sone lk="163" keel="eesti" id="l22_s5" meta="vahemärk">.</sone><sone id="l22_s6" lk="163" meta="vahemärk">”</sone></lause><lause id="l23"><sone id="l23_s1" lk="163" lemma="tämā" tahendus="tema" ingl="he" liik="ProS" vorm="sg.nom.">ta</sone><sone id="l23_s2" lk="164" lemma="i’z" tahendus="ei" ingl="not" liik="Mn" vorm="pers.ind.ipf.sg.3.">iz</sone><sone id="l23_s3" lk="164" lemma="tǭ’dõ" tahendus="tahta" ingl="want" liik="V" vorm="pers.ind.sg.3.neg.">tå̄’</sone><sone id="l23_s4" lk="164" lemma="mittõ" tahendus="mitte" ingl="not" liik="Mn">mittə</sone><sone id="l23_s5" lk="164" lemma="midāgõd" tahendus="miski" ingl="anything" liik="ProS" vorm="sg.part.">midàgiᴅ</sone><sone id="l23_s6" lk="164" meta="vahemärk">,</sone><sone id="l23_s7" lk="164" lemma="tämā" tahendus="tema" ingl="he" liik="ProS" vorm="sg.nom.">ta</sone><sone id="l23_s8" lk="164" lemma="i’z" tahendus="ei" ingl="not" liik="Mn" vorm="pers.ind.ipf.sg.3.">iᴢ</sone><sone id="l23_s9" lk="164" meta="vahemärk">[</sone><sone id="l23_s10" lk="164" meta="poolik sõna">vu-</sone><sone id="l23_s11" lk="164" meta="vahemärk"> &gt;</sone><sone id="l23_s12" lk="164" meta="vahemärk">]</sone><sone id="l23_s13" lk="164" lemma="võttõ" tahendus="võtta" ingl="take" liik="V" vorm="pers.ind.sg.2.3.neg.">utà</sone><sone id="l23_s14" lk="164" meta="vahemärk">.</sone></lause><lause id="l24"><sone id="l24_s1" lk="164" lemma="ni" tahendus="nüüd" ingl="now" liik="Adv">ni</sone><sone id="l24_s2" lk="164" lemma="izānd" tahendus="isand" ingl="lord" liik="S" vorm="sg.nom.">izànᴅ</sone><sone id="l24_s3" lk="164" lemma="andõ" tahendus="anda" ingl="give" liik="V" vorm="pers.ind.ipf.sg.3.">å͔̄ndiᴢ</sone><sone id="l24_s4" lk="164" lemma="tämā" tahendus="tema" ingl="he" liik="ProS" vorm="sg.dat.">täm’mən</sone><sone id="l24_s5" lk="164" lemma="piški" tahendus="pisike" ingl="small" liik="A" vorm="sg.gen.">piškìᴢ</sone><sone id="l24_s6" lk="164" lemma="i’bbi" tahendus="hobune" ingl="horse" liik="S" vorm="sg.gen.">übìᴢ</sone><sone id="l24_s7" lk="164" meta="vahemärk">.</sone></lause><lause id="l25"><sone id="l25_s1" lk="164" lemma="tämā" tahendus="tema" ingl="he" liik="ProS" vorm="sg.dat.">täm’mən</sone><sone id="l25_s2" lk="164" lemma="vȱlda" tahendus="olla" ingl="be" liik="V" vorm="pers.ind.ipf.sg.3.">ve̮ĺ’</sone><sone id="l25_s3" lk="164" lemma="piški" tahendus="pisike" ingl="small" liik="A" vorm="pl.part.">piškìzi</sone><sone id="l25_s4" lk="164" lemma="i’bbi" tahendus="hobune" ingl="horse" liik="S" vorm="pl.part.">übìži</sone><sone id="l25_s5" lk="164" lemma="vä’ggi" tahendus="väga" ingl="very" liik="Adv">vä’ggi</sone><sone id="l25_s6" lk="164" lemma="je’nnõ" tahendus="palju" ingl="many" liik="Adv">je̮n’nə</sone><sone id="l25_s7" lk="164" meta="vahemärk">.</sone></lause><lause id="l26"><sone id="l26_s1" lk="164" lemma="si’z" tahendus="siis" ingl="then" liik="ProAdv">sis</sone><sone id="l26_s2" lk="164" lemma="tämā" tahendus="tema" ingl="he" liik="ProS" vorm="sg.nom.">ta</sone><sone id="l26_s3" lk="164" lemma="andõ" tahendus="anda" ingl="give" liik="V" vorm="pers.ind.ipf.sg.3.">å͔̄ndiᴢ</sone><sone id="l26_s4" lk="164" lemma="ikš" tahendus="üks" ingl="one" liik="Nump" vorm="sg.gen.">ǖ’ᴅ</sone><sone id="l26_s5" lk="164" lemma="piški" tahendus="pisike" ingl="small" liik="A" vorm="sg.gen.">piškìᴢ</sone><sone id="l26_s6" lk="164" lemma="i’bbi" tahendus="hobune" ingl="horse" liik="S" vorm="sg.gen.">übìᴢ</sone><sone id="l26_s7" lk="164" meta="vahemärk">.</sone></lause><lause id="l27"><sone id="l27_s1" lk="164" lemma="tämā" tahendus="tema" ingl="he" liik="ProS" vorm="sg.nom.">ta</sone><sone id="l27_s2" lk="164" lemma="lǟ’dõ" tahendus="minna" ingl="go" liik="V" vorm="pers.ind.ipf.sg.3.">lek̀š</sone><sone id="l27_s3" lk="164" meta="vahemärk">‿</sone><sone id="l27_s4" lk="164" lemma="se" tahendus="see" ingl="this" liik="ProS" vorm="sg.gen.">šiε</sone><sone id="l27_s5" lk="164" lemma="piški" tahendus="pisike" ingl="small" liik="A" vorm="sg.gen.">piškìᴢ</sone><sone id="l27_s6" lk="164" lemma="i’bbi" tahendus="hobune" ingl="horse" liik="S" vorm="sg.instl.">übìzəks</sone><sone id="l27_s7" lk="164" lemma="bro’utšõ" tahendus="sõita" ingl="ride" liik="V" vorm="inf." kommentaar="või gerundiiv?">brou’t́šə</sone><sone id="l27_s8" lk="164" meta="vahemärk">[</sone><sone id="l27_s9" lk="164" lemma="pilsǟt" tahendus="linn" ingl="town" liik="S" vorm="sg.ill.">pilsǟtə</sone><sone id="l27_s10" lk="164" meta="vahemärk"> &gt;</sone><sone id="l27_s11" lk="164" meta="vahemärk">]</sone><sone id="l27_s12" lk="164" lemma="tõrg" tahendus="turg" ingl="market" liik="S" vorm="sg.ill.">tür̀gə</sone><sone id="l27_s13" lk="164" meta="vahemärk">.</sone></lause><lause id="l28"><sone id="l28_s1" lk="164" lemma="un" tahendus="ja" ingl="and" liik="Konj">un</sone><sone id="l28_s2" lk="164" lemma="si’z" tahendus="siis" ingl="then" liik="ProAdv">sis</sone><sone id="l28_s3" lk="164" lemma="ne" tahendus="need" ingl="these" liik="ProS" vorm="pl.nom.">ne</sone><sone id="l28_s4" lk="164" lemma="munt" tahendus="teised" ingl="others" liik="ProS" vorm="pl.nom.">muǹt</sone><sone id="l28_s5" lk="164" lemma="vȱlda" tahendus="olla" ingl="be" liik="Va" vorm="pers.ind.ipf.pl.3.">ve̮ĺ’tə</sone><sone id="l28_s6" lk="164" lemma="a’ilõ" tahendus="sõita" ingl="ride" liik="V" vorm="nud.pl.">ai’lənəᴅ</sone><sone id="l28_s7" lk="164" lemma="eņțš" tahendus="oma" ingl="own" liik="ProS" vorm="sg.gen.">eńt́š́</sone><sone id="l28_s8" lk="164" lemma="sūr" tahendus="suur" ingl="big" liik="A" vorm="pl.gen.">sūrᴅ</sone><sone id="l28_s9" lk="164" lemma="i’bbi" tahendus="hobune" ingl="horse" liik="S" vorm="pl.instl.">übìstəks</sone><sone id="l28_s10" lk="164" meta="vahemärk">.</sone></lause></sisu>
</liivike>
