<?xml version="1.0" encoding="UTF-8"?>
<?xml-stylesheet type="text/xsl" href="liivike_tekst.xsl"?>
<liivike>
	<info><tyyp>kirjalik</tyyp><teema>Satuja 43</teema><keel>liivi</keel><murre>idaliivi</murre><kirjaviis>foneetiline transkriptsioon</kirjaviis><kyla longituud="22.317266" latituud="57.68167">Irē?</kyla><teos pealkiri="Näytteitä liivin kielestä" aasta="1953" koht="Helsinki">E. N. Setälä</teos><keelejuht id="U" haridus="" synniaasta="" synnikoht="" vanus="" sugu="N">Uoztintis?</keelejuht></info><sisu id="Set_Sat_43">
		<lause id="l1">
			<sone id="l1_s1" lk="227" meta="number">43</sone>
			<sone id="l1_s2" lk="227" meta="vahemärk">.</sone></lause>
		<lause id="l2"><sone id="l2_s1" lk="227" meta="kommentaar">Ire?</sone><sone id="l2_s2" lk="227" meta="vahemärk">,</sone><sone id="l2_s3" lk="227" meta="kommentaar">Uoztintis</sone><sone id="l2_s4" lk="227" meta="vahemärk">?</sone></lause><lause id="l3"><sone id="l3_s1" lk="227" lemma="ikš" tahendus="üks" ingl="one" liik="ProS" vorm="sg.gen.">ǖ’d</sone><sone id="l3_s2" lk="227" lemma="jemā" tahendus="ema" ingl="mother" liik="S" vorm="sg.dat.">je̮mān</sone><sone id="l3_s3" lk="227" lemma="vȱlda" tahendus="olla" ingl="be" liik="Va" vorm="pers.ind.pr.pl.3.">at</sone><sone id="l3_s4" lk="227" lemma="vȱlda" tahendus="olla" ingl="be" liik="V" vorm="nud.pl.">ve̮nnəd</sone><sone id="l3_s5" lk="227" lemma="kuolm" tahendus="kolm" ingl="three" liik="Nump" vorm="sg.nom.">kᵘolm</sone><sone id="l3_s6" lk="227" lemma="tidār" tahendus="tütar" ingl="daughter" liik="S" vorm="sg.part.">tüdārt</sone><sone id="l3_s7" lk="227" lemma="un" tahendus="ja" ingl="and" liik="Konj">un</sone><sone id="l3_s8" lk="227" lemma="ne" tahendus="need" ingl="these" liik="ProS" vorm="pl.nom.">ne</sone><sone id="l3_s9" lk="227" lemma="kuolm" tahendus="kolm" ingl="three" liik="Nump" vorm="sg.nom.">kᵘolm</sone><sone id="l3_s10" lk="227" lemma="tidār" tahendus="tütar" ingl="daughter" liik="S" vorm="sg.part.">tüdārt</sone><sone id="l3_s11" lk="227" lemma="vȱlda" tahendus="olla" ingl="be" liik="Va" vorm="pers.ind.pr.pl.3.">umāt</sone><sone id="l3_s12" lk="227" lemma="lǟʼdõ" tahendus="minna" ingl="go" liik="V" vorm="nud.pl.">lǟ’nəd</sone><sone id="l3_s13" lk="227" lemma="mõtsā" tahendus="mets" ingl="forest" liik="S" vorm="sg.ill.">mi̮tsə</sone><sone id="l3_s14" lk="227" lemma="mǭŗa" tahendus="mari" ingl="berry" liik="S" vorm="pl.part.">må̄ŕidi</sone><sone id="l3_s15" lk="227" lemma="kuoŗŗõ" tahendus="korjata" ingl="pick" liik="V" vorm="sup.">kᵘoŕŕəm</sone><sone id="l3_s16" lk="227" meta="vahemärk">.</sone></lause><lause id="l4"><sone id="l4_s1" lk="227" lemma="no" tahendus="noh" ingl="so" liik="ModAdv">no</sone><sone id="l4_s2" lk="227" meta="vahemärk">,</sone><sone id="l4_s3" lk="227" lemma="un" tahendus="ja" ingl="and" liik="Konj">un</sone><sone id="l4_s4" lk="227" lemma="ni" tahendus="nüüd" ingl="now" liik="Adv">ni</sone><sone id="l4_s5" lk="227" lemma="ikš" tahendus="üks" ingl="one" liik="ProS" vorm="sg.nom.">ükš</sone><sone id="l4_s6" lk="227" lemma="nūoŗ+izānd" tahendus="noorhärra" ingl="young lord" liik="S" vorm="sg.nom.">nuoŕ+izānd</sone><sone id="l4_s7" lk="227" lemma="vȱlda" tahendus="olla" ingl="be" liik="Va" vorm="pers.ind.pr.sg.3.">um’</sone><sone id="l4_s8" lk="227" lemma="lǟʼdõ" tahendus="minna" ingl="go" liik="V" vorm="nud.sg.">lǟ’nd</sone><sone id="l4_s9" lk="227" lemma="mõtsā" tahendus="mets" ingl="forest" liik="S" vorm="sg.ill.">mi̮tsə</sone><sone id="l4_s10" lk="228" lemma="lind" tahendus="lind" ingl="bird" liik="S" vorm="pl.part.">līndidi</sone><sone id="l4_s11" lk="228" lemma="laskõ " tahendus="lasta" ingl="shoot" liik="V" vorm="sup.">laskəm</sone><sone id="l4_s12" lk="228" meta="vahemärk">.</sone></lause><lause id="l5"><sone id="l5_s1" lk="228" lemma="ni" tahendus="nüüd" ingl="now" liik="Adv">ni</sone><sone id="l5_s2" lk="228" lemma="nūoŗ+izānd" tahendus="noorhärra" ingl="young lord" liik="S" vorm="sg.nom.">nuoŕ+izānd</sone><sone id="l5_s3" lk="228" lemma="vȱlda" tahendus="olla" ingl="be" liik="Va" vorm="pers.ind.pr.sg.3.">um’</sone><sone id="l5_s4" lk="228" meta="vahemärk">[</sone><sone id="l5_s5" lk="228" lemma="irgõ" tahendus="hakata" ingl="begin" liik="V" vorm="nud.sg.">irgən</sone><sone id="l5_s6" lk="228" meta="vahemärk"> &gt;</sone><sone id="l5_s7" lk="228" meta="vahemärk">]</sone><sone id="l5_s8" lk="228" lemma="irgõ" tahendus="hakata" ingl="begin" liik="V" vorm="nud.sg.">ürgən</sone><sone id="l5_s9" lk="228" lemma="sǟdõ" tahendus="leppida" ingl="arrange" liik="V" vorm="inf.">sǟdə</sone><sone id="l5_s10" lk="228" lemma="ne" tahendus="need" ingl="these" liik="ProS" vorm="pl.nom.gen.">ne</sone><sone id="l5_s11" lk="228" lemma="kuolm" tahendus="kolm" ingl="three" liik="Nump" vorm="sg.gen.">kᵘolm</sone><sone id="l5_s12" lk="228" lemma="neitst" tahendus="neiu" ingl="maiden" liik="S" vorm="sg.instl.">neitstəks</sone><sone id="l5_s13" lk="228" meta="vahemärk">,</sone><sone id="l5_s14" lk="228" lemma="la’z" tahendus="las" ingl="let" liik="ModAdv">laz</sone><sone id="l5_s15" lk="228" lemma="ne" tahendus="nemad" ingl="they" liik="ProS" vorm="pl.nom.">ne</sone><sone id="l5_s16" lk="228" lemma="lǟ’dõ" tahendus="tulla" ingl="come" liik="V" vorm="pers.jus.pr.pl.3.">läkkəd</sone><sone id="l5_s17" lk="228" lemma="tämā" tahendus="tema" ingl="he" liik="ProS" vorm="sg.dat.">täm’mən</sone><sone id="l5_s18" lk="228" lemma="pa" tahendus="millekski, kellekski" ingl="for" liik="Pre">pa</sone><sone id="l5_s19" lk="228" lemma="nai" tahendus="naine" ingl="wife" liik="S" vorm="sg.tr.">nāizəks</sone><sone id="l5_s20" lk="228" meta="vahemärk">.</sone></lause><lause id="l6"><sone id="l6_s1" lk="228" lemma="ni" tahendus="nüüd" ingl="now" liik="Adv">ni</sone><sone id="l6_s2" lk="228" lemma="se" tahendus="see" ingl="this" liik="ProS" vorm="sg.nom.">se</sone><sone id="l6_s3" lk="228" lemma="vanā" tahendus="vana" ingl="old" liik="A" vorm="sg.nom.cmp.">vańīmi</sone><sone id="l6_s4" lk="228" lemma="neitst" tahendus="neiu" ingl="maiden" liik="S" vorm="sg.nom.">neitst</sone><sone id="l6_s5" lk="228" meta="vahemärk">[</sone><sone id="l6_s6" lk="228" lemma="sõzār" tahendus="õde" ingl="sister" liik="S" vorm="sg.nom.">si̮zār</sone><sone id="l6_s7" lk="228" meta="vahemärk">]</sone><sone id="l6_s8" lk="228" lemma="vȱlda" tahendus="olla" ingl="be" liik="Va" vorm="pers.ind.pr.sg.3.">um’</sone><sone id="l6_s9" lk="228" lemma="kītõ" tahendus="öelda" ingl="say" liik="V" vorm="nud.sg.">kītən</sone><sone id="l6_s10" lk="228" meta="vahemärk">:</sone><sone id="l6_s11" lk="228" meta="vahemärk">”</sone><sone lk="228" keel="eesti" id="l6_s12" lemma="ārmaz" tahendus="armas" ingl="dear" liik="A" vorm="sg.nom.">ārmaz</sone><sone id="l6_s13" lk="228" lemma="nūoŗ+izānd" tahendus="noorhärra" ingl="young lord" liik="S" vorm="sg.nom.">nuoŕ+izānd</sone><sone id="l6_s14" lk="228" meta="vahemärk">,</sone><sone id="l6_s15" lk="228" lemma="võttõ" tahendus="võtta" ingl="take" liik="V" vorm="pers.imp.pr.sg.2.">vi̮tā</sone><sone id="l6_s16" lk="228" lemma="minā" tahendus="mina" ingl="I" liik="ProS" vorm="sg.part.">mīnda</sone><sone id="l6_s17" lk="228" meta="vahemärk">,</sone><sone id="l6_s18" lk="228" lemma="minā" tahendus="mina" ingl="I" liik="ProS" vorm="sg.nom.">minā</sone><sone id="l6_s19" lk="228" lemma="ūdõ" tahendus="küpsetada" ingl="bake" liik="V" vorm="pers.ind.pr.sg.1.">ūdəb</sone><sone id="l6_s20" lk="228" lemma="ikš" tahendus="üks" ingl="one" liik="Nump" vorm="sg.el.">ǖ’dstə</sone><sone id="l6_s21" lk="228" lemma="tierā" tahendus="teravili" ingl="cereal" liik="S" vorm="sg.gen.">tⁱerā</sone><sone id="l6_s22" lk="228" lemma="gro’udõz" tahendus="viljatera" ingl="grain" liik="S" vorm="sg.el.">grou’dəst</sone><sone id="l6_s23" lk="228" tahendus="tegu tainast" ingl="batch of dough" liik="S" vorm="sg.gen." lemma="tiegāndõks">tiegandəks</sone><sone id="l6_s24" lk="228" lemma="lēba" tahendus="leib" ingl="bread" liik="S" vorm="sg.part.">leibə</sone><sone lk="228" keel="eesti" id="l6_s25" meta="vahemärk">.</sone><sone id="l6_s26" lk="228" meta="vahemärk">”</sone></lause><lause id="l7"><sone id="l7_s1" lk="228" lemma="ni" tahendus="nüüd" ingl="now" liik="Adv">ni</sone><sone id="l7_s2" lk="228" lemma="se" tahendus="see" ingl="this" liik="ProS" vorm="sg.nom.">se</sone><sone id="l7_s3" lk="228" meta="vahemärk">[</sone><sone id="l7_s4" lk="228" meta="poolik sõna">si-</sone><sone id="l7_s5" lk="228" meta="vahemärk"> &gt;</sone><sone id="l7_s6" lk="228" meta="vahemärk">]</sone><sone id="l7_s7" lk="228" lemma="sidāmi" tahendus="keskmine" ingl="middle" liik="A" vorm="sg.nom.">südāmi</sone><sone id="l7_s8" lk="228" lemma="sõzār" tahendus="õde" ingl="sister" liik="S" vorm="sg.nom.">si̮zār</sone><sone id="l7_s9" lk="228" lemma="kītõ" tahendus="öelda" ingl="say" liik="V" vorm="nud.sg.">kītən</sone><sone id="l7_s10" lk="228" meta="vahemärk">:</sone><sone id="l7_s11" lk="228" meta="vahemärk">”</sone><sone lk="228" keel="eesti" id="l7_s12" lemma="ārmaz" tahendus="armas" ingl="dear" liik="A" vorm="sg.nom.">ārmaz</sone><sone id="l7_s13" lk="228" lemma="nūoŗ+izānd" tahendus="noorhärra" ingl="young lord" liik="S" vorm="sg.nom.">nuoŕ+izānd</sone><sone id="l7_s14" lk="228" meta="vahemärk">,</sone><sone id="l7_s15" lk="228" lemma="võttõ" tahendus="võtta" ingl="take" liik="V" vorm="pers.imp.pr.sg.2.">vi̮tā</sone><sone id="l7_s16" lk="228" lemma="minā" tahendus="mina" ingl="I" liik="ProS" vorm="sg.part.">mīnda</sone><sone id="l7_s17" lk="228" meta="vahemärk">,</sone><sone id="l7_s18" lk="228" lemma="minā" tahendus="mina" ingl="I" liik="ProS" vorm="sg.nom.">minā</sone><sone id="l7_s19" lk="228" lemma="ūdõ" tahendus="küpsetada" ingl="bake" liik="V" vorm="pers.ind.pr.sg.1.">ūdəb</sone><sone id="l7_s20" lk="228" lemma="pūol" tahendus="pool" ingl="half" liik="Nump" vorm="sg.el.">puolst</sone><sone id="l7_s21" lk="228" lemma="gro’udõz" tahendus="viljatera" ingl="grain" liik="S" vorm="sg.el.">grou’dəst</sone><sone id="l7_s22" lk="228" lemma="tiegāndõks" tahendus="tegu tainast" ingl="batch of dough" liik="S" vorm="sg.gen.">tiegandəks</sone><sone id="l7_s23" lk="228" lemma="lēba" tahendus="leib" ingl="bread" liik="S" vorm="sg.part.">leibə</sone><sone lk="228" keel="eesti" id="l7_s24" meta="vahemärk">.</sone><sone id="l7_s25" lk="228" meta="vahemärk">”</sone></lause><lause id="l8"><sone id="l8_s1" lk="228" lemma="ni" tahendus="nüüd" ingl="now" liik="Adv">ni</sone><sone id="l8_s2" lk="228" lemma="se" tahendus="see" ingl="this" liik="ProS" vorm="sg.nom.">se</sone><sone id="l8_s3" lk="228" lemma="nūoŗ" tahendus="noor" ingl="young" liik="A" vorm="sg.nom.cmp.">nuoŕimi</sone><sone id="l8_s4" lk="228" lemma="sõzār" tahendus="õde" ingl="sister" liik="S" vorm="sg.nom.">si̮zār</sone><sone id="l8_s5" lk="228" lemma="vȱlda" tahendus="olla" ingl="be" liik="Va" vorm="pers.ind.pr.sg.3.">um’</sone><sone id="l8_s6" lk="228" lemma="kītõ" tahendus="öelda" ingl="say" liik="V" vorm="nud.sg.">kītən</sone><sone id="l8_s7" lk="228" meta="vahemärk">:</sone><sone id="l8_s8" lk="228" meta="vahemärk">”</sone><sone lk="228" keel="eesti" id="l8_s9" lemma="ārmaz" tahendus="armas" ingl="dear" liik="A" vorm="sg.nom.">ārmaz</sone><sone id="l8_s10" lk="228" lemma="nūoŗ+izānd" tahendus="noorhärra" ingl="young lord" liik="S" vorm="sg.nom.">nuoŕ+izānd</sone><sone id="l8_s11" lk="228" meta="vahemärk">,</sone><sone id="l8_s12" lk="228" lemma="võttõ" tahendus="võtta" ingl="take" liik="V" vorm="pers.imp.pr.sg.2.">vi̮tā</sone><sone id="l8_s13" lk="228" lemma="minā" tahendus="mina" ingl="I" liik="ProS" vorm="sg.part.">mīnda</sone><sone id="l8_s14" lk="228" meta="vahemärk">,</sone><sone id="l8_s15" lk="228" lemma="minā" tahendus="mina" ingl="I" liik="ProS" vorm="sg.dat.">min’nən</sone><sone id="l8_s16" lk="228" lemma="līdõ" tahendus="tulla" ingl="will come" liik="V" vorm="pers.ind.pr.sg.3.">līb</sone><sone id="l8_s17" lk="228" lemma="seļļi" tahendus="selline" ingl="such" liik="ProA" vorm="sg.nom.">seĺĺi</sone><sone id="l8_s18" lk="228" lemma="pūoga" tahendus="poeg" ingl="son" liik="S" vorm="sg.nom.">puoga</sone><sone id="l8_s19" lk="228" meta="vahemärk">,</sone><sone id="l8_s20" lk="228" lemma="kis" tahendus="kes" ingl="who" liik="Intr" vorm="sg.dat.">kien</sone><sone id="l8_s21" lk="228" lemma="līdõ" tahendus="olema saada" ingl="will be" liik="V" vorm="pers.ind.pr.sg.3.">līb</sone><sone id="l8_s22" lk="228" lemma="ikš" tahendus="üks" ingl="one" liik="ProS" vorm="sg.in.">ǖ’ds</sone><sone id="l8_s23" lk="228" lemma="ke’ž" tahendus="käsi" ingl="hand" liik="S" vorm="sg.in.">kä’ds</sone><sone id="l8_s24" lk="228" lemma="kū" tahendus="kuu (taevakeha)" ingl="moon" liik="S" vorm="sg.nom.">kū</sone><sone id="l8_s25" lk="228" meta="vahemärk">,</sone><sone id="l8_s26" lk="228" lemma="tuoi" tahendus="teine" ingl="other" liik="ProS" vorm="sg.in.">tᵘois</sone><sone id="l8_s27" lk="228" lemma="ke’ž" tahendus="käsi" ingl="hand" liik="S" vorm="sg.in.">kä’dsə</sone><sone id="l8_s28" lk="228" lemma="pǟva" tahendus="päike" ingl="sun" liik="S" vorm="sg.nom.">pǟva</sone><sone lk="228" keel="eesti" id="l8_s29" meta="vahemärk">.</sone><sone id="l8_s30" lk="228" meta="vahemärk">”</sone></lause><lause id="l9"><sone id="l9_s1" lk="228" lemma="no" tahendus="noh" ingl="so" liik="ModAdv">no</sone><sone id="l9_s2" lk="228" meta="vahemärk">,</sone><sone id="l9_s3" lk="228" lemma="ni" tahendus="nüüd" ingl="now" liik="Adv">ni</sone><sone id="l9_s4" lk="228" lemma="tämā" tahendus="tema" ingl="he" liik="ProS" vorm="sg.nom.">tämā</sone><sone id="l9_s5" lk="228" lemma="ap+võttõ" tahendus="võtta" ingl="take" liik="V" vorm="nud.sg.prf.">ap+vi̮ttən</sone><sone id="l9_s6" lk="228" meta="vahemärk">[</sone><sone id="l9_s7" lk="228" lemma="võttõ" tahendus="võtta" ingl="take" liik="V" vorm="pers.ind.ipf.sg.3.">vi̮tīz</sone><sone id="l9_s8" lk="228" meta="vahemärk">]</sone><sone id="l9_s9" lk="228" lemma="se" tahendus="see" ingl="this" liik="ProS" vorm="sg.gen.">sie</sone><sone id="l9_s10" lk="228" lemma="tidār" tahendus="tütar" ingl="daughter" liik="S" vorm="sg.gen.">tüdār</sone><sone id="l9_s11" lk="228" lemma="pa" tahendus="millekski, kellekski" ingl="for" liik="Pre">pa</sone><sone id="l9_s12" lk="228" lemma="nai" tahendus="naine" ingl="wife" liik="S" vorm="sg.tr.">nāizəks</sone><sone id="l9_s13" lk="228" lemma="ī’ž" tahendus="ise" ingl="self" liik="ProS" vorm="sg.dat.">eńt́šən</sone><sone id="l9_s14" lk="228" meta="vahemärk">.</sone></lause><lause id="l10"><sone id="l10_s1" lk="228" lemma="ni" tahendus="nüüd" ingl="now" liik="Adv">ni</sone><sone id="l10_s2" lk="228" lemma="vȱlda" tahendus="olla" ingl="be" liik="Va" vorm="nud.sg.">ve̮nd</sone><sone id="l10_s3" lk="228" lemma="se" tahendus="see" ingl="this" liik="ProS" vorm="sg.nom.gen.">se</sone><sone id="l10_s4" lk="228" lemma="nūoŗ+izānd" tahendus="noorhärra" ingl="young lord" liik="S" vorm="sg.dat.">nuoŕ+izāndən</sone><sone id="l10_s5" lk="228" lemma="suodā" tahendus="sõda" ingl="war" liik="S" vorm="sg.ad.">sᵘo’ddəl</sone><sone id="l10_s6" lk="228" lemma="lǟ’dõ" tahendus="minna" ingl="go" liik="V" vorm="deb.">lē’məst</sone><sone id="l10_s7" lk="228" meta="vahemärk">.</sone></lause><lause id="l11"><sone id="l11_s1" lk="228" lemma="no" tahendus="noh" ingl="so" liik="ModAdv">no</sone><sone id="l11_s2" lk="228" meta="vahemärk">,</sone><sone id="l11_s3" lk="228" lemma="ni" tahendus="nüüd" ingl="now" liik="Adv">ni</sone><sone id="l11_s4" lk="228" lemma="vȱlda" tahendus="olla" ingl="be" liik="V" vorm="nud.sg.">ve̮nd</sone><sone id="l11_s5" lk="228" lemma="tämā" tahendus="tema" ingl="he" liik="ProS" vorm="sg.nom.">ta</sone><sone id="l11_s6" lk="228" lemma="suodā" tahendus="sõda" ingl="war" liik="S" vorm="sg.ad.">sᵘodāl</sone><sone id="l11_s7" lk="228" meta="vahemärk">,</sone><sone id="l11_s8" lk="228" lemma="ni" tahendus="nüüd" ingl="now" liik="Adv">ni</sone><sone id="l11_s9" lk="228" lemma="kuo’nnõ" tahendus="kodus" ingl="at home" liik="Adv">kᵘon’nə</sone><sone id="l11_s10" lk="228" lemma="nai" tahendus="naine" ingl="wife" liik="S" vorm="sg.dat.">naizən</sone><sone id="l11_s11" lk="228" lemma="sindõ" tahendus="sündida" ingl="be born" liik="V" vorm="nud.sg.">sündən</sone><sone id="l11_s12" lk="228" lemma="seļļi" tahendus="selline" ingl="such" liik="ProA" vorm="sg.nom.">seĺĺi</sone><sone id="l11_s13" lk="228" lemma="pūoga" tahendus="poeg" ingl="son" liik="S" vorm="sg.nom.">puoga</sone><sone id="l11_s14" lk="228" meta="vahemärk">,</sone><sone id="l11_s15" lk="228" lemma="kis" tahendus="kes" ingl="who" liik="Intr" vorm="sg.dat.">kien</sone><sone id="l11_s16" lk="228" lemma="vȱlda" tahendus="olla" ingl="be" liik="Va" vorm="pers.ind.pr.sg.3.">um’</sone><sone id="l11_s17" lk="228" lemma="vȱlda" tahendus="olla" ingl="be" liik="V" vorm="nud.sg.">ve̮nd</sone><sone id="l11_s18" lk="228" lemma="ikš" tahendus="üks" ingl="one" liik="ProS" vorm="sg.in.">ǖ’ds</sone><sone id="l11_s19" lk="228" lemma="ke’ž" tahendus="käsi" ingl="hand" liik="S" vorm="sg.in.">kä’ds</sone><sone id="l11_s20" lk="228" lemma="pǟva" tahendus="päike" ingl="sun" liik="S" vorm="sg.nom.">pǟva</sone><sone id="l11_s21" lk="228" meta="vahemärk">,</sone><sone id="l11_s22" lk="228" lemma="tuoi" tahendus="teine" ingl="other" liik="ProS" vorm="sg.in.">tᵘois</sone><sone id="l11_s23" lk="228" lemma="ke’ž" tahendus="käsi" ingl="hand" liik="S" vorm="sg.in.">kä’ds</sone><sone id="l11_s24" lk="228" lemma="kū" tahendus="kuu (taevakeha)" ingl="moon" liik="S" vorm="sg.nom.">kū</sone><sone id="l11_s25" lk="228" meta="vahemärk">.</sone></lause><lause id="l12"><sone id="l12_s1" lk="228" lemma="ni" tahendus="nüüd" ingl="now" liik="Adv">ni</sone><sone id="l12_s2" lk="228" lemma="vȱlda" tahendus="olla" ingl="be" liik="Va" vorm="pers.ind.pr.sg.3.">um’</sone><sone id="l12_s3" lk="228" lemma="su’lli" tahendus="teener" ingl="servant" liik="S" vorm="sg.nom.">sul’li</sone><sone id="l12_s4" lk="228" lemma="kēratõ" tahendus="kirjutada" ingl="write" liik="V" vorm="nud.sg.">kēratən</sone><sone id="l12_s5" lk="228" lemma="rǭntõz" tahendus="kiri" ingl="letter" liik="S" vorm="pl.gen.">rå̄ntəd</sone><sone id="l12_s6" lk="228" meta="vahemärk">,</sone><sone id="l12_s7" lk="228" lemma="ku" tahendus="et" ingl="that" liik="Konj">ku</sone><sone id="l12_s8" lk="228" lemma="ä’b" tahendus="ei" ingl="not" liik="Mn" vorm="pers.ind.pr.sg.3.">äb</sone><sone id="l12_s9" lk="228" lemma="okš" tahendus="karu" ingl="bear" liik="S" vorm="sg.nom.">okš</sone><sone id="l12_s10" lk="228" lemma="ä’b" tahendus="ei" ingl="not" liik="Mn" vorm="pers.ind.pr.sg.3.">äb</sone><sone id="l12_s11" lk="228" lemma="su’ž" tahendus="hunt" ingl="wolf" liik="S" vorm="sg.nom.">sui’ž</sone><sone id="l12_s12" lk="228" lemma="ä’b" tahendus="ei" ingl="not" liik="Mn" vorm="pers.ind.pr.sg.3.">äb</sone><sone id="l12_s13" lk="228" lemma="mingi" tahendus="keegi" ingl="anyone" liik="ProS" vorm="sg.nom.">miŋgi</sone><sone id="l12_s14" lk="228" lemma="ä’b" tahendus="ei" ingl="not" liik="Mn" vorm="pers.ind.pr.sg.3.">äb</sone><sone id="l12_s15" lk="228" lemma="vȱlda" tahendus="olla" ingl="be" liik="V" vorm="pers.ind.sg.3.neg.">uo</sone><sone id="l12_s16" lk="228" meta="vahemärk">.</sone></lause><lause id="l13"><sone id="l13_s1" lk="228" lemma="ni" tahendus="nüüd" ingl="now" liik="Adv">ni</sone><sone id="l13_s2" lk="228" lemma="izā" tahendus="isa" ingl="father" liik="S" vorm="sg.nom.">izā</sone><sone id="l13_s3" lk="228" lemma="kēratõ" tahendus="kirjutada" ingl="write" liik="V" vorm="nud.sg.">kēratən</sone><sone id="l13_s4" lk="228" lemma="rǭntõz" tahendus="kiri" ingl="letter" liik="S" vorm="pl.gen.">rå̄ntəd</sone><sone id="l13_s5" lk="228" lemma="tā’giž" tahendus="tagasi" ingl="back" liik="Adva">tā’giž</sone><sone id="l13_s6" lk="228" meta="vahemärk">,</sone><sone id="l13_s7" lk="228" lemma="la’z" tahendus="las" ingl="let" liik="ModAdv">laz</sone><sone id="l13_s8" lk="228" lemma="vȱlda" tahendus="olla" ingl="be" liik="V" vorm="pers.jus.pr.sg.3.">ve̮lk</sone><sone id="l13_s9" lk="228" lemma="mingi" tahendus="milline" ingl="what kind of" liik="A" vorm="sg.nom.">miŋgi</sone><sone id="l13_s10" lk="228" lemma="vȱlda" tahendus="olla" ingl="be" liik="V" vorm="pers.knd.pr.sg.3.">ve̮lts</sone><sone id="l13_s11" lk="228" meta="vahemärk">,</sone><sone id="l13_s12" lk="228" lemma="je’ds" tahendus="enne" ingl="before" liik="Adv">je̮’ds</sone><sone id="l13_s13" lk="228" lemma="alā" tahendus="ära" ingl="not" liik="Mn" vorm="pers.jus.pr.sg.3.">algə</sone><sone id="l13_s14" lk="228" lemma="tämā" tahendus="tema" ingl="he" liik="ProS" vorm="sg.gen.">täm’</sone><sone id="l13_s15" lk="228" lemma="tērõ" tahendus="tappa" ingl="slaughter" liik="V" vorm="pers.jus.pr.sg.3.">tērəg</sone><sone id="l13_s16" lk="228" lemma="järāndiz" tahendus="ära" ingl="down" liik="Adva">je̮rāndiz</sone><sone id="l13_s17" lk="228" meta="vahemärk">”</sone><sone lk="228" keel="eesti" id="l13_s18" lemma="kuņtš" tahendus="kuni" ingl="until" liik="Konj">kuńt́š</sone><sone id="l13_s19" lk="228" lemma="minā" tahendus="mina" ingl="I" liik="ProS" vorm="sg.nom.">minā</sone><sone id="l13_s20" lk="228" lemma="tūlda" tahendus="tulla" ingl="come" liik="V" vorm="pers.ind.pr.sg.1.">tulāb</sone><sone id="l13_s21" lk="228" lemma="ī’ž" tahendus="ise" ingl="self" liik="ProS" vorm="sg.nom.">ī’ž</sone><sone id="l13_s22" lk="228" lemma="kuodāj" tahendus="koju" ingl="home" liik="Adv">kᵘodāi</sone><sone id="l13_s23" lk="228" meta="vahemärk">,</sone><sone id="l13_s24" lk="228" lemma="la’z" tahendus="las" ingl="let" liik="ModAdv">laz</sone><sone id="l13_s25" lk="228" lemma="minā" tahendus="mina" ingl="I" liik="ProS" vorm="sg.gen.">min’</sone><sone id="l13_s26" lk="228" lemma="sīlma" tahendus="silm" ingl="eye" liik="S" vorm="pl.nom.">sīlmad</sone><sone id="l13_s27" lk="228" lemma="tämā" tahendus="tema" ingl="he" liik="ProS" vorm="sg.part.">tǟnda</sone><sone id="l13_s28" lk="228" lemma="nǟ’dõ" tahendus="näha" ingl="see" liik="V" vorm="pers.jus.pr.pl.3.">nǟgəd</sone><sone lk="228" keel="eesti" id="l13_s29" meta="vahemärk">.</sone><sone id="l13_s30" lk="228" meta="vahemärk">”</sone></lause><lause id="l14"><sone id="l14_s1" lk="228" lemma="no" tahendus="noh" ingl="so" liik="ModAdv">no</sone><sone id="l14_s2" lk="228" meta="vahemärk">,</sone><sone id="l14_s3" lk="228" lemma="ni" tahendus="nüüd" ingl="now" liik="Adv">ni</sone><sone id="l14_s4" lk="228" lemma="vȱlda" tahendus="olla" ingl="be" liik="Va" vorm="pers.ind.pr.sg.3.">um’</sone><sone id="l14_s5" lk="228" lemma="su’lli" tahendus="teener" ingl="servant" liik="S" vorm="sg.nom.">sul’li</sone><sone id="l14_s6" lk="228" lemma="kēratõ" tahendus="kirjutada" ingl="write" liik="V" vorm="nud.sg.">kēratən</sone><sone id="l14_s7" lk="228" lemma="rǭntõz" tahendus="kiri" ingl="letter" liik="S" vorm="pl.nom.">rå̄ntəd</sone><sone id="l14_s8" lk="228" meta="vahemärk">,</sone><sone id="l14_s9" lk="228" lemma="la’z" tahendus="las" ingl="let" liik="ModAdv">laz</sone><sone id="l14_s10" lk="228" lemma="ǟma" tahendus="ema" ingl="mother" liik="S" vorm="sg.nom.">ǟma</sone><sone id="l14_s11" lk="228" lemma="vīdõ" tahendus="viia" ingl="take" liik="V" vorm="pers.jus.pr.sg.3.">vīg</sone><sone id="l14_s12" lk="228" lemma="tämā" tahendus="tema" ingl="he" liik="ProS" vorm="sg.part.">tǟnda</sone><sone id="l14_s13" lk="228" lemma="tulīnõz" tahendus="otsekohe" ingl="immediately" liik="Adv">tūlīń</sone><sone id="l14_s14" lk="228" lemma="mõtsā" tahendus="mets" ingl="forest" liik="S" vorm="sg.ill.">mi̮tsə</sone><sone id="l14_s15" lk="228" lemma="un" tahendus="ja" ingl="and" liik="Konj">un</sone><sone id="l14_s16" lk="228" lemma="la’z" tahendus="las" ingl="let" liik="ModAdv">laz</sone><sone id="l14_s17" lk="228" lemma="tappõ" tahendus="tappa" ingl="kill" liik="V" vorm="pers.jus.pr.sg.3.">tapāg</sone><sone id="l14_s18" lk="228" lemma="tämā" tahendus="tema" ingl="he" liik="ProS" vorm="sg.gen.">täm’</sone><sone id="l14_s19" lk="228" lemma="jarā" tahendus="ära" ingl="down" liik="Adva">je̮rā</sone><sone id="l14_s20" lk="228" meta="vahemärk">.</sone></lause><lause id="l15"><sone id="l15_s1" lk="228" lemma="ni" tahendus="nüüd" ingl="now" liik="Adv">ni</sone><sone id="l15_s2" lk="228" lemma="ǟma" tahendus="ema" ingl="mother" liik="S" vorm="sg.nom.">ǟma</sone><sone id="l15_s3" lk="228" lemma="võttõ" tahendus="võtta" ingl="take" liik="V" vorm="pers.ind.ipf.sg.3.">vi̮tīz</sone><sone id="l15_s4" lk="228" lemma="eņtš" tahendus="oma" ingl="own" liik="ProS" vorm="sg.gen.">eńt́š</sone><sone id="l15_s5" lk="228" lemma="läpš" tahendus="laps" ingl="child" liik="S" vorm="sg.gen.">laps</sone><sone id="l15_s6" lk="228" meta="vahemärk">,</sone><sone id="l15_s7" lk="228" lemma="vändõ" tahendus="mähkida" ingl="wrap" liik="V" vorm="pers.ind.ipf.sg.3.">vǟndiz</sone><sone id="l15_s8" lk="228" lemma="ǭ’rõnd" tahendus="riided" ingl="clothes" liik="S" vorm="pl.gen.">å̄’rnəd</sone><sone id="l15_s9" lk="228" lemma="si’zzõl" tahendus="sisse" ingl="into" liik="Post">si’zzəl</sone><sone id="l15_s10" lk="228" lemma="un" tahendus="ja" ingl="and" liik="Konj">un</sone><sone id="l15_s11" lk="228" lemma="lǟ’dõ" tahendus="minna" ingl="go" liik="V" vorm="pers.ind.ipf.sg.3.">lekš</sone><sone id="l15_s12" lk="228" lemma="vīdõ" tahendus="viia" ingl="take" liik="V" vorm="sup.">vīmə</sone><sone id="l15_s13" lk="228" lemma="mõtsā" tahendus="mets" ingl="forest" liik="S" vorm="sg.ill.">mi̮ts</sone><sone id="l15_s14" lk="228" meta="vahemärk">.</sone></lause><lause id="l16"><sone id="l16_s1" lk="229" lemma="ni" tahendus="nüüd" ingl="now" liik="Adv">ni</sone><sone id="l16_s2" lk="229" lemma="tūlda" tahendus="tulla" ingl="come" liik="V" vorm="pers.ind.ipf.sg.3.">tuĺ’</sone><sone id="l16_s3" lk="229" lemma="izānd" tahendus="isand" ingl="lord" liik="S" vorm="sg.nom.">izānd</sone><sone id="l16_s4" lk="229" lemma="kuodāj" tahendus="koju" ingl="home" liik="Adv">kᵘodāi</sone><sone id="l16_s5" lk="229" meta="vahemärk">.</sone></lause><lause id="l17"><sone id="l17_s1" lk="229" lemma="ni" tahendus="nüüd" ingl="now" liik="Adv">ni</sone><sone id="l17_s2" lk="229" lemma="ki’zzõ" tahendus="küsida" ingl="ask" liik="V" vorm="pers.ind.ipf.sg.3.">küzīz</sone><sone id="l17_s3" lk="229" meta="vahemärk">:</sone><sone id="l17_s4" lk="229" meta="vahemärk">”</sone><sone lk="229" keel="eesti" id="l17_s5" lemma="kus" tahendus="kus" ingl="where" liik="Intr">kus</sone><sone id="l17_s6" lk="229" lemma="minā" tahendus="mina" ingl="I" liik="ProS" vorm="sg.gen.">min</sone><sone id="l17_s7" lk="229" lemma="pūoga" tahendus="poeg" ingl="son" liik="S" vorm="sg.nom.">puoga</sone><sone id="l17_s8" lk="229" lemma="vȱlda" tahendus="olla" ingl="be" liik="V" vorm="pers.ind.pr.sg.3.">um’</sone><sone lk="229" keel="eesti" id="l17_s9" meta="vahemärk">?</sone><sone id="l17_s10" lk="229" meta="vahemärk">”</sone></lause><lause id="l18"><sone id="l18_s1" lk="229" lemma="ni" tahendus="nüüd" ingl="now" liik="Adv">ni</sone><sone id="l18_s2" lk="229" meta="vahemärk">[</sone><sone id="l18_s3" lk="229" lemma="ǟma" tahendus="ema" ingl="mother" liik="S" vorm="sg.nom.">ǟma</sone><sone id="l18_s4" lk="229" meta="vahemärk"> &gt;</sone><sone id="l18_s5" lk="229" meta="vahemärk">]</sone><sone id="l18_s6" lk="229" lemma="jemā" tahendus="ema" ingl="mother" liik="S" vorm="sg.nom.">je̮mā</sone><sone id="l18_s7" lk="229" lemma="kītõ" tahendus="öelda" ingl="say" liik="V" vorm="pers.ind.ipf.sg.3.">kītiz</sone><sone id="l18_s8" lk="229" meta="vahemärk">:</sone><sone id="l18_s9" lk="229" meta="vahemärk">”</sone><sone lk="229" keel="eesti" id="l18_s10" lemma="sinā" tahendus="sina" ingl="you" liik="ProS" vorm="sg.nom.">sa</sone><sone id="l18_s11" lk="229" lemma="pānda" tahendus="käskida" ingl="make" liik="V" vorm="nud.sg.">pań’d</sone><sone id="l18_s12" lk="229" lemma="mõtsā" tahendus="mets" ingl="forest" liik="S" vorm="sg.ill.">mi̮tsə</sone><sone id="l18_s13" lk="229" lemma="vīdõ" tahendus="viia" ingl="take" liik="V" vorm="sup.">vīm</sone><sone id="l18_s14" lk="229" lemma="eņtš" tahendus="oma" ingl="own" liik="ProS" vorm="sg.gen.">eńt́š</sone><sone id="l18_s15" lk="229" lemma="pūoga" tahendus="poeg" ingl="son" liik="S" vorm="sg.gen.">puoga</sone><sone lk="229" keel="eesti" id="l18_s16" meta="vahemärk">.</sone><sone id="l18_s17" lk="229" meta="vahemärk">”</sone></lause><lause id="l19"><sone id="l19_s1" lk="229" lemma="ni" tahendus="nüüd" ingl="now" liik="Adv">ni</sone><sone id="l19_s2" lk="229" lemma="izānd" tahendus="isand" ingl="lord" liik="S" vorm="sg.nom.">izānd</sone><sone id="l19_s3" lk="229" lemma="ki’zzõ" tahendus="küsida" ingl="ask" liik="V" vorm="nud.sg.">ki’zzən</sone><sone id="l19_s4" lk="229" meta="vahemärk">:</sone><sone id="l19_s5" lk="229" meta="vahemärk">”</sone><sone lk="229" keel="eesti" id="l19_s6" lemma="kis" tahendus="kes" ingl="who" liik="Intr" vorm="sg.nom.">kis</sone><sone id="l19_s7" lk="229" lemma="sinā" tahendus="sina" ingl="you" liik="ProS" vorm="sg.dat.">sin’nən</sone><sone id="l19_s8" lk="229" lemma="se" tahendus="see" ingl="this" liik="ProS" vorm="sg.part.">sⁱedā</sone><sone id="l19_s9" lk="229" lemma="kītõ" tahendus="öelda" ingl="say" liik="V" vorm="pers.ind.ipf.sg.3.">kītiz</sone><sone lk="229" keel="eesti" id="l19_s10" meta="vahemärk">?</sone><sone id="l19_s11" lk="229" meta="vahemärk">”</sone></lause><lause id="l20"><sone id="l20_s1" lk="229" lemma="ni" tahendus="nüüd" ingl="now" liik="Adv">ni</sone><sone id="l20_s2" lk="229" lemma="jemā" tahendus="ema" ingl="mother" liik="S" vorm="sg.nom.">je̮mā</sone><sone id="l20_s3" lk="229" lemma="kītõ" tahendus="öelda" ingl="say" liik="V" vorm="pers.ind.ipf.sg.3.">kītiz</sone><sone id="l20_s4" lk="229" meta="vahemärk">:</sone><sone id="l20_s5" lk="229" meta="vahemärk">”</sone><sone lk="229" keel="eesti" id="l20_s6" lemma="sinā" tahendus="sina" ingl="you" liik="ProS" vorm="sg.gen.">sin’</sone><sone id="l20_s7" lk="229" lemma="su’lli" tahendus="teener" ingl="servant" liik="S" vorm="sg.nom.">sul’li</sone><sone id="l20_s8" lk="229" lemma="pānda" tahendus="käskida" ingl="make" liik="V" vorm="pers.ind.ipf.sg.3.">pań’</sone><sone id="l20_s9" lk="229" lemma="tämā" tahendus="tema" ingl="he" liik="ProS" vorm="sg.gen.">täm’</sone><sone id="l20_s10" lk="229" lemma="vīdõ" tahendus="viia" ingl="take" liik="V" vorm="sup.">vīmə</sone><sone id="l20_s11" lk="229" lemma="mõtsā" tahendus="mets" ingl="forest" liik="S" vorm="sg.ill.">mi̮tsə</sone><sone lk="229" keel="eesti" id="l20_s12" meta="vahemärk">.</sone><sone id="l20_s13" lk="229" meta="vahemärk">”</sone></lause><lause id="l21"><sone id="l21_s1" lk="229" lemma="ni" tahendus="nüüd" ingl="now" liik="Adv">ni</sone><sone id="l21_s2" lk="229" lemma="izānd" tahendus="isand" ingl="lord" liik="S" vorm="sg.nom.">izānd</sone><sone id="l21_s3" lk="229" lemma="kītõ" tahendus="öelda" ingl="say" liik="V" vorm="pers.ind.ipf.sg.3.">kītiz</sone><sone id="l21_s4" lk="229" meta="vahemärk">:</sone><sone id="l21_s5" lk="229" meta="vahemärk">”</sone><sone lk="229" keel="eesti" id="l21_s6" lemma="mingi" tahendus="milline" ingl="what kind" liik="Intr" vorm="sg.nom.">miŋgi</sone><sone id="l21_s7" lk="229" lemma="vȱlda" tahendus="olla" ingl="be" liik="V" vorm="pers.ind.ipf.sg.3.">ve̮ĺ’</sone><sone id="l21_s8" lk="229" meta="vahemärk">‿</sone><sone id="l21_s9" lk="229" lemma="se" tahendus="see" ingl="this" liik="ProS" vorm="sg.nom.">še</sone><sone id="l21_s10" lk="229" lemma="pūoga" tahendus="poeg" ingl="son" liik="S" vorm="sg.nom.">puoga</sone><sone lk="229" keel="eesti" id="l21_s11" meta="vahemärk">?</sone><sone id="l21_s12" lk="229" meta="vahemärk">”</sone></lause><lause id="l22"><sone id="l22_s1" lk="229" lemma="ni" tahendus="nüüd" ingl="now" liik="Adv">ni</sone><sone id="l22_s2" lk="229" lemma="se" tahendus="see" ingl="this" liik="ProS" vorm="sg.nom.">se</sone><sone id="l22_s3" lk="229" lemma="jemānd" tahendus="emand" ingl="lady" liik="S" vorm="sg.nom.">je̮mānd</sone><sone id="l22_s4" lk="229" lemma="kītõ" tahendus="öelda" ingl="say" liik="V" vorm="pers.ind.ipf.sg.3.">kītiz</sone><sone id="l22_s5" lk="229" meta="vahemärk">:</sone><sone id="l22_s6" lk="229" meta="vahemärk">”</sone><sone lk="229" keel="eesti" id="l22_s7" lemma="ikš" tahendus="üks" ingl="one" liik="ProS" vorm="sg.in.">ǖ’ds</sone><sone id="l22_s8" lk="229" lemma="ke’ž" tahendus="käsi" ingl="hand" liik="S" vorm="sg.in.">kä’ds</sone><sone id="l22_s9" lk="229" lemma="kū" tahendus="kuu (taevakeha)" ingl="moon" liik="S" vorm="sg.nom.">kū</sone><sone id="l22_s10" lk="229" meta="vahemärk">,</sone><sone id="l22_s11" lk="229" lemma="tuoi" tahendus="teine" ingl="other" liik="ProS" vorm="sg.in.">tᵘois</sone><sone id="l22_s12" lk="229" lemma="ke’ž" tahendus="käsi" ingl="hand" liik="S" vorm="sg.in.">kä’dsə</sone><sone id="l22_s13" lk="229" lemma="pǟva" tahendus="päike" ingl="sun" liik="S" vorm="sg.nom.">pǟva</sone><sone lk="229" keel="eesti" id="l22_s14" meta="vahemärk">.</sone><sone id="l22_s15" lk="229" meta="vahemärk">”</sone></lause><lause id="l23"><sone id="l23_s1" lk="229" lemma="ni" tahendus="nüüd" ingl="now" liik="Adv">ni</sone><sone id="l23_s2" lk="229" lemma="izānd" tahendus="isand" ingl="lord" liik="S" vorm="sg.nom.">izānd</sone><sone id="l23_s3" lk="229" lemma="kītõ" tahendus="öelda" ingl="say" liik="V" vorm="pers.ind.ipf.sg.3.">kītiz</sone><sone id="l23_s4" lk="229" meta="vahemärk">:</sone><sone id="l23_s5" lk="229" meta="vahemärk">”</sone><sone lk="229" keel="eesti" id="l23_s6" lemma="sinā" tahendus="sina" ingl="you" liik="ProS" vorm="sg.nom.">sinā</sone><sone id="l23_s7" lk="229" lemma="kēratõ" tahendus="kirjutada" ingl="write" liik="V" vorm="pers.ind.ipf.sg.3.">kēratist</sone><sone id="l23_s8" lk="229" lemma="minā" tahendus="mina" ingl="I" liik="ProS" vorm="sg.dat.">min’nən</sone><sone id="l23_s9" lk="229" meta="vahemärk">,</sone><sone id="l23_s10" lk="229" lemma="ku" tahendus="et" ingl="that" liik="Konj">ku</sone><sone id="l23_s11" lk="229" lemma="ä’b" tahendus="ei" ingl="not" liik="Mn" vorm="pers.ind.pr.sg.3.">äb</sone><sone id="l23_s12" lk="229" lemma="vȱlda" tahendus="olla" ingl="be" liik="V" vorm="pers.ind.sg.3.neg.">uo</sone><sone id="l23_s13" lk="229" lemma="ä’b" tahendus="ei" ingl="not" liik="Mn" vorm="pers.ind.pr.sg.3.">äb</sone><sone id="l23_s14" lk="229" lemma="okš" tahendus="karu" ingl="bear" liik="S" vorm="sg.nom.">okš</sone><sone id="l23_s15" lk="229" lemma="ä’b" tahendus="ei" ingl="not" liik="Mn" vorm="pers.ind.pr.sg.3.">äb</sone><sone id="l23_s16" lk="229" lemma="su’ž" tahendus="hunt" ingl="wolf" liik="S" vorm="sg.nom.">sui’ž</sone><sone id="l23_s17" lk="229" meta="vahemärk">,</sone><sone id="l23_s18" lk="229" lemma="ä’b" tahendus="ei" ingl="not" liik="Mn" vorm="pers.ind.pr.sg.3.">äb</sone><sone id="l23_s19" lk="229" lemma="pi’ņ" tahendus="koer" ingl="dog" liik="S" vorm="sg.nom.">piń’</sone><sone id="l23_s20" lk="229" lemma="ä’b" tahendus="ei" ingl="not" liik="Mn" vorm="pers.ind.pr.sg.3.">äb</sone><sone id="l23_s21" lk="229" lemma="kaš" tahendus="kass" ingl="cat" liik="S" vorm="sg.nom.">kaš</sone><sone id="l23_s22" lk="229" meta="vahemärk">,</sone><sone id="l23_s23" lk="229" lemma="ä’b" tahendus="ei" ingl="not" liik="Mn" vorm="pers.ind.pr.sg.3.">äb</sone><sone id="l23_s24" lk="229" lemma="mingi" tahendus="keegi" ingl="anyone" liik="ProS" vorm="sg.nom.">miŋgi</sone><sone id="l23_s25" lk="229" lemma="ä’b" tahendus="ei" ingl="not" liik="Mn" vorm="pers.ind.pr.sg.3.">äb</sone><sone id="l23_s26" lk="229" lemma="vȱlda" tahendus="olla" ingl="be" liik="V" vorm="pers.ind.sg.3.neg.">uo</sone><sone lk="229" keel="eesti" id="l23_s27" meta="vahemärk">.</sone><sone id="l23_s28" lk="229" meta="vahemärk">”</sone></lause><lause id="l24"><sone id="l24_s1" lk="229" lemma="no" tahendus="noh" ingl="so" liik="ModAdv">no</sone><sone id="l24_s2" lk="229" meta="vahemärk">,</sone><sone id="l24_s3" lk="229" lemma="un" tahendus="ja" ingl="and" liik="Konj">un</sone><sone id="l24_s4" lk="229" lemma="ni" tahendus="nüüd" ingl="now" liik="Adv">ni</sone><sone id="l24_s5" lk="229" lemma="izānd" tahendus="isand" ingl="lord" liik="S" vorm="sg.nom.">izānd</sone><sone id="l24_s6" lk="229" lemma="ki’zzõ" tahendus="küsida" ingl="ask" liik="V" vorm="pers.ind.ipf.sg.3.">küzīz</sone><sone id="l24_s7" lk="229" meta="vahemärk">,</sone><sone id="l24_s8" lk="229" lemma="kis" tahendus="kes" ingl="who" liik="Intr" vorm="sg.nom.">kis</sone><sone id="l24_s9" lk="229" lemma="vȱlda" tahendus="olla" ingl="be" liik="V" vorm="pers.ind.pr.sg.3.">um’</sone><sone id="l24_s10" lk="229" lemma="se" tahendus="see" ingl="this" liik="ProS" vorm="sg.nom.">se</sone><sone id="l24_s11" lk="229" lemma="pietāj" tahendus="petis" ingl="liar" liik="S" vorm="sg.nom.">pⁱetāji</sone><sone id="l24_s12" lk="229" meta="vahemärk">,</sone><sone id="l24_s13" lk="229" lemma="kis" tahendus="kes" ingl="who" liik="Intr" vorm="sg.nom.">kis</sone><sone id="l24_s14" lk="229" lemma="se" tahendus="see" ingl="this" liik="ProS" vorm="sg.part.">sⁱedā</sone><sone id="l24_s15" lk="229" lemma="kītõ" tahendus="öelda" ingl="say" liik="V" vorm="pers.ind.ipf.sg.3.">kītiz</sone><sone id="l24_s16" lk="229" meta="vahemärk">.</sone></lause><lause id="l25"><sone id="l25_s1" lk="229" lemma="ni" tahendus="nüüd" ingl="now" liik="Adv">ni</sone><sone id="l25_s2" lk="229" lemma="se" tahendus="see" ingl="this" liik="ProS" vorm="sg.nom.">se</sone><sone id="l25_s3" lk="229" lemma="jemānd" tahendus="emand" ingl="lady" liik="S" vorm="sg.nom.">je̮mānd</sone><sone id="l25_s4" lk="229" lemma="kītõ" tahendus="öelda" ingl="say" liik="V" vorm="pers.ind.ipf.sg.3.">kītiz</sone><sone id="l25_s5" lk="229" meta="vahemärk">:</sone><sone id="l25_s6" lk="229" meta="vahemärk">”</sone><sone lk="229" keel="eesti" id="l25_s7" lemma="se" tahendus="see" ingl="this" liik="ProS" vorm="sg.nom.">se</sone><sone id="l25_s8" lk="229" lemma="vȱlda" tahendus="olla" ingl="be" liik="V" vorm="pers.ind.pr.sg.3.">um’</sone><sone id="l25_s9" lk="229" lemma="sinā" tahendus="sina" ingl="you" liik="ProS" vorm="sg.gen.">sin</sone><sone id="l25_s10" lk="229" lemma="su’lli" tahendus="teener" ingl="servant" liik="S" vorm="sg.nom.">sul’li</sone><sone id="l25_s11" lk="229" meta="vahemärk">,</sone><sone id="l25_s12" lk="229" lemma="kis" tahendus="kes" ingl="who" liik="Intr" vorm="sg.nom.">kis</sone><sone id="l25_s13" lk="229" lemma="se" tahendus="see" ingl="this" liik="ProS" vorm="sg.part.">sⁱedā</sone><sone id="l25_s14" lk="229" lemma="vȱlda" tahendus="olla" ingl="be" liik="Va" vorm="pers.ind.pr.sg.3.">um’</sone><sone id="l25_s15" lk="229" lemma="kēratõ" tahendus="kirjutada" ingl="write" liik="V" vorm="nud.sg.">kēratən</sone><sone lk="229" keel="eesti" id="l25_s16" meta="vahemärk">.</sone><sone id="l25_s17" lk="229" meta="vahemärk">”</sone></lause><lause id="l26"><sone id="l26_s1" lk="229" lemma="un" tahendus="ja" ingl="and" liik="Konj">un</sone><sone id="l26_s2" lk="229" lemma="izānd" tahendus="isand" ingl="lord" liik="S" vorm="sg.nom.">izānd</sone><sone id="l26_s3" lk="229" lemma="pānda" tahendus="panna" ingl="put" liik="V" vorm="pers.ind.ipf.sg.3.">pań’</sone><sone id="l26_s4" lk="229" meta="vahemärk">‿</sone><sone id="l26_s5" lk="229" lemma="se" tahendus="see" ingl="this" liik="ProS" vorm="sg.nom.gen.">še</sone><sone id="l26_s6" lk="229" meta="vahemärk">(</sone><sone id="l26_s7" lk="229" meta="kommentaar">pro</sone><sone id="l26_s8" lk="229" meta="kommentaar">šie?</sone><sone id="l26_s9" lk="229" meta="vahemärk">)</sone><sone id="l26_s10" lk="229" lemma="su’lli" tahendus="teener" ingl="servant" liik="S" vorm="sg.gen.">sulīz</sone><sone id="l26_s11" lk="229" lemma="pīk" tahendus="oda" ingl="spear" liik="S" vorm="pl.gen.">pīkəd</sone><sone id="l26_s12" lk="229" lemma="pit" tahendus="tünn" ingl="barrel" liik="S" vorm="sg.ill.">püttəz</sone><sone id="l26_s13" lk="229" meta="vahemärk">,</sone><sone id="l26_s14" lk="229" lemma="sūr" tahendus="suur" ingl="big" liik="A" vorm="sg.gen.">sūr</sone><sone id="l26_s15" lk="229" lemma="mä’g" tahendus="mägi" ingl="hill" liik="S" vorm="sg.gen.">mä’g</sone><sone id="l26_s16" lk="229" lemma="pǟldõ" tahendus="pealt" ingl="from the top" liik="Post">pǟld</sone><sone id="l26_s17" lk="229" lemma="laskõ " tahendus="lasta" ingl="release" liik="V" vorm="pers.ind.ipf.sg.3.">laskīz</sone><sone id="l26_s18" lk="229" lemma="luoik" tahendus="org" ingl="valley" liik="S" vorm="sg.ill.">lᵘoikə</sone><sone id="l26_s19" lk="229" meta="vahemärk">.</sone></lause><lause id="l27"><sone id="l27_s1" lk="229" lemma="ni" tahendus="nüüd" ingl="now" liik="Adv">ni</sone><sone id="l27_s2" lk="229" lemma="tämā" tahendus="tema" ingl="he" liik="ProS" vorm="sg.nom.">ta</sone><sone id="l27_s3" lk="229" lemma="vȱlda" tahendus="olla" ingl="be" liik="V" vorm="pers.ind.ipf.sg.3.">ve̮ĺ’</sone><sone id="l27_s4" lk="229" lemma="pagalam" tahendus="otsas" ingl="dead" liik="Adv">pagalām</sone><sone id="l27_s5" lk="229" meta="vahemärk">.</sone></lause><lause id="l28"><sone id="l28_s1" lk="229" lemma="ni" tahendus="nüüd" ingl="now" liik="Adv">ni</sone><sone id="l28_s2" lk="229" lemma="se" tahendus="see" ingl="this" liik="ProS" vorm="sg.nom.">se</sone><sone id="l28_s3" lk="229" lemma="jemānd" tahendus="emand" ingl="lady" liik="S" vorm="sg.nom.">je̮mānd</sone><sone id="l28_s4" lk="229" lemma="tūodõ" tahendus="tuua" ingl="bring" liik="V" vorm="pers.ind.ipf.sg.3.">tᵘoi</sone><sone id="l28_s5" lk="229" lemma="eņtš" tahendus="oma" ingl="own" liik="ProS" vorm="sg.gen.">eńt́š</sone><sone id="l28_s6" lk="229" lemma="ǟma" tahendus="ema" ingl="mother" liik="S" vorm="sg.gen.">ǟma</sone><sone id="l28_s7" lk="229" lemma="jūstõ" tahendus="juurest" ingl="from" liik="Post">jūst</sone><sone id="l28_s8" lk="229" lemma="se" tahendus="see" ingl="this" liik="ProS" vorm="sg.gen.">sie</sone><sone id="l28_s9" lk="229" lemma="läpš" tahendus="laps" ingl="child" liik="S" vorm="sg.gen.">laps</sone><sone id="l28_s10" lk="229" lemma="kuodāj" tahendus="koju" ingl="home" liik="Adv">kᵘodāi</sone><sone id="l28_s11" lk="229" meta="vahemärk">,</sone><sone id="l28_s12" lk="229" lemma="ni" tahendus="nüüd" ingl="now" liik="Adv">ni</sone><sone id="l28_s13" lk="229" lemma="nä’gțõ" tahendus="näidata" ingl="show" liik="V" vorm="pers.ind.ipf.sg.3.">nä’gt́iz</sone><sone id="l28_s14" lk="229" lemma="eņtš" tahendus="oma" ingl="own" liik="ProS" vorm="sg.gen.">eńt́š</sone><sone id="l28_s15" lk="229" lemma="izānd" tahendus="isand" ingl="lord" liik="S" vorm="sg.dat.">izāndən</sone><sone id="l28_s16" lk="229" lemma="eņtš" tahendus="oma" ingl="own" liik="ProS" vorm="sg.gen.">eńt́š</sone><sone id="l28_s17" lk="229" lemma="pūoga" tahendus="poeg" ingl="son" liik="S" vorm="sg.part.">pᵘoigə</sone><sone id="l28_s18" lk="229" lemma="un" tahendus="ja" ingl="and" liik="Konj">un</sone><sone id="l28_s19" lk="229" lemma="se" tahendus="see" ingl="this" liik="ProS" vorm="sg.nom.">se</sone><sone id="l28_s20" lk="229" lemma="vȱlda" tahendus="olla" ingl="be" liik="V" vorm="pers.ind.ipf.sg.3.">ve̮ĺ’</sone><sone id="l28_s21" lk="229" lemma="vä’ggi" tahendus="väga" ingl="very" liik="Adv">vä’ggi</sone><sone id="l28_s22" lk="229" lemma="knaš" tahendus="kaunis" ingl="beautiful" liik="A" vorm="sg.nom.">knaš</sone><sone id="l28_s23" lk="229" meta="vahemärk">.</sone></lause></sisu>
</liivike>
