<?xml version="1.0" encoding="UTF-8"?>
<?xml-stylesheet type="text/xsl" href="liivike_tekst.xsl"?>
<liivike>
	<info><tyyp>kirjalik</tyyp><teema>Tarinoita 15</teema><keel>liivi</keel><murre>idaliivi</murre><kirjaviis>foneetiline transkriptsioon</kirjaviis><kyla longituud="22.321" latituud="57.681">Irē</kyla><teos pealkiri="Näytteitä liivin kielestä" aasta="1953" koht="Helsinki">E. N. Setälä</teos></info><sisu id="Set_Tar_14">
		<lause id="l1">
			<sone id="l1_s1" lk="387" meta="number">15</sone>
			<sone id="l1_s2" lk="387" meta="vahemärk">.</sone></lause>
		<lause id="l2"><sone id="l2_s1" lk="387" lemma="Irē" tahendus="Irē" ingl="Mazirbe" liik="H" vorm="sg.nom.">Ire</sone><sone id="l2_s2" lk="387" meta="vahemärk">.</sone></lause><lause id="l3"><sone id="l3_s1" lk="387"> </sone></lause><lause id="l4"><sone id="l4_s1" lk="387" lemma="se" tahendus="see" ingl="this" liik="ProS" vorm="sg.nom.">se</sone><sone id="l4_s2" lk="387" lemma="vanā" tahendus="rauk" ingl="old" liik="S" vorm="sg.nom.">vanā</sone><sone id="l4_s3" lk="387" lemma="sū" tahendus="jõesuu" ingl="creek" liik="S" vorm="sg.nom." kommentaar="?">sū</sone><sone id="l4_s4" lk="387" lemma="vȱlda" tahendus="olla" ingl="be" liik="Va" vorm="pers.ind.pr.sg.3.">um’</sone><sone id="l4_s5" lk="387" lemma="vȱlda" tahendus="olla" ingl="be" liik="V" vorm="nud.sg.">ve̮nd</sone><sone id="l4_s6" lk="387" lemma="sūr" tahendus="suur" ingl="big" liik="A" vorm="sg.nom.">sūr</sone><sone id="l4_s7" lk="387" lemma="kuŗē" tahendus="kurat" ingl="devil" liik="S" vorm="sg.nom.">kurē</sone><sone id="l4_s8" lk="387" meta="vahemärk">.</sone></lause><lause id="l5"><sone id="l5_s1" lk="387" lemma="si’z" tahendus="siis" ingl="then" liik="ProAdv">siz</sone><sone id="l5_s2" lk="387" lemma="Sīkrõg" tahendus="Sīkrõg" lati="Sikrags" liik="H" vorm="sg.in.">sīkrəgs</sone><sone id="l5_s3" lk="387" lemma="vȱlda" tahendus="olla" ingl="be" liik="Va" vorm="pers.ind.pr.sg.3.">um’</sone><sone id="l5_s4" lk="387" lemma="vȱlda" tahendus="olla" ingl="be" liik="V" vorm="nud.sg.">ve̮nd</sone><sone id="l5_s5" lk="387" lemma="pivā+kuodā" tahendus="kirik" ingl="church" liik="S" vorm="sg.nom.">püvā+kᵘodā</sone><sone id="l5_s6" lk="387" lemma="un" tahendus="ja" ingl="and" liik="Konj">un</sone><sone id="l5_s7" lk="387" lemma="täs" tahendus="siin" ingl="here" liik="ProAdv">täs</sone><sone id="l5_s8" lk="387" lemma="Irē" tahendus="Irē" ingl="Mazirbe" liik="H" vorm="sg.ad.">irail</sone><sone id="l5_s9" lk="387" lemma="sǭdõ" tahendus="saada" ingl="get" liik="V" vorm="pers.ind.pr.sg.3.">så̄b</sone><sone id="l5_s10" lk="387" lemma="nuttõ" tahendus="kutsuda" ingl="call" liik="V" vorm="tud.">nuttəd</sone><sone id="l5_s11" lk="387" lemma="se" tahendus="see" ingl="this" liik="ProS" vorm="sg.nom.">se</sone><sone id="l5_s12" lk="387" lemma="kūož" tahendus="koht" ingl="place" liik="S" vorm="sg.nom.">kuož</sone><sone id="l5_s13" lk="387" lemma="kilā" tahendus="küla" ingl="village" liik="S" vorm="sg.gen.">külā</sone><sone id="l5_s14" lk="387" lemma="tarā" tahendus="aed" ingl="fence" liik="S" vorm="sg.nom.">tarā</sone><sone id="l5_s15" lk="387" lemma="un" tahendus="ja" ingl="and" liik="Konj">un</sone><sone id="l5_s16" lk="387" lemma="sǟ’l" tahendus="seal" ingl="there" liik="ProAdv">sǟ’l</sone><sone id="l5_s17" lk="387" lemma="vȱlda" tahendus="olla" ingl="be" liik="Va" vorm="pers.ind.pr.sg.3.">um’</sone><sone id="l5_s18" lk="387" lemma="vȱlda" tahendus="olla" ingl="be" liik="V" vorm="nud.sg.">ve̮nd</sone><sone id="l5_s19" lk="387" lemma="krūogõ" tahendus="kõrts" ingl="tavern" liik="S" vorm="sg.nom.">kruogə</sone><sone id="l5_s20" lk="387" lemma="un" tahendus="ja" ingl="and" liik="Konj">un</sone><sone id="l5_s21" lk="387" lemma="si’z" tahendus="siis" ingl="then" liik="ProAdv">siz</sone><sone id="l5_s22" lk="387" lemma="ne" tahendus="need" ingl="these" liik="ProS" vorm="pl.nom.">ne</sone><sone id="l5_s23" lk="387" lemma="lǭtli" tahendus="kirikuline" ingl="church goer" liik="S" vorm="pl.nom.">lå̄tlist</sone><sone id="l5_s24" lk="387" lemma="vȱlda" tahendus="olla" ingl="be" liik="Va" vorm="pers.ind.pr.pl.3.">at</sone><sone id="l5_s25" lk="387" lemma="tūlda" tahendus="tulla" ingl="come" liik="V" vorm="nud.pl.">tunnəd</sone><sone id="l5_s26" lk="387" lemma="Sīkrõg" tahendus="Sīkrõg" lati="Sikrags" liik="H" vorm="sg.el.">sīkraggəst</sone><sone id="l5_s27" lk="387" lemma="un" tahendus="ja" ingl="and" liik="Konj">un</sone><sone id="l5_s28" lk="387" lemma="lǟ’dõ" tahendus="minna" ingl="go" liik="V" vorm="nud.pl.">lǟnəd</sone><sone id="l5_s29" lk="387" lemma="sīnõ" tahendus="sinna" ingl="there" liik="ProAdv">sīnə</sone><sone id="l5_s30" lk="387" meta="vahemärk">.</sone></lause><lause id="l6"><sone id="l6_s1" lk="387"> </sone></lause></sisu>
</liivike>
