<?xml version="1.0" encoding="UTF-8"?>
<?xml-stylesheet type="text/xsl" href="liivike_tekst.xsl"?>
<liivike>
	<info><tyyp>kirjalik</tyyp><teema>Tarinoita 1</teema><keel>liivi</keel><kirjaviis>foneetiline transkriptsioon</kirjaviis><muu>Keelejuht Stahler</muu><kyla longituud="22.588" latituud="57.744">Kūolka</kyla><teos pealkiri="Näytteitä liivin kielestä" aasta="1953" koht="">E. N. Setälä</teos><murre>idaliivi</murre><kirjaviis>foneetiline transkriptsioon</kirjaviis><muu>Keelejuht Stahler</muu><kyla longituud="" latituud="">Kūolka</kyla><teos pealkiri="Näytteitä liivin kielestä" aasta="1953" koht="">E. N. Setälä</teos></info><sisu id="Set_Tar_1">
		<lause id="l1">
			<sone id="l1_s1" lk="370" lemma="kui" tahendus="kuidas" ingl="how" liik="Intr" stiil="pealkiri">kui'</sone>
			<sone id="l1_s2" lk="370" lemma="jǭḑ" tahendus="halltõbi" liik="S" vorm="sg.nom." stiil="pealkiri">jå̄ᴅ́</sone><sone id="l1_s3" lk="370" lemma="vȱlda" tahendus="olla" ingl="be" liik="Va" vorm="pers.ind.pr.sg.3." stiil="pealkiri">um’</sone><sone id="l1_s4" lk="370" lemma="pānda" tahendus="panna" ingl="put" liik="V" vorm="tud." stiil="pealkiri">paǹdəᴅ</sone><sone id="l1_s5" lk="370" lemma="kuoț" tahendus="kott" ingl="bag" liik="S" vorm="sg.ill." stiil="pealkiri">kᵘɔt́t́ə</sone><sone id="l1_s6" lk="370" lemma="vi’zzõ" tahendus="kinni" liik="Adva" stiil="pealkiri">vi’zzə</sone><sone id="l1_s7" lk="370" meta="vahemärk">.</sone></lause>
		<lause id="l2"><sone id="l2_s1" lk="370" lemma="ikš" tahendus="üks" ingl="one" liik="ProS" vorm="sg.nom.">ik̀š</sone><sone id="l2_s2" lk="370" lemma="perī+mīez" tahendus="peremees" liik="S" vorm="sg.nom.">perì+miεz</sone><sone id="l2_s3" lk="370" lemma="vȱlda" tahendus="olla" ingl="be" liik="Va" vorm="pers.ind.pr.sg.3.">um’</sone><sone id="l2_s4" lk="370" lemma="ma’ggõ" tahendus="magada" ingl="sleep" liik="V" vorm="nud.sg.">ma’ggən</sone><sone id="l2_s5" lk="370" lemma="pǟva+sidām" tahendus="keskpäev" ingl="mid-day" liik="S" vorm="sg.part.">pǟva+sidàmt</sone><sone id="l2_s6" lk="370" meta="vahemärk">.</sone></lause><lause id="l3"><sone id="l3_s1" lk="370" lemma="ne’i" ingl="so" liik="ProAdv" tahendus="nii">nei’</sone><sone id="l3_s2" lk="370" lemma="tämā" tahendus="tema" ingl="s/he" liik="ProS" vorm="sg.nom.">ta</sone><sone lk="370" keel="eesti" id="l3_s3" meta="vahemärk">=</sone><sone lk="370" keel="eesti" id="l3_s4" lemma="vȱlda" tahendus="olla" ingl="be" liik="Va" vorm="pers.ind.pr.sg.3.">m’</sone><sone id="l3_s5" lk="370" lemma="kūlõ" tahendus="kuulda" ingl="hear" liik="V" vorm="nud.sg.">kūlən</sone><sone id="l3_s6" lk="370" meta="vahemärk">,</sone><sone id="l3_s7" lk="370" lemma="ku" tahendus="et" ingl="that" liik="Konj">ku</sone><sone id="l3_s8" lk="370" lemma="kakš" tahendus="kaks" ingl="two" liik="Nump" vorm="sg.nom.">kak̀š</sone><sone id="l3_s9" lk="370" lemma="mīez" tahendus="mees" ingl="man" liik="S" vorm="sg.part.">miεstə</sone><sone id="l3_s10" lk="370" lemma="vȱlda" tahendus="olla" ingl="be" liik="Va" vorm="pers.ind.pr.pl.3.">a’ᴅtə</sone><sone id="l3_s11" lk="370" lemma="pȭzõ" tahendus="põõsas" ingl="bush" liik="S" vorm="sg.gen.">pī̮zə</sone><sone id="l3_s12" lk="370" lemma="tagān" tahendus="taga" ingl="behind" liik="Post">tagàn</sone><sone id="l3_s13" lk="370" lemma="rõkāndõ" tahendus="rääkida" ingl="talk" liik="V" vorm="nud.pl.">ri̮kàndənd</sone><sone id="l3_s14" lk="370" meta="vahemärk">.</sone></lause><lause id="l4"><sone id="l4_s1" lk="370" lemma="se" tahendus="see" ingl="this" liik="ProS" vorm="sg.nom.">se</sone><sone id="l4_s2" lk="370" lemma="e’žmi" tahendus="esimene" ingl="first" liik="Numj" vorm="sg.nom.">e’ⁱžmi</sone><sone id="l4_s3" lk="370" lemma="vȱlda" tahendus="olla" ingl="be" liik="Va" vorm="pers.ind.pr.sg.3.">um’</sone><sone id="l4_s4" lk="370" lemma="ki’zzõ" tahendus="küsida" ingl="ask" liik="V" vorm="nud.sg.">ki’zzən</sone><sone id="l4_s5" lk="370" meta="vahemärk">:</sone><sone lk="370" keel="eesti" id="l4_s6" meta="vahemärk">”</sone><sone id="l4_s7" lk="370" lemma="kus" tahendus="kuhu" ingl="where" liik="Intr">kus</sone><sone id="l4_s8" lk="370" lemma="sinā" tahendus="sina" ingl="you" liik="ProS" vorm="sg.nom.">sa</sone><sone id="l4_s9" lk="370" lemma="lǟ’dõ" tahendus="minna" ingl="go" liik="V" vorm="pers.ind.pr.sg.2.">lǟ’d</sone><sone lk="370" keel="eesti" id="l4_s10" meta="vahemärk">?</sone><sone id="l4_s11" lk="370" meta="vahemärk">”</sone></lause><lause id="l5"><sone id="l5_s1" lk="370" lemma="tämā" tahendus="tema" ingl="s/he" liik="ProS" vorm="sg.nom.">ta</sone><sone lk="370" keel="eesti" id="l5_s2" meta="vahemärk">=</sone><sone lk="370" keel="eesti" id="l5_s3" lemma="vȱlda" tahendus="olla" ingl="be" liik="Va" vorm="pers.ind.pr.sg.3.">m’</sone><sone id="l5_s4" lk="370" lemma="kītõ" tahendus="öelda" ingl="say" liik="V" vorm="nud.sg.">kītən</sone><sone id="l5_s5" lk="370" meta="vahemärk">:</sone><sone lk="370" keel="eesti" id="l5_s6" meta="vahemärk">”</sone><sone id="l5_s7" lk="370" lemma="minā" tahendus="mina" ingl="I" liik="ProS" vorm="sg.nom.">ma</sone><sone id="l5_s8" lk="370" lemma="lǟʼdõ" ingl="go" liik="V" vorm="pers.ind.pr.sg.1." tahendus="minna">lǟ’b</sone><sone id="l5_s9" lk="370" lemma="ikš" tahendus="üks" ingl="one" liik="ProS" vorm="sg.gen.">ī’d</sone><sone id="l5_s10" lk="370" lemma="perī+mīez" tahendus="peremees" ingl="host" liik="S" vorm="sg.gen.">perì+mi’ε</sone><sone id="l5_s11" lk="370" lemma="jūrõ" tahendus="juurde" liik="Post">jū’r</sone><sone id="l5_s12" lk="370" meta="vahemärk">,</sone><sone id="l5_s13" lk="370" lemma="tämā" tahendus="tema" ingl="s/he" liik="ProS" vorm="sg.part.">tǟnda</sone><sone id="l5_s14" lk="370" lemma="ratstõ" tahendus="ratsutada" ingl="ride" liik="V" vorm="sup.">ratstàm</sone><sone lk="370" keel="eesti" id="l5_s15" meta="vahemärk">.</sone><sone id="l5_s16" lk="370" meta="vahemärk">”</sone></lause><lause id="l6"><sone id="l6_s1" lk="370" lemma="un" tahendus="ja" ingl="and" liik="Konj">un</sone><sone id="l6_s2" lk="370" lemma="se" tahendus="see" ingl="this" liik="ProS" vorm="sg.nom.">se</sone><sone id="l6_s3" lk="370" lemma="perī+mīez" tahendus="peremees" ingl="host" liik="S" vorm="sg.nom.">perì+miεz</sone><sone id="l6_s4" lk="370" lemma="vȱlda" tahendus="olla" ingl="be" liik="Va" vorm="pers.ind.pr.sg.3.">um’</sone><sone id="l6_s5" lk="370" lemma="vȱlda" tahendus="olla" ingl="be" liik="V" vorm="nud.sg.">vɔǹd</sone><sone id="l6_s6" lk="370" lemma="se" tahendus="see" ingl="this" liik="ProS" vorm="sg.nom.">se</sone><sone id="l6_s7" lk="370" lemma="ī’ž" tahendus="sama" ingl="same" liik="ProA" vorm="sg.nom.">ī’Ž</sone><sone id="l6_s8" lk="370" meta="vahemärk">,</sone><sone id="l6_s9" lk="370" lemma="kis" tahendus="kes" ingl="who" liik="Intr" vorm="sg.nom.">kis</sone><sone id="l6_s10" lk="370" lemma="sǟ’l" tahendus="seal" ingl="there" liik="ProAdv">sǟ’l</sone><sone id="l6_s11" lk="370" lemma="vȱlda" tahendus="olla" ingl="be" liik="Va" vorm="pers.ind.pr.sg.3.">um’</sone><sone id="l6_s12" lk="370" lemma="kūldõ" tahendus="kuulata" ingl="listen" liik="V" vorm="nud.sg.">kūldən</sone><sone id="l6_s13" lk="370" meta="vahemärk">.</sone></lause><lause id="l7"><sone id="l7_s1" lk="370" lemma="tämā" tahendus="tema" ingl="s/he" liik="ProS" vorm="sg.nom.">ta</sone><sone lk="370" keel="eesti" id="l7_s2" meta="vahemärk">=</sone><sone lk="370" keel="eesti" id="l7_s3" lemma="vȱlda" tahendus="olla" ingl="be" liik="Va" vorm="pers.ind.pr.sg.3.">m’</sone><sone id="l7_s4" lk="370" lemma="kītõ" tahendus="öelda" ingl="say" liik="V" vorm="nud.sg.">kītən</sone><sone id="l7_s5" lk="370" meta="vahemärk">,</sone><sone id="l7_s6" lk="370" lemma="ku" tahendus="et" ingl="that" liik="Konj">ku</sone><sone id="l7_s7" lk="370" lemma="perī+nai" tahendus="perenaine" ingl="hostess" liik="S" vorm="sg.nom.">perì+nai</sone><sone id="l7_s8" lk="370" lemma="līdõ" tahendus="olema saada" liik="V" vorm="pers.ind.pr.sg.3.">līb</sone><sone id="l7_s9" lk="370" lemma="lȭinagizt" tahendus="lõuna" ingl="lunch" liik="S" vorm="pl.ill.">lī̮inagižiz</sone><sone id="l7_s10" lk="370" lemma="lem" tahendus="soe" ingl="warm" liik="A" vorm="sg.part.">lem̀d́i</sone><sone id="l7_s11" lk="370" lemma="rīp+rok" tahendus="rokk (suvine jook)" liik="S" vorm="sg.part.">rīp+rokkə</sone><sone id="l7_s12" lk="370" lemma="kīetõ" tahendus="keeta" ingl="cook" liik="V" vorm="nud.sg.">kietən</sone><sone id="l7_s13" lk="370" meta="vahemärk">,</sone><sone id="l7_s14" lk="370" lemma="ne’i" ingl="so" liik="Adv" tahendus="nii">nei’</sone><sone id="l7_s15" lk="370" lemma="tämā" tahendus="tema" ingl="s/he" liik="ProS" vorm="sg.nom.">ta</sone><sone id="l7_s16" lk="370" lemma="teļļõ" liik="V" vorm="pers.ind.pr.sg.3." tahendus="teeselda" ingl="pretend">tēĺəb</sone><sone id="l7_s17" lk="370" lemma="ī’ž" tahendus="ise" ingl="self" liik="ProS" vorm="sg.part.">ēńt́šta</sone><sone id="l7_s18" lk="370" lemma="pa" tahendus="kellekski, millekski" liik="Pre" ingl="to">pa</sone><sone id="l7_s19" lk="370" lemma="põzāg" tahendus="puruke" liik="S" vorm="sg.tr.">pi̮zàgəks</sone><sone id="l7_s20" lk="370" lemma="un" tahendus="ja" ingl="and" liik="Konj">un</sone><sone id="l7_s21" lk="370" lemma="ku" tahendus="kui" ingl="when" liik="Konj">ku</sone><sone id="l7_s22" lk="370" lemma="se" tahendus="see" ingl="this" liik="ProS" vorm="sg.nom.">se</sone><sone id="l7_s23" lk="370" lemma="perī+mīez" tahendus="peremees" ingl="host" liik="S" vorm="sg.nom.">perì+miεz</sone><sone id="l7_s24" lk="370" lemma="rīpõ" tahendus="helpida" liik="V" vorm="pers.ind.pr.sg.3.">rīpəb</sone><sone id="l7_s25" lk="370" meta="vahemärk">,</sone><sone id="l7_s26" lk="370" lemma="si’z" tahendus="siis" ingl="then" liik="ProAdv">siz</sone><sone id="l7_s27" lk="370" lemma="se" tahendus="see" ingl="this" liik="ProS" vorm="sg.in.">siεs</sone><sone id="l7_s28" lk="370" lemma="e’žmi" tahendus="esimene" ingl="first" liik="Numj" vorm="sg.in.">e’žməs</sone><sone id="l7_s29" lk="370" lemma="kǭj+täuž" liik="S" vorm="sg.in." tahendus="lusikatäis">kå̄i+täwtsə</sone><sone id="l7_s30" lk="370" lemma="tämā" tahendus="tema" ingl="s/he" liik="ProS" vorm="sg.nom.">ta</sone><sone id="l7_s31" lk="370" lemma="līdõ" tahendus="olema saada" liik="V" vorm="pers.ind.pr.sg.3.">līb</sone><sone id="l7_s32" lk="370" lemma="sizāl" tahendus="sees" liik="Adv">sizàl</sone><sone id="l7_s33" lk="370" lemma="un" tahendus="ja" ingl="and" liik="Konj">un</sone><sone id="l7_s34" lk="370" lemma="si’z" tahendus="siis" ingl="then" liik="ProAdv">sis</sone><sone id="l7_s35" lk="370" meta="vahemärk">‿</sone><sone id="l7_s36" lk="370" lemma="se" tahendus="see" ingl="this" liik="ProS" vorm="sg.nom.">se</sone><sone id="l7_s37" lk="370" lemma="perī+mīez" tahendus="peremees" ingl="host" liik="S" vorm="sg.nom.">perì+miεz</sone><sone id="l7_s38" lk="371" lemma="tämā" tahendus="tema" ingl="s/he" liik="ProS" vorm="sg.part.">tǟnda</sone><sone id="l7_s39" lk="371" lemma="rīpõ" tahendus="helpida" liik="V" vorm="pers.ind.pr.sg.3.">rīpəb</sone><sone id="l7_s40" lk="371" lemma="si’zzõl" tahendus="sisse" liik="Adv">si’zzəl</sone><sone id="l7_s41" lk="371" meta="vahemärk">.</sone></lause><lause id="l8"><sone id="l8_s1" lk="371" lemma="ni" tahendus="nüüd" ingl="now" liik="Adv">ni</sone><sone id="l8_s2" lk="371" lemma="se" tahendus="see" ingl="this" liik="ProS" vorm="sg.nom.">se</sone><sone id="l8_s3" lk="371" lemma="tuoi" tahendus="teine" ingl="another" liik="ProS" vorm="sg.nom.">tᵘɔì</sone><sone id="l8_s4" lk="371" lemma="jǭḑ" tahendus="halltõbi" liik="S" vorm="sg.nom.">jå̄d́</sone><sone id="l8_s5" lk="371" lemma="vȱlda" tahendus="olla" ingl="be" liik="Va" vorm="pers.ind.pr.sg.3.">um’</sone><sone id="l8_s6" lk="371" lemma="kītõ" tahendus="öelda" ingl="say" liik="V" vorm="nud.sg.">kītən</sone><sone id="l8_s7" lk="371" lemma="ku" tahendus="et" ingl="that" liik="Konj">ku</sone><sone id="l8_s8" lk="371" lemma="ta" tahendus="ta" ingl="s/he" liik="ProS" vorm="sg.nom.">ta</sone><sone id="l8_s9" lk="371" lemma="lǟʼdõ" ingl="go" liik="V" vorm="pers.ind.pr.sg.3.">lǟ’b</sone><sone id="l8_s10" lk="371" lemma="tegīž" tahendus="jälle" ingl="again" liik="Adv">tegìž</sone><sone id="l8_s11" lk="371" lemma="ikš" tahendus="üks" ingl="one" liik="ProS" vorm="sg.gen.">ī’d</sone><sone id="l8_s12" lk="371" lemma="tuoi" tahendus="teine" ingl="another" liik="ProS" vorm="sg.gen.">tᵘɔìz</sone><sone id="l8_s13" lk="371" lemma="perī+mīez" tahendus="peremees" ingl="host" liik="S" vorm="sg.gen.">perì+mi’ε</sone><sone id="l8_s14" lk="371" lemma="jūrõ" tahendus="juurde" liik="Post">jū’r</sone><sone id="l8_s15" lk="371" meta="vahemärk">.</sone></lause><lause id="l9"><sone id="l9_s1" lk="371" lemma="pie’rrõ" tahendus="pärast" ingl="after" liik="Pre">pⁱe’rrə</sone><sone id="l9_s2" lk="371" lemma="se" tahendus="see" ingl="that" liik="ProS" vorm="sg.part.">sⁱedà</sone><sone id="l9_s3" lk="371" lemma="ne" tahendus="nemad" ingl="they" liik="ProS" vorm="pl.nom.">ne</sone><sone id="l9_s4" lk="371" lemma="vȱlda" tahendus="olla" ingl="be" liik="Va" vorm="pers.ind.pr.pl.3.">a’ᴅt</sone><sone id="l9_s5" lk="371" lemma="lǟʼdõ" tahendus="minna" ingl="go" liik="V" vorm="nud.pl.">lǟ’nəd</sone><sone id="l9_s6" lk="371" lemma="kummit" tahendus="kumbki" ingl="each" liik="ProS" vorm="sg.nom.">kum’mit</sone><sone id="l9_s7" lk="371" lemma="ī’ž" tahendus="ise" ingl="self" liik="ProS" vorm="sg.gen.">eńt́š</sone><sone id="l9_s8" lk="371" lemma="riek" tahendus="tee" ingl="road" liik="S" vorm="sg.part.">rekkə</sone><sone id="l9_s9" lk="371" meta="vahemärk">.</sone></lause><lause id="l10"><sone id="l10_s1" lk="371" lemma="si’z" tahendus="siis" ingl="then" liik="ProAdv">siz</sone><sone id="l10_s2" lk="371" lemma="se" tahendus="see" ingl="this" liik="ProS" vorm="sg.nom.">se</sone><sone id="l10_s3" lk="371" lemma="perī+mīez" tahendus="peremees" ingl="host" liik="S" vorm="sg.nom.">perì+miεz</sone><sone id="l10_s4" lk="371" lemma="vȱlda" tahendus="olla" ingl="be" liik="Va" vorm="pers.ind.pr.sg.3.">um’</sone><sone id="l10_s5" lk="371" lemma="nūzõ" tahendus="tõusta" ingl="rise" liik="V" vorm="nud.sg.">nūzən</sone><sone id="l10_s6" lk="371" lemma="i’lzõ" tahendus="üles" ingl="up" liik="Adva">il’zə</sone><sone id="l10_s7" lk="371" lemma="un" tahendus="ja" ingl="and" liik="Konj">un</sone><sone id="l10_s8" lk="371" lemma="lǟʼdõ" tahendus="minna" ingl="go" liik="V" vorm="nud.sg.">lǟ’nd</sone><sone id="l10_s9" lk="371" lemma="kuodāj" tahendus="koju" ingl="home" liik="Adv">kᵘɔdài</sone><sone id="l10_s10" lk="371" meta="vahemärk">.</sone></lause><lause id="l11"><sone id="l11_s1" lk="371" lemma="ku" tahendus="kui" ingl="when" liik="Konj">ku</sone><sone id="l11_s2" lk="371" lemma="ni" tahendus="nüüd" ingl="now" liik="Adv">ni</sone><sone id="l11_s3" lk="371" lemma="perī+nai" tahendus="perenaine" ingl="hostess" liik="S" vorm="sg.nom.">perì+nai</sone><sone id="l11_s4" lk="371" lemma="vȱlda" tahendus="olla" ingl="be" liik="Va" vorm="pers.ind.pr.sg.3.">um’</sone><sone id="l11_s5" lk="371" lemma="tūodõ" tahendus="tuua" ingl="bring" liik="V" vorm="nud.sg.">tuond</sone><sone id="l11_s6" lk="371" lemma="rīp+rok" tahendus="rokk (suvine jook)" liik="S" vorm="sg.gen.">rīp+rok̀</sone><sone id="l11_s7" lk="371" lemma="lōda" tahendus="laud (mööbliese)" ingl="table" liik="S" vorm="sg.gen.">lōda</sone><sone id="l11_s8" lk="371" lemma="pǟl" tahendus="peale" liik="Post">pǟl</sone><sone id="l11_s9" lk="371" meta="vahemärk">,</sone><sone id="l11_s10" lk="371" lemma="perī+mīez" tahendus="peremees" ingl="host" liik="S" vorm="sg.nom.">perì+miεz</sone><sone id="l11_s11" lk="371" lemma="vȱlda" tahendus="olla" ingl="be" liik="Va" vorm="pers.ind.pr.sg.3.">um’</sone><sone id="l11_s12" lk="371" lemma="võttõ" tahendus="võtta" ingl="take" liik="V" vorm="nud.sg.">vi̮ttən</sone><sone id="l11_s13" lk="371" lemma="ī’ž" tahendus="ise" ingl="self" liik="ProS" vorm="sg.dat.">eńt́šən</sone><sone id="l11_s14" lk="371" lemma="lōda" tahendus="laud" ingl="table" liik="S" vorm="sg.gen.">lōda</sone><sone id="l11_s15" lk="371" lemma="jūrõ" tahendus="juurde" liik="Post">jū’r</sone><sone id="l11_s16" lk="371" lemma="nǭ’gi" tahendus="nahkne" ingl="leathery" liik="A" vorm="sg.gen.">nå̄’giz</sone><sone id="l11_s17" lk="371" lemma="kuoț" tahendus="kott" ingl="bag" liik="S" vorm="sg.gen.">kᵘɔt́̀</sone><sone id="l11_s18" lk="371" lemma="īņõ" tahendus="kaasa" liik="Adva" ingl="with">īńə</sone><sone id="l11_s19" lk="371" meta="vahemärk">,</sone><sone id="l11_s20" lk="371" lemma="võttõ" tahendus="võtta" ingl="take" liik="V" vorm="nud.sg.">vi̮ttən</sone><sone id="l11_s21" lk="371" lemma="se" tahendus="see" ingl="this" liik="ProS" vorm="sg.gen.">siε</sone><sone id="l11_s22" lk="371" lemma="e’žmi" tahendus="esimene" ingl="first" liik="Numj" vorm="sg.gen.">e’žmiz</sone><sone id="l11_s23" lk="371" lemma="kǭj+täuž" tahendus="lusikatäis" liik="S" vorm="sg.gen.">kå̄i+täwd</sone><sone id="l11_s24" lk="371" meta="vahemärk">,</sone><sone id="l11_s25" lk="371" lemma="kus" tahendus="kus" ingl="where" liik="Intr">kus</sone><sone id="l11_s26" lk="371" lemma="riktig" tahendus="õieti" liik="ModAdv">rikt́iɢ</sone><sone id="l11_s27" lk="371" lemma="põzāg" tahendus="puruke" liik="S" vorm="sg.nom.">pi̮zàg</sone><sone id="l11_s28" lk="371" lemma="vȱlda" tahendus="olla" ingl="be" liik="Va" vorm="pers.ind.pr.sg.3.">um</sone><sone id="l11_s29" lk="371" lemma="vȱlda" tahendus="olla" ingl="be" liik="V" vorm="nud.sg.">vɔnd</sone><sone id="l11_s30" lk="371" lemma="pǟl" tahendus="peal" liik="Adv">pǟlə</sone><sone id="l11_s31" lk="371" lemma="un" tahendus="ja" ingl="and" liik="Konj">un</sone><sone id="l11_s32" lk="371" lemma="vȱlda" tahendus="olla" ingl="be" liik="Va" vorm="pers.ind.pr.sg.3.">um’</sone><sone id="l11_s33" lk="371" lemma="eitõ" tahendus="visata" ingl="throw" liik="V" vorm="nud.sg.">eìtən</sone><sone id="l11_s34" lk="371" lemma="kuoț" tahendus="kott" ingl="bag" liik="S" vorm="sg.gen.">kᵘɔt́̀</sone><sone id="l11_s35" lk="371" lemma="sillõ" tahendus="sisse" liik="Post">sil’</sone><sone id="l11_s36" lk="371" meta="vahemärk">,</sone><sone id="l11_s37" lk="371" lemma="si’ddõ" tahendus="siduda" ingl="tie up" liik="V" vorm="nud.sg.">si’ddən</sone><sone id="l11_s38" lk="371" lemma="tulīt" tahendus="otsekohe" ingl="right away" liik="Adv">tulìt</sone><sone id="l11_s39" lk="371" lemma="se" tahendus="see" ingl="this" liik="ProS" vorm="sg.gen.">siε</sone><sone id="l11_s40" lk="371" lemma="vi’zzõ" tahendus="kinni" liik="Adva">vi’zzə</sone><sone id="l11_s41" lk="371" lemma="un" tahendus="ja" ingl="and" liik="Konj">un</sone><sone id="l11_s42" lk="371" lemma="vīdõ" tahendus="viia" liik="V" vorm="nud.sg.">vīnd</sone><sone id="l11_s43" lk="371" meta="vahemärk">[</sone><sone id="l11_s44" lk="371" lemma="kūoršõn" tahendus="korsten" ingl="chimney" liik="S" vorm="sg.ill.">kuoršińə</sone><sone id="l11_s45" lk="371" meta="vahemärk"> &gt;</sone><sone id="l11_s46" lk="371" meta="vahemärk">]</sone><sone id="l11_s47" lk="371" lemma="kūoršõn" tahendus="korsten" ingl="chimney" liik="S" vorm="sg.ill.">kuorsiń</sone><sone id="l11_s48" lk="371" lemma="kuijõ" tahendus="kuivada" ingl="dry" liik="V" vorm="sup." kommentaar="morf vorm?">kuìjəm</sone><sone id="l11_s49" lk="371" meta="vahemärk">.</sone></lause><lause id="l12"><sone id="l12_s1" lk="371" lemma="ku" tahendus="kui" ingl="when" liik="Konj">ku</sone><sone id="l12_s2" lk="371" lemma="ni" tahendus="nüüd" ingl="now" liik="Adv">ni</sone><sone id="l12_s3" lk="371" lemma="tūlda" tahendus="tulla" ingl="come" liik="V" vorm="nud.pl.">tuǹd</sone><sone id="l12_s4" lk="371" lemma="ne" tahendus="need" ingl="these" liik="ProS" vorm="pl.nom.">ne</sone><sone id="l12_s5" lk="371" lemma="irg" tahendus="hetk" liik="S" vorm="pl.nom.">īrgəd</sone><sone id="l12_s6" lk="371" meta="vahemärk">[</sone><sone id="l12_s7" lk="371" lemma="irg" tahendus="hetk" liik="S" vorm="pl.nom.">ǖrgəd</sone><sone id="l12_s8" lk="371" meta="vahemärk">]</sone><sone id="l12_s9" lk="371" lemma="pǟlõ " tahendus="peale" ingl="on" liik="Adva">pǟlə</sone><sone id="l12_s10" lk="371" lemma="ku" tahendus="kui" ingl="when" liik="Konj">ku</sone><sone id="l12_s11" lk="371" lemma="se" tahendus="see" ingl="this" liik="ProS" vorm="sg.gen.">siε</sone><sone id="l12_s12" lk="371" lemma="perī+mīez" tahendus="peremees" ingl="host" liik="S" vorm="sg.dat.">perì+mi’εn</sone><sone id="l12_s13" lk="371" lemma="vȱlda" tahendus="olla" ingl="be" liik="Va" vorm="pers.knd.pr.sg.3.">vɔl’ks</sone><sone id="l12_s14" lk="371" lemma="sǭdõ" tahendus="saada" ingl="get" liik="V" vorm="deb.">så̄məst</sone><sone id="l12_s15" lk="371" lemma="rujā" tahendus="haige" ingl="ill" liik="A" vorm="sg.tr.">rujàks</sone><sone id="l12_s16" lk="371" lemma="un" tahendus="ja" ingl="and" liik="Konj">un</sone><sone id="l12_s17" lk="371" lemma="jǭḑ" tahendus="halltõbi" liik="S" vorm="sg.dat.">jå̄d́ən</sone><sone id="l12_s18" lk="371" meta="vahemärk">[</sone><sone id="l12_s19" lk="371" lemma="vȱlda" tahendus="olla" ingl="be" liik="Va" vorm="pers.knd.pr.sg.3.">vɔl’ks</sone><sone id="l12_s20" lk="371" meta="vahemärk"> &gt;</sone><sone id="l12_s21" lk="371" meta="vahemärk">]</sone><sone id="l12_s22" lk="371" lemma="vȱlda" tahendus="olla" ingl="be" liik="Va" vorm="pers.knd.pr.sg.3.">vɔlks</sone><sone id="l12_s23" lk="371" lemma="tämā" tahendus="tema" ingl="s/he" liik="ProS" vorm="sg.part.">tǟnda</sone><sone id="l12_s24" lk="371" lemma="repțõ" tahendus="raputada" liik="V" vorm="deb.">rept́àməst</sone><sone id="l12_s25" lk="371" meta="vahemärk">,</sone><sone id="l12_s26" lk="371" lemma="si’z" tahendus="siis" ingl="then" liik="ProAdv">siz</sone><sone id="l12_s27" lk="371" lemma="kuoț" tahendus="kott" ingl="bag" liik="S" vorm="sg.nom.">kᵘɔt́̀</sone><sone id="l12_s28" lk="371" lemma="vȱlda" tahendus="olla" ingl="be" liik="Va" vorm="pers.ind.pr.sg.3.">um</sone><sone id="l12_s29" lk="371" lemma="repțõ" tahendus="raputada" liik="V" vorm="nud.sg.">rep̀t́ən</sone><sone id="l12_s30" lk="371" lemma="ī’ž" tahendus="ise" ingl="self" liik="ProS" vorm="sg.part.">ēńt́šta</sone><sone id="l12_s31" lk="371" lemma="kūoršõn" tahendus="korsten" ingl="chimney" liik="S" vorm="sg.in.">kuorsińəs</sone><sone id="l12_s32" lk="371" meta="vahemärk">,</sone><sone id="l12_s33" lk="371" lemma="ne’i" tahendus="nii" ingl="so" liik="ProAdv">ne</sone><sone id="l12_s34" lk="371" lemma="ku" tahendus="et" ingl="that" liik="Konj">ku</sone><sone id="l12_s35" lk="371" lemma="krakšõ" tahendus="praksuda" liik="V" vorm="nud.sg.">krak̀šən</sone><sone id="l12_s36" lk="371" lemma="ī’d" tahendus="üha" ingl="only" liik="Adv">ī’d</sone><sone id="l12_s37" lk="371" meta="vahemärk">.</sone></lause><lause id="l13"><sone id="l13_s1" lk="371" lemma="pie’rrõ" tahendus="pärast" ingl="after" liik="Pre">pⁱe’rrə</sone><sone id="l13_s2" lk="371" lemma="se" tahendus="see" ingl="this" liik="ProS" vorm="sg.part.">sⁱedà</sone><sone id="l13_s3" lk="371" meta="vahemärk">[</sone><sone id="l13_s4" lk="371" lemma="no+rõkāndõ" vorm="tud.prf." tahendus="kokku leppida" ingl="agreed" liik="V">nu’o+ri̮kàntəd</sone><sone id="l13_s5" lk="371" meta="vahemärk"> &gt;</sone><sone id="l13_s6" lk="371" meta="vahemärk">]</sone><sone id="l13_s7" lk="371" lemma="no+rõkāndõ" tahendus="kokku leppida" liik="V" vorm="tud.prf." ingl="agreed">nu’o+ri̮kàntət</sone><sone id="l13_s8" lk="371" lemma="āiga" tahendus="aeg" ingl="time" liik="S" vorm="sg.part.">aìgə</sone><sone id="l13_s9" lk="371" meta="vahemärk">,</sone><sone id="l13_s10" lk="371" lemma="ku" tahendus="kui" ingl="when" liik="Konj">ku</sone><sone id="l13_s11" lk="371" lemma="ne" tahendus="need" ingl="these" liik="ProS" vorm="pl.nom.gen.">ne</sone><sone id="l13_s12" lk="371" lemma="jǭḑ" tahendus="halltõbi" liik="S" vorm="pl.dat.">jå̄d́ədən</sone><sone id="l13_s13" lk="371" lemma="vȱlda" tahendus="olla" ingl="be" liik="Va" vorm="pers.ind.ipf.sg.3.">vɔĺ’</sone><sone id="l13_s14" lk="371" lemma="ku’bbõ" tahendus="kokku" liik="Adva" ingl="together">ku’bbə</sone><sone id="l13_s15" lk="371" lemma="tūlda" tahendus="tulla" ingl="come" liik="V" vorm="deb.">tulməst</sone><sone id="l13_s16" lk="371" meta="vahemärk">,</sone><sone id="l13_s17" lk="371" lemma="se" tahendus="see" ingl="this" liik="ProS" vorm="sg.nom.">se</sone><sone id="l13_s18" lk="371" lemma="perī+mīez" tahendus="peremees" ingl="host" liik="S" vorm="sg.nom.">perì+miεz</sone><sone id="l13_s19" lk="371" lemma="vȱlda" tahendus="olla" ingl="be" liik="Va" vorm="pers.ind.pr.sg.3.">um’</sone><sone id="l13_s20" lk="371" lemma="lǟʼdõ" tahendus="minna" ingl="go" liik="V" vorm="nud.sg.">lǟ’nd</sone><sone id="l13_s21" lk="371" lemma="tegīž" tahendus="jälle" ingl="again" liik="Adv">tegìž</sone><sone id="l13_s22" lk="371" lemma="se" tahendus="see" ingl="this" liik="ProS" vorm="sg.gen.">siε</sone><sone id="l13_s23" lk="371" lemma="ī’ž" tahendus="ise" ingl="self" liik="ProS" vorm="sg.gen.">eńt́š</sone><sone id="l13_s24" lk="371" lemma="pȭzõ" tahendus="põõsas" ingl="bush" liik="S" vorm="sg.gen.">pī̮zə</sone><sone id="l13_s25" lk="371" lemma="tagān" tahendus="taha" ingl="behind" liik="Post">tagàn</sone><sone id="l13_s26" lk="371" meta="vahemärk">,</sone><sone id="l13_s27" lk="371" lemma="kui" tahendus="kui" ingl="when" liik="Konj">kui’</sone><sone id="l13_s28" lk="371" lemma="tämā" tahendus="tema" ingl="s/he" liik="ProS" vorm="sg.nom.">ta</sone><sone id="l13_s29" lk="371" lemma="vȱlda" tahendus="olla" ingl="be" liik="Va" vorm="pers.ind.ipf.sg.3.">vɔĺ’</sone><sone id="l13_s30" lk="371" lemma="ne" tahendus="need" ingl="these" liik="ProS" vorm="pl.nom.gen.">ne</sone><sone id="l13_s31" lk="371" lemma="jǭḑ" tahendus="halltõbi" liik="S" vorm="pl.gen.">jå̄d́əd</sone><sone id="l13_s32" lk="371" lemma="kä’dst" tahendus="käest" liik="Post">kä’dst</sone><sone id="l13_s33" lk="371" lemma="kūlõ" tahendus="kuulda" ingl="hear" liik="V" vorm="nud.sg.">kūlən</sone><sone id="l13_s34" lk="371" meta="vahemärk">,</sone><sone id="l13_s35" lk="371" lemma="kis" tahendus="kes" ingl="who" liik="Intr" vorm="sg.nom.">kis</sone><sone id="l13_s36" lk="371" lemma="vȱlda" tahendus="olla" ingl="be" liik="Va" vorm="pers.ind.ipf.pl.3.">vɔĺ’ti</sone><sone id="l13_s37" lk="371" lemma="tõitõ" tahendus="tõotada" ingl="promise" liik="V" vorm="nud.pl.">ti̮itn̥d</sone><sone id="l13_s38" lk="371" lemma="tegīž" tahendus="jälle" ingl="again" liik="Adv">tegìž</sone><sone id="l13_s39" lk="371" lemma="sīn+ī’ž" tahendus="sinnasamasse" liik="ProAdv">sīń+ī’ž</sone><sone id="l13_s40" lk="371" lemma="ku’bbõ" tahendus="kokku" liik="Adva" ingl="together">ku’bbə</sone><sone id="l13_s41" lk="371" lemma="tūlda" tahendus="tulla" ingl="come" liik="V" vorm="inf.">tūlda</sone><sone id="l13_s42" lk="371" meta="vahemärk">.</sone></lause><lause id="l14"><sone id="l14_s1" lk="371" lemma="se" tahendus="see" ingl="this" liik="ProS" vorm="sg.nom.">se</sone><sone id="l14_s2" lk="371" lemma="ikš" tahendus="üks" ingl="one" liik="ProS" vorm="sg.nom.">ik̀š</sone><sone id="l14_s3" lk="371" lemma="vȱlda" tahendus="olla" ingl="be" liik="Va" vorm="pers.ind.pr.sg.3.">um’</sone><sone id="l14_s4" lk="371" lemma="tūlda" tahendus="tulla" ingl="come" liik="V" vorm="nud.sg.">tuǹd</sone><sone id="l14_s5" lk="371" meta="vahemärk">,</sone><sone id="l14_s6" lk="371" lemma="kis" tahendus="kes" ingl="who" liik="Intr" vorm="sg.nom.">kis</sone><sone id="l14_s7" lk="371" lemma="se" tahendus="see" ingl="this" liik="ProS" vorm="sg.gen.">siε</sone><sone id="l14_s8" lk="371" lemma="tuoi" tahendus="teine" ingl="another" liik="ProS" vorm="sg.gen.">tᵘoìz</sone><sone id="l14_s9" lk="371" lemma="perī+mīez" tahendus="peremees" ingl="host" liik="S" vorm="sg.gen.">perì+mi’ε</sone><sone id="l14_s10" lk="371" lemma="jūsõ" tahendus="juures" liik="Post">jūrs</sone><sone id="l14_s11" lk="371" lemma="vȱlda" tahendus="olla" ingl="be" liik="Va" vorm="pers.ind.ipf.sg.3.">vɔĺ’</sone><sone id="l14_s12" lk="371" lemma="vȱlda" tahendus="olla" ingl="be" liik="V" vorm="nud.sg.">vɔǹd</sone><sone id="l14_s13" lk="371" meta="vahemärk">,</sone><sone id="l14_s14" lk="371" lemma="lī’ebi" tahendus="lihav" liik="A" vorm="sg.nom.">li’ebi</sone><sone id="l14_s15" lk="371" lemma="un" tahendus="ja" ingl="and" liik="Konj">un</sone><sone id="l14_s16" lk="371" lemma="at+barrõ" kommentaar="?" tahendus="täis söönud" vorm="sg.nom.prf." liik="A">at+bar’rən</sone><sone id="l14_s17" lk="371" lemma="bet" tahendus="aga" ingl="but" liik="Konj">bet</sone><sone id="l14_s18" lk="371" lemma="se" tahendus="see" ingl="this" liik="ProS" vorm="sg.nom.">se</sone><sone id="l14_s19" lk="371" meta="vahemärk">,</sone><sone id="l14_s20" lk="371" lemma="kis" tahendus="kes" ingl="who" liik="Intr" vorm="sg.nom.">kis</sone><sone id="l14_s21" lk="371" lemma="tämā" tahendus="tema" ingl="s/he" liik="ProS" vorm="sg.gen.">täm’</sone><sone id="l14_s22" lk="371" lemma="jūsõ" tahendus="juures" liik="Post">jūs</sone><sone id="l14_s23" lk="371" lemma="vȱlda" tahendus="olla" ingl="be" liik="Va" vorm="pers.ind.ipf.sg.3.">vɔĺ’</sone><sone id="l14_s24" lk="371" lemma="vȱlda" tahendus="olla" ingl="be" liik="V" vorm="nud.sg.">vɔǹd</sone><sone id="l14_s25" lk="371" lemma="se" tahendus="see" ingl="this" liik="ProS" vorm="sg.in.">siεs</sone><sone id="l14_s26" lk="371" lemma="nǭ’gi" tahendus="nahkne" ingl="leathery" liik="A" vorm="sg.in.">nå̄’gis</sone><sone id="l14_s27" lk="371" lemma="kuoț" tahendus="kott" ingl="bag" liik="S" vorm="sg.in.">kᵘɔt́̀š</sone><sone id="l14_s28" lk="371" lemma="vǭ’jli" tahendus="kõhn" liik="A" vorm="sg.nom.">vå̄’ili</sone><sone id="l14_s29" lk="371" lemma="un" tahendus="ja" ingl="and" liik="Konj">un</sone><sone id="l14_s30" lk="371" lemma="mustā" tahendus="must" ingl="black" liik="A" vorm="sg.nom.">mustà</sone><sone id="l14_s31" lk="371" lemma="no+so’vdõ" tahendus="suitsuda" liik="A" vorm="sg.nom.prf." kommentaar="?">nu’o+sow’dən</sone><sone id="l14_s32" lk="371" meta="vahemärk">.</sone></lause><lause id="l15"><sone id="l15_s1" lk="371" lemma="si’z" tahendus="siis" ingl="then" liik="ProAdv">siz</sone><sone id="l15_s2" lk="371" lemma="se" tahendus="see" ingl="this" liik="ProS" vorm="sg.nom.">se</sone><sone id="l15_s3" lk="371" lemma="e’žmi" tahendus="esimene" ingl="first" liik="ProS" vorm="sg.nom.">e’žmi</sone><sone id="l15_s4" lk="371" lemma="vȱlda" tahendus="olla" ingl="be" liik="Va" vorm="pers.ind.pr.sg.3.">um’</sone><sone id="l15_s5" lk="371" lemma="ki’zzõ" tahendus="küsida" ingl="ask" liik="V" vorm="nud.sg.">ki’zzən</sone><sone id="l15_s6" lk="371" meta="vahemärk">:</sone><sone lk="371" keel="eesti" id="l15_s7" meta="vahemärk">”</sone><sone id="l15_s8" lk="371" lemma="kus" tahendus="kus" ingl="where" liik="Intr">kus</sone><sone id="l15_s9" lk="371" lemma="sinā" tahendus="sina" ingl="you" liik="ProS" vorm="sg.2.nom.">sa</sone><sone id="l15_s10" lk="371" meta="vahemärk">,</sone><sone id="l15_s11" lk="371" lemma="ve’ļ" tahendus="vend" ingl="brother" liik="S" vorm="sg.nom.">veĺ’</sone><sone id="l15_s12" lk="371" meta="vahemärk">,</sone><sone id="l15_s13" lk="371" lemma="vȱlda" tahendus="olla" ingl="be" liik="Va" vorm="pers.ind.pr.sg.2.">uod</sone><sone id="l15_s14" lk="371" lemma="vȱlda" tahendus="olla" ingl="be" liik="V" vorm="nud.sg.">vɔǹd</sone><sone id="l15_s15" lk="371" meta="vahemärk">,</sone><sone id="l15_s16" lk="371" lemma="ku" tahendus="et" liik="Konj">ku</sone><sone id="l15_s17" lk="371" lemma="sinā" tahendus="sina" ingl="you" liik="ProS" vorm="sg.2.nom.">sa</sone><sone id="l15_s18" lk="371" lemma="ne’i" tahendus="nii" ingl="so" liik="ProAdv">nei’</sone><sone id="l15_s19" lk="371" lemma="mustā" tahendus="must" ingl="black" liik="A" vorm="sg.nom.">mustà</sone><sone id="l15_s20" lk="371" lemma="vȱlda" tahendus="olla" ingl="be" liik="V" vorm="pers.ind.pr.sg.2.">uod</sone><sone id="l15_s21" lk="371" lemma="un" tahendus="ja" ingl="and" liik="Konj">un</sone><sone id="l15_s22" lk="371" lemma="vǭ’jli" tahendus="kõhn" liik="A" vorm="sg.nom.">vå̄’ili</sone><sone lk="371" keel="eesti" id="l15_s23" meta="vahemärk">?</sone><sone id="l15_s24" lk="371" meta="vahemärk">”</sone></lause><lause id="l16"><sone id="l16_s1" lk="371" lemma="tämā" tahendus="tema" ingl="s/he" liik="ProS" vorm="sg.nom.">ta</sone><sone lk="371" keel="eesti" id="l16_s2" meta="vahemärk">=</sone><sone lk="371" keel="eesti" id="l16_s3" lemma="vȱlda" tahendus="olla" ingl="be" liik="Va" vorm="pers.ind.pr.sg.3.">m’</sone><sone id="l16_s4" lk="371" lemma="kītõ" tahendus="öelda" ingl="say" liik="V" vorm="nud.sg.">kītən</sone><sone id="l16_s5" lk="371" meta="vahemärk">:</sone><sone lk="371" keel="eesti" id="l16_s6" meta="vahemärk">”</sone><sone id="l16_s7" lk="371" lemma="minā" tahendus="mina" ingl="I" liik="ProS" vorm="sg.dat.">min’</sone><sone id="l16_s8" lk="371" lemma="vȱlda" tahendus="olla" ingl="be" liik="Va" vorm="pers.ind.ipf.sg.3.">vɔĺ’</sone><sone id="l16_s9" lk="371" lemma="slikțõ" tahendus="halvasti" liik="Adv">slik̀t́ə</sone><sone id="l16_s10" lk="371" meta="vahemärk">,</sone><sone id="l16_s11" lk="371" lemma="minā" tahendus="mina" ingl="I" liik="ProS" vorm="sg.nom.">ma</sone><sone id="l16_s12" lk="371" lemma="sǭdõ" tahendus="saada" ingl="get" liik="V" vorm="pers.ind.ipf.sg.1.">saì</sone><sone id="l16_s13" lk="371" lemma="nǭ’gi" tahendus="nahkne" ingl="leathery" liik="A" vorm="sg.gen.">nå̄’giz</sone><sone id="l16_s14" lk="372" lemma="kuoț" tahendus="kott" ingl="bag" liik="S" vorm="sg.ill.">kᵘɔt́t́ə</sone><sone id="l16_s15" lk="372" lemma="si’zzõl" tahendus="sisse" liik="Adv" ingl="in">si’zzəl</sone><sone id="l16_s16" lk="372" lemma="vi’zzõ" tahendus="kinni" liik="Adva">vi’zzə</sone><sone id="l16_s17" lk="372" lemma="pānda" tahendus="panna" ingl="put" liik="V" vorm="tud.">paǹdət</sone><sone id="l16_s18" lk="372" lemma="un" tahendus="ja" ingl="and" liik="Konj">un</sone><sone id="l16_s19" lk="372" lemma="kūoršõn" tahendus="korsten" ingl="chimney" liik="S" vorm="sg.ill.">kuorsińə</sone><sone id="l16_s20" lk="372" lemma="i’lzõ" tahendus="üles" ingl="up" liik="Adva">il’zə</sone><sone id="l16_s21" lk="372" lemma="käbīņțõ" tahendus="haakida" liik="V" vorm="tud.">käbìńt́ət</sone><sone lk="372" keel="eesti" id="l16_s22" meta="vahemärk">.</sone><sone id="l16_s23" lk="372" meta="vahemärk">”</sone></lause><lause id="l17"><sone id="l17_s1" lk="372" lemma="se" tahendus="see" ingl="this" liik="ProS" vorm="sg.nom.">se</sone><sone id="l17_s2" lk="372" lemma="tuoi" tahendus="teine" ingl="another" liik="ProS" vorm="sg.nom.">tᵘɔì</sone><sone id="l17_s3" lk="372" lemma="vȱlda" tahendus="olla" ingl="be" liik="Va" vorm="pers.ind.pr.sg.3.">um’</sone><sone id="l17_s4" lk="372" lemma="kītõ" tahendus="öelda" ingl="say" liik="V" vorm="nud.sg.">kītən</sone><sone id="l17_s5" lk="372" meta="vahemärk">:</sone><sone lk="372" keel="eesti" id="l17_s6" meta="vahemärk">”</sone><sone id="l17_s7" lk="372" lemma="minā" tahendus="mina" ingl="I" liik="ProS" vorm="sg.dat.">min’</sone><sone id="l17_s8" lk="372" lemma="vȱlda" tahendus="olla" ingl="be" liik="V" vorm="pers.ind.ipf.sg.3.">vɔĺ’</sone><sone id="l17_s9" lk="372" lemma="jõvīst" tahendus="hästi" liik="Adv">ji̮vìst</sone><sone id="l17_s10" lk="372" meta="vahemärk">,</sone><sone id="l17_s11" lk="372" lemma="minā" tahendus="mina" ingl="I" liik="ProS" vorm="sg.gen.">min’</sone><sone id="l17_s12" lk="372" lemma="i’bbi" tahendus="hobune" ingl="horse" liik="S" vorm="sg.nom.">i̮’bbi</sone><sone id="l17_s13" lk="372" lemma="vȱlda" tahendus="olla" ingl="be" liik="V" vorm="pers.ind.ipf.sg.3.">vɔĺ’</sone><sone id="l17_s14" lk="372" lemma="e’žmõks" tahendus="esiti" liik="Adv">eⁱ’žməks</sone><sone id="l17_s15" lk="372" lemma="ve’ggi" tahendus="kange" liik="A" vorm="sg.nom.">ve’ggi</sone><sone id="l17_s16" lk="372" meta="vahemärk">,</sone><sone id="l17_s17" lk="372" lemma="lǟlam" tahendus="raske" ingl="difficult" liik="A" vorm="sg.nom.">lǟlam</sone><sone id="l17_s18" lk="372" lemma="vȱlda" tahendus="olla" ingl="be" liik="V" vorm="pers.ind.ipf.sg.3.">vɔĺ’</sone><sone id="l17_s19" lk="372" lemma="pie+lǟ’dõ" liik="V" vorm="inf.prf." kommentaar="?" tahendus="juurde minna">pi’e+lǟ’də</sone><sone id="l17_s20" lk="372" meta="vahemärk">,</sone><sone id="l17_s21" lk="372" lemma="bet" tahendus="aga" ingl="but" liik="Konj">bet</sone><sone id="l17_s22" lk="372" lemma="si’z" tahendus="siis" ingl="then" liik="ProAdv">siz</sone><sone id="l17_s23" lk="372" lemma="vȱlda" tahendus="olla" ingl="be" liik="V" vorm="pers.ind.ipf.sg.3.">vɔĺ’</sone><sone id="l17_s24" lk="372" lemma="jõvīst" tahendus="hästi" liik="Adv">ji̮vìst</sone><sone id="l17_s25" lk="372" meta="vahemärk">,</sone><sone id="l17_s26" lk="372" lemma="ku" tahendus="kui" ingl="when" liik="Konj">ku</sone><sone id="l17_s27" lk="372" lemma="minā" tahendus="mina" ingl="I" liik="ProS" vorm="sg.nom.">ma</sone><sone id="l17_s28" lk="372" lemma="sǭdõ" tahendus="saada" ingl="get" liik="V" vorm="pers.ind.ipf.sg.1.">saì</sone><sone id="l17_s29" lk="372" lemma="vīņḑig" tahendus="võit" liik="S" vorm="sg.gen.">vīnd́ig</sone><sone id="l17_s30" lk="372" meta="vahemärk">,</sone><sone id="l17_s31" lk="372" lemma="minā" tahendus="mina" ingl="I" liik="ProS" vorm="sg.gen.">min’</sone><sone id="l17_s32" lk="372" lemma="perī+mīez" tahendus="peremees" ingl="host" liik="S" vorm="sg.nom.">perì+miεz</sone><sone id="l17_s33" lk="372" lemma="vȱlda" tahendus="olla" ingl="be" liik="V" vorm="pers.ind.ipf.sg.3.">vɔĺ’</sone><sone id="l17_s34" lk="372" lemma="sūr" tahendus="suur" ingl="big" liik="A" vorm="sg.nom.">sūr</sone><sone id="l17_s35" lk="372" lemma="ma’gḑi+sēji" tahendus="magusasööja" liik="S" vorm="sg.nom.">ma’gd́i+sēji</sone><sone id="l17_s36" lk="372" lemma="un" tahendus="ja" ingl="and" liik="Konj">un</sone><sone id="l17_s37" lk="372" lemma="jegā" tahendus="iga" ingl="every" liik="ProS" vorm="sg.nom.">jεgà</sone><sone id="l17_s38" lk="372" lemma="pǟva" tahendus="päev" ingl="day" liik="S" vorm="sg.nom.">pǟva</sone><sone id="l17_s39" lk="372" lemma="minā" tahendus="mina" ingl="I" liik="ProS" vorm="sg.nom.">ma</sone><sone id="l17_s40" lk="372" lemma="sǭdõ" tahendus="saada" ingl="get" liik="V" vorm="pers.ind.ipf.sg.1.">saì</sone><sone id="l17_s41" lk="372" lemma="ūž" tahendus="uus" ingl="new" liik="A" vorm="sg.part.">ūtə</sone><sone id="l17_s42" lk="372" lemma="ma’gḑi" tahendus="maitsev" ingl="delicious" liik="A" vorm="sg.part.">ma’gd́ist</sone><sone id="l17_s43" lk="372" lemma="sīemn+āiga" tahendus="söök" liik="S" vorm="sg.part.">siemn+àigə</sone><sone id="l17_s44" lk="372" meta="vahemärk">(</sone><sone id="l17_s45" lk="372" meta="muukeelne">pro</sone><sone id="l17_s46" lk="372" meta="kommentaar">siemn+aìgə</sone><sone lk="372" keel="eesti" id="l17_s47" meta="vahemärk">?</sone><sone id="l17_s48" lk="372" meta="vahemärk">)</sone><sone id="l17_s49" lk="372" lemma="ne’i" tahendus="nii" ingl="so" liik="ProAdv">nei’</sone><sone id="l17_s50" lk="372" lemma="ku" tahendus="et" ingl="that" liik="Konj">ku</sone><sone id="l17_s51" lk="372" lemma="minā" tahendus="mina" ingl="I" liik="ProS" vorm="sg.dat.">min’nən</sone><sone id="l17_s52" lk="372" lemma="iz" tahendus="ei" liik="Mn" vorm="ipf.sg.1.">iᴢ</sone><sone id="l17_s53" lk="372" meta="vahemärk">‿</sone><sone id="l17_s54" lk="372" lemma="tī’kõ" tahendus="meeldida" liik="V" vorm="pers.ind.sg.1.neg.">tī’k</sone><sone id="l17_s55" lk="372" lemma="mittõ" tahendus="mitte" liik="Mn" ingl="not">mittə</sone><sone id="l17_s56" lk="372" lemma="su’ggõ" tahendus="sugugi" liik="Adv" ingl="at all">su’ggə</sone><sone id="l17_s57" lk="372" lemma="pigā+tagā" tahendus="peaaegu" ingl="almost" liik="Adv">pigà+tagà</sone><sone id="l17_s58" lk="372" lemma="ve’l" tahendus="veel" liik="Adv">vel’</sone><sone id="l17_s59" lk="372" lemma="ne’i" tahendus="nii" ingl="so" liik="ProAdv">nei’</sone><sone id="l17_s60" lk="372" lemma="pakānd" tahendus="ruttu" ingl="quickly" liik="Adv">pakànd</sone><sone id="l17_s61" lk="372" lemma="jarā" tahendus="ära" liik="Adva">jarà</sone><sone id="l17_s62" lk="372" lemma="tūlda" tahendus="tulla" ingl="come" liik="V" vorm="inf.">tūlda.</sone><sone id="l17_s63" lk="372" meta="vahemärk">”</sone></lause><lause id="l18"><sone id="l18_s1" lk="372" lemma="si’z" tahendus="siis" ingl="then" liik="ProAdv">siz</sone><sone id="l18_s2" lk="372" lemma="se" tahendus="see" ingl="this" liik="ProS" vorm="sg.nom.">se</sone><sone id="l18_s3" lk="372" lemma="tuoi" tahendus="teine" ingl="another" liik="ProS" vorm="sg.nom.">tᵘɔì</sone><sone id="l18_s4" lk="372" lemma="perī+mīez" tahendus="peremees" ingl="host" liik="S" vorm="sg.nom.">perì+miεz</sone><sone id="l18_s5" lk="372" lemma="vȱlda" tahendus="olla" ingl="be" liik="Va" vorm="pers.ind.pr.sg.3.">um’</sone><sone id="l18_s6" lk="372" lemma="vȱlda" tahendus="olla" ingl="be" liik="V" vorm="nud.sg.">vɔǹd</sone><sone id="l18_s7" lk="372" lemma="riktig" tahendus="õige" liik="Adv">rik̀t́ig</sone><sone id="l18_s8" lk="372" lemma="jǭḑ" tahendus="halltõbi" liik="S" vorm="sg.instl.">jå̄d́kəks</sone><sone id="l18_s9" lk="372" lemma="rujā" tahendus="haige" ingl="ill" liik="A" vorm="sg.nom.">rujà</sone><sone id="l18_s10" lk="372" meta="vahemärk">.</sone></lause></sisu>
</liivike>
