<?xml version="1.0" encoding="UTF-8"?>
<?xml-stylesheet type="text/xsl" href="liivike_tekst.xsl"?>
<liivike>
	<info><tyyp>kirjalik</tyyp><keel>liivi</keel><murre>Īra</murre><kirjaviis>foneetiline transkriptsioon</kirjaviis><kyla longituud="22.107" latituud="57.62">Īra</kyla><teos pealkiri="Näytteitä liivin kielestä" aasta="1953" koht="Helsinki">E. N. Setälä</teos></info><sisu id="Set_Tap_8">
		<lause id="l1">
			<sone id="l1_s1" lk="457" meta="number">8</sone>
			<sone id="l1_s2" lk="457" meta="vahemärk">.</sone></lause>
		<lause id="l2"><sone id="l2_s1" lk="457" lemma="Īra" tahendus="Īra" lati="Lielirbe" liik="H" vorm="sg.gen.">Īra</sone><sone id="l2_s2" lk="457" meta="vahemärk">.</sone></lause><lause id="l3"><sone id="l3_s1" lk="457" lemma="brēḑig" tahendus="reede" ingl="friday" liik="S" vorm="sg.gen.">brē’dig</sone><sone id="l3_s2" lk="457" meta="vahemärk">[</sone><sone id="l3_s3" lk="457" lemma="ȭ’dõn" tahendus="õhtul" ingl="in tne evening" liik="Adv">ǖdən</sone><sone id="l3_s4" lk="457" meta="vahemärk"> &gt;</sone><sone id="l3_s5" lk="457" meta="vahemärk">]</sone><sone id="l3_s6" lk="457" lemma="ȭ’dõn" tahendus="õhtul" ingl="in the evening" liik="Adv">ī̮’dən</sone><sone id="l3_s7" lk="457" lemma="nai" tahendus="naine" ingl="woman" liik="S" vorm="pl.nom.">naist</sone><sone id="l3_s8" lk="457" lemma="ä’b" tahendus="ei" ingl="not" liik="Mn" vorm="pers.ind.pr.pl.3.">äb</sone><sone id="l3_s9" lk="457" lemma="tū’oḑõ" tahendus="tohtida" ingl="may" liik="Va" vorm="pers.ind.pl.3.neg.">tu’od́ət</sone><sone id="l3_s10" lk="457" lemma="vērbikšõ" tahendus="kedrata" ingl="spin" liik="V" vorm="inf.">vērbikšə</sone><sone id="l3_s11" lk="457" meta="vahemärk">,</sone><sone id="l3_s12" lk="457" lemma="si’z" tahendus="siis" ingl="then" liik="ProAdv">siz</sone><sone id="l3_s13" lk="457" lemma="lāmbaz" tahendus="lammas" ingl="sheep" liik="S" vorm="pl.nom.">lambəd</sone><sone id="l3_s14" lk="457" lemma="ä’b" tahendus="ei" ingl="not" liik="Mn" vorm="pers.ind.pr.pl.3.">äb</sone><sone id="l3_s15" lk="457" lemma="ka’zzõ" tahendus="kasvada" ingl="grow" liik="V" vorm="pers.kvt.pl.3.neg.">kazājid</sone><sone id="l3_s16" lk="457" meta="vahemärk">.</sone></lause><lause id="l4"><sone id="l4_s1" lk="457" lemma="matīkš+pǟva" tahendus="madisepäev" ingl="Saint Matthias's day" liik="ProS" vorm="sg.gen.">mat́t́əks+pǟva</sone><sone id="l4_s2" lk="457" lemma="ȭ’dõn" tahendus="õhtul" ingl="in tne evening" liik="Adv">ī̮dən</sone><sone id="l4_s3" lk="457" lemma="ä’b" tahendus="ei" ingl="not" liik="Mn" vorm="ips.ind.sg.3.">äb</sone><sone id="l4_s4" lk="457" lemma="tūodõ" tahendus="tuua" ingl="bring" liik="V" vorm="ips.ind.sg.3.neg.">tue̮</sone><sone id="l4_s5" lk="457" lemma="tu’ļ" tahendus="tuli" ingl="fire" liik="S" vorm="sg.part.">tūlda</sone><sone id="l4_s6" lk="457" lemma="tubā" tahendus="tuba" ingl="house" liik="S" vorm="sg.ill.">tu’bbə</sone><sone id="l4_s7" lk="457" meta="vahemärk">,</sone><sone id="l4_s8" lk="457" lemma="alā" tahendus="ära" ingl="not" liik="Mn" vorm="pers.jus.pr.sg.3.neg.">algə</sone><sone id="l4_s9" lk="457" lemma="vȱlda" tahendus="olla" ingl="be" liik="V" vorm="pers.jus.sg.3.neg.">ve̮lk</sone><sone id="l4_s10" lk="457" lemma="kärmi" tahendus="kärbes" ingl="fly" liik="S" vorm="pl.part.">kärmizi</sone><sone id="l4_s11" lk="457" meta="vahemärk">.</sone></lause><lause id="l5"><sone id="l5_s1" lk="457" lemma="si’z" tahendus="siis" ingl="then" liik="ProAdv">siz</sone><sone id="l5_s2" lk="457" lemma="ikš" tahendus="üks" ingl="one" liik="ProS" vorm="sg.nom.">ükš</sone><sone id="l5_s3" lk="457" lemma="lǟʼdõ" tahendus="minna" ingl="go" liik="V" vorm="pers.ind.pr.sg.3.">lǟ’b</sone><sone id="l5_s4" lk="457" lemma="ki’v" tahendus="käsikivi" ingl="quern" liik="S" vorm="sg.gen.">kiv’</sone><sone id="l5_s5" lk="457" lemma="jūr" tahendus="juurde" liik="Post">jūr</sone><sone id="l5_s6" lk="457" lemma="kukki" tahendus="putukas" ingl="insect" liik="S" vorm="pl.part.">kukīzi</sone><sone id="l5_s7" lk="457" meta="vahemärk">,</sone><sone id="l5_s8" lk="457" lemma="kärmi" tahendus="kärbes" ingl="fly" liik="S" vorm="pl.part.">kärmizi</sone><sone id="l5_s9" lk="457" lemma="jovātõ" tahendus="jahvatada" ingl="grind" liik="V" vorm="sup.">jovām</sone><sone id="l5_s10" lk="457" meta="vahemärk">.</sone></lause><lause id="l6"><sone id="l6_s1" lk="457" lemma="si’z" tahendus="siis" ingl="then" liik="ProAdv">siz</sone><sone id="l6_s2" lk="457" lemma="tuoi" tahendus="teine" ingl="other" liik="ProS" vorm="sg.nom.">tᵘe̮i</sone><sone id="l6_s3" lk="457" lemma="ki’zzõ" tahendus="küsida" ingl="ask" liik="V" vorm="pers.ind.pr.sg.3.">küzūb</sone><sone id="l6_s4" lk="457" meta="vahemärk">:</sone><sone id="l6_s5" lk="457" lemma="”">”</sone><sone lk="457" keel="eesti" id="l6_s6" lemma="mis" tahendus="mis" ingl="what" liik="Intr" vorm="sg.part.">mis</sone><sone id="l6_s7" lk="457" lemma="sinā" tahendus="sina" ingl="you" liik="ProS" vorm="sg.nom.">sa</sone><sone id="l6_s8" lk="457" lemma="jovātõ" tahendus="jahvatada" ingl="grind" liik="V" vorm="pers.ind.pr.sg.2.">jovād</sone><sone lk="457" keel="eesti" id="l6_s9" meta="vahemärk">?</sone><sone id="l6_s10" lk="457" meta="vahemärk">”</sone></lause><lause id="l7"><sone id="l7_s1" lk="457" lemma="tämā" tahendus="tema" ingl="he" liik="ProS" vorm="sg.nom.">ta</sone><sone id="l7_s2" lk="457" lemma="kītõ" tahendus="öelda" ingl="say" liik="V" vorm="pers.ind.pr.sg.3.">kītəb</sone><sone id="l7_s3" lk="457" meta="vahemärk">:</sone><sone id="l7_s4" lk="457" meta="vahemärk">”</sone><sone lk="457" keel="eesti" id="l7_s5" lemma="minā" tahendus="mina" ingl="I" liik="ProS" vorm="sg.nom.">ma</sone><sone id="l7_s6" lk="457" lemma="jovātõ" tahendus="jahvatada" ingl="grind" liik="V" vorm="pers.ind.pr.sg.1.">jovā</sone><sone id="l7_s7" lk="457" lemma="kukki" tahendus="putukas" ingl="insect" liik="S" vorm="pl.part.">kukīzi</sone><sone id="l7_s8" lk="457" meta="vahemärk">,</sone><sone id="l7_s9" lk="457" lemma="kärmi" tahendus="kärbes" ingl="fly" liik="S" vorm="pl.part.">kärmizi</sone><sone lk="457" keel="eesti" id="l7_s10" meta="vahemärk">.</sone><sone id="l7_s11" lk="457" meta="vahemärk">”</sone></lause><lause id="l8"><sone id="l8_s1" lk="457" lemma="la’z" tahendus="las" ingl="let" liik="ModAdv">laz</sone><sone id="l8_s2" lk="457" lemma="nämād" tahendus="nemad" ingl="they" liik="ProAdv" vorm="pl.gen.">nänt</sone><sone id="l8_s3" lk="457" lemma="jovātõ" tahendus="jahvatada" ingl="grind" liik="V" vorm="ips.jus.pr.sg.3.">jovāg</sone><sone id="l8_s4" lk="457" lemma="jarā" tahendus="ära" liik="Adva">jerā</sone><sone id="l8_s5" lk="457" meta="vahemärk">,</sone><sone id="l8_s6" lk="457" lemma="si’z" tahendus="siis" ingl="then" liik="ProAdv">siz</sone><sone id="l8_s7" lk="457" lemma="matīkš+pǟva" tahendus="madisepäev" ingl="Saint Matthias's day" liik="ProS" vorm="sg.gen.">mat́t́əks+pǟva</sone><sone id="l8_s8" lk="457" lemma="ūoņdžõl" tahendus="hommikul" ingl="in the morning" liik="Adv">ue̮ńdžil</sone><sone id="l8_s9" lk="457" lemma="vīdõ" tahendus="viia" ingl="take" liik="V" vorm="ips.ind.pr.sg.3.">vībəd</sone><sone id="l8_s10" lk="457" lemma="tikkiž" tahendus="kõik" ingl="all" liik="Adv">tükkiz</sone><sone id="l8_s11" lk="457" lemma="ǟrkiļ" tahendus="koonlavarras" liik="S" vorm="pl.nom.">ärkĺəd</sone><sone id="l8_s12" lk="457" meta="vahemärk">,</sone><sone id="l8_s13" lk="457" lemma="linā+lä’bḑi" tahendus="linalaba" liik="S" vorm="pl.nom.">linā+lä’b́d́əd</sone><sone id="l8_s14" lk="457" lemma="ulzõ" tahendus="välja" ingl="out" liik="Adva">ulz</sone><sone id="l8_s15" lk="457" lemma="tarā" tahendus="aed" ingl="fence" liik="S" vorm="sg.gen.">tarān</sone><sone lk="457" keel="eesti" id="l8_s16" lemma="a’igõ" tahendus="äärde" liik="Post" kommentaar="?">ä’ggə</sone><sone id="l8_s17" lk="457" lemma="lu’m" tahendus="lumi" ingl="snow" liik="S" vorm="sg.gen.">lum’</sone><sone id="l8_s18" lk="457" lemma="sillõ" tahendus="sisse" ingl="in" liik="Adv">sil’l</sone><sone id="l8_s19" lk="457" meta="vahemärk">,</sone><sone id="l8_s20" lk="457" lemma="alā" tahendus="alla" ingl="not" liik="Mn" vorm="pers.jus.pr.pl.3.">algə</sone><sone id="l8_s21" lk="457" lemma="ūška" tahendus="madu" ingl="snake" liik="S" vorm="pl.part.">ūiskidi</sone><sone id="l8_s22" lk="457" lemma="vȱlda" tahendus="olla" ingl="be" liik="V" vorm="pers.jus.pr.sg.3.neg.">ve̮lg</sone><sone id="l8_s23" lk="457" lemma="sõ’vvõ" tahendus="suvel" ingl="in the summer" liik="Adv">si̮v’və</sone><sone id="l8_s24" lk="457" meta="vahemärk">.</sone></lause><lause id="l9"><sone id="l9_s1" lk="457" lemma="ve’l" tahendus="veel" ingl="also" liik="Adv">vel</sone><sone id="l9_s2" lk="457" meta="vahemärk">[</sone><sone id="l9_s3" lk="457" lemma="võttõ" tahendus="võtta" ingl="take" liik="V" vorm="ips.ind.pr.sg.3.">vutāb</sone><sone id="l9_s4" lk="457" meta="vahemärk"> &gt;</sone><sone id="l9_s5" lk="457" meta="vahemärk">]</sone><sone id="l9_s6" lk="457" lemma="võttõ" tahendus="võtta" ingl="take" liik="V" vorm="ips.ind.pr.sg.3.">vi̮tāb</sone><sone id="l9_s7" lk="457" lemma="sūr" tahendus="suur" ingl="big" liik="A" vorm="sg.gen.">sūr</sone><sone id="l9_s8" lk="457" lemma="kieuž" tahendus="köis" ingl="rope" liik="S" vorm="sg.gen.">kⁱeuvd</sone><sone id="l9_s9" lk="457" lemma="kä’ddõ" tahendus="kätte" liik="Adva">kä’ddə</sone><sone id="l9_s10" lk="457" lemma="un" tahendus="ja" ingl="and" liik="Konj">un</sone><sone id="l9_s11" lk="457" lemma="si’z" tahendus="siis" ingl="then" liik="ProAdv">siz</sone><sone id="l9_s12" lk="457" lemma="jūokšõ" tahendus="joosta" ingl="run" liik="V" vorm="ips.ind.pr.sg.3.">juokšəb</sone><sone id="l9_s13" lk="457" lemma="kuolm" tahendus="kolm" ingl="three" liik="Nump" vorm="sg.nom.">kᵘe̮lm</sone><sone id="l9_s14" lk="457" meta="vahemärk">[</sone><sone id="l9_s15" lk="457" lemma="kõrd" tahendus="kord" ingl="time" liik="S" vorm="sg.part.">kürd</sone><sone id="l9_s16" lk="457" meta="vahemärk"> &gt;</sone><sone id="l9_s17" lk="457" meta="vahemärk">]</sone><sone id="l9_s18" lk="457" lemma="kõrd" tahendus="kord" ingl="time" liik="S" vorm="sg.part.">ki̮rd</sone><sone id="l9_s19" lk="457" meta="vahemärk">[</sone><sone id="l9_s20" lk="457" lemma="immõr" tahendus="ümber" ingl="around" liik="Pre">ümmər</sone><sone id="l9_s21" lk="457" meta="vahemärk"> &gt;</sone><sone id="l9_s22" lk="457" meta="vahemärk">]</sone><sone id="l9_s23" lk="457" lemma="immõr" tahendus="ümber" ingl="around" liik="Pre">ümmr̥</sone><sone id="l9_s24" lk="457" lemma="tubā" tahendus="tuba" ingl="house" liik="S" vorm="sg.gen.">tubā</sone><sone id="l9_s25" lk="457" meta="vahemärk">,</sone><sone id="l9_s26" lk="457" lemma="alā" tahendus="alla" ingl="not" liik="Mn" vorm="pers.jus.pr.sg.3.">algə</sone><sone id="l9_s27" lk="457" lemma="ūška" tahendus="madu" ingl="snake" liik="S" vorm="pl.part.">ūiskidi</sone><sone id="l9_s28" lk="457" lemma="vȱlda" tahendus="olla" ingl="be" liik="V" vorm="pers.jus.sg.3.neg.">ve̮lg</sone><sone id="l9_s29" lk="457" meta="vahemärk">.</sone></lause><lause id="l10"><sone id="l10_s1" lk="457" lemma="niklõks+pǟva" tahendus="nigulapäev" ingl="Saint Nicholas's day" liik="S" vorm="sg.gen.">nikləks+pǟva</sone><sone id="l10_s2" lk="457" lemma="ūoņdžõl" tahendus="hommikul" ingl="in the morning" liik="Adv">uońdžil</sone><sone id="l10_s3" lk="457" lemma="sa’ddõ" tahendus="kukkuda" ingl="fall" liik="V" vorm="pers.ind.pr.sg.3.">sadāb</sone><sone id="l10_s4" lk="457" lemma="sūr" tahendus="suur" ingl="big" liik="A" vorm="sg.nom.">sūr</sone><sone id="l10_s5" lk="457" lemma="kuotkānõz" tahendus="kotkas" ingl="eagle" liik="S" vorm="sg.nom.">kᵘe̮tkān</sone><sone id="l10_s6" lk="457" lemma="piedāg" tahendus="mänd" ingl="pine" liik="S" vorm="sg.gen.">pⁱedāg</sone><sone id="l10_s7" lk="457" lemma="ladā" tahendus="latv" ingl="top" liik="S" vorm="sg.el.">ladāst</sone><sone id="l10_s8" lk="457" lemma="mǭ’zõ" tahendus="maha" ingl="down" liik="Adva">mā’zə</sone><sone id="l10_s9" lk="457" meta="vahemärk">,</sone><sone id="l10_s10" lk="457" lemma="si’z" tahendus="siis" ingl="then" liik="ProAdv">siz</sone><sone id="l10_s11" lk="457" lemma="vȱlda" tahendus="olla" ingl="be" liik="Va" vorm="pers.ind.pr.sg.3.">um</sone><sone id="l10_s12" lk="457" lemma="vȯzā" tahendus="liha" ingl="meat" liik="S" vorm="sg.part.">ve̮’zzə</sone><sone id="l10_s13" lk="457" lemma="kīetõ" tahendus="keeta" ingl="cook" liik="V" vorm="deb.">kietimist</sone><sone id="l10_s14" lk="457" meta="vahemärk">,</sone><sone id="l10_s15" lk="457" lemma="si’z" tahendus="siis" ingl="then" liik="ProAdv">siz</sone><sone id="l10_s16" lk="457" lemma="tappõ" tahendus="tappa" ingl="kill" liik="V" vorm="ips.ind.pr.sg.3.">tapāb</sone><sone id="l10_s17" lk="457" lemma="kik" tahendus="kukk" ingl="cock" liik="S" vorm="sg.gen.">kik</sone><sone id="l10_s18" lk="457" lemma="mǭ’" tahendus="maha" liik="Adva">mā’</sone><sone id="l10_s19" lk="457" meta="vahemärk">.</sone></lause><lause id="l11"><sone id="l11_s1" lk="457" lemma="maŗț+pǟva" tahendus="mardipäev" ingl="Saint Martin's day" liik="S" vorm="sg.gen.">maŕt+pǟva</sone><sone id="l11_s2" lk="457" lemma="ȭ’dõn" tahendus="õhtul" ingl="in the evening" liik="Adv">ī̮’dən</sone><sone id="l11_s3" lk="457" lemma="si’z" tahendus="siis" ingl="then" liik="ProAdv">siz</sone><sone id="l11_s4" lk="457" lemma="pȯis" tahendus="poiss" ingl="boy" liik="S" vorm="pl.nom.">pue̮šid</sone><sone id="l11_s5" lk="457" lemma="lǟʼdõ" tahendus="minna" ingl="go" liik="V" vorm="pers.ind.pr.pl.3.">lǟ’bəd</sone><sone id="l11_s6" lk="457" lemma="maŗț" tahendus="mart" liik="S" vorm="pl.part.">må̄ŕtidi</sone><sone id="l11_s7" lk="457" lemma="a’jjõ" tahendus="ajada" liik="V" vorm="sup." ingl="run">ajām</sone><sone id="l11_s8" lk="457" meta="vahemärk">,</sone><sone id="l11_s9" lk="457" lemma="kǭ’skõ" tahendus="kasukas" ingl="coat" liik="S" vorm="pl.gen.">kā’skəd</sone><sone id="l11_s10" lk="457" lemma="vie’ddõ" tahendus="tõmmata" ingl="pull" liik="V" vorm="pers.ind.pr.pl.3.">vⁱedābəd</sone><sone id="l11_s11" lk="457" lemma="sälgõ" tahendus="selga" liik="Adv">sälgə</sone><sone id="l11_s12" lk="457" meta="vahemärk">,</sone><sone id="l11_s13" lk="457" lemma="pǭ’mi" tahendus="pahem" ingl="inner?" liik="A" vorm="sg.gen.">på̄’miz</sone><sone id="l11_s14" lk="457" lemma="pūol" tahendus="pool" ingl="side" liik="Post" vorm="sg.gen.">puol</sone><sone id="l11_s15" lk="457" lemma="pǟlõ" tahendus="peale" ingl="on" liik="Adv">pǟlə</sone><sone id="l11_s16" lk="457" meta="vahemärk">,</sone><sone id="l11_s17" lk="457" lemma="agā" tahendus="aga" ingl="but" liik="Konj">aga</sone><sone id="l11_s18" lk="457" lemma="si’z" tahendus="siis" ingl="then" liik="ProAdv">siz</sone><sone id="l11_s19" lk="457" meta="vahemärk">[</sone><sone id="l11_s20" lk="457" lemma="vȯļg" tahendus="õlg" ingl="straw" liik="S" vorm="pl.nom.">vuolgud</sone><sone id="l11_s21" lk="457" meta="vahemärk"> &gt;</sone><sone id="l11_s22" lk="457" meta="vahemärk">]</sone><sone id="l11_s23" lk="457" lemma="vȯļg" tahendus="õlg" ingl="straw" liik="S" vorm="pl.nom.">vē̮lgud</sone><sone id="l11_s24" lk="457" lemma="immõr" tahendus="ümber" ingl="around" liik="Pre">ümmr̥</sone><sone id="l11_s25" lk="457" lemma="ke’ž" tahendus="käsi" ingl="hand" liik="S" vorm="pl.gen.">kädūd</sone><sone id="l11_s26" lk="457" lemma="un" tahendus="ja" ingl="and" liik="Konj">um</sone><sone id="l11_s27" lk="457" lemma="immõr" tahendus="ümber" ingl="around" liik="Pre">ümmr̥</sone><sone id="l11_s28" lk="457" lemma="sidām" tahendus="keskkoht" ingl="middle" liik="S" vorm="sg.gen.">südām</sone><sone id="l11_s29" lk="457" lemma="un" tahendus="ja" ingl="and" liik="Konj">un</sone><sone id="l11_s30" lk="457" lemma="immõr" tahendus="ümber" ingl="around" liik="Pre">ümmr̥</sone><sone id="l11_s31" lk="457" lemma="ka’ggõl" tahendus="kael" ingl="neck" liik="S" vorm="sg.gen.">ka’glə</sone><sone id="l11_s32" lk="457" meta="vahemärk">.</sone></lause><lause id="l12"><sone id="l12_s1" lk="457" lemma="si’z" tahendus="siis" ingl="then" liik="ProAdv">siz</sone><sone id="l12_s2" lk="457" lemma="sovā" tahendus="kepp" ingl="mace" liik="S" vorm="sg.nom.">sovā</sone><sone id="l12_s3" lk="457" lemma="kä’ds" tahendus="käes" liik="Adv">kä’ds</sone><sone id="l12_s4" lk="457" lemma="un" tahendus="ja" ingl="and" liik="Konj">un</sone><sone id="l12_s5" lk="457" lemma="se" tahendus="see" ingl="this" liik="ProS" vorm="sg.gen.">sie</sone><sone id="l12_s6" lk="457" lemma="sovā" tahendus="kepp" ingl="mace" liik="S" vorm="sg.gen.">sovā</sone><sone id="l12_s7" lk="458" lemma="jūs" tahendus="juures" liik="Post">jūs</sone><sone id="l12_s8" lk="458" lemma="kīela" tahendus="kell" ingl="bell" liik="S" vorm="sg.nom.">kiela</sone><sone id="l12_s9" lk="458" lemma="un" tahendus="ja" ingl="and" liik="Konj">un</sone><sone id="l12_s10" lk="458" lemma="tī’edõ" tahendus="teha" ingl="make" liik="V" vorm="ips.ind.pr.sg.3.">tieb</sone><sone id="l12_s11" lk="458" lemma="seļļi" tahendus="selline" ingl="such" liik="ProA" vorm="pl.nom.">sellist</sone><sone id="l12_s12" lk="458" lemma="sūr" tahendus="suur" ingl="big" liik="A" vorm="pl.nom.">sūrd</sone><sone id="l12_s13" lk="458" lemma="a’bbõnd" tahendus="habe" ingl="beard" liik="S" vorm="pl.nom.">a’bnəd</sone><sone id="l12_s14" lk="458" lemma="si’z" tahendus="siis" ingl="then" liik="ProAdv">siz</sone><sone id="l12_s15" lk="458" lemma="nemē" tahendus="nagu" ingl="like" liik="Konj">neme</sone><sone id="l12_s16" lk="458" lemma="kuŗē" tahendus="kurat" ingl="devil" liik="S" vorm="sg.gen.">kure</sone><sone id="l12_s17" lk="458" meta="vahemärk">,</sone><sone id="l12_s18" lk="458" lemma="si’z" tahendus="siis" ingl="then" liik="ProAdv">siz</sone><sone id="l12_s19" lk="458" lemma="pieksõ" tahendus="peksta" ingl="beat" liik="V" vorm="pers.ind.pr.pl.3.">pⁱeksābəd</sone><sone id="l12_s20" lk="458" lemma="läpš" tahendus="laps" ingl="child" liik="S" vorm="pl.part.">läpši</sone><sone id="l12_s21" lk="458" lemma="un" tahendus="ja" ingl="and" liik="Konj">un</sone><sone id="l12_s22" lk="458" lemma="neitst" tahendus="neiu" ingl="maiden" liik="S" vorm="pl.part.">neitsidi</sone><sone id="l12_s23" lk="458" meta="vahemärk">.</sone></lause><lause id="l13"><sone id="l13_s1" lk="458" lemma="vastālovā" tahendus="vastlad" ingl="Shrovetide" liik="S" vorm="sg.gen.">vastālova</sone><sone id="l13_s2" lk="458" lemma="ȭ’dõn" tahendus="õhtul" ingl="in the evening" liik="Adv">ī̮’dən</sone><sone id="l13_s3" lk="458" lemma="si’z" tahendus="siis" ingl="then" liik="ProAdv">siz</sone><sone id="l13_s4" lk="458" lemma="neitst" tahendus="neiu" ingl="maiden" liik="S" vorm="pl.nom.">neitsəd</sone><sone id="l13_s5" lk="458" lemma="vie’ddõ" tahendus="tõmmata" ingl="pull" liik="V" vorm="pers.ind.pr.pl.3.">vⁱedābəd</sone><sone id="l13_s6" lk="458" lemma="vālda" tahendus="valge" ingl="white" liik="A" vorm="pl.nom.">vå̄ldad</sone><sone id="l13_s7" lk="458" lemma="serk" tahendus="särk" ingl="shirt" liik="S" vorm="pl.nom.">sērkid</sone><sone id="l13_s8" lk="458" lemma="sälgõ" tahendus="selga" liik="Adv">sälgə</sone><sone id="l13_s9" lk="458" lemma="un" tahendus="ja" ingl="and" liik="Konj">un</sone><sone id="l13_s10" lk="458" lemma="lǟʼdõ" tahendus="minna" ingl="go" liik="V" vorm="pers.ind.pr.pl.3.">lǟ’bəd</sone><sone id="l13_s11" lk="458" lemma="käkā" tahendus="käka" vorm="pl.part." kommentaar="?">käkīd</sone><sone id="l13_s12" lk="458" lemma="a’jjõ" tahendus="ajada" ingl="run" liik="V" vorm="sup.">ajām</sone><sone id="l13_s13" lk="458" meta="vahemärk">.</sone></lause><lause id="l14"><sone id="l14_s1" lk="458" lemma="si’z" tahendus="siis" ingl="then" liik="ProAdv">siz</sone><sone id="l14_s2" lk="458" lemma="daņtšõ" tahendus="tantsida" ingl="dance" liik="V" vorm="pers.ind.pr.pl.3.">dańtšəbəd</sone><sone id="l14_s3" lk="458" lemma="un" tahendus="ja" ingl="and" liik="Konj">un</sone><sone id="l14_s4" lk="458" lemma="loulõ" tahendus="laulda" ingl="sing" liik="V" vorm="pers.ind.pr.pl.3.">lōlabəd</sone><sone id="l14_s5" lk="458" meta="vahemärk">.</sone></lause><lause id="l15"><sone id="l15_s1" lk="458" lemma="si’z" tahendus="siis" ingl="then" liik="ProAdv">siz</sone><sone id="l15_s2" lk="458" lemma="perī+nai" tahendus="perenaine" ingl="homemaker" liik="S" vorm="sg.nom.">perīnai</sone><sone id="l15_s3" lk="458" lemma="andõ" tahendus="anda" ingl="give" liik="V" vorm="pers.ind.pr.sg.3.">āndab</sone><sone id="l15_s4" lk="458" lemma="kak" tahendus="kakk" ingl="bun" liik="S" vorm="pl.part.">kakīd</sone><sone id="l15_s5" lk="458" meta="vahemärk">[</sone><sone id="l15_s6" lk="458" lemma="sīedõ" tahendus="süüa" ingl="eat" liik="V" vorm="inf.">süödə</sone><sone id="l15_s7" lk="458" meta="vahemärk"> &gt;</sone><sone id="l15_s8" lk="458" meta="vahemärk">]</sone><sone id="l15_s9" lk="458" lemma="sīedõ" tahendus="süüa" ingl="eat" liik="V" vorm="inf.">süädə</sone><sone id="l15_s10" lk="458" meta="vahemärk">.</sone></lause><lause id="l16"><sone id="l16_s1" lk="458" lemma="barban+pǟvan" tahendus="barbarapäeval" ingl="on Saint Barbara's day" liik="Adv" kommentaar="?">bārban+pǟvan</sone><sone id="l16_s2" lk="458" lemma="si’z" tahendus="siis" ingl="then" liik="ProAdv">siz</sone><sone id="l16_s3" lk="458" lemma="kīetõ" tahendus="keeta" ingl="cook" liik="V" vorm="pers.ind.pr.sg.3.">kietəb</sone><sone id="l16_s4" lk="458" lemma="sūrmõd" tahendus="tangud" ingl="groats" liik="S" vorm="pl.el.">sūrmist</sone><sone id="l16_s5" lk="458" lemma="sand+rok" tahendus="puder" ingl="porridge" liik="S" vorm="sg.part.">sand+rokkə</sone><sone id="l16_s6" lk="458" lemma="amā" tahendus="kogu" ingl="whole" liik="ProS" vorm="sg.nom.">amā</sone><sone id="l16_s7" lk="458" meta="vahemärk">[</sone><sone id="l16_s8" lk="458" lemma="ro’vz" tahendus="rahvas" ingl="people" liik="S" vorm="sg.nom.">ro’už</sone><sone id="l16_s9" lk="458" meta="vahemärk"> &gt;</sone><sone id="l16_s10" lk="458" meta="vahemärk">]</sone><sone id="l16_s11" lk="458" lemma="ro’vz" tahendus="rahvas" ingl="people" liik="S" vorm="sg.nom.">rouž</sone><sone id="l16_s12" lk="458" lemma="un" tahendus="ja" ingl="and" liik="Konj">un</sone><sone id="l16_s13" lk="458" lemma="si’z" tahendus="siis" ingl="then" liik="ProAdv">siz</sone><sone id="l16_s14" lk="458" lemma="vīdõ" tahendus="viia" ingl="take" liik="V" vorm="pers.ind.pr.sg.3.">vīb</sone><sone id="l16_s15" lk="458" lemma="sōna" tahendus="saun" ingl="sauna" liik="S" vorm="sg.ill.">sounə</sone><sone id="l16_s16" lk="458" meta="vahemärk">,</sone><sone id="l16_s17" lk="458" lemma="la’z" tahendus="las" ingl="let" liik="ModAdv">laz</sone><sone id="l16_s18" lk="458" lemma="vanā" tahendus="vana" ingl="old" liik="A" vorm="pl.nom.">vanād</sone><sone id="l16_s19" lk="458" lemma="izā" tahendus="isa" ingl="father" liik="S" vorm="pl.nom.">izād</sone><sone id="l16_s20" lk="458" lemma="sǟ’l" tahendus="seal" ingl="there" liik="ProAdv">sǟ’l</sone><sone id="l16_s21" lk="458" lemma="sīedõ" tahendus="süüa" ingl="eat" liik="V" vorm="pers.jus.pr.pl.3.">süägəd</sone><sone id="l16_s22" lk="458" lemma="i’ļ" tahendus="üle" ingl="over" liik="Pre">üĺ’</sone><sone id="l16_s23" lk="458" lemma="īe" tahendus="öö" ingl="night" liik="S" vorm="sg.gen.">üö</sone><sone id="l16_s24" lk="458" lemma="un" tahendus="ja" ingl="and" liik="Konj">un</sone><sone id="l16_s25" lk="458" lemma="mǭŗi+neitst" tahendus="maarjaneitsi" liik="S" vorm="sg.nom.">må̄ŕi+neitst</sone><sone id="l16_s26" lk="458" lemma="ka" tahendus="ka" ingl="also" liik="ModAdv">ka</sone><sone id="l16_s27" lk="458" meta="vahemärk">.</sone></lause><lause id="l17"><sone id="l17_s1" lk="458" lemma="si’z" tahendus="siis" ingl="then" liik="ProAdv">siz</sone><sone id="l17_s2" lk="458" lemma="neitst" tahendus="neiu" ingl="maiden" liik="S" vorm="pl.nom.">neitsəd</sone><sone id="l17_s3" lk="458" lemma="loulõ" tahendus="laulda" ingl="sing" liik="V" vorm="pers.ind.pr.pl.3.">lōlabəd</sone><sone id="l17_s4" lk="458" meta="vahemärk">:</sone></lause><lause id="l18"><sone id="l18_s1" lk="458" meta="vahemärk">–</sone><sone id="l18_s2" lk="458" lemma="mǭŗi+neitst" tahendus="maarjaneitsi" liik="H" vorm="sg.nom.">må̄ŕi+neitst</sone><sone id="l18_s3" lk="458" meta="vahemärk">,</sone><sone id="l18_s4" lk="458" lemma="kus" tahendus="kuhu" ingl="where" liik="Intr">kus</sone><sone id="l18_s5" lk="458" lemma="sinā" tahendus="sina" ingl="you" liik="ProS" vorm="sg.nom.">sa</sone><sone id="l18_s6" lk="458" lemma="lǟ’dõ" tahendus="minna" ingl="go" liik="V" vorm="pers.ind.pr.sg.2.">lǟ’d</sone></lause><lause id="l19"><sone id="l19_s1" lk="458" lemma="kuldi" tahendus="kuldne" ingl="golden" liik="A" vorm="sg.nom.">kuldi</sone><sone id="l19_s2" lk="458" lemma="lūdõ" tahendus="luud" ingl="broom" liik="S" vorm="sg.nom.">lūdə</sone><sone id="l19_s3" lk="458" lemma="kāinal" tahendus="kaenal" liik="S" vorm="pl.nom.">kå̄inaləs</sone><sone id="l19_s4" lk="458" meta="vahemärk">?</sone></lause><lause id="l20"><sone id="l20_s1" lk="458" meta="vahemärk">–</sone><sone id="l20_s2" lk="458" lemma="minā" tahendus="mina" ingl="I" liik="ProS" vorm="sg.nom.">ma</sone><sone id="l20_s3" lk="458" lemma="lǟʼdõ" tahendus="minna" ingl="go" liik="V" vorm="pers.ind.pr.sg.1.">lǟ’b</sone><sone id="l20_s4" lk="458" lemma="tēg" tahendus="teie" ingl="you" liik="ProS" vorm="pl.gen.">tä’ddən</sone><sone id="l20_s5" lk="458" lemma="sōna" tahendus="saun" ingl="sauna" liik="S" vorm="sg.part.">sounə</sone><sone id="l20_s6" lk="458" lemma="pū’dstõ" tahendus="puhastada" ingl="clean" liik="V" vorm="sup.">pū’stəm</sone></lause><lause id="l21"><sone id="l21_s1" lk="458" lemma="la’z" tahendus="las" ingl="let" liik="ModAdv">laz</sone><sone id="l21_s2" lk="458" lemma="mēg" tahendus="meie" ingl="we" liik="ProS" vorm="pl.nom.">meg</sone><sone id="l21_s3" lk="458" lemma="sǭdõ" tahendus="saada" ingl="get" liik="V" vorm="pers.jus.pr.pl.1.">så̄gəd</sone><sone id="l21_s4" lk="458" meta="vahemärk">[</sone><sone id="l21_s5" lk="458" lemma="sand+rok" tahendus="puder" ingl="porridge" liik="S" vorm="sg.part.">sand+rokkə</sone><sone id="l21_s6" lk="458" meta="vahemärk"> &gt;</sone><sone id="l21_s7" lk="458" meta="vahemärk">]</sone><sone id="l21_s8" lk="458" lemma="sand+rok" tahendus="puder" ingl="porridge" liik="S" vorm="sg.part.">sand+rokt</sone><sone id="l21_s9" lk="458" lemma="sīedõ" tahendus="süüa" ingl="eat" liik="V" vorm="inf.">süädə</sone><sone id="l21_s10" lk="458" meta="vahemärk">.</sone></lause><lause id="l22"><sone id="l22_s1" lk="458" lemma="si’z" tahendus="siis" ingl="then" liik="ProAdv">siz</sone><sone id="l22_s2" lk="458" lemma="neitst" tahendus="neiu" ingl="maiden" liik="S" vorm="pl.nom.">neitsəd</sone><sone id="l22_s3" lk="458" lemma="pānda" tahendus="panna" ingl="put" liik="V" vorm="pers.ind.pr.pl.3.">panbəd</sone><sone id="l22_s4" lk="458" lemma="kakš" tahendus="kaks" ingl="two" liik="Nump" vorm="sg.nom.">kakš</sone><sone id="l22_s5" lk="458" lemma="sūr" tahendus="suur" ingl="big" liik="A" vorm="sg.part.">sūrdə</sone><sone id="l22_s6" lk="458" lemma="kouš+täuž" tahendus="kausitäis" ingl="bowlful" liik="S" vorm="sg.part.">kouvž+tǟta</sone><sone id="l22_s7" lk="458" lemma="sand+rok" tahendus="puder" ingl="porridge" liik="S" vorm="sg.part.">sand+rokkə</sone><sone id="l22_s8" lk="458" lemma="un" tahendus="ja" ingl="and" liik="Konj">un</sone><sone id="l22_s9" lk="458" lemma="si’z" tahendus="siis" ingl="then" liik="ProAdv">siz</sone><sone id="l22_s10" lk="458" lemma="lǟʼdõ" tahendus="minna" ingl="go" liik="V" vorm="pers.ind.pr.pl.3.">lǟ’bəd</sone><sone id="l22_s11" lk="458" lemma="ūoņdžõl" tahendus="hommikul" ingl="in the morning" liik="Adv">ue̮ńdžil</sone><sone id="l22_s12" lk="458" lemma="vaņțlõ" tahendus="vaadata" ingl="look" liik="V" vorm="sup.">vańḱĺəm</sone><sone id="l22_s13" lk="458" meta="vahemärk">,</sone><sone id="l22_s14" lk="458" lemma="kas" tahendus="kas" ingl="if" liik="Intr">kas</sone><sone id="l22_s15" lk="458" lemma="vȱlda" tahendus="olla" ingl="be" liik="Va" vorm="pers.ind.pr.sg.3.">um’</sone><sone id="l22_s16" lk="458" lemma="tijā" tahendus="tühi" ingl="empty" liik="A" vorm="sg.tr.">tüjāks</sone><sone id="l22_s17" lk="458" lemma="sīedõ" tahendus="süüa" ingl="eat" liik="V" vorm="tud.">süädəd</sone><sone id="l22_s18" lk="458" meta="vahemärk">.</sone></lause><lause id="l23"><sone id="l23_s1" lk="458" lemma="Mǭŗi+neitst" tahendus="Maarjaneitsi" ingl="maiden Mary" liik="H" vorm="pl.nom.">må̄ŕi+neitsəd</sone><sone id="l23_s2" lk="458" lemma="vȱlda" tahendus="olla" ingl="be" liik="Va" vorm="pers.ind.pr.pl.3.">ā’t</sone><sone id="l23_s3" lk="458" lemma="tikkiž" tahendus="kõik" ingl="all" liik="ProS" vorm="sg.nom.">tükkiz</sone><sone id="l23_s4" lk="458" lemma="jarā" tahendus="ära" liik="Adva">jerā</sone><sone id="l23_s5" lk="458" lemma="sīedõ" tahendus="süüa" ingl="eat" liik="V" vorm="nud.pl.">süänəd</sone><sone id="l23_s6" lk="458" meta="vahemärk">.</sone></lause><lause id="l24"><sone id="l24_s1" lk="458" meta="vahemärk">[</sone><sone id="l24_s2" lk="458" lemma="tõņņi" tahendus="tõnis" liik="S" vorm="sg.gen.">tüń’ńi</sone><sone id="l24_s3" lk="458" meta="vahemärk"> &gt;</sone><sone id="l24_s4" lk="458" meta="vahemärk">]</sone><sone id="l24_s5" lk="458" lemma="tõņņi+pǟva" tahendus="tõnisepäev" ingl="Saint Anthony's day" liik="S" vorm="sg.gen.">ti̮ń’ńi+pǟva</sone><sone id="l24_s6" lk="458" lemma="ūoņdžõl" tahendus="hommikul" ingl="in the morning" liik="Adv">ue̮ńdžil</sone><sone id="l24_s7" lk="458" lemma="si’z" tahendus="siis" ingl="then" liik="ProAdv">siz</sone><sone id="l24_s8" lk="458" lemma="ä’b" tahendus="ei" ingl="not" liik="Mn" vorm="pers.ind.pr.sg.3.">äb</sone><sone id="l24_s9" lk="458" meta="vahemärk">[</sone><sone id="l24_s10" lk="458" lemma="võidõ" tahendus="võida" ingl="may" liik="V" vorm="pers.ind.sg.3.neg.">vui</sone><sone id="l24_s11" lk="458" meta="vahemärk"> &gt;</sone><sone id="l24_s12" lk="458" meta="vahemärk">]</sone><sone id="l24_s13" lk="458" lemma="võidõ" tahendus="võida" ingl="may" liik="V" vorm="pers.ind.sg.3.neg.">vi̮i</sone><sone id="l24_s14" lk="458" meta="vahemärk">[</sone><sone id="l24_s15" lk="458" lemma="võrgõ" tahendus="võrk" ingl="net" liik="S" vorm="sg.part.">vǖrta</sone><sone id="l24_s16" lk="458" meta="vahemärk"> &gt;</sone><sone id="l24_s17" lk="458" meta="vahemärk">]</sone><sone id="l24_s18" lk="458" lemma="võrgõ" tahendus="võrk" ingl="net" liik="S" vorm="sg.part.">vī̮rta</sone><sone id="l24_s19" lk="458" lemma="ku’ddõ" tahendus="kududa" ingl="weave" liik="V" vorm="inf.">ku’ddə</sone><sone id="l24_s20" lk="458" meta="vahemärk">,</sone><sone id="l24_s21" lk="458" lemma="si’z" tahendus="siis" ingl="then" liik="ProAdv">siz</sone><sone id="l24_s22" lk="458" lemma="sigā" tahendus="siga" ingl="pig" liik="S" vorm="pl.nom.">sigād</sone><sone id="l24_s23" lk="458" lemma="kīskõ" tahendus="rebida" ingl="rip" liik="V" vorm="pers.ind.pr.pl.3.">kīskəbəd</sone><sone id="l24_s24" lk="458" lemma="jarā" tahendus="ära" liik="Adva">jerā</sone><sone id="l24_s25" lk="458" lemma="agā" tahendus="aga" ingl="but" liik="Konj">aga</sone><sone id="l24_s26" lk="458" lemma="si’z" tahendus="siis" ingl="then" liik="ProAdv">siz</sone><sone id="l24_s27" lk="458" lemma="vȱlda" tahendus="olla" ingl="be" liik="Va" vorm="pers.ind.pr.sg.3.">um’</sone><sone id="l24_s28" lk="458" lemma="sigā" tahendus="siga" ingl="pig" liik="S" vorm="sg.gen.">sigā</sone><sone id="l24_s29" lk="458" lemma="pǟ" tahendus="pea" ingl="head" liik="S" vorm="sg.nom.">pǟ</sone><sone id="l24_s30" lk="458" lemma="kīetõ" tahendus="keeta" ingl="cook" liik="V" vorm="deb.">kietimist</sone><sone id="l24_s31" lk="458" lemma="pūol" tahendus="pool" ingl="half" liik="Nump" vorm="sg.nom.">puol</sone><sone id="l24_s32" lk="459" lemma="jarā" tahendus="ära" liik="Adva">jerā</sone><sone id="l24_s33" lk="459" meta="vahemärk">.</sone></lause><lause id="l25"><sone id="l25_s1" lk="459" lemma="si’z" tahendus="siis" ingl="then" liik="ProAdv">siz</sone><sone id="l25_s2" lk="459" lemma="läpš" tahendus="laps" ingl="child" liik="S" vorm="pl.nom.">lapst</sone><sone id="l25_s3" lk="459" lemma="vīdõ" tahendus="viia" ingl="take" liik="V" vorm="pers.ind.pr.sg.3.">vībəd</sone><sone id="l25_s4" lk="459" lemma="lū" tahendus="luu" ingl="bone" liik="S" vorm="pl.nom.">lūd</sone><sone id="l25_s5" lk="459" meta="vahemärk">[</sone><sone id="l25_s6" lk="459" lemma="mõtsā" tahendus="mets" ingl="forest" liik="S" vorm="sg.ill.">mütsə</sone><sone id="l25_s7" lk="459" meta="vahemärk"> &gt;</sone><sone id="l25_s8" lk="459" meta="vahemärk">]</sone><sone id="l25_s9" lk="459" lemma="mõtsā" tahendus="mets" ingl="forest" liik="S" vorm="sg.ill.">mi̮tsə</sone><sone id="l25_s10" lk="459" lemma="un" tahendus="ja" ingl="and" liik="Konj">un</sone><sone id="l25_s11" lk="459" lemma="pieksõ" tahendus="peksta" ingl="beat" liik="V" vorm="pers.ind.pr.pl.3.">pⁱeksābəd</sone><sone id="l25_s12" lk="459" lemma="vä’ggi" tahendus="väga" ingl="very" liik="Adv">vä’ggi</sone><sone id="l25_s13" lk="459" lemma="je’nnõ" tahendus="palju" ingl="much" liik="Adv">jen’nə</sone><sone id="l25_s14" lk="459" lemma="ne" tahendus="need" ingl="these" liik="ProS" vorm="pl.part.">nēd́i</sone><sone id="l25_s15" lk="459" lemma="lū" tahendus="luu" ingl="bone" liik="S" vorm="pl.part.">lūd́i</sone><sone id="l25_s16" lk="459" meta="vahemärk">,</sone><sone id="l25_s17" lk="459" lemma="si’z" tahendus="siis" ingl="then" liik="ProAdv">siz</sone><sone id="l25_s18" lk="459" lemma="sigā" tahendus="siga" ingl="pig" liik="S" vorm="pl.nom.">sigād</sone><sone id="l25_s19" lk="459" lemma="lǟʼdõ" tahendus="minna" ingl="go" liik="V" vorm="pers.ind.pr.pl.3.">lǟ’bəd</sone><sone id="l25_s20" lk="459" meta="vahemärk">[</sone><sone id="l25_s21" lk="459" lemma="sõ’vvõ" tahendus="suvel" ingl="in the summer" liik="Adv">süvvə</sone><sone id="l25_s22" lk="459" meta="vahemärk"> &gt;</sone><sone id="l25_s23" lk="459" meta="vahemärk">]</sone><sone id="l25_s24" lk="459" lemma="sõ’vvõ" tahendus="suvel" ingl="in the summer" liik="Adv">si̮v’və</sone><sone id="l25_s25" lk="459" meta="vahemärk">[</sone><sone id="l25_s26" lk="459" lemma="jõvīst" tahendus="hästi" ingl="well" liik="Adv">juvist</sone><sone id="l25_s27" lk="459" meta="vahemärk"> &gt;</sone><sone id="l25_s28" lk="459" meta="vahemärk">]</sone><sone id="l25_s29" lk="459" lemma="jõvīst" tahendus="hästi" ingl="well" liik="Adv">ji̮vīst</sone><sone id="l25_s30" lk="459" lemma="mõtsā" tahendus="mets" ingl="forest" liik="S" vorm="sg.ill.">mi̮tsə</sone><sone id="l25_s31" lk="459" meta="vahemärk">.</sone></lause><lause id="l26"><sone id="l26_s1" lk="459" lemma="mǭŗi+pǟva" tahendus="maarjapäev" ingl="Saint Mary's day" liik="S" vorm="sg.gen.">må̄ŕi+pǟva</sone><sone id="l26_s2" lk="459" lemma="ūoņdžõl" tahendus="hommikul" ingl="in the morning" liik="Adv">uońdžil</sone><sone id="l26_s3" lk="459" lemma="andõ" tahendus="anda" ingl="give" liik="V" vorm="ips.ind.pr.sg.3.">å̄ndab</sone><sone id="l26_s4" lk="459" lemma="sigā" tahendus="siga" ingl="pig" liik="S" vorm="pl.dat.">sigādən</sone><sone id="l26_s5" lk="459" meta="vahemärk">[</sone><sone id="l26_s6" lk="459" lemma="võțīm" tahendus="võti" ingl="key" liik="S" vorm="sg.nom.">utim</sone><sone id="l26_s7" lk="459" meta="vahemärk"> &gt;</sone><sone id="l26_s8" lk="459" meta="vahemärk">]</sone><sone id="l26_s9" lk="459" lemma="võțīm" tahendus="võti" ingl="key" liik="S" vorm="sg.nom.">vi̮t́īm</sone><sone id="l26_s10" lk="459" lemma="kä’ddõ" tahendus="kätte" liik="Adva">kä’ddə</sone><sone id="l26_s11" lk="459" lemma="la’z" tahendus="las" ingl="let" liik="ModAdv">laz</sone><sone id="l26_s12" lk="459" lemma="nämād" tahendus="nemad" ingl="they" liik="ProAdv" vorm="pl.nom.">ne</sone><sone id="l26_s13" lk="459" lemma="ī’ž" tahendus="ise" ingl="themself" liik="ProS" vorm="pl.nom.">īž</sone><sone id="l26_s14" lk="459" lemma="ni" tahendus="nüüd" ingl="now" liik="Adv">ni</sone><sone id="l26_s15" lk="459" meta="vahemärk">[</sone><sone id="l26_s16" lk="459" lemma="tieudõ" tahendus="teada" ingl="know" liik="V" vorm="pers.jus.pr.pl.3.">tiedagəd</sone><sone id="l26_s17" lk="459" meta="vahemärk"> &gt;</sone><sone id="l26_s18" lk="459" meta="vahemärk">]</sone><sone id="l26_s19" lk="459" lemma="tieudõ" tahendus="teada" ingl="know" liik="V" vorm="pers.jus.pr.pl.3.">tiedəgəd</sone><sone id="l26_s20" lk="459" meta="vahemärk">,</sone><sone id="l26_s21" lk="459" lemma="kustõ" tahendus="kust" liik="Adv">kust</sone><sone id="l26_s22" lk="459" lemma="nämād" tahendus="nemad" ingl="they" liik="ProAdv" vorm="pl.nom.">ne</sone><sone id="l26_s23" lk="459" lemma="sīedõ" tahendus="süüa" ingl="eat" liik="V" vorm="inf.">süödə</sone><sone id="l26_s24" lk="459" lemma="sǭdõ" tahendus="saada" ingl="get" liik="V" vorm="pers.ind.pr.pl.3.">sābəd</sone><sone id="l26_s25" lk="459" meta="vahemärk">.</sone></lause><lause id="l27"><sone id="l27_s1" lk="459" lemma="a’ž" tahendus="kui" ingl="when" liik="Konj">aš</sone><sone id="l27_s2" lk="459" lemma="ve’l" tahendus="veel" ingl="still" liik="Adv">vel</sone><sone id="l27_s3" lk="459" lemma="vȱlda" tahendus="olla" ingl="be" liik="V" vorm="pers.ind.pr.sg.3.">um</sone><sone id="l27_s4" lk="459" meta="vahemärk">[</sone><sone id="l27_s5" lk="459" lemma="lu’m" tahendus="lumi" ingl="snow" liik="S" vorm="sg.part.">lūnda</sone><sone id="l27_s6" lk="459" meta="vahemärk"> &gt;</sone><sone id="l27_s7" lk="459" lemma="lu’m" tahendus="lumi" ingl="snow" liik="S" vorm="sg.nom.">lui’m</sone><sone id="l27_s8" lk="459" meta="vahemärk"> &gt;</sone><sone id="l27_s9" lk="459" meta="vahemärk">]</sone><sone id="l27_s10" lk="459" lemma="lu’m" tahendus="lumi" ingl="snow" liik="S" vorm="sg.nom.">lu’im</sone><sone id="l27_s11" lk="459" meta="vahemärk">,</sone><sone id="l27_s12" lk="459" lemma="si’z" tahendus="siis" ingl="then" liik="ProAdv">siz</sone><sone id="l27_s13" lk="459" lemma="läpš" tahendus="laps" ingl="child" liik="S" vorm="pl.nom.">lapst</sone><sone id="l27_s14" lk="459" lemma="vīdõ" tahendus="viia" ingl="take" liik="V" vorm="pers.ind.pr.pl.3.">vībəd</sone><sone id="l27_s15" lk="459" lemma="piški" tahendus="pisike" ingl="small" liik="A" vorm="sg.gen.">piškiz</sone><sone id="l27_s16" lk="459" meta="vahemärk">[</sone><sone id="l27_s17" lk="459" lemma="kuoț" tahendus="kott" ingl="bag" liik="S" vorm="sg.instl.">kᵘot́t́əks</sone><sone id="l27_s18" lk="459" meta="vahemärk"> &gt;</sone><sone id="l27_s19" lk="459" meta="vahemärk">]</sone><sone id="l27_s20" lk="459" lemma="kuoț" tahendus="kott" ingl="bag" liik="S" vorm="sg.instl.">kᵘe̮t́kəks</sone><sone id="l27_s21" lk="459" meta="vahemärk">[</sone><sone id="l27_s22" lk="459" lemma="vȯ’ddõrz" tahendus="oder" ingl="barley" liik="S" vorm="pl.part.">vᵘo’dridi</sone><sone id="l27_s23" lk="459" meta="vahemärk"> &gt;</sone><sone id="l27_s24" lk="459" meta="vahemärk">]</sone><sone id="l27_s25" lk="459" lemma="vȯ’ddõrz" tahendus="oder" ingl="barley" liik="S" vorm="pl.part.">ve̮’dridi</sone><sone id="l27_s26" lk="459" lemma="mõtsā" tahendus="mets" ingl="forest" liik="S" vorm="sg.ill.">mi̮tsə</sone><sone id="l27_s27" lk="459" meta="vahemärk">,</sone><sone id="l27_s28" lk="459" lemma="la’z" tahendus="las" ingl="let" liik="ModAdv">laz</sone><sone id="l27_s29" lk="459" lemma="si’z" tahendus="siis" ingl="then" liik="ProAdv">siz</sone><sone id="l27_s30" lk="459" lemma="sigā" tahendus="siga" ingl="pig" liik="S" vorm="pl.nom.">sigād</sone><sone id="l27_s31" lk="459" lemma="ne" tahendus="need" ingl="these" liik="ProS" vorm="pl.part.">nēd́i</sone><sone id="l27_s32" lk="459" lemma="sīedõ" tahendus="süüa" ingl="eat" liik="V" vorm="pers.jus.pr.pl.3.">süögəd</sone><sone id="l27_s33" lk="459" meta="vahemärk">.</sone></lause><lause id="l28"><sone id="l28_s1" lk="459" lemma="til+brēḑin" tahendus="suurel reedel" liik="Adv" kommentaar="?" ingl="on Good Friday">till+brē’diń</sone><sone id="l28_s2" lk="459" lemma="si’z" tahendus="siis" ingl="then" liik="ProAdv">siz</sone><sone id="l28_s3" lk="459" lemma="neitst" tahendus="neiu" ingl="maiden" liik="S" vorm="pl.nom.">neitsəd</sone><sone id="l28_s4" lk="459" lemma="lǟʼdõ" tahendus="minna" ingl="go" liik="V" vorm="pers.ind.pr.pl.3.">lǟ’bəd</sone><sone id="l28_s5" lk="459" lemma="taļ" tahendus="laut" liik="S" vorm="sg.ill." ingl="barn">taĺĺə</sone><sone id="l28_s6" lk="459" lemma="ǟrga" tahendus="härg" liik="S" vorm="sg.gen." ingl="ox">ǟrga</sone><sone id="l28_s7" lk="459" lemma="munād" tahendus="munand" liik="S" vorm="pl.part." ingl="testicles">muń’di</sone><sone id="l28_s8" lk="459" kommentaar="?" lemma="kǭ’ļõ" tahendus="katsuda" ingl="feel" liik="V" vorm="sup.">kā’ĺəm</sone><sone id="l28_s9" lk="459" meta="vahemärk">,</sone><sone id="l28_s10" lk="459" lemma="agā" tahendus="aga" ingl="but" liik="Konj">agā</sone><sone id="l28_s11" lk="459" lemma="jǭsõ" tahendus="jäär" liik="S" vorm="sg.gen." ingl="ram">jå̄s</sone><sone id="l28_s12" lk="459" lemma="munād" tahendus="munand" liik="S" vorm="pl.part." ingl="testicles">muń’di</sone><sone id="l28_s13" lk="459" lemma="ka" tahendus="ka" ingl="also" liik="ModAdv">ka</sone><sone id="l28_s14" lk="459" meta="vahemärk">,</sone><sone id="l28_s15" lk="459" lemma="la’z" tahendus="las" ingl="let" liik="ModAdv">las</sone><sone id="l28_s16" lk="459" lemma="kievād" tahendus="kevadel" ingl="in the spring" liik="Adv">kⁱevād</sone><sone id="l28_s17" lk="459" lemma="līdõ" tahendus="olema saada" ingl="will be" liik="V" vorm="pers.jus.pr.sg.3.">liedag</sone><sone id="l28_s18" lk="459" lemma="lind" tahendus="lind" ingl="bird" liik="S" vorm="sg.gen.">lind</sone><sone id="l28_s19" lk="459" lemma="munā" tahendus="muna" ingl="egg" liik="S" vorm="pl.part.">muń’di</sone><sone id="l28_s20" lk="459" meta="vahemärk">.</sone></lause><lause id="l29"><sone id="l29_s1" lk="459" lemma="taļš+pivād" tahendus="jõulud" ingl="Christmas" liik="S" vorm="pl.gen.">taĺži+püvād</sone><sone id="l29_s2" lk="459" lemma="īezõ" tahendus="öösel" ingl="in the night" liik="Adv">üözə</sone><sone id="l29_s3" lk="459" lemma="lǟʼdõ" tahendus="minna" ingl="go" liik="V" vorm="ips.ind.pr.pl.3.">lǟ’bəd</sone><sone id="l29_s4" lk="459" lemma="ulzõ" tahendus="välja" ingl="out" liik="Adva">ulz</sone><sone id="l29_s5" lk="459" lemma="tē’ḑ" tahendus="täht" ingl="star" liik="S" vorm="pl.part.">tǟ’didi</sone><sone id="l29_s6" lk="459" lemma="vaņțlõ" tahendus="vaadata" ingl="look" liik="V" vorm="sup.">vańt́ĺəm</sone><sone id="l29_s7" lk="459" meta="vahemärk">,</sone><sone id="l29_s8" lk="459" lemma="kas" tahendus="kas" ingl="if" liik="Intr">kas</sone><sone id="l29_s9" lk="459" lemma="līdõ" tahendus="olema saada" ingl="will be" liik="V" vorm="pers.ind.pr.sg.3.">līb</sone><sone id="l29_s10" lk="459" lemma="ka" tahendus="ka" ingl="also" liik="ModAdv">ka</sone><sone id="l29_s11" lk="459" lemma="je’nnõ" tahendus="palju" ingl="many" liik="Adv">jen’nə</sone><sone id="l29_s12" lk="459" lemma="piški" tahendus="pisike" ingl="small" liik="A" vorm="pl.part.">piškīz</sone><sone id="l29_s13" lk="459" lemma="lāmbaz" tahendus="lammas" ingl="sheep" liik="S" vorm="pl.part.">lambidi</sone><sone id="l29_s14" lk="459" meta="vahemärk">.</sone></lause><lause id="l30"><sone id="l30_s1" lk="459" lemma="taļš+pivād" tahendus="jõulud" ingl="Christmas" liik="S" vorm="sg.instl.">taĺži+püvādəks</sone><sone id="l30_s2" lk="459" lemma="tī’edõ" tahendus="teha" ingl="make" liik="V" vorm="pers.ind.pr.sg.3.">tieb</sone><sone id="l30_s3" lk="459" lemma="vȯ’l" tahendus="õlu" ingl="beer" liik="S" vorm="sg.part.">ve̮l’tə</sone><sone id="l30_s4" lk="459" lemma="amā" tahendus="kogu" ingl="all" liik="ProS" vorm="sg.nom.">amā</sone><sone id="l30_s5" lk="459" lemma="ro’vz" tahendus="rahvas" ingl="people" liik="S" vorm="sg.nom.">rou’ž</sone><sone id="l30_s6" lk="459" lemma="un" tahendus="ja" ingl="and" liik="Konj">un</sone><sone id="l30_s7" lk="459" lemma="ūdõ" tahendus="küpseda" ingl="bake" liik="V" vorm="pers.ind.pr.pl.3.">ūdəbəd</sone><sone id="l30_s8" lk="459" lemma="sǭja+lēba" tahendus="nisuleib" liik="S" vorm="sg.part.">så̄ja+leibə</sone><sone id="l30_s9" lk="459" meta="vahemärk">.</sone></lause><lause id="l31"><sone id="l31_s1" lk="459" lemma="si’z" tahendus="siis" ingl="then" liik="ProAdv">siz</sone><sone id="l31_s2" lk="459" lemma="jūodõ" tahendus="juua" ingl="drink" liik="V" vorm="ips.ind.pr.pl.3.">juobəd</sone><sone id="l31_s3" lk="459" lemma="vȯ’l" tahendus="õlu" ingl="beer" liik="S" vorm="sg.part.">ve̮l’tə</sone><sone id="l31_s4" lk="459" lemma="ne’i" tahendus="nii" ingl="so" liik="ProAdv">nei’</sone><sone id="l31_s5" lk="459" lemma="ku" tahendus="et" ingl="that" liik="Konj">ku</sone><sone id="l31_s6" lk="459" lemma="ǭ’j" tahendus="ahi" ingl="oven" liik="S" vorm="sg.nom.">å̄’i</sone><sone id="l31_s7" lk="459" lemma="īedõ" tahendus="muutuda" ingl="become" liik="V" vorm="pers.ind.pr.sg.3.">ieb</sone><sone id="l31_s8" lk="459" lemma="pa" tahendus="millekski, kellekski" liik="Pre">pa</sone><sone id="l31_s9" lk="459" lemma="sīezõr" tahendus="kirp" ingl="flea" liik="S" vorm="sg.tr.">siezərəks</sone><sone id="l31_s10" lk="459" meta="vahemärk">,</sone><sone id="l31_s11" lk="459" lemma="si’z" tahendus="siis" ingl="then" liik="ProAdv">siz</sone><sone id="l31_s12" lk="459" lemma="amād" tahendus="kõik" ingl="all" liik="ProS" vorm="pl.gen.">amad</sone><sone id="l31_s13" lk="459" lemma="mīez" tahendus="mees" ingl="man" liik="S" vorm="pl.dat.">mi’edən</sone><sone id="l31_s14" lk="459" lemma="vȱlda" tahendus="olla" ingl="be" liik="V" vorm="pers.ind.pr.pl.3.">ā’t</sone><sone id="l31_s15" lk="459" lemma="vīž" tahendus="viis" ingl="five" liik="Nump" vorm="sg.nom.">vīž</sone><sone id="l31_s16" lk="459" lemma="ǟrga" tahendus="härg" ingl="ox" liik="S" vorm="sg.part.">ärgə</sone><sone id="l31_s17" lk="459" lemma="taļ" tahendus="laut" ingl="barn" liik="S" vorm="sg.in.">taĺĺš</sone><sone id="l31_s18" lk="459" meta="vahemärk">.</sone></lause><lause id="l32"><sone id="l32_s1" lk="459" lemma="si’z" tahendus="siis" ingl="then" liik="ProAdv">siz</sone><sone id="l32_s2" lk="459" lemma="daņtšõ" tahendus="tantsida" ingl="dance" liik="V" vorm="ips.ind.pr.pl.3.">dańt́šəbəd</sone><sone id="l32_s3" lk="459" meta="vahemärk">,</sone><sone id="l32_s4" lk="459" lemma="īekõ" tahendus="hüpelda" ingl="jump" liik="V" vorm="ips.ind.pr.pl.3.">üökəbəd</sone><sone id="l32_s5" lk="459" lemma="nemē" tahendus="nagu" ingl="like" liik="Konj">neme</sone><sone id="l32_s6" lk="459" lemma="mu’ļki" tahendus="loll" ingl="silly" liik="A" vorm="pl.nom.">muĺ’kist</sone><sone id="l32_s7" lk="459" meta="vahemärk">.</sone></lause><lause id="l33"><sone id="l33_s1" lk="459" lemma="ūž" tahendus="uus" ingl="new" liik="A" vorm="pl.gen.">ūd</sone><sone lk="459" keel="eesti" id="l33_s2" lemma="āigast" tahendus="aasta" ingl="year" liik="S" vorm="sg.gen.">å̄igast</sone><sone id="l33_s3" lk="459" lemma="īezõ" tahendus="öösel" ingl="in the night" liik="Adv">üözə</sone><sone id="l33_s4" lk="459" lemma="si’z" tahendus="siis" ingl="then" liik="ProAdv">siz</sone><sone id="l33_s5" lk="459" lemma="lǟʼdõ" tahendus="minna" ingl="go" liik="V" vorm="ips.ind.pr.sg.3.">lǟ’b</sone><sone id="l33_s6" lk="459" lemma="kīela" tahendus="kell" ingl="clock" liik="S" vorm="sg.gen.">kiela</sone><sone id="l33_s7" lk="459" lemma="kakš+tuoistõn" tahendus="kaksteist" ingl="twelve" liik="Nump" vorm="sg.gen.">kakš-tᵘe̮istən</sone><sone id="l33_s8" lk="459" lemma="āigal" tahendus="ajal" ingl="time" liik="Adv">āigal</sone><sone id="l33_s9" lk="459" lemma="kouv" tahendus="kaev" ingl="well" liik="S" vorm="sg.gen.">kouv</sone><sone id="l33_s10" lk="459" lemma="jūr" tahendus="juurde" ingl="to" liik="Post">jūr</sone><sone id="l33_s11" lk="459" lemma="vīnõ" tahendus="viin" ingl="wine" liik="S" vorm="sg.part." kommentaar="Setälä pakub nii viina kui ka veini">vīnə</sone><sone id="l33_s12" lk="459" lemma="jūodõ" tahendus="juua" ingl="drink" liik="V" vorm="sup.">jue̮m</sone><sone id="l33_s13" lk="459" meta="vahemärk">,</sone><sone id="l33_s14" lk="459" lemma="si’z" tahendus="siis" ingl="then" liik="ProAdv">siz</sone><sone id="l33_s15" lk="459" lemma="kouv" tahendus="kaev" ingl="well" liik="S" vorm="sg.in.">kouvəs</sone><sone id="l33_s16" lk="459" lemma="se" tahendus="see" ingl="this" liik="ProS" vorm="sg.nom.">se</sone><sone id="l33_s17" lk="459" lemma="ve’ž" tahendus="vesi" ingl="water" liik="S" vorm="sg.nom.">ve’ⁱž</sone><sone id="l33_s18" lk="459" lemma="īedõ" tahendus="muutuda" ingl="become" liik="V" vorm="pers.kvt.pr.sg.3.">ie</sone><sone id="l33_s19" lk="459" lemma="pa" tahendus="millekski, kellekski" liik="Pre">pa</sone><sone id="l33_s20" lk="459" lemma="vīnõ" tahendus="vein" ingl="wine" liik="S" vorm="sg.tr.">vīnəks</sone><sone id="l33_s21" lk="459" meta="vahemärk">.</sone></lause><lause id="l34"><sone id="l34_s1" lk="459" lemma="si’z" tahendus="siis" ingl="then" liik="ProAdv">siz</sone><sone id="l34_s2" lk="459" lemma="īezõ" tahendus="öösel" ingl="in the night" liik="Adv">üözə</sone><sone id="l34_s3" lk="459" lemma="lǟʼdõ" tahendus="minna" ingl="go" liik="V" vorm="ips.ind.pr.sg.3.">lǟ’b</sone><sone id="l34_s4" lk="459" lemma="kūldõ" tahendus="kuulata" ingl="listen" liik="V" vorm="sup.">kūldəm</sone><sone id="l34_s5" lk="459" meta="vahemärk">,</sone><sone id="l34_s6" lk="459" lemma="ku" tahendus="kuidas" ingl="how" liik="Intr">ku</sone><sone id="l34_s7" lk="459" lemma="i’bbi" tahendus="hobune" ingl="horse" liik="S" vorm="pl.nom.">ü’bbist</sone><sone id="l34_s8" lk="459" meta="vahemärk">[</sone><sone id="l34_s9" lk="459" lemma="rõkāndõ" tahendus="rääkida" ingl="talk" liik="V" vorm="pers.ind.pr.pl.3.">rükāndəbəd</sone><sone id="l34_s10" lk="459" meta="vahemärk"> &gt;</sone><sone id="l34_s11" lk="459" meta="vahemärk">]</sone><sone id="l34_s12" lk="459" lemma="rõkāndõ" tahendus="rääkida" ingl="talk" liik="V" vorm="pers.ind.pr.pl.3.">ri̮kāndəbəd</sone><sone id="l34_s13" lk="459" lemma="taļ" tahendus="tall" ingl="barn" liik="S" vorm="sg.in.">taĺĺš</sone><sone id="l34_s14" lk="459" meta="vahemärk">.</sone></lause></sisu>
</liivike>
