<?xml version="1.0" encoding="UTF-8"?>
<?xml-stylesheet type="text/xsl" href="liivike_tekst.xsl"?>
<liivike>
	<info><tyyp>kirjalik</tyyp><teema>Tarinoita 11</teema><keel>liivi</keel><murre>idaliivi</murre><kirjaviis>foneetiline transkriptsioon</kirjaviis><muu>Keelejuht Jǭņ Berthold</muu><kyla longituud="22.45" latituud="57.226">Vaid</kyla><teos pealkiri="Näytteitä liivin kielestä" aasta="1953" koht="Helsinki">E. N. Setälä</teos></info><sisu id="Set_Tar_11">
		<lause id="l1">
			<sone id="l1_s1" lk="382" meta="number">11</sone>
			<sone id="l1_s2" lk="382" meta="vahemärk">.</sone></lause>
		<lause id="l2"><sone id="l2_s1" lk="382" lemma="Vaid" tahendus="Vaid" liik="H" vorm="sg.gen." kommentaar="?">Vaid</sone><sone id="l2_s2" lk="382" meta="vahemärk">,</sone><sone id="l2_s3" lk="382" lemma="jāń" liik="H" vorm="sg.nom.">Jāń</sone><sone id="l2_s4" lk="382" lemma="Berthold" liik="H" vorm="sg.nom.">Berthold</sone><sone id="l2_s5" lk="382" meta="vahemärk">(</sone><sone id="l2_s6" lk="382" meta="kommentaar">deš</sone><sone id="l2_s7" lk="382" meta="vahemärk">.</sone><sone id="l2_s8" lk="382" lemma="Katrin" liik="H" vorm="sg.nom.">Katrin</sone><sone id="l2_s9" lk="382" lemma="Zinze" liik="H" vorm="sg.nom.">Zinze</sone><sone lk="382" keel="eesti" id="l2_s10" meta="vahemärk">)</sone><sone id="l2_s11" lk="382" meta="vahemärk">.</sone></lause><lause id="l3"><sone id="l3_s1" lk="382" lemma="minā" tahendus="mina" ingl="I" liik="ProS" vorm="sg.nom.">ma</sone><sone id="l3_s2" lk="382" lemma="vȱlda" tahendus="olla" ingl="be" liik="Va" vorm="pers.ind.pr.sg.1.">um’</sone><sone id="l3_s3" lk="382" lemma="kūlõ" tahendus="kuulda" ingl="hear" liik="V" vorm="nud.sg.">kūlən</sone><sone id="l3_s4" lk="382" meta="vahemärk">,</sone><sone id="l3_s5" lk="382" lemma="se" tahendus="see" ingl="this" liik="ProS" vorm="sg.nom.">se</sone><sone id="l3_s6" lk="382" lemma="Kūolka" tahendus="Kūolka" liik="H" vorm="sg.gen.">kuɔlka</sone><sone id="l3_s7" lk="382" lemma="nanā " tahendus="neem" ingl="cape" liik="S" vorm="sg.nom.">nanà</sone><sone id="l3_s8" lk="382" lemma="vȱlda" tahendus="olla" ingl="be" liik="Va" vorm="pers.kvt.pr.sg.3.">ve̮ĺĺᴉ</sone><sone id="l3_s9" lk="382" lemma="se" tahendus="see" ingl="this" liik="ProS" vorm="sg.part.">sⁱεdà</sone><sone id="l3_s10" lk="382" lemma="vīțõ" tahendus="viisi" ingl="way" liik="Adv">vītə</sone><sone id="l3_s11" lk="382" lemma="su’ggõ" tahendus="tekkida" ingl="arise" liik="V" vorm="nud.sg.">su’ggən</sone><sone id="l3_s12" lk="382" meta="vahemärk">:</sone><sone id="l3_s13" lk="382" lemma="kuŗē" tahendus="kurat" ingl="devil" liik="S" vorm="sg.nom.">kuŕè</sone><sone id="l3_s14" lk="382" lemma="vȱlda" tahendus="olla" ingl="be" liik="Va" vorm="pers.ind.pr.sg.3.">um</sone><sone id="l3_s15" lk="382" lemma="võttõ" tahendus="võtta" ingl="take" liik="V" vorm="nud.sg.">vi̮ttən</sone><sone id="l3_s16" lk="382" lemma="Tiabõr" tahendus="Tiabõr" liik="H" vorm="sg.gen.">tijàbr̥</sone><sone id="l3_s17" lk="382" lemma="mä’g" tahendus="mägi" ingl="hill" liik="S" vorm="sg.el.">mä’ɢstə</sone><sone id="l3_s18" lk="382" lemma="kuolm" tahendus="kolm" ingl="three" liik="Nump" vorm="sg.nom.">kᵘɔlm</sone><sone id="l3_s19" lk="382" lemma="si’l+täuž" tahendus="sületäis" ingl="armful" liik="S" vorm="sg.part.">sioĺ’+tǟta</sone><sone id="l3_s20" lk="382" lemma="jõugõ" tahendus="liiv" ingl="sand" liik="S" vorm="sg.part.">jī̮kta</sone><sone id="l3_s21" lk="382" meta="vahemärk">.</sone></lause><lause id="l4"><sone id="l4_s1" lk="382" lemma="kakš" tahendus="kaks" ingl="two" liik="Nump" vorm="sg.nom.">kak̀š</sone><sone id="l4_s2" lk="382" lemma="kõrd" tahendus="kord" ingl="time" liik="S" vorm="sg.part.">ki̮r̀də</sone><sone id="l4_s3" lk="382" meta="vahemärk">[</sone><sone id="l4_s4" lk="382" lemma="tämā" tahendus="tema" ingl="he" liik="ProS" vorm="sg.nom.">ta</sone><sone id="l4_s5" lk="382" meta="vahemärk"> &gt;</sone><sone id="l4_s6" lk="382" meta="vahemärk">]</sone><sone id="l4_s7" lk="382" lemma="tämā" tahendus="tema" ingl="he" liik="ProS" vorm="sg.nom.">tämà</sone><sone id="l4_s8" lk="382" lemma="vȱlda" tahendus="olla" ingl="be" liik="Va" vorm="pers.ind.pr.sg.3.">um’</sone><sone id="l4_s9" lk="383" lemma="joudõ" tahendus="jõuda" liik="V" vorm="nud.sg.">joùdən</sone><sone id="l4_s10" lk="383" lemma="no+kǟ’dõ" tahendus="käia" liik="V" vorm="inf.prf.">nu’ɔ+kǟ’də</sone><sone id="l4_s11" lk="383" meta="vahemärk">.</sone></lause><lause id="l5"><sone id="l5_s1" lk="383" lemma="un" tahendus="ja" ingl="and" liik="Konj">un</sone><sone id="l5_s2" lk="383" lemma="si’z" tahendus="siis" ingl="then" liik="ProAdv">siᴢ</sone><sone id="l5_s3" lk="383" lemma="tämā" tahendus="tema" ingl="he" liik="ProS" vorm="sg.nom.">ta</sone><sone id="l5_s4" lk="383" lemma="vȱlda" tahendus="olla" ingl="be" liik="Va" vorm="pers.ind.pr.sg.3.">um’</sone><sone id="l5_s5" lk="383" lemma="kuolmõz" tahendus="kolmas" ingl="third" liik="Numj" vorm="sg.nom.">kᵘɔl̀məᴢ</sone><sone id="l5_s6" lk="383" lemma="kõrd" tahendus="kord" ingl="time" liik="S" vorm="sg.nom.">ki̮r̀d</sone><sone id="l5_s7" lk="383" lemma="lǟʼdõ" tahendus="minna" ingl="go" liik="V" vorm="nud.sg.">lǟ’nd</sone><sone id="l5_s8" lk="383" meta="vahemärk">,</sone><sone id="l5_s9" lk="383" lemma="un" tahendus="ja" ingl="and" liik="Konj">un</sone><sone id="l5_s10" lk="383" lemma="Ūtämšt" liik="H" vorm="sg.el." kommentaar="?">ūtäm̀št</sone><sone id="l5_s11" lk="383" meta="vahemärk">[</sone><sone id="l5_s12" lk="383" lemma="kǭrand" tahendus="talu" ingl="farm" liik="S" vorm="sg.gen.">kå̄rand</sone><sone id="l5_s13" lk="383" lemma="ni’m" tahendus="nimi" ingl="name" liik="S" vorm="sg.nom.">nim’</sone><sone id="l5_s14" lk="383" meta="vahemärk">]</sone><sone id="l5_s15" lk="383" lemma="sǭņõ" tahendus="kuni" liik="Post">så̄ńə</sone><sone id="l5_s16" lk="383" lemma="tämā" tahendus="tema" ingl="he" liik="ProS" vorm="sg.nom.">ta</sone><sone id="l5_s17" lk="383" lemma="vȱlda" tahendus="olla" ingl="be" liik="Va" vorm="pers.ind.pr.sg.3.">um’</sone><sone id="l5_s18" lk="383" lemma="joudõ" tahendus="jõuda" liik="V" vorm="nud.sg.">joùdən</sone><sone id="l5_s19" lk="383" meta="vahemärk">.</sone></lause><lause id="l6"><sone id="l6_s1" lk="383" lemma="ku" tahendus="kui" ingl="when" liik="Konj">ku</sone><sone id="l6_s2" lk="383" lemma="tämā" tahendus="tema" ingl="he" liik="ProS" vorm="sg.nom.">ta</sone><sone lk="383" keel="eesti" id="l6_s3" meta="vahemärk">=</sone><sone lk="383" keel="eesti" id="l6_s4" lemma="vȱlda" tahendus="olla" ingl="be" liik="Va" vorm="pers.ind.pr.sg.3.">m</sone><sone id="l6_s5" lk="383" lemma="sǭdõ" tahendus="saada" ingl="get" liik="V" vorm="nud.sg.">så̄nd</sone><sone id="l6_s6" lk="383" lemma="Ūtämšt" liik="H" vorm="sg.gen." kommentaar="?">ūtäm̀št</sone><sone id="l6_s7" lk="383" lemma="jū’rõ" tahendus="juurde" liik="Post">jū’rə</sone><sone id="l6_s8" lk="383" meta="vahemärk">,</sone><sone id="l6_s9" lk="383" lemma="si’z" tahendus="siis" ingl="then" liik="ProAdv">siᴢ</sone><sone id="l6_s10" lk="383" lemma="vȱlda" tahendus="olla" ingl="be" liik="Va" vorm="pers.ind.pr.sg.3.">um’</sone><sone id="l6_s11" lk="383" lemma="Ūtämšt" liik="H" vorm="sg.gen." kommentaar="?">ūtäm̀št</sone><sone id="l6_s12" lk="383" lemma="kik" tahendus="kukk" ingl="cock" liik="S" vorm="sg.nom.">kik̄</sone><sone id="l6_s13" lk="383" lemma="loulõ" tahendus="laulda" ingl="sing" liik="V" vorm="nud.sg.">loùlən</sone><sone id="l6_s14" lk="383" meta="vahemärk">.</sone></lause><lause id="l7"><sone id="l7_s1" lk="383" lemma="un" tahendus="ja" ingl="and" liik="Konj">un</sone><sone id="l7_s2" lk="383" lemma="pie’rrõ" tahendus="pärast" ingl="later" liik="Pre">pⁱεr’rə</sone><sone id="l7_s3" lk="383" lemma="pūol+īe" tahendus="kesköö" ingl="midnight" liik="S" vorm="sg.part.">puɔld+ioεdə</sone><sone id="l7_s4" lk="383" lemma="tämā" tahendus="tema" ingl="he" liik="ProS" vorm="sg.dat.">täm’mən</sone><sone id="l7_s5" lk="383" lemma="ä’b" tahendus="ei" ingl="not" liik="Mn" vorm="pers.ind.pr.sg.3." kommentaar="?">äb</sone><sone id="l7_s6" lk="383" lemma="vȱlda" tahendus="olla" ingl="be" liik="V" vorm="pers.ind.sg.3.neg." kommentaar="?">uɔ</sone><sone id="l7_s7" lk="383" lemma="brī" tahendus="prii" ingl="free" liik="A" vorm="sg.nom.">brī</sone><sone id="l7_s8" lk="383" lemma="jemīņ" tahendus="enam" ingl="anymore" liik="Adv">je̮mìń</sone><sone id="l7_s9" lk="383" lemma="kǟ’dõ" tahendus="käia" liik="V" vorm="inf.">kǟ’də</sone><sone id="l7_s10" lk="383" meta="vahemärk">.</sone></lause><lause id="l8"><sone id="l8_s1" lk="383" lemma="un" tahendus="ja" ingl="and" liik="Konj">un</sone><sone id="l8_s2" lk="383" lemma="si’z" tahendus="siis" ingl="then" liik="ProAdv">sis</sone><sone id="l8_s3" lk="383" lemma="tämā" tahendus="tema" ingl="he" liik="ProS" vorm="sg.dat.">täm’mən</sone><sone id="l8_s4" lk="383" lemma="se" tahendus="see" ingl="this" liik="ProS" vorm="sg.nom.">se</sone><sone id="l8_s5" lk="383" lemma="kuolmõz" tahendus="kolmas" ingl="third" liik="Numj" vorm="sg.nom.">kᵘɔl̀məᴢ</sone><sone id="l8_s6" lk="383" lemma="si’l+täuž" tahendus="sületäis" ingl="armful" liik="S" vorm="sg.nom.">sioĺ’+täuž</sone><sone id="l8_s7" lk="383" lemma="vȱlda" tahendus="olla" ingl="be" liik="Va" vorm="pers.ind.pr.sg.3.">um’</sone><sone id="l8_s8" lk="383" lemma="īedõ" tahendus="jääda" liik="V" vorm="nud.sg.">iεnd</sone><sone id="l8_s9" lk="383" meta="vahemärk">[</sone><sone id="l8_s10" lk="383" lemma="sīņõ" tahendus="sinna" ingl="there" liik="ProAdv">sīńə</sone><sone id="l8_s11" lk="383" meta="vahemärk"> &gt;</sone><sone id="l8_s12" lk="383" meta="vahemärk">]</sone><sone id="l8_s13" lk="383" lemma="sīņõ" tahendus="sinna" ingl="there" liik="ProAdv">sīń</sone><sone id="l8_s14" lk="383" meta="vahemärk">[</sone><sone id="l8_s15" lk="383" lemma="Ūtämšt" liik="H" vorm="sg.gen." kommentaar="?">ūtäm̀štəᴢ</sone><sone id="l8_s16" lk="383" meta="vahemärk"> &gt;</sone><sone id="l8_s17" lk="383" meta="vahemärk">]</sone><sone id="l8_s18" lk="383" lemma="Ūtämšt" liik="H" vorm="sg.gen." kommentaar="?">ūtäm̀št</sone><sone id="l8_s19" lk="383" lemma="jū’rõ" tahendus="juurde" ingl="at" liik="Post">jū’rə</sone><sone id="l8_s20" lk="383" lemma="sīņõ" tahendus="sinna" ingl="there" liik="ProAdv">sīń</sone><sone id="l8_s21" lk="383" liik="H" vorm="sg.gen." kommentaar="?">doməsnes</sone><sone id="l8_s22" lk="383" lemma="sǭņõ" tahendus="kuni" liik="Post">så̄ńə</sone><sone id="l8_s23" lk="383" meta="vahemärk">.</sone></lause><lause id="l9"><sone id="l9_s1" lk="383" lemma="mõitõz" tahendus="muidu" ingl="otherwise" liik="Adv">muit́əᴢ</sone><sone id="l9_s2" lk="383" lemma="vȱlda" tahendus="olla" ingl="be" liik="V" vorm="pers.knd.pr.sg.3.">ve̮l̀ks</sone><sone id="l9_s3" lk="383" lemma="kūja" tahendus="kuiv" ingl="dry" liik="A" vorm="sg.nom.">kūja</sone><sone id="l9_s4" lk="383" lemma="nanā " tahendus="neem" ingl="cape" liik="S" vorm="sg.nom.">nanà</sone><sone id="l9_s5" lk="383" liik="H" vorm="sg.el." kommentaar="?">doməsnesəst</sone><sone id="l9_s6" lk="383" tahendus="Abruka" liik="H" vorm="sg.gen." kommentaar="?" lemma="A’brig">abrᴉgəᴢ</sone><sone id="l9_s7" lk="383" lemma="i’ļ" tahendus="üle" ingl="over" liik="Pre">ioĺ’</sone><sone lk="383" keel="eesti" id="l9_s8" lemma="mie’r" tahendus="meri" ingl="sea" liik="S" vorm="sg.gen.">mⁱεr</sone><sone id="l9_s9" lk="383" meta="vahemärk">,</sone><sone id="l9_s10" lk="383" meta="vahemärk">[</sone><sone id="l9_s11" lk="383" lemma="ku" tahendus="kui" ingl="if" liik="Konj">ku</sone><sone id="l9_s12" lk="383" meta="vahemärk"> &gt;</sone><sone id="l9_s13" lk="383" meta="vahemärk">]</sone><sone id="l9_s14" lk="383" lemma="tämā" tahendus="tema" ingl="he" liik="ProS" vorm="sg.nom.">ta</sone><sone id="l9_s15" lk="383" lemma="vȱlda" tahendus="olla" ingl="be" liik="Va" vorm="pers.knd.pr.sg.3.">ve̮l̀ks</sone><sone id="l9_s16" lk="383" lemma="amād" tahendus="kõik" ingl="all" liik="ProS" vorm="pl.nom.">amàᴅ</sone><sone id="l9_s17" lk="383" lemma="kuolm" tahendus="kolm" ingl="three" liik="Nump" vorm="sg.nom.">kᵘɔl̀m</sone><sone id="l9_s18" lk="383" lemma="kõrd" tahendus="kord" ingl="time" liik="S" vorm="sg.part.">ki̮r̀d</sone><sone id="l9_s19" lk="383" lemma="joudõ" tahendus="jõuda" liik="V" vorm="nud.sg.">joùdən</sone><sone id="l9_s20" lk="383" lemma="no+kǟ’dõ" tahendus="käia" liik="V" vorm="inf.prf." ingl="go">nu’ɔ+kǟ’də</sone><sone id="l9_s21" lk="383" meta="vahemärk">.</sone></lause></sisu>
</liivike>
