<?xml version="1.0" encoding="UTF-8"?>
<?xml-stylesheet type="text/xsl" href="liivike_tekst.xsl"?>
<liivike>
	<info><tyyp>kirjalik</tyyp><teema>Tarinoita 20</teema><keel>liivi</keel><murre>Īra</murre><kirjaviis>foneetiline transkriptsioon</kirjaviis><muu>Keelejuht Diedrich Belt?</muu><kyla longituud="22.107" latituud="57.62">Īra</kyla><teos pealkiri="Näytteitä liivin kielestä" aasta="1953" koht="Helsinki">E. N. Setälä</teos></info><sisu id="Set_Tar_20">
		<lause id="l1">
			<sone id="l1_s1" lk="395" meta="number">20</sone>
			<sone id="l1_s2" lk="395" meta="vahemärk">.</sone></lause>
		<lause id="l2"><sone id="l2_s1" lk="395" lemma="Īra" tahendus="Īra" liik="H" vorm="sg.nom.">Īra</sone><sone id="l2_s2" lk="395" meta="vahemärk">,</sone><sone id="l2_s3" lk="395" lemma="Diedrich" tahendus="Diedrich" liik="H" vorm="sg.nom.">Diedrich</sone><sone id="l2_s4" lk="395" lemma="Belt" tahendus="Belt" liik="H" vorm="sg.nom.">Belt</sone><sone id="l2_s5" lk="395" meta="vahemärk">?</sone></lause><lause id="l3"><sone id="l3_s1" lk="395"> </sone></lause><lause id="l4"><sone id="l4_s1" lk="395" lemma="ikš" tahendus="üks" ingl="one" liik="ProS" vorm="sg.nom.">ükš</sone><sone id="l4_s2" lk="395" lemma="mīez" tahendus="mees" ingl="man" liik="S" vorm="sg.nom.">miez</sone><sone id="l4_s3" lk="395" lemma="vȱlda" tahendus="olla" ingl="be" liik="Va" vorm="pers.ind.pr.sg.3.">um’</sone><sone id="l4_s4" lk="395" lemma="nǟ’dõ" tahendus="näha" ingl="see" liik="V" vorm="nud.sg.">nǟnd</sone><sone id="l4_s5" lk="395" meta="vahemärk">,</sone><sone id="l4_s6" lk="395" lemma="ku" tahendus="et" ingl="that" liik="Konj">ku</sone><sone id="l4_s7" lk="395" lemma="ikš" tahendus="üks" ingl="one" liik="Nump" vorm="sg.nom.">ükš</sone><sone id="l4_s8" lk="395" lemma="sūr" tahendus="suur" ingl="big" liik="A" vorm="sg.nom.">sūr</sone><sone id="l4_s9" lk="395" lemma="kiršt" tahendus="kirst" ingl="chest" liik="S" vorm="sg.nom.">kiŕšt</sone><sone id="l4_s10" lk="395" lemma="vȱlda" tahendus="olla" ingl="be" liik="Va" vorm="pers.ind.pr.sg.3.">um’</sone><sone id="l4_s11" lk="395" lemma="vȱlda" tahendus="olla" ingl="be" liik="V" vorm="nud.sg.">ve̮nd</sone><sone id="l4_s12" lk="395" lemma="Rīnda" tahendus="Rīnda" lati="Rinda" liik="H" vorm="sg.gen.">rīnda</sone><sone id="l4_s13" lk="395" lemma="jo’ug" tahendus="jõgi" ingl="river" liik="S" vorm="sg.in.">jo’gs</sone><sone id="l4_s14" lk="395" lemma="un" tahendus="ja" ingl="and" liik="Konj">un</sone><sone id="l4_s15" lk="395" lemma="se" tahendus="see" ingl="this" liik="ProS" vorm="sg.nom.">se</sone><sone lk="395" keel="eesti" id="l4_s16" meta="vahemärk">=</sone><sone lk="395" keel="eesti" id="l4_s17" lemma="vȱlda" tahendus="olla" ingl="be" liik="Va" vorm="pers.ind.pr.sg.3.">m’</sone><sone id="l4_s18" lk="395" lemma="vȱlda" tahendus="olla" ingl="be" liik="V" vorm="nud.sg.">ve̮nd</sone><sone id="l4_s19" lk="395" lemma="rǭ’" tahendus="raha" ingl="money" liik="S" vorm="sg.part.">rā’də</sone><sone id="l4_s20" lk="395" lemma="täuž" tahendus="täis" ingl="full" liik="A" vorm="sg.nom." kommentaar="?">tävž</sone><sone id="l4_s21" lk="395" meta="vahemärk">.</sone></lause><lause id="l5"><sone id="l5_s1" lk="395" lemma="si’z" tahendus="siis" ingl="then" liik="ProAdv">siz</sone><sone id="l5_s2" lk="395" lemma="ne" tahendus="nemad" ingl="they" liik="ProS" vorm="pl.nom.">ne</sone><sone id="l5_s3" lk="395" lemma="vȱlda" tahendus="olla" ingl="be" liik="Va" vorm="pers.ind.pr.pl.3.">ā’t</sone><sone id="l5_s4" lk="395" meta="vahemärk">[</sone><sone id="l5_s5" lk="395" meta="kommentaar">sa+rükāndənəd</sone><sone id="l5_s6" lk="395" meta="vahemärk"> &gt;</sone><sone id="l5_s7" lk="395" meta="vahemärk">]</sone><sone id="l5_s8" lk="395" lemma="sa+rõkāndõ" tahendus="kokku leppida" ingl="tell" liik="V" vorm="nud.pl.prf." kommentaar="?">sa+ri̮kāndənəd</sone><sone id="l5_s9" lk="395" meta="vahemärk">,</sone><sone id="l5_s10" lk="395" lemma="ku" tahendus="et" ingl="that" liik="Konj">ku</sone><sone id="l5_s11" lk="395" lemma="lǟ’dõ" tahendus="minna" ingl="go" liik="V" vorm="pers.kvt.pr.sg.3." kommentaar="?">lē’ji</sone><sone id="l5_s12" lk="395" lemma="kīskõ" tahendus="kiskuda" ingl="pull" liik="V" vorm="sup.">kīskəm</sone><sone id="l5_s13" lk="395" lemma="ulzõ" tahendus="välja" ingl="out" liik="Adva">ulz</sone><sone id="l5_s14" lk="395" meta="vahemärk">.</sone></lause><lause id="l6"><sone id="l6_s1" lk="395" lemma="si’z" tahendus="siis" ingl="then" liik="ProAdv">siz</sone><sone id="l6_s2" lk="395" lemma="ne" tahendus="nemad" ingl="they" liik="ProS">n</sone><sone lk="395" keel="eesti" id="l6_s3" meta="vahemärk">=</sone><sone lk="395" keel="eesti" id="l6_s4" lemma="vȱlda" tahendus="olla" ingl="be" liik="Va" vorm="pers.ind.pr.pl.3.">ā’t</sone><sone id="l6_s5" lk="395" lemma="lǟʼdõ" tahendus="minna" ingl="go" liik="V" vorm="nud.pl.">lǟ’nəd</sone><sone id="l6_s6" lk="395" meta="vahemärk">,</sone><sone id="l6_s7" lk="395" lemma="agā" tahendus="aga" ingl="but" liik="Konj">agā</sone><sone id="l6_s8" lk="395" lemma="nämād" tahendus="nemad" ingl="they" liik="ProAdv" vorm="pl.dat.">näntən</sone><sone id="l6_s9" lk="395" lemma="ä’b" tahendus="ei" ingl="not" liik="Mn" vorm="pers.ind.pr.sg.3." kommentaar="?">äb</sone><sone id="l6_s10" lk="395" lemma="vȱlda" tahendus="olla" ingl="be" liik="Va" vorm="pers.ind.sg.3.neg.">uo</sone><sone id="l6_s11" lk="395" lemma="vȱlda" tahendus="olla" ingl="be" liik="V" vorm="nud.sg.">ve̮nd</sone><sone id="l6_s12" lk="395" lemma="brī" tahendus="vaba" ingl="free" liik="A" vorm="sg.nom.">brī</sone><sone id="l6_s13" lk="395" lemma="rõkāndõ" tahendus="rääkida" ingl="talk" liik="V" vorm="inf.">ri̮kāndə</sone><sone id="l6_s14" lk="395" meta="vahemärk">–</sone><sone id="l6_s15" lk="395" lemma="ku" tahendus="kui" ingl="if" liik="Konj">ku</sone><sone id="l6_s16" lk="395" lemma="ne" tahendus="nemad" ingl="they" liik="ProS" vorm="pl.nom.">ne</sone><sone id="l6_s17" lk="395" lemma="rõkāndõ" tahendus="rääkida" ingl="talk" liik="V" vorm="pers.ind.pr.pl.3.">ri̮kāndəbəd</sone><sone id="l6_s18" lk="395" meta="vahemärk">,</sone><sone id="l6_s19" lk="395" lemma="si’z" tahendus="siis" ingl="then" liik="ProAdv">siz</sone><sone id="l6_s20" lk="395" lemma="kiršt" tahendus="kirst" ingl="chest" liik="S" vorm="sg.nom.">kiŕšt</sone><sone id="l6_s21" lk="395" lemma="sa’ddõ" tahendus="kukkuda" ingl="fall" liik="V" vorm="pers.ind.pr.sg.3.">sadāb</sone><sone id="l6_s22" lk="395" lemma="tā’giž" tahendus="tagasi" ingl="back" liik="Adva">ta’ggiž</sone><sone id="l6_s23" lk="395" meta="vahemärk">.</sone></lause><lause id="l7"><sone id="l7_s1" lk="395" lemma="si’z" tahendus="siis" ingl="then" liik="ProAdv">siz</sone><sone id="l7_s2" lk="395" lemma="ne" tahendus="nemad" ingl="they" liik="ProS" vorm="pl.nom.">n</sone><sone lk="395" keel="eesti" id="l7_s3" meta="vahemärk">=</sone><sone lk="395" keel="eesti" id="l7_s4" lemma="vȱlda" tahendus="olla" ingl="be" liik="Va" vorm="pers.ind.pr.pl.3.">ā’t</sone><sone id="l7_s5" lk="395" lemma="lǟʼdõ" tahendus="minna" ingl="go" liik="V" vorm="nud.pl.">lǟ’nəd</sone><sone id="l7_s6" lk="395" lemma="amād" tahendus="kõik" ingl="all" liik="ProS" vorm="pl.nom.">amād</sone><sone id="l7_s7" lk="395" lemma="kuolm" tahendus="kolm" ingl="three" liik="Nump" vorm="sg.nom.">kᵘe̮lm</sone><sone id="l7_s8" lk="395" meta="vahemärk">.</sone></lause><lause id="l8"><sone id="l8_s1" lk="395" lemma="agā" tahendus="aga" ingl="but" liik="Konj">agā</sone><sone id="l8_s2" lk="395" lemma="ikš" tahendus="üks" ingl="one" liik="Nump" vorm="sg.dat." kommentaar="?">ǖ’dən</sone><sone id="l8_s3" lk="395" lemma="vȱlda" tahendus="olla" ingl="be" liik="Va" vorm="pers.ind.pr.sg.3.">um’</sone><sone id="l8_s4" lk="395" lemma="vȱlda" tahendus="olla" ingl="be" liik="V" vorm="nud.sg.">ve̮nd</sone><sone id="l8_s5" lk="395" lemma="ne" tahendus="need" ingl="these" liik="ProS" vorm="pl.el.">nēšti</sone><sone id="l8_s6" lk="395" lemma="kuolm" tahendus="kolm" ingl="three" liik="Nump" vorm="sg.el.">kᵘe̮lmst</sone><sone id="l8_s7" lk="395" lemma="pu’nni" tahendus="punane" ingl="red" liik="A" vorm="sg.nom.">pun’ni</sone><sone id="l8_s8" lk="395" lemma="kibār" tahendus="müts" ingl="hat" liik="S" vorm="sg.nom.">kübār</sone><sone id="l8_s9" lk="395" lemma="pǟsõ" tahendus="peas" ingl="on the head" liik="Adv" kommentaar="?">pǟs</sone><sone id="l8_s10" lk="395" meta="vahemärk">.</sone></lause><lause id="l9"><sone id="l9_s1" lk="395" lemma="si’z" tahendus="siis" ingl="then" liik="ProAdv">siz</sone><sone id="l9_s2" lk="395" lemma="ne" tahendus="nemad" ingl="they" liik="ProS" vorm="pl.nom.">n</sone><sone lk="395" keel="eesti" id="l9_s3" meta="vahemärk">=</sone><sone lk="395" keel="eesti" id="l9_s4" lemma="vȱlda" tahendus="olla" ingl="be" liik="Va" vorm="pers.ind.pr.pl.3.">ā’t</sone><sone id="l9_s5" lk="395" lemma="pānda" tahendus="panna" ingl="put" liik="V" vorm="nud.pl.">pannəd</sone><sone id="l9_s6" lk="395" lemma="skēḑ" tahendus="kett" ingl="chain" liik="S" vorm="pl.nom." kommentaar="?">skēd́əd</sone><sone id="l9_s7" lk="395" lemma="immõr" tahendus="ümber" ingl="around" liik="Pre">ümmr̥</sone><sone id="l9_s8" lk="395" lemma="kiršt" tahendus="kirst" ingl="chest" liik="S" vorm="sg.gen.">kiŕšt</sone><sone id="l9_s9" lk="395" lemma="un" tahendus="ja" ingl="and" liik="Konj">un</sone><sone id="l9_s10" lk="395" lemma="ne" tahendus="nemad" ingl="they" liik="ProS" vorm="pl.nom.">n</sone><sone lk="395" keel="eesti" id="l9_s11" meta="vahemärk">=</sone><sone lk="395" keel="eesti" id="l9_s12" lemma="vȱlda" tahendus="olla" ingl="be" liik="Va" vorm="pers.ind.pr.pl.3.">ā’t</sone><sone id="l9_s13" lk="395" lemma="kīskõ" tahendus="kiskuda" ingl="pull" liik="V" vorm="nud.pl.">kīsənəd</sone><sone id="l9_s14" lk="395" lemma="ulzõ" tahendus="välja" ingl="out" liik="Adva">ulz</sone><sone id="l9_s15" lk="395" lemma="kūolta" tahendus="kallas" ingl="bank" liik="S" vorm="sg.gen.">kue̮lta</sone><sone id="l9_s16" lk="395" lemma="pǟl " tahendus="peale" ingl="onto" liik="Post">pǟl</sone><sone id="l9_s17" lk="395" meta="vahemärk">.</sone></lause><lause id="l10"><sone id="l10_s1" lk="395" lemma="si’z" tahendus="siis" ingl="then" liik="ProAdv">siz</sone><sone id="l10_s2" lk="395" lemma="vȱlda" tahendus="olla" ingl="be" liik="Va" vorm="pers.ind.pr.sg.3.">um’</sone><sone id="l10_s3" lk="395" lemma="tūlda" tahendus="tulla" ingl="come" liik="V" vorm="nud.sg.">tund</sone><sone id="l10_s4" lk="395" lemma="bro’utšõ" tahendus="sõita" ingl="ride" liik="V" vorm="ger.">brou’tšə</sone><sone id="l10_s5" lk="395" lemma="kīela" tahendus="kell" ingl="bell" liik="S" vorm="pl.instl.">kieladəks</sone><sone id="l10_s6" lk="395" lemma="a’ilõ" tahendus="söösta" ingl="run" liik="V" vorm="ger.">ai’lə</sone><sone id="l10_s7" lk="395" lemma="un" tahendus="ja" ingl="and" liik="Konj">un</sone><sone id="l10_s8" lk="395" lemma="sūr" tahendus="suur" ingl="big" liik="A" vorm="sg.nom.">sūr</sone><sone id="l10_s9" lk="395" lemma="tōvaz" tahendus="torm" ingl="storm" liik="S" vorm="sg.nom.">tōvaz</sone><sone id="l10_s10" lk="395" lemma="vȱlda" tahendus="olla" ingl="be" liik="V" vorm="nud.sg.">ve̮nd</sone><sone id="l10_s11" lk="395" meta="vahemärk">,</sone><sone id="l10_s12" lk="395" lemma="piedāg" tahendus="mänd" ingl="pine" liik="S" vorm="pl.nom.">pⁱedāgid</sone><sone id="l10_s13" lk="395" lemma="lǟʼdõ" tahendus="minna" ingl="go" liik="V" vorm="nud.pl.">lǟ’nd</sone><sone id="l10_s14" lk="395" lemma="je’nnõ" tahendus="palju" ingl="many" liik="Adv">jen’n</sone><sone id="l10_s15" lk="395" lemma="kațki" tahendus="katki" ingl="broken" liik="Adv">kat́ki</sone><sone id="l10_s16" lk="395" meta="vahemärk">.</sone></lause><lause id="l11"><sone id="l11_s1" lk="395" lemma="si’z" tahendus="siis" ingl="then" liik="ProAdv">siz</sone><sone id="l11_s2" lk="395" lemma="sǟ’l" tahendus="seal" ingl="there" liik="ProAdv">sǟl</sone><sone id="l11_s3" lk="395" lemma="jūs" tahendus="juures" liik="Post">jūs</sone><sone id="l11_s4" lk="395" lemma="vȱlda" tahendus="olla" ingl="be" liik="Va" vorm="nud.sg.">ve̮nd</sone><sone id="l11_s5" lk="395" lemma="ikš" tahendus="üks" ingl="one" liik="Nump" vorm="sg.nom.">ükš</sone><sone id="l11_s6" lk="395" meta="vahemärk">‿</sone><sone id="l11_s7" lk="395" lemma="sūr" tahendus="suur" ingl="big" liik="A" vorm="sg.nom.">šūr</sone><sone id="l11_s8" lk="395" lemma="kūzõ" tahendus="kuusk" ingl="spruce" liik="S" vorm="sg.nom.">kūzə</sone><sone id="l11_s9" lk="395" meta="vahemärk">.</sone></lause><lause id="l12"><sone id="l12_s1" lk="395" lemma="si’z" tahendus="siis" ingl="then" liik="ProAdv">siz</sone><sone id="l12_s2" lk="395" lemma="ne" tahendus="need" ingl="these" liik="ProS" vorm="pl.nom.">ne</sone><sone id="l12_s3" lk="395" lemma="bro’utšiji" tahendus="sõitja" ingl="rider" liik="S" vorm="pl.nom.ag.">brou’tšijid</sone><sone id="l12_s4" lk="395" lemma="lǟʼdõ" tahendus="minna" ingl="go" liik="V" vorm="nud.pl.">lǟ’nəd</sone><sone id="l12_s5" lk="395" lemma="se" tahendus="see" ingl="this" liik="ProS" vorm="sg.ill.">si’ezə</sone><sone id="l12_s6" lk="395" lemma="kūzõ" tahendus="kuusk" ingl="spruce" liik="S" vorm="sg.ill.">kūzə</sone><sone id="l12_s7" lk="395" lemma="i’lzõ" tahendus="üles" ingl="up" liik="Adv">ül’z</sone><sone id="l12_s8" lk="395" lemma="un" tahendus="ja" ingl="and" liik="Konj">un</sone><sone id="l12_s9" lk="395" lemma="laskõ " tahendus="lasta" ingl="let" liik="V" vorm="nud.pl.">laskənəd</sone><sone id="l12_s10" lk="395" lemma="sūr" tahendus="suur" ingl="big" liik="A" vorm="pl.nom.">sūrd</sone><sone id="l12_s11" lk="395" lemma="skēḑ" tahendus="kett" ingl="chain" liik="S" vorm="pl.nom.">skēd́əd</sone><sone id="l12_s12" lk="395" lemma="mǭ’" tahendus="lahti" ingl="off" liik="Adva">mā’</sone><sone id="l12_s13" lk="395" lemma="un" tahendus="ja" ingl="and" liik="Konj">un</sone><sone id="l12_s14" lk="395" lemma="ki’zzõ" tahendus="küsida" ingl="ask" liik="V" vorm="nud.pl.">kü’zzənəd</sone><sone id="l12_s15" lk="395" meta="vahemärk">,</sone><sone id="l12_s16" lk="395" lemma="mingi" tahendus="milline" ingl="what kind of" liik="Intr" vorm="sg.part." kommentaar="?">miŋgist</sone><sone id="l12_s17" lk="395" lemma="ni" tahendus="nüüd" ingl="now" liik="Adv">ni</sone><sone id="l12_s18" lk="395" lemma="võttõ" tahendus="võtta" ingl="take" liik="V" vorm="pers.kvt.pr.sg.3.">vi̮tāji</sone><sone id="l12_s19" lk="395" lemma="je’ds" tahendus="enne" ingl="before" liik="Adv">je’ds</sone><sone id="l12_s20" lk="395" meta="vahemärk">.</sone></lause><lause id="l13"><sone id="l13_s1" lk="395" lemma="si’z" tahendus="siis" ingl="then" liik="ProAdv">siz</sone><sone id="l13_s2" lk="395" lemma="se" tahendus="see" ingl="this" liik="ProS" vorm="sg.nom.">se</sone><sone id="l13_s3" lk="395" lemma="ikš" tahendus="üks" ingl="one" liik="Nump" vorm="sg.nom." kommentaar="?">ükš</sone><sone id="l13_s4" lk="395" lemma="kītõ" tahendus="öelda" ingl="say" liik="V" vorm="nud.sg.">kītən</sone><sone id="l13_s5" lk="395" meta="vahemärk">,</sone><sone id="l13_s6" lk="395" lemma="võttõ" tahendus="võtta" ingl="take" liik="V" vorm="pers.kvt.pr.sg.3.">vi̮tāji</sone><sone id="l13_s7" lk="395" lemma="se" tahendus="see" ingl="this" liik="ProS" vorm="sg.gen.">sie</sone><sone id="l13_s8" lk="395" meta="vahemärk">,</sone><sone id="l13_s9" lk="395" lemma="kis" tahendus="kes" ingl="who" liik="Intr" vorm="sg.dat.">kīŋgan</sone><sone id="l13_s10" lk="395" lemma="se" tahendus="see" ingl="this" liik="ProS" vorm="sg.nom.">se</sone><sone id="l13_s11" lk="395" lemma="pu’nni" tahendus="punane" ingl="red" liik="A" vorm="sg.nom.">pun’ni</sone><sone id="l13_s12" lk="395" lemma="kibār" tahendus="müts" ingl="hat" liik="S" vorm="sg.nom.">kübār</sone><sone id="l13_s13" lk="395" lemma="vȱlda" tahendus="olla" ingl="be" liik="V" vorm="pers.kvt.pr.sg.3.">ve̮ĺĺi</sone><sone id="l13_s14" lk="395" lemma="pǟsõ" tahendus="peas" ingl="on the head" liik="Adv">pǟs</sone><sone id="l13_s15" lk="395" meta="vahemärk">.</sone></lause><lause id="l14"><sone id="l14_s1" lk="395" lemma="si’z" tahendus="siis" ingl="then" liik="ProAdv">siz</sone><sone id="l14_s2" lk="395" lemma="se" tahendus="see" ingl="this" liik="ProS" vorm="sg.nom.">se</sone><sone id="l14_s3" lk="395" lemma="mīez" tahendus="mees" ingl="man" liik="S" vorm="sg.nom.">miez</sone><sone id="l14_s4" lk="395" lemma="ouŗõ" tahendus="karjuda" ingl="yell" liik="V" vorm="nud.sg.">ouŕən</sone><sone id="l14_s5" lk="395" meta="vahemärk">:</sone><sone id="l14_s6" lk="395" meta="vahemärk">”</sone><sone lk="395" keel="eesti" id="l14_s7" lemma="oi" tahendus="ai" liik="Intj">oi</sone><sone id="l14_s8" lk="395" meta="vahemärk">,</sone><sone id="l14_s9" lk="395" lemma="se" tahendus="see" ingl="this" liik="ProS" vorm="sg.nom.">se</sone><sone id="l14_s10" lk="395" meta="vahemärk">[</sone><sone id="l14_s11" lk="395" lemma="vȱlda" tahendus="olla" ingl="be" liik="V" vorm="pers.ind.pr.sg.1.">um’</sone><sone id="l14_s12" lk="395" meta="vahemärk">]</sone><sone id="l14_s13" lk="395" lemma="minā" tahendus="mina" ingl="I" liik="ProS" vorm="sg.nom.">ma</sone><sone lk="395" keel="eesti" id="l14_s14" meta="vahemärk">.</sone><sone id="l14_s15" lk="395" meta="vahemärk">”</sone></lause><lause id="l15"><sone id="l15_s1" lk="395" lemma="ne’i" tahendus="nii" ingl="so" liik="ProAdv">nei’</sone><sone id="l15_s2" lk="395" lemma="ka" tahendus="ka" ingl="also" liik="ModAdv">ka</sone><sone id="l15_s3" lk="395" lemma="kiršt" tahendus="kirst" ingl="chest" liik="S" vorm="sg.nom.">kiŕšt</sone><sone id="l15_s4" lk="395" lemma="sa’ddõ" tahendus="kukkuda" ingl="fall" liik="V" vorm="nud.sg.">sa’ddən</sone><sone id="l15_s5" lk="395" lemma="jo’ug" tahendus="jõgi" ingl="river" liik="S" vorm="sg.ill.">jo’ggə</sone><sone id="l15_s6" lk="395" lemma="tā’giž" tahendus="tagasi" ingl="back" liik="Adva">ta’ggiž</sone><sone id="l15_s7" lk="395" lemma="un" tahendus="ja" ingl="and" liik="Konj">un</sone><sone id="l15_s8" lk="395" lemma="ka’ddõ" tahendus="kaduda" ingl="disappear" liik="V" vorm="nud.sg.">ka’ddən</sone><sone id="l15_s9" lk="395" lemma="jarā" tahendus="ära" ingl="away" liik="Adva">jerā</sone><sone id="l15_s10" lk="395" meta="vahemärk">.</sone></lause><lause id="l16"><sone id="l16_s1" lk="395" lemma="koks" tahendus="kui ometi" ingl="if only" liik="Konj">koks</sone><sone id="l16_s2" lk="395" lemma="ne" tahendus="nemad" ingl="they" liik="ProS" vorm="pl.nom.">ne</sone><sone id="l16_s3" lk="395" lemma="ä’b" tahendus="ei" ingl="not" liik="Mn" vorm="pers.ind.pr.pl.3." kommentaar="?">äb</sone><sone id="l16_s4" lk="395" lemma="vȱlda" tahendus="olla" ingl="be" liik="Va" vorm="nud.pl.">ve̮nnəd</sone><sone id="l16_s5" lk="395" lemma="rõkāndõ" tahendus="rääkida" ingl="talk" liik="V" vorm="nud.pl.">ri̮kāndənəd</sone><sone id="l16_s6" lk="395" meta="vahemärk">,</sone><sone id="l16_s7" lk="395" lemma="si’z" tahendus="siis" ingl="then" liik="ProAdv">siz</sone><sone id="l16_s8" lk="395" lemma="vȱlda" tahendus="olla" ingl="be" liik="Va" vorm="pers.knd.pr.sg.3.">ve̮lks</sone><sone id="l16_s9" lk="395" lemma="sǭdõ" tahendus="saada" ingl="get" liik="V" vorm="nud.sg.">så̄nd</sone><sone id="l16_s10" lk="395" lemma="se" tahendus="see" ingl="this" liik="ProS" vorm="sg.gen.">sie</sone><sone id="l16_s11" lk="395" lemma="kiršt" tahendus="kirst" ingl="chest" liik="S" vorm="sg.gen.">kiŕšt</sone><sone id="l16_s12" lk="395" lemma="kä’ddõ" tahendus="kätte" liik="Adva">kä’ddə</sone><sone id="l16_s13" lk="395" meta="vahemärk">.</sone></lause><lause id="l17"><sone id="l17_s1" lk="395"> </sone></lause></sisu>
</liivike>
