<?xml version="1.0" encoding="UTF-8"?>
<?xml-stylesheet type="text/xsl" href="liivike_tekst.xsl"?>
<liivike>
	<info><tyyp>kirjalik</tyyp><teema>Tarinoita 2</teema><keel>liivi</keel><murre>Īra</murre><kirjaviis>foneetiline transkriptsioon</kirjaviis><kyla longituud="22.107" latituud="57.62">Īra</kyla><teos pealkiri="Näytteitä liivin kielestä" aasta="1953" koht="">E. N. Setälä</teos><muu>Keelejuht Diedrich Belt</muu><kyla longituud="" latituud="">Īra</kyla><teos pealkiri="Näytteitä liivin kielestä" aasta="1953" koht="">E. N. Setälä</teos></info><sisu id="Set_Tar_2">
		<lause id="l1">
			<sone id="l1_s1" lk="?" lemma="kīlma+kǟnga" liik="S" vorm="pl.el." stiil="pealkiri" tahendus="külmaking">kǖlma+keŋgšti</sone>
			<sone id="l1_s2" lk="?" meta="vahemärk">.</sone></lause>
		<lause id="l2"><sone id="l2_s1" lk="372" lemma="ikš" tahendus="üks" ingl="one" liik="ProS" vorm="sg.nom.">ükš</sone><sone id="l2_s2" lk="372" meta="vahemärk">[</sone><sone id="l2_s3" lk="372" lemma="kõrd" tahendus="kord" ingl="time" liik="S" vorm="sg.nom.">kürd</sone><sone id="l2_s4" lk="372" meta="vahemärk"> &gt;</sone><sone id="l2_s5" lk="372" meta="vahemärk">]</sone><sone id="l2_s6" lk="372" lemma="kõrd" tahendus="kord" ingl="time" liik="S" vorm="sg.nom.">ki̮rd</sone><sone id="l2_s7" lk="372" lemma="ikš" tahendus="üks" ingl="one" liik="ProS" vorm="sg.nom.">ükš</sone><sone id="l2_s8" lk="372" lemma="mīez" tahendus="mees" ingl="man" liik="S" vorm="sg.nom.">miez</sone><sone id="l2_s9" lk="372" lemma="vȱlda" tahendus="olla" ingl="be" liik="Va" vorm="pers.ind.pr.sg.3.">um’</sone><sone id="l2_s10" lk="372" lemma="pi’ds" tahendus="mööda" liik="Pre" ingl="along">pits</sone><sone id="l2_s11" lk="372" lemma="riek" tahendus="tee" ingl="road" liik="S" vorm="sg.part.">rⁱekkə</sone><sone id="l2_s12" lk="372" lemma="tūlda" tahendus="tulla" ingl="come" liik="V" vorm="nud.sg.">tund</sone><sone id="l2_s13" lk="372" lemma="īe+sidām" tahendus="südaöö" ingl="midnight" liik="S" vorm="sg.gen.">üö+südām</sone><sone id="l2_s14" lk="372" lemma="aigiz" tahendus="ajal" ingl="time" liik="Post">aigis</sone><sone id="l2_s15" lk="372" lemma="un" tahendus="ja" ingl="and" liik="Konj">un</sone><sone id="l2_s16" lk="372" lemma="istõ" tahendus="istuda" ingl="sit" liik="V" vorm="nud.sg.">istən</sone><sone id="l2_s17" lk="372" lemma="ikš" tahendus="üks" ingl="one" liik="ProS" vorm="sg.gen.">ǖd</sone><sone id="l2_s18" lk="372" lemma="vanā" tahendus="vana" ingl="old" liik="A" vorm="sg.gen.">vanā</sone><sone id="l2_s19" lk="372" lemma="rǭ’nõz" tahendus="rahn" liik="S" vorm="sg.gen.">rā’n</sone><sone id="l2_s20" lk="372" lemma="pǟl" tahendus="peale" liik="Post" ingl="on">pǟl</sone><sone id="l2_s21" lk="372" lemma="un" tahendus="ja" ingl="and" liik="Konj">un</sone><sone id="l2_s22" lk="372" lemma="smēkõ" tahendus="suitsetada" ingl="smoke" liik="V" vorm="nud.sg.">smēkən</sone><sone id="l2_s23" lk="372" lemma="pīp" tahendus="piip" ingl="pipe" liik="S" vorm="sg.part.">pīpə</sone><sone id="l2_s24" lk="372" meta="vahemärk">.</sone></lause><lause id="l3"><sone id="l3_s1" lk="372" lemma="si’z" tahendus="siis" ingl="then" liik="ProAdv">siz</sone><sone id="l3_s2" lk="372" lemma="tūlda" tahendus="tulla" ingl="come" liik="V" vorm="nud.sg.">tund</sone><sone id="l3_s3" lk="372" lemma="ne’i" tahendus="nii" ingl="so" liik="ProAdv">nei’</sone><sone id="l3_s4" lk="372" lemma="je’nnõ" tahendus="palju" liik="Adv">jen’nə</sone><sone id="l3_s5" lk="372" lemma="piški" tahendus="pisike" ingl="small" liik="A" vorm="pl.part.">piškīzi</sone><sone id="l3_s6" lk="372" lemma="läpš" tahendus="laps" ingl="child" liik="S" vorm="pl.part.">läpši</sone><sone id="l3_s7" lk="372" meta="vahemärk">,</sone><sone id="l3_s8" lk="372" lemma="ne’i" tahendus="nii" ingl="so" liik="ProAdv">nei’</sone><sone id="l3_s9" lk="372" lemma="je’nnõ" tahendus="palju" liik="Adv">jen’n</sone><sone id="l3_s10" lk="372" lemma="ku" tahendus="et" ingl="that" liik="Konj">ku</sone><sone id="l3_s11" lk="372" lemma="tämā" tahendus="tema" ingl="s/he" liik="ProS" vorm="sg.nom.">ta</sone><sone id="l3_s12" lk="372" lemma="ä’b" tahendus="ei" ingl="not" liik="Mn" vorm="pr.sg.1.">äb</sone><sone id="l3_s13" lk="372" lemma="vȱlda" tahendus="olla" ingl="be" liik="V" vorm="pers.ind.sg.3.neg.">uo</sone><sone id="l3_s14" lk="372" lemma="no+lu’ggõ" tahendus="kokku lugeda" liik="V" vorm="nud.sg.prf." ingl="read">nu’o+lu’ggən</sone><sone id="l3_s15" lk="372" lemma="un" tahendus="ja" ingl="and" liik="Konj">un</sone><sone id="l3_s16" lk="372" lemma="lǟʼdõ" tahendus="minna" ingl="go" liik="V" vorm="nud.pl.">lǟ’nəd</sone><sone id="l3_s17" lk="372" lemma="rištõ" tahendus="risti" liik="Adv">rištə</sone><sone id="l3_s18" lk="372" lemma="tämā" tahendus="tema" ingl="s/he" liik="ProS" vorm="sg.dat.">täm’mən</sone><sone id="l3_s19" lk="372" lemma="i’ļ" tahendus="üle" liik="Pre">üĺ’</sone><sone id="l3_s20" lk="372" lemma="riek" tahendus="tee" ingl="road" liik="S" vorm="sg.gen.">rⁱekk</sone><sone id="l3_s21" lk="372" meta="vahemärk">.</sone></lause><lause id="l4"><sone id="l4_s1" lk="372" lemma="si’z" tahendus="siis" ingl="then" liik="ProAdv">siz</sone><sone id="l4_s2" lk="372" lemma="tämā" tahendus="tema" ingl="s/he" liik="ProS" vorm="sg.dat.">täm’mən</sone><sone id="l4_s3" lk="372" lemma="vȱlda" tahendus="olla" ingl="be" liik="Va" vorm="pers.ind.pr.sg.3.">um’</sone><sone id="l4_s4" lk="372" lemma="vȱlda" tahendus="olla" ingl="be" liik="V" vorm="nud.sg.">ve̮nd</sone><sone id="l4_s5" lk="372" lemma="ne’i" tahendus="nii" ingl="so" liik="ProAdv">nei’</sone><sone id="l4_s6" lk="372" lemma="irm" tahendus="hirm" ingl="fear" liik="S" vorm="sg.nom.">irm</sone><sone id="l4_s7" lk="372" lemma="ne’i" tahendus="nii" ingl="so" liik="ProAdv">nei’</sone><sone id="l4_s8" lk="372" lemma="ku" tahendus="et" ingl="that" liik="Konj">ku</sone><sone id="l4_s9" lk="372" lemma="tagānd" tahendus="tagant" liik="Adv">tagānd</sone><sone id="l4_s10" lk="372" lemma="vȱlda" tahendus="olla" ingl="be" liik="Va" vorm="pers.ind.pr.sg.3.">um’</sone><sone id="l4_s11" lk="372" lemma="vȱlda" tahendus="olla" ingl="be" liik="V" vorm="nud.sg.">ve̮nd</sone><sone id="l4_s12" lk="372" lemma="tīera" tahendus="terve" liik="A" ingl="whole" vorm="sg.gen.">tiera</sone><sone id="l4_s13" lk="372" lemma="toļ" tahendus="toll" ingl="inch" liik="S" vorm="sg.gen.">toĺĺ</sone><sone id="l4_s14" lk="372" lemma="pitkit" tahendus="pikkus" liik="S" vorm="sg.nom." ingl="length">pitkit</sone><sone id="l4_s15" lk="372" lemma="ullõ" tahendus="väljas" liik="Adv">ullə</sone><sone id="l4_s16" lk="372" meta="vahemärk">.</sone></lause><lause id="l5"><sone id="l5_s1" lk="372" lemma="si’z" tahendus="siis" ingl="then" liik="ProAdv">siz</sone><sone id="l5_s2" lk="372" lemma="tämā" tahendus="tema" ingl="s/he" liik="ProS" vorm="sg.nom.">ta</sone><sone id="l5_s3" lk="372" lemma="tie’nnõ" tahendus="tänada" ingl="thank" liik="V" vorm="nud.sg.">tⁱen’nən</sone><sone id="l5_s4" lk="372" lemma="jumāl" tahendus="jumal" ingl="god" liik="S" vorm="sg.dat.">jumālən</sone><sone id="l5_s5" lk="372" meta="vahemärk">,</sone><sone id="l5_s6" lk="372" lemma="ku" tahendus="et" ingl="that" liik="Konj">ku</sone><sone id="l5_s7" lk="372" lemma="tämā" tahendus="tema" ingl="s/he" liik="ProS" vorm="sg.nom.">ta</sone><sone id="l5_s8" lk="372" lemma="sǭdõ" tahendus="saada" ingl="get" liik="V" vorm="nud.sg.">så̄nd</sone><sone id="l5_s9" lk="372" lemma="ī’ž" tahendus="ise" ingl="self" liik="ProS" vorm="sg.gen.">eńtš</sone><sone id="l5_s10" lk="372" lemma="kuodāj" tahendus="koju" ingl="home" liik="Adv">kᵘe̮dāi</sone><sone id="l5_s11" lk="372" meta="vahemärk">.</sone></lause><lause id="l6"><sone id="l6_s1" lk="372" lemma="un" tahendus="ja" ingl="and" liik="Konj">un</sone><sone id="l6_s2" lk="372" lemma="si’z" tahendus="siis" ingl="then" liik="ProAdv">siz</sone><sone id="l6_s3" lk="372" lemma="tämā" tahendus="tema" ingl="s/he" liik="ProS" vorm="sg.nom.">ta</sone><sone id="l6_s4" lk="372" lemma="ma’ggõ" tahendus="lamada" ingl="lie" liik="V" vorm="pers.ind.ipf.sg.3.">magīz</sone><sone id="l6_s5" lk="372" lemma="rujā" tahendus="haige" ingl="ill" liik="A" vorm="sg.nom.">rujā</sone><sone id="l6_s6" lk="372" lemma="tīera" tahendus="terve" liik="A" ingl="whole" vorm="sg.gen.">tiera</sone><sone id="l6_s7" lk="372" lemma="nädīļ" tahendus="nädal" ingl="week" liik="S" vorm="sg.gen.">nädīĺ</sone><sone id="l6_s8" lk="372" meta="vahemärk">.</sone><sone id="l6_s9" lk="372" lemma="se" tahendus="see" ingl="this" liik="ProS" vorm="sg.nom.">se</sone><sone lk="372" keel="eesti" id="l6_s10" meta="vahemärk">=</sone><sone lk="372" keel="eesti" id="l6_s11" lemma="vȱlda" tahendus="olla" ingl="be" liik="V" vorm="pers.ind.pr.sg.3.">m’</sone><sone id="l6_s12" lk="372" lemma="vä’ggi" tahendus="väga" ingl="very" liik="Adv">vä’ggi</sone><sone id="l6_s13" lk="372" lemma="tuo’ž" tahendus="tõde" ingl="true" liik="S" vorm="sg.nom.">tᵘe̮’iž</sone><sone id="l6_s14" lk="372" meta="vahemärk">.</sone></lause></sisu>
</liivike>
