<?xml version="1.0" encoding="UTF-8"?>
<?xml-stylesheet type="text/xsl" href="liivike_tekst.xsl"?>
<liivike>
	<info><tyyp>kirjalik</tyyp><teema>Tarinoita 3</teema><keel>liivi</keel><murre>Īra</murre><kirjaviis>foneetiline transkriptsioon</kirjaviis><muu>Keelejuht Diedrich Belt</muu><kyla longituud="22.107" latituud="57.62">Īra</kyla><teos pealkiri="Näytteitä liivin kielestä" aasta="1953" koht="">E. N. Setälä</teos></info><sisu id="Set_Tar_3">
		<lause id="l1">
			<sone id="l1_s1" lk="373" lemma="vīlkatõks" tahendus="libahunt" ingl="werewolf" liik="S" vorm="sg.abl." stiil="pealkiri">vīlkatəksəlt</sone>
			<sone id="l1_s2" lk="373" meta="vahemärk">.</sone></lause>
		<lause id="l2"><sone id="l2_s1" lk="373" lemma="ikš" tahendus="üks" ingl="one" liik="ProS" vorm="sg.nom.">ükš</sone><sone id="l2_s2" lk="373" meta="vahemärk">[</sone><sone id="l2_s3" lk="373" lemma="kõrd" tahendus="kord" ingl="time" liik="S" vorm="sg.nom.">kürd</sone><sone id="l2_s4" lk="373" meta="vahemärk"> &gt;</sone><sone id="l2_s5" lk="373" meta="vahemärk">]</sone><sone id="l2_s6" lk="373" lemma="kõrd" tahendus="kord" ingl="time" liik="S" vorm="sg.nom.">ki̮rd</sone><sone id="l2_s7" lk="373" lemma="vȱlda" tahendus="olla" ingl="be" liik="Va" vorm="pers.ind.pr.sg.3.">um’</sone><sone id="l2_s8" lk="373" lemma="vȱlda" tahendus="olla" ingl="be" liik="V" vorm="nud.sg.">ve̮nd</sone><sone id="l2_s9" lk="373" lemma="ikš" tahendus="üks" ingl="one" liik="ProS" vorm="sg.nom.">ükš</sone><sone id="l2_s10" lk="373" lemma="vanā" tahendus="vana" ingl="old" liik="A" vorm="sg.nom.">vanā</sone><sone id="l2_s11" lk="373" lemma="mīez" tahendus="mees" ingl="man" liik="S" vorm="sg.nom.">miez</sone><sone id="l2_s12" lk="373" meta="vahemärk">,</sone><sone id="l2_s13" lk="373" lemma="jūŗi" liik="H" vorm="sg.nom.">jūŕi</sone><sone id="l2_s14" lk="373" lemma="ni’m" tahendus="nimi" ingl="name" liik="S" vorm="sg.nom.">nim’</sone><sone id="l2_s15" lk="373" meta="vahemärk">.</sone></lause><lause id="l3"><sone id="l3_s1" lk="373" lemma="se" tahendus="see" ingl="this" liik="ProS" vorm="sg.nom.">se</sone><sone id="l3_s2" lk="373" lemma="jegā" tahendus="iga" ingl="every" liik="ProS" vorm="sg.gen.">jegā</sone><sone id="l3_s3" lk="373" lemma="pūol+pǟva" tahendus="laupäev" ingl="saturday" liik="S" vorm="sg.gen.">puol+pǟva</sone><sone id="l3_s4" lk="373" meta="vahemärk">[</sone><sone id="l3_s5" lk="373" lemma="ȭ’dõg" tahendus="õhtu" ingl="evening" liik="S" vorm="sg.nom.">ǖ’dəg</sone><sone id="l3_s6" lk="373" meta="vahemärk"> &gt;</sone><sone id="l3_s7" lk="373" meta="vahemärk">]</sone><sone id="l3_s8" lk="373" lemma="ȭ’dõn" tahendus="õhtul" liik="Adv">ī̮’dən</sone><sone id="l3_s9" lk="373" lemma="sōna" tahendus="saun" ingl="sauna" liik="S" vorm="sg.in.">sōnas</sone><sone id="l3_s10" lk="373" lemma="vä’ggi" tahendus="väga" ingl="very" liik="Adv">vä’ggi</sone><sone id="l3_s11" lk="373" lemma="kōgiņ" tahendus="kaua" ingl="long" liik="Adv">kōgin</sone><sone id="l3_s12" lk="373" lemma="pie’zzõ" tahendus="pesta" ingl="wash" liik="V" vorm="nud.sg.">pⁱe’zzən</sone><sone id="l3_s13" lk="373" lemma="pūol+īe" tahendus="kesköö" ingl="midnight" liik="S" vorm="sg.part.">puold+üödə</sone><sone id="l3_s14" lk="373" lemma="sǭņõ" tahendus="kuni" liik="Post">sāńiz</sone><sone id="l3_s15" lk="373" meta="vahemärk">.</sone></lause><lause id="l4"><sone id="l4_s1" lk="373" lemma="si’z" tahendus="siis" ingl="then" liik="ProAdv">sis</sone><sone id="l4_s2" lk="373" lemma="perī+mīez" tahendus="peremees" ingl="host" liik="S" vorm="sg.nom.">perī+miez</sone><sone id="l4_s3" lk="373" lemma="kītõ" tahendus="öelda" ingl="say" liik="V" vorm="nud.sg.">kītən</sone><sone id="l4_s4" lk="373" meta="vahemärk">,</sone><sone id="l4_s5" lk="373" lemma="la’z" tahendus="las" liik="ModAdv" ingl="let">las</sone><sone id="l4_s6" lk="373" lemma="pȯis" tahendus="poiss" ingl="boy" liik="S" vorm="sg.nom.">pe̮is</sone><sone id="l4_s7" lk="373" lemma="lǟ’dõ" tahendus="minna" ingl="go" liik="V" vorm="pers.jus.pr.sg.3.">läk</sone><sone id="l4_s8" lk="373" lemma="vaņțlõ" tahendus="vaadata" ingl="look" liik="V" vorm="sup.">vańḱĺəm</sone><sone id="l4_s9" lk="373" meta="vahemärk">,</sone><sone id="l4_s10" lk="373" lemma="mis" tahendus="mis" ingl="what" liik="Intr" vorm="sg.nom.">mis</sone><sone id="l4_s11" lk="373" lemma="tämā" tahendus="tema" ingl="s/he" liik="ProS" vorm="sg.nom.">ta</sone><sone id="l4_s12" lk="373" lemma="sǟ’l" tahendus="seal" ingl="there" liik="ProAdv">sǟ’l</sone><sone id="l4_s13" lk="373" lemma="ne’i" tahendus="nii" ingl="so" liik="ProAdv">nei’</sone><sone id="l4_s14" lk="373" lemma="kōgiņ" tahendus="kaua" ingl="long" liik="Adv">kōgin</sone><sone id="l4_s15" lk="373" lemma="tī’edõ" tahendus="teha" ingl="do" liik="V" vorm="pers.kvt.pr.sg.3.">tēji</sone><sone id="l4_s16" lk="373" meta="vahemärk">.</sone></lause><lause id="l5"><sone id="l5_s1" lk="373" lemma="si’z" tahendus="siis" ingl="then" liik="ProAdv">sis</sone><sone id="l5_s2" lk="373" lemma="pȯis" tahendus="poiss" ingl="boy" liik="S" vorm="sg.nom.">pe̮is</sone><sone id="l5_s3" lk="373" lemma="lǟʼdõ" tahendus="minna" ingl="go" liik="V" vorm="nud.sg.">lǟ’nd</sone><sone id="l5_s4" lk="373" meta="vahemärk">,</sone><sone id="l5_s5" lk="373" lemma="võttõ" tahendus="võtta" ingl="take" liik="V" vorm="nud.sg.">vi̮ttən</sone><sone id="l5_s6" lk="373" lemma="ikš" tahendus="üks" ingl="one" liik="ProS" vorm="sg.gen.">ǖ’d</sone><sone id="l5_s7" lk="373" lemma="paņ" tahendus="pang" liik="S" vorm="sg.gen.">pańń</sone><sone id="l5_s8" lk="373" lemma="täuž" tahendus="täis" ingl="full" liik="S" vorm="sg.gen.">tävd</sone><sone id="l5_s9" lk="373" lemma="kīlma" tahendus="külm" ingl="cold" liik="A" vorm="sg.part.">külmə</sone><sone id="l5_s10" lk="373" lemma="ve’ž" tahendus="vesi" ingl="water" liik="S" vorm="sg.part.">vⁱetā</sone><sone id="l5_s11" lk="373" lemma="ka" tahendus="ka" ingl="also" liik="ModAdv">ka</sone><sone id="l5_s12" lk="373" lemma="īņõz" tahendus="kaasa" liik="Adv">ǖńiz</sone><sone id="l5_s13" lk="373" meta="vahemärk">.</sone></lause><lause id="l6"><sone id="l6_s1" lk="373" lemma="pȯis" tahendus="poiss" ingl="boy" liik="S" vorm="sg.nom.">pe̮is</sone><sone id="l6_s2" lk="373" lemma="grēbõ" tahendus="ronida" ingl="climb" liik="V" vorm="nud.sg.">grē’bən</sone><sone id="l6_s3" lk="373" lemma="i’lzõ" tahendus="üles" ingl="up" liik="Adva">ül’z</sone><sone id="l6_s4" lk="373" lemma="sōna" tahendus="saun" ingl="sauna" liik="S" vorm="sg.gen.">sōna</sone><sone id="l6_s5" lk="373" lemma="pǟl" tahendus="peale" liik="Post">pǟl</sone><sone id="l6_s6" lk="373" meta="vahemärk">,</sone><sone id="l6_s7" lk="373" lemma="agā" tahendus="aga" ingl="but" liik="Konj">aga</sone><sone id="l6_s8" lk="373" lemma="si’z" tahendus="siis" ingl="then" liik="ProAdv">sis</sone><sone id="l6_s9" lk="373" lemma="va" tahendus="va" liik="Par">va</sone><sone id="l6_s10" lk="373" lemma="jūŗi" liik="H" vorm="sg.nom.">jūŕi</sone><sone id="l6_s11" lk="373" lemma="ma’ggõ" tahendus="magada" ingl="sleep" liik="V" vorm="nud.sg.">ma’ggən</sone><sone id="l6_s12" lk="373" lemma="sōna" tahendus="saun" ingl="sauna" liik="S" vorm="sg.gen.">sōna</sone><sone id="l6_s13" lk="373" lemma="lovā" tahendus="lava" liik="S" vorm="sg.ad.">lovāl</sone><sone id="l6_s14" lk="373" lemma="sǟlgaņiz" tahendus="selili" ingl="on the back" liik="Adv">sǟlgańis</sone><sone id="l6_s15" lk="373" meta="vahemärk">,</sone><sone id="l6_s16" lk="373" lemma="jālga" tahendus="jalg" ingl="leg" liik="S" vorm="pl.nom.">jå̄lgad</sone><sone id="l6_s17" lk="373" lemma="i’llõ" tahendus="üleval" ingl="up" liik="Adv">ül’lə</sone><sone id="l6_s18" lk="373" lemma="dǭr" tahendus="suitsuauk" liik="S" vorm="sg.in.">då̄ŕš</sone><sone id="l6_s19" lk="373" meta="vahemärk">.</sone></lause><lause id="l7"><sone id="l7_s1" lk="373" lemma="si’z" tahendus="siis" ingl="then" liik="ProAdv">sis</sone><sone id="l7_s2" lk="373" lemma="pȯis" tahendus="poiss" ingl="boy" liik="S" vorm="sg.nom.">pe̮is</sone><sone id="l7_s3" lk="373" lemma="gǭ’žõ" tahendus="kallata" liik="V" vorm="nud.sg.">gā’žən</sone><sone id="l7_s4" lk="373" lemma="se" tahendus="see" ingl="this" liik="ProS" vorm="sg.gen.">sie</sone><sone id="l7_s5" lk="373" lemma="kīlma" tahendus="külm" ingl="cold" liik="A" vorm="sg.gen.">kǖlma</sone><sone id="l7_s6" lk="373" lemma="ve’ž" tahendus="vesi" ingl="water" liik="S" vorm="sg.gen.">vⁱe’d</sone><sone id="l7_s7" lk="373" lemma="sǟlga" tahendus="selg" ingl="back" liik="S" vorm="sg.ill.">sälgə</sone><sone id="l7_s8" lk="373" lemma="ne’i" tahendus="nii" ingl="so" liik="ProAdv">nei’</sone><sone id="l7_s9" lk="373" lemma="ku" tahendus="et" ingl="so" liik="Konj">ku</sone><sone id="l7_s10" lk="373" lemma="jūŗi" liik="H" vorm="sg.dat.">jūŕin</sone><sone id="l7_s11" lk="373" lemma="poukõ" tahendus="paugatada" liik="V" vorm="nud.sg.">poukən</sone><sone id="l7_s12" lk="373" lemma="sūr" tahendus="suur" ingl="big" liik="A" vorm="sg.nom.">sūr</sone><sone id="l7_s13" lk="373" lemma="tabār" tahendus="saba" ingl="tail" liik="S" vorm="sg.nom.">tabār</sone><sone id="l7_s14" lk="373" lemma="tagānd" tahendus="tagant" liik="Adv">tagānd</sone><sone id="l7_s15" lk="373" lemma="ulzõ" tahendus="välja" ingl="out" liik="Adva">ulz</sone><sone id="l7_s16" lk="373" meta="vahemärk">.</sone></lause><lause id="l8"><sone id="l8_s1" lk="373" lemma="si’z" tahendus="siis" ingl="then" liik="ProAdv">sis</sone><sone id="l8_s2" lk="373" lemma="pȯis" tahendus="poiss" ingl="boy" liik="S" vorm="sg.nom.">pe̮is</sone><sone id="l8_s3" lk="373" lemma="kargõ" tahendus="karata" liik="V" vorm="nud.sg.">kargən</sone><sone id="l8_s4" lk="373" lemma="sōna" tahendus="saun" ingl="sauna" liik="S" vorm="sg.gen.">sōna</sone><sone id="l8_s5" lk="373" lemma="pǟldõ" tahendus="pealt" liik="Post">pǟld</sone><sone id="l8_s6" lk="373" lemma="ī’ž" tahendus="ise" ingl="itself" liik="ProS" vorm="sg.nom.">ī’ž</sone><sone id="l8_s7" lk="373" lemma="mǭ’zõ" tahendus="maha" liik="Adva" ingl="off">mā’</sone><sone id="l8_s8" lk="373" lemma="un" tahendus="ja" ingl="and" liik="Konj">un</sone><sone id="l8_s9" lk="373" lemma="vaņțlõ" tahendus="vaadata" ingl="look" liik="V" vorm="nud.sg.">vańḱĺən</sone><sone id="l8_s10" lk="373" meta="vahemärk">,</sone><sone id="l8_s11" lk="373" lemma="mis" tahendus="mis" ingl="what" liik="Intr" vorm="sg.nom." kommentaar="?">mis</sone><sone id="l8_s12" lk="373" lemma="jūŗi" liik="H" vorm="sg.nom.">jūŕi</sone><sone id="l8_s13" lk="373" lemma="ni" tahendus="nüüd" ingl="now" liik="Adv">ni</sone><sone id="l8_s14" lk="373" lemma="tī’edõ" tahendus="teha" ingl="do" liik="V" vorm="pers.ind.pr.sg.3.">tieb</sone><sone id="l8_s15" lk="373" meta="vahemärk">.</sone></lause><lause id="l9"><sone id="l9_s1" lk="373" lemma="ne’i" tahendus="nii" ingl="so" liik="ProAdv">ne</sone><sone id="l9_s2" lk="373" lemma="ka" tahendus="ka" ingl="too" liik="ModAdv">ka</sone><sone id="l9_s3" lk="373" lemma="jūŗi" liik="H" vorm="sg.nom.">jūŕi</sone><sone id="l9_s4" lk="373" lemma="a’ilõ" tahendus="joosta" ingl="run" liik="V" vorm="nud.sg.">ai’lən</sone><sone lk="373" keel="eesti" id="l9_s5" lemma="amā" tahendus="kogu" liik="ProS" vorm="sg.gen.">amā</sone><sone id="l9_s6" lk="373" lemma="immõr" tahendus="ümber" liik="Pre" ingl="around">ümmr̥</sone><sone id="l9_s7" lk="373" lemma="sōna" tahendus="saun" ingl="sauna" liik="S" vorm="sg.gen.">sōna</sone><sone id="l9_s8" lk="373" lemma="vȯtšõ" tahendus="otsida" ingl="look for" liik="V" vorm="sup.">ve̮t́šəm</sone><sone id="l9_s9" lk="373" meta="vahemärk">,</sone><sone id="l9_s10" lk="373" lemma="agā" tahendus="aga" ingl="but" liik="Konj">agā</sone><sone id="l9_s11" lk="373" lemma="sōna" tahendus="saun" ingl="sauna" liik="S" vorm="sg.el.">sōnast</sone><sone id="l9_s12" lk="373" lemma="ä’b" tahendus="ei" ingl="not" liik="Mn" vorm="pr.sg.3.">äb</sone><sone id="l9_s13" lk="373" lemma="vȱlda" tahendus="olla" ingl="be" liik="Va" vorm="pers.ind.sg.3.neg.">uo</sone><sone id="l9_s14" lk="373" lemma="lieudõ" tahendus="leida" ingl="find" liik="V" vorm="nud.sg.">lⁱevdən</sone><sone id="l9_s15" lk="373" meta="vahemärk">,</sone><sone id="l9_s16" lk="373" lemma="si’z" tahendus="siis" ingl="then" liik="ProAdv">siz</sone><sone id="l9_s17" lk="373" lemma="a’ilõ" tahendus="joosta" ingl="run" liik="V" vorm="nud.sg.">ai’lən</sone><sone id="l9_s18" lk="373" lemma="sōna" tahendus="saun" ingl="sauna" liik="S" vorm="sg.gen.">sōna</sone><sone id="l9_s19" lk="373" lemma="pǟl" tahendus="peale" liik="Post">pǟl</sone><sone id="l9_s20" lk="373" lemma="i’lzõ" tahendus="üles" ingl="up" liik="Adv">ül’z</sone><sone id="l9_s21" lk="373" meta="vahemärk">.</sone></lause><lause id="l10"><sone id="l10_s1" lk="373" lemma="si’z" tahendus="siis" ingl="then" liik="ProAdv">sis</sone><sone id="l10_s2" lk="373" lemma="pȯis" tahendus="poiss" ingl="boy" liik="S" vorm="sg.nom.">pe̮is</sone><sone id="l10_s3" lk="373" lemma="tī’edõ" tahendus="teha" ingl="do" liik="V" vorm="nud.sg.">tiend</sone><sone id="l10_s4" lk="373" lemma="ī’ž" tahendus="ise" ingl="self" liik="ProS" vorm="sg.gen.">eńt́š</sone><sone id="l10_s5" lk="373" lemma="labā" tahendus="jalalaba" liik="S" vorm="pl.gen." kommentaar="?">labād</sone><sone id="l10_s6" lk="373" lemma="vāldiņ" tahendus="lahti" liik="Adva" ingl="open">vå̄ldiń</sone><sone id="l10_s7" lk="373" lemma="un" tahendus="ja" ingl="and" liik="Konj">un</sone><sone id="l10_s8" lk="373" lemma="laskõ " tahendus="lasta" liik="V" vorm="nud.sg.">laskən</sone><sone id="l10_s9" lk="373" lemma="tubā" tahendus="tuba" liik="S" vorm="sg.gen.">tubā</sone><sone id="l10_s10" lk="373" lemma="jūrõ" tahendus="juurde" liik="Post">jūr</sone><sone id="l10_s11" lk="373" meta="vahemärk">,</sone><sone id="l10_s12" lk="373" lemma="ku" tahendus="kui" liik="Intr" ingl="how">ku</sone><sone id="l10_s13" lk="373" lemma="je’nnõ" tahendus="palju" liik="Adv">jen’n</sone><sone id="l10_s14" lk="373" lemma="set" tahendus="ainult" ingl="only" liik="Adv">set</sone><sone id="l10_s15" lk="373" lemma="kīņtš" tahendus="küüs" ingl="nail" liik="S" vorm="pl.nom.">kǖndud</sone><sone id="l10_s16" lk="373" lemma="kandõ" tahendus="kanda" liik="V" vorm="nud.pl.">kāndand</sone><sone id="l10_s17" lk="373" meta="vahemärk">.</sone></lause><lause id="l11"><sone id="l11_s1" lk="373" lemma="si’z" tahendus="siis" ingl="then" liik="ProAdv">siz</sone><sone id="l11_s2" lk="373" lemma="va" tahendus="va" liik="Par">va</sone><sone id="l11_s3" lk="373" lemma="jūŗi" liik="H" vorm="sg.nom.">jūŕi</sone><sone id="l11_s4" lk="373" lemma="vȱlda" tahendus="olla" ingl="be" liik="V" vorm="nud.sg.">ve̮nd</sone><sone id="l11_s5" lk="373" lemma="sǟ’l+ī’ž" tahendus="sealsamas" ingl="there" liik="ProAdv">sǟ’l+ī’ž</sone><sone id="l11_s6" lk="373" lemma="tagān" tahendus="järel" liik="Adv">tagān</sone><sone id="l11_s7" lk="373" lemma="ka" tahendus="ka" ingl="too" liik="ModAdv">ka</sone><sone id="l11_s8" lk="373" lemma="un" tahendus="ja" ingl="and" liik="Konj">un</sone><sone id="l11_s9" lk="373" lemma="kītõ" tahendus="öelda" ingl="say" liik="V" vorm="nud.sg.">kītən</sone><sone id="l11_s10" lk="373" meta="vahemärk">:</sone><sone lk="373" keel="eesti" id="l11_s11" meta="vahemärk">”</sone><sone id="l11_s12" lk="373" lemma="koks" tahendus="kui ometi" liik="Konj">koks</sone><sone id="l11_s13" lk="373" lemma="minā" tahendus="mina" ingl="I" liik="ProS" vorm="sg.nom.">ma</sone><sone id="l11_s14" lk="373" lemma="sinā" tahendus="sina" ingl="you" liik="ProS" vorm="sg.gen.">sin’</sone><sone id="l11_s15" lk="373" lemma="vȱlda" tahendus="olla" ingl="be" liik="Va" vorm="nud.sg.">ve̮nd</sone><sone id="l11_s16" lk="373" lemma="sǭdõ" tahendus="saada" ingl="get" liik="V" vorm="nud.sg.">sānd</sone><sone id="l11_s17" lk="373" lemma="ke’ž" tahendus="kätte" ingl="hand" liik="Adva">kä’ddə</sone><sone id="l11_s18" lk="373" meta="vahemärk">,</sone><sone id="l11_s19" lk="373" lemma="si’z" tahendus="siis" ingl="then" liik="ProAdv">siz</sone><sone id="l11_s20" lk="373" lemma="minā" tahendus="mina" ingl="I" liik="ProS" vorm="sg.nom.">ma</sone><sone id="l11_s21" lk="373" lemma="sinā" tahendus="sina" ingl="you" liik="ProS" vorm="sg.gen.">sin’</sone><sone id="l11_s22" lk="373" lemma="nǭ’gõ" tahendus="nahk" ingl="skin" liik="S" vorm="sg.gen.">nā’gə</sone><sone id="l11_s23" lk="373" lemma="vȱlda" tahendus="olla" ingl="be" liik="Va" vorm="pers.knd.pr.sg.1.">ve̮lks</sone><sone id="l11_s24" lk="373" lemma="vie’ddõ" tahendus="tõmmata" ingl="pull" liik="V" vorm="nud.sg.">vⁱe’ddən</sone><sone id="l11_s25" lk="373" lemma="mǭ’zõ" tahendus="maha" liik="Adva" ingl="off">mā’.</sone><sone id="l11_s26" lk="373" meta="vahemärk">”</sone></lause><lause id="l12"><sone id="l12_s1" lk="374" lemma="si’z" tahendus="siis" ingl="then" liik="ProAdv">siz</sone><sone id="l12_s2" lk="374" lemma="ūoņdžõl" tahendus="hommikul" liik="Adv">ue̮ńd́žil</sone><sone id="l12_s3" lk="374" lemma="pȯis" tahendus="poiss" ingl="boy" liik="S" vorm="sg.nom.">pe̮is</sone><sone id="l12_s4" lk="374" lemma="lǟʼdõ" tahendus="minna" ingl="go" liik="V" vorm="nud.sg.">lǟ’nd</sone><sone id="l12_s5" lk="374" lemma="mõtsā" tahendus="mets" ingl="woods" liik="S" vorm="sg.ill.">mi̮tsə</sone><sone id="l12_s6" lk="374" lemma="pū" tahendus="puu" ingl="tree" liik="S" vorm="pl.part.">pūd́i</sone><sone id="l12_s7" lk="374" lemma="ra’dļõ" tahendus="raiuda" liik="V" vorm="sup.">ra’d́ĺəm</sone><sone id="l12_s8" lk="374" meta="vahemärk">,</sone><sone id="l12_s9" lk="374" lemma="agā" tahendus="aga" ingl="but" liik="Konj">aga</sone><sone id="l12_s10" lk="374" lemma="va" tahendus="va" liik="Par">va</sone><sone id="l12_s11" lk="374" lemma="jūŗi" liik="H" vorm="sg.nom.">jūŕi</sone><sone id="l12_s12" lk="374" lemma="lǟʼdõ" tahendus="minna" ingl="go" liik="V" vorm="nud.sg.">lǟ’nd</sone><sone id="l12_s13" lk="374" lemma="sīnõ" tahendus="sinna" liik="ProAdv" ingl="there">sīn</sone><sone id="l12_s14" lk="374" lemma="tagā" tahendus="järele" liik="Adv">tagā</sone><sone id="l12_s15" lk="374" meta="vahemärk">.</sone></lause><lause id="l13"><sone id="l13_s1" lk="374" lemma="si’z" tahendus="siis" ingl="then" liik="ProAdv">sis</sone><sone id="l13_s2" lk="374" lemma="pȯis" tahendus="poiss" ingl="boy" liik="S" vorm="sg.nom.">pe̮is</sone><sone id="l13_s3" lk="374" lemma="nä’gțõ" tahendus="näidata" ingl="show" liik="V" vorm="nud.sg.">nä’gt́ən</sone><sone id="l13_s4" lk="374" lemma="kīraz" tahendus="kirves" ingl="ax" liik="S" vorm="sg.part.">kīrast</sone><sone id="l13_s5" lk="374" lemma="un" tahendus="ja" ingl="and" liik="Konj">un</sone><sone id="l13_s6" lk="374" lemma="kītõ" tahendus="öelda" ingl="say" liik="V" vorm="nud.sg.">kītən</sone><sone id="l13_s7" lk="374" meta="vahemärk">:</sone><sone lk="374" keel="eesti" id="l13_s8" meta="vahemärk">”</sone><sone id="l13_s9" lk="374" lemma="tūlda" tahendus="tulla" ingl="come" liik="V" vorm="pers.imp.pr.sg.2.">tul’</sone><sone id="l13_s10" lk="374" meta="vahemärk">,</sone><sone id="l13_s11" lk="374" lemma="tūlda" tahendus="tulla" ingl="come" liik="V" vorm="pers.imp.pr.sg.2.">tul’</sone><sone id="l13_s12" lk="374" meta="vahemärk">,</sone><sone id="l13_s13" lk="374" lemma="va" tahendus="va" liik="Par">va</sone><sone id="l13_s14" lk="374" lemma="jūŗi" liik="H" vorm="sg.nom.">jūŕi</sone><sone id="l13_s15" lk="374" meta="vahemärk">,</sone><sone id="l13_s16" lk="374" lemma="vaņțlõ" tahendus="vaadata" ingl="look" liik="V" vorm="pers.imp.pr.sg.2.">vāń</sone><sone id="l13_s17" lk="374" lemma="kus" tahendus="kus" ingl="where" liik="Intr">kus</sone><sone id="l13_s18" lk="374" lemma="vȱlda" tahendus="olla" ingl="be" liik="V" vorm="pers.ind.pr.sg.3.">um’</sone><sone id="l13_s19" lk="374" lemma="kīraz" tahendus="kirves" ingl="ax" liik="S" vorm="sg.nom.">kīraz.</sone><sone id="l13_s20" lk="374" meta="vahemärk">”</sone></lause><lause id="l14"><sone id="l14_s1" lk="374" lemma="ne’i" tahendus="nii" ingl="so" liik="ProAdv">nei’</sone><sone id="l14_s2" lk="374" lemma="jūŗi" liik="H" vorm="sg.nom.">jūŕi</sone><sone id="l14_s3" lk="374" lemma="tūlda" tahendus="tulla" ingl="come" liik="V" vorm="nud.sg.">tund</sone><sone id="l14_s4" lk="374" lemma="tā’giž" tahendus="tagasi" ingl="back" liik="Adva">ta’ggis</sone><sone id="l14_s5" lk="374" lemma="kuodāj" tahendus="koju" ingl="home" liik="Adv">kᵘe̮dāi</sone><sone id="l14_s6" lk="374" meta="vahemärk">.</sone></lause><lause id="l15"><sone id="l15_s1" lk="374" lemma="si’z" tahendus="siis" ingl="then" liik="ProAdv">siz</sone><sone id="l15_s2" lk="374" lemma="jūŗi" liik="H" vorm="sg.nom.">jūŕi</sone><sone id="l15_s3" lk="374" lemma="ve’l" tahendus="veel" liik="Adv">vel</sone><sone id="l15_s4" lk="374" lemma="lǟʼdõ" tahendus="minna" ingl="go" liik="V" vorm="nud.sg.">lǟ’nd</sone><sone id="l15_s5" lk="374" lemma="kakš" tahendus="kaks" ingl="two" liik="Nump" vorm="sg.nom.">kakš</sone><sone id="l15_s6" lk="374" meta="vahemärk">,</sone><sone id="l15_s7" lk="374" lemma="kuolm" tahendus="kolm" ingl="three" liik="Nump" vorm="sg.nom.">kᵘe̮lm</sone><sone id="l15_s8" lk="374" lemma="pǟva" tahendus="päev" ingl="day" liik="S" vorm="sg.part.">pävvə</sone><sone id="l15_s9" lk="374" meta="vahemärk">,</sone><sone id="l15_s10" lk="374" lemma="agā" tahendus="aga" ingl="but" liik="Konj">aga</sone><sone id="l15_s11" lk="374" lemma="se" tahendus="see" ingl="this" liik="ProS" vorm="sg.nom.">se</sone><sone id="l15_s12" lk="374" lemma="pȯis" tahendus="poiss" ingl="boy" liik="S" vorm="sg.nom.">pe̮is</sone><sone id="l15_s13" lk="374" lemma="vȱlda" tahendus="olla" ingl="be" liik="Va" vorm="pers.ind.pr.sg.3.">um’</sone><sone id="l15_s14" lk="374" lemma="sǭdõ" tahendus="saada" ingl="get" liik="V" vorm="nud.sg.">sānd</sone><sone id="l15_s15" lk="374" lemma="tämā" tahendus="tema" ingl="s/he" liik="ProS" vorm="sg.part.">tǟnda</sone><sone id="l15_s16" lk="374" lemma="jegā" tahendus="iga" ingl="every" liik="ProS" vorm="sg.nom.">jega</sone><sone id="l15_s17" lk="374" meta="muukeelne" kommentaar="kord">reid</sone><sone id="l15_s18" lk="374" lemma="je’ds" tahendus="enne" liik="Adv">je’ds</sone><sone id="l15_s19" lk="374" lemma="nǟ’dõ" tahendus="näha" ingl="see" liik="V" vorm="inf.">nǟ’də</sone><sone id="l15_s20" lk="374" lemma="un" tahendus="ja" ingl="and" liik="Konj">un</sone><sone id="l15_s21" lk="374" lemma="sǭdõ" tahendus="saada" ingl="get" liik="V" vorm="pers.ind.ipf.sg.3.">sai</sone><sone id="l15_s22" lk="374" lemma="tämā" tahendus="tema" ingl="s/he" liik="ProS" vorm="sg.part.">tǟnda</sone><sone id="l15_s23" lk="374" lemma="ni’m" tahendus="nimi" ingl="name" liik="S" vorm="sg.gen.">nim’</sone><sone id="l15_s24" lk="374" lemma="pi’ddõz" tahendus="pidi" liik="Post">pi’ddiz</sone><sone id="l15_s25" lk="374" lemma="nuttõ" tahendus="kutsuda" liik="V" vorm="sup." ingl="call">nutām</sone><sone id="l15_s26" lk="374" meta="vahemärk">.</sone></lause><lause id="l16"><sone id="l16_s1" lk="374" lemma="si’z" tahendus="siis" ingl="then" liik="ProAdv">sis</sone><sone id="l16_s2" lk="374" lemma="tämā" tahendus="tema" ingl="s/he" liik="ProS" vorm="sg.nom.">ta</sone><sone id="l16_s3" lk="374" lemma="i’z" tahendus="ei" ingl="not" liik="Mn" vorm="ipf.sg.3.">iz</sone><sone id="l16_s4" lk="374" lemma="võidõ" tahendus="võida" ingl="could" liik="V" vorm="pers.ind.sg.3.neg.">vi̮i</sone><sone id="l16_s5" lk="374" lemma="midāgõd" tahendus="miski" ingl="nothing" liik="ProS" vorm="pl.el.">midāgist</sone><sone id="l16_s6" lk="374" lemma="no+tī’edõ" tahendus="teha" ingl="do" liik="V" vorm="inf.prf.">nu’o+ti’edə</sone><sone id="l16_s7" lk="374" meta="vahemärk">.</sone></lause><lause id="l17"><sone id="l17_s1" lk="374" lemma="si’z" tahendus="siis" ingl="then" liik="ProAdv">sis</sone><sone id="l17_s2" lk="374" lemma="tämā" tahendus="tema" ingl="s/he" liik="ProS" vorm="sg.nom.">ta</sone><sone lk="374" keel="eesti" id="l17_s3" meta="vahemärk">=</sone><sone lk="374" keel="eesti" id="l17_s4" lemma="vȱlda" tahendus="olla" ingl="be" liik="Va" vorm="pers.ind.pr.sg.3.">m’</sone><sone id="l17_s5" lk="374" lemma="jettõ" tahendus="jätta" liik="V" vorm="nud.sg.">jettən</sone><sone id="l17_s6" lk="374" lemma="tämā" tahendus="tema" ingl="s/he" liik="ProS" vorm="sg.gen.">täm’</sone><sone id="l17_s7" lk="374" lemma="jarā" tahendus="ära" liik="Adva">jerā</sone><sone id="l17_s8" lk="374" lemma="un" tahendus="ja" ingl="and" liik="Konj">un</sone><sone id="l17_s9" lk="374" lemma="ä’b" tahendus="ei" ingl="not" liik="Mn" vorm="pr.sg.3.">äb</sone><sone id="l17_s10" lk="374" lemma="vȱlda" tahendus="olla" ingl="be" liik="V" vorm="pers.ind.sg.3.neg.">uo</sone><sone id="l17_s11" lk="374" lemma="lǟʼdõ" tahendus="minna" ingl="go" liik="V" vorm="nud.sg.">lǟ’nd</sone><sone id="l17_s12" lk="374" lemma="e’mmit" tahendus="enam" ingl="more" liik="Adv">jem’bit</sone><sone id="l17_s13" lk="374" meta="vahemärk">.</sone></lause></sisu>
</liivike>
