<?xml version="1.0" encoding="UTF-8"?>
<?xml-stylesheet type="text/xsl" href="liivike_tekst.xsl"?>
<liivike>
	<info><tyyp>kirjalik</tyyp><teema>Tarinoita 18</teema><keel>liivi</keel><murre>Īra</murre><kirjaviis>foneetiline transkriptsioon</kirjaviis><kyla longituud="22.107" latituud="57.62">Īra?</kyla><teos pealkiri="Näytteitä liivin kielestä" aasta="1953" koht="Helsinki">E. N. Setälä</teos></info><sisu id="Set_Tar_18">
		<lause id="l1">
			<sone id="l1_s1" lk="392" meta="number">18</sone>
			<sone id="l1_s2" lk="392" meta="vahemärk">.</sone></lause>
		<lause id="l2"><sone id="l2_s1" lk="392" lemma="Īra" tahendus="Īra" liik="H" vorm="sg.nom.">Īra</sone><sone id="l2_s2" lk="392" meta="vahemärk">?</sone></lause><lause id="l3"><sone id="l3_s1" lk="392"> </sone></lause><lause id="l4"><sone id="l4_s1" lk="392" lemma="Sǭr+mǭ" tahendus="Saaremaa" liik="H" vorm="sg.ad.">så̄r+må̄l</sone><sone id="l4_s2" lk="392" lemma="vȱlda" tahendus="olla" ingl="be" liik="Va" vorm="pers.ind.pr.sg.3.">um</sone><sone id="l4_s3" lk="392" lemma="vȱlda" tahendus="olla" ingl="be" liik="V" vorm="nud.sg.">ve̮nd</sone><sone id="l4_s4" lk="392" lemma="seļļi" tahendus="selline" ingl="such" liik="ProA" vorm="sg.nom.">seĺĺi</sone><sone id="l4_s5" lk="392" lemma="mīez" tahendus="mees" ingl="man" liik="S" vorm="sg.nom.">miez</sone><sone id="l4_s6" lk="392" meta="vahemärk">,</sone><sone id="l4_s7" lk="392" lemma="ku" tahendus="et" ingl="that" liik="Konj">ku</sone><sone id="l4_s8" lk="392" lemma="tämā" tahendus="tema" ingl="he" liik="ProS" vorm="sg.nom.">ta</sone><sone lk="392" keel="eesti" id="l4_s9" lemma="vȱlda" tahendus="olla" ingl="be" liik="Va" vorm="pers.ind.pr.sg.3.">m’</sone><sone id="l4_s10" lk="392" lemma="tǭ’dõ" tahendus="tahta" ingl="want" liik="V" vorm="nud.sg.">tå̄’nd</sone><sone id="l4_s11" lk="392" lemma="nǭțõz" tahendus="kapsas" ingl="cabbage" liik="S" vorm="pl.part.">nå̄t́idi</sone><sone id="l4_s12" lk="392" meta="vahemärk">[</sone><sone id="l4_s13" lk="392" meta="kommentaar">siedə</sone><sone id="l4_s14" lk="392" meta="vahemärk"> &gt;</sone><sone id="l4_s15" lk="392" meta="vahemärk">]</sone><sone id="l4_s16" lk="392" lemma="sīedõ" tahendus="süüa" ingl="eat" liik="V" vorm="inf.">süödə</sone><sone id="l4_s17" lk="392" meta="vahemärk">.</sone></lause><lause id="l5"><sone id="l5_s1" lk="392" lemma="si’z" tahendus="siis" ingl="then" liik="ProAdv">siz</sone><sone id="l5_s2" lk="392" lemma="tämā" tahendus="tema" ingl="he" liik="ProS" vorm="sg.nom.">ta</sone><sone lk="392" keel="eesti" id="l5_s3" lemma="vȱlda" tahendus="olla" ingl="be" liik="Va" vorm="pers.ind.pr.sg.3.">m’</sone><sone id="l5_s4" lk="392" lemma="Sǭr+mǭ" tahendus="Saaremaa" liik="H" vorm="sg.ad.">så̄r+må̄l</sone><sone id="l5_s5" lk="392" lemma="pānda" tahendus="panna" ingl="put" liik="V" vorm="nud.sg.">pand</sone><sone id="l5_s6" lk="392" lemma="kațļā" tahendus="katel" ingl="kettle" liik="S" vorm="sg.gen.">kat́lā</sone><sone id="l5_s7" lk="392" lemma="tu’ļ" tahendus="tuli" ingl="fire" liik="S" vorm="sg.gen.">tu’l</sone><sone id="l5_s8" lk="392" lemma="pǟl " tahendus="peale" ingl="onto" liik="Post">pǟl</sone><sone id="l5_s9" lk="392" lemma="un" tahendus="ja" ingl="and" liik="Konj">un</sone><sone id="l5_s10" lk="392" lemma="jālgiņ" tahendus="jala" ingl="on foot" liik="Adv">jālgiń</sone><sone id="l5_s11" lk="392" lemma="lǟʼdõ" tahendus="minna" ingl="go" liik="V" vorm="nud.sg.">lǟ’nd</sone><sone id="l5_s12" lk="392" tahendus="Ruhnu" liik="H" vorm="sg.ill." lemma="Rū’nõ" lati="Roņu sala">rū’nə</sone><sone id="l5_s13" lk="392" lemma="ne" tahendus="need" ingl="these" liik="ProS" vorm="pl.part.">nēd́i</sone><sone id="l5_s14" lk="392" lemma="nǭțõz" tahendus="kapsas" ingl="cabbage" liik="S" vorm="pl.part.">nå̄t́idi</sone><sone id="l5_s15" lk="392" lemma="sǭdõ" tahendus="saada" ingl="get" liik="V" vorm="sup.">så̄m</sone><sone id="l5_s16" lk="392" meta="vahemärk">,</sone><sone id="l5_s17" lk="392" lemma="un" tahendus="ja" ingl="and" liik="Konj">un</sone><sone id="l5_s18" lk="392" lemma="se" tahendus="see" ingl="this" liik="ProS" vorm="sg.gen.">sie</sone><sone id="l5_s19" lk="392" lemma="mīez" tahendus="mees" ingl="man" liik="S" vorm="sg.gen.">mi’e</sone><sone id="l5_s20" lk="392" lemma="ni’m" tahendus="nimi" ingl="name" liik="S" vorm="sg.nom.">nim’</sone><sone id="l5_s21" lk="392" lemma="vȱlda" tahendus="olla" ingl="be" liik="Va" vorm="pers.ind.pr.sg.3.">um</sone><sone id="l5_s22" lk="392" lemma="vȱlda" tahendus="olla" ingl="be" liik="V" vorm="nud.sg.">ve̮nd</sone><sone id="l5_s23" lk="392" lemma="Tõll" tahendus="Tõll" liik="H" vorm="sg.nom.">ti̮ll</sone><sone id="l5_s24" lk="392" meta="vahemärk">.</sone></lause><lause id="l6"><sone id="l6_s1" lk="392" lemma="un" tahendus="ja" ingl="and" liik="Konj">un</sone><sone id="l6_s2" lk="392" lemma="si’z" tahendus="siis" ingl="then" liik="ProAdv">siz</sone><sone id="l6_s3" lk="392" lemma="tämā" tahendus="tema" ingl="he" liik="ProS" vorm="sg.nom.">ta</sone><sone lk="392" keel="eesti" id="l6_s4" lemma="vȱlda" tahendus="olla" ingl="be" liik="Va" vorm="pers.ind.pr.sg.3.">m’</sone><sone id="l6_s5" lk="392" lemma="lǟʼdõ" tahendus="minna" ingl="go" liik="V" vorm="nud.sg.">lǟ’nd</sone><sone id="l6_s6" lk="392" lemma="A’brig" tahendus="Abruka" liik="H" vorm="sg.gen.">a’brək</sone><sone id="l6_s7" lk="392" lemma="va’izõ" tahendus="vahele" liik="Post">vai’zə</sone><sone id="l6_s8" lk="392" meta="vahemärk">.</sone></lause><lause id="l7"><sone id="l7_s1" lk="392" lemma="sǟ’l" tahendus="seal" ingl="there" liik="ProAdv">sǟl</sone><sone id="l7_s2" lk="392" lemma="vȱlda" tahendus="olla" ingl="be" liik="Va" vorm="pers.ind.pr.pl.3.">ā’t</sone><sone id="l7_s3" lk="392" lemma="kalā+mīez" tahendus="kalamees" ingl="fisherman" liik="S" vorm="pl.nom.">kalā+mi’ed</sone><sone id="l7_s4" lk="392" lemma="ve’gtõ" tahendus="püüda" ingl="fish" liik="V" vorm="nud.pl.">vei’jənəd</sone><sone id="l7_s5" lk="392" meta="vahemärk">,</sone><sone id="l7_s6" lk="392" lemma="un" tahendus="ja" ingl="and" liik="Konj">un</sone><sone id="l7_s7" lk="392" lemma="si’z" tahendus="siis" ingl="then" liik="ProAdv">siz</sone><sone id="l7_s8" lk="392" lemma="tämā" tahendus="tema" ingl="he" liik="ProS" vorm="sg.nom.">ta</sone><sone lk="392" keel="eesti" id="l7_s9" lemma="vȱlda" tahendus="olla" ingl="be" liik="Va" vorm="pers.ind.pr.sg.3.">m’</sone><sone id="l7_s10" lk="392" lemma="lǟʼdõ" tahendus="minna" ingl="go" liik="V" vorm="nud.sg.">lǟ’nd</sone><sone id="l7_s11" lk="392" lemma="ne" tahendus="nemad" ingl="they" liik="ProS" vorm="pl.gen.">nänt</sone><sone id="l7_s12" lk="392" lemma="võrgõ" tahendus="võrk" ingl="net" liik="S" vorm="pl.gen.">vi̮rgəd</sone><sone id="l7_s13" lk="392" lemma="si’zzõl" tahendus="sisse" ingl="in" liik="Post">si’zzəl</sone><sone id="l7_s14" lk="392" lemma="jālgiņ" tahendus="jalgupidi" liik="Adv" kommentaar="?">jālgiń</sone><sone id="l7_s15" lk="392" meta="vahemärk">.</sone></lause><lause id="l8"><sone id="l8_s1" lk="392" lemma="un" tahendus="ja" ingl="and" liik="Konj">un</sone><sone id="l8_s2" lk="392" lemma="si’z" tahendus="siis" ingl="then" liik="ProAdv">siz</sone><sone id="l8_s3" lk="392" lemma="tämā" tahendus="tema" ingl="he" liik="ProS" vorm="sg.nom.">ta</sone><sone lk="392" keel="eesti" id="l8_s4" lemma="vȱlda" tahendus="olla" ingl="be" liik="Va" vorm="pers.ind.pr.sg.3.">m’</sone><sone id="l8_s5" lk="392" lemma="tǭ’dõ" tahendus="tahta" ingl="want" liik="V" vorm="nud.sg.">tå̄’nd</sone><sone id="l8_s6" lk="392" lemma="ikš" tahendus="üks" ingl="one" liik="ProS" vorm="sg.gen.">ǖ’d</sone><sone id="l8_s7" lk="392" lemma="lǭja" tahendus="paat" ingl="boat" liik="S" vorm="sg.gen.">lå̄ja</sone><sone id="l8_s8" lk="392" lemma="immõr+kīerõ" tahendus="ümber keerata" ingl="flip over" liik="V" vorm="inf.">ümmr̥+kierə</sone><sone id="l8_s9" lk="392" meta="vahemärk">.</sone></lause><lause id="l9"><sone id="l9_s1" lk="392" lemma="bet" tahendus="aga" ingl="but" liik="Konj">bet</sone><sone id="l9_s2" lk="392" lemma="si’z" tahendus="siis" ingl="then" liik="ProAdv">siz</sone><sone id="l9_s3" lk="392" lemma="tämā" tahendus="tema" ingl="he" liik="ProS" vorm="sg.nom.">ta</sone><sone lk="392" keel="eesti" id="l9_s4" lemma="vȱlda" tahendus="olla" ingl="be" liik="Va" vorm="pers.ind.pr.sg.3.">m’</sone><sone id="l9_s5" lk="392" lemma="võttõ" tahendus="võtta" ingl="take" liik="V" vorm="nud.sg.">vi̮ttən</sone><sone id="l9_s6" lk="392" lemma="ne" tahendus="need" ingl="these" liik="ProS" vorm="pl.nom." kommentaar="?">ne</sone><sone id="l9_s7" lk="392" lemma="mīez" tahendus="mees" ingl="man" liik="S" vorm="pl.nom." kommentaar="?">mi’ed</sone><sone id="l9_s8" lk="392" lemma="kummi" tahendus="kumbki" ingl="each" liik="ProS" vorm="pl.in.">kumbiz</sone><sone id="l9_s9" lk="392" lemma="kāinal" tahendus="kaenal" ingl="armpit" liik="S" vorm="sg.in.">kå̄inaləz</sone><sone id="l9_s10" lk="392" lemma="un" tahendus="ja" ingl="and" liik="Konj">un</sone><sone id="l9_s11" lk="392" lemma="vīdõ" tahendus="viia" ingl="take" liik="V" vorm="nud.sg.">vīnd</sone><sone id="l9_s12" lk="392" lemma="a’igi" tahendus="(mere)äär" ingl="coast" liik="S" vorm="sg.ill.">ai’gə</sone><sone id="l9_s13" lk="392" meta="vahemärk">.</sone></lause><lause id="l10"><sone id="l10_s1" lk="392" lemma="un" tahendus="ja" ingl="and" liik="Konj">un</sone><sone id="l10_s2" lk="392" lemma="si’z" tahendus="siis" ingl="then" liik="ProAdv">siz</sone><sone id="l10_s3" lk="392" lemma="tämā" tahendus="tema" ingl="he" liik="ProS" vorm="sg.nom.">ta</sone><sone lk="392" keel="eesti" id="l10_s4" lemma="vȱlda" tahendus="olla" ingl="be" liik="Va" vorm="pers.ind.pr.sg.3.">m’</sone><sone id="l10_s5" lk="392" lemma="kīetõ" tahendus="keeta" ingl="cook" liik="V" vorm="nud.sg.">kietən</sone><sone id="l10_s6" lk="392" lemma="ne" tahendus="need" ingl="these" liik="ProS" vorm="pl.part.">nēd́i</sone><sone id="l10_s7" lk="392" lemma="nǭțõz" tahendus="kapsas" ingl="cabbage" liik="S" vorm="pl.part.">nå̄t́idi</sone><sone id="l10_s8" lk="392" meta="vahemärk">,</sone><sone id="l10_s9" lk="392" lemma="mis" tahendus="mis" ingl="what" liik="Intr" vorm="sg.nom." kommentaar="?">mis</sone><sone id="l10_s10" lk="392" lemma="tämā" tahendus="tema" ingl="he" liik="ProS" vorm="sg.nom.">ta</sone><sone lk="392" keel="eesti" id="l10_s11" lemma="vȱlda" tahendus="olla" ingl="be" liik="Va" vorm="pers.ind.pr.sg.3.">m’</sone><sone id="l10_s12" lk="392" lemma="Rū’nõ" tahendus="Ruhnu" lati="Roņu sala" liik="H" vorm="sg.el.">rū’nəst</sone><sone id="l10_s13" lk="392" lemma="tūodõ" tahendus="tuua" ingl="bring" liik="V" vorm="nud.sg.">tuond</sone><sone id="l10_s14" lk="392" meta="vahemärk">,</sone><sone id="l10_s15" lk="392" lemma="un" tahendus="ja" ingl="and" liik="Konj">un</sone><sone id="l10_s16" lk="392" lemma="si’z" tahendus="siis" ingl="then" liik="ProAdv">siz</sone><sone id="l10_s17" lk="392" lemma="sīedõ" tahendus="süüa" ingl="eat" liik="V" vorm="nud.sg.">süönd</sone><sone id="l10_s18" lk="392" lemma="ne" tahendus="need" ingl="these" liik="ProS" vorm="pl.part.">nēd́i</sone><sone id="l10_s19" lk="392" lemma="nǭțõz" tahendus="kapsas" ingl="cabbage" liik="S" vorm="pl.part.">nå̄t́idi</sone><sone id="l10_s20" lk="392" meta="vahemärk">.</sone></lause><lause id="l11"><sone id="l11_s1" lk="392" lemma="si’z" tahendus="siis" ingl="then" liik="ProAdv">siz</sone><sone id="l11_s2" lk="392" lemma="tämā" tahendus="tema" ingl="he" liik="ProS" vorm="sg.nom.">ta</sone><sone lk="392" keel="eesti" id="l11_s3" lemma="vȱlda" tahendus="olla" ingl="be" liik="Va" vorm="pers.ind.pr.sg.3.">m’</sone><sone id="l11_s4" lk="392" lemma="lǟʼdõ" tahendus="minna" ingl="go" liik="V" vorm="nud.sg.">lǟ’nd</sone><sone id="l11_s5" lk="392" lemma="Koltsa" tahendus="Koltse" liik="H" vorm="sg.gen." kommentaar="?">koltsa</sone><sone id="l11_s6" lk="392" lemma="mõtsā" tahendus="mets" ingl="forest" liik="S" vorm="sg.ill.">mi̮tsə</sone><sone id="l11_s7" lk="392" lemma="ma’ggõ" tahendus="magada" ingl="sleep" liik="V" vorm="sup.">ma’ggəm</sone><sone id="l11_s8" lk="392" lemma="un" tahendus="ja" ingl="and" liik="Konj">un</sone><sone id="l11_s9" lk="392" lemma="ma’ggõ" tahendus="magada" ingl="sleep" liik="V" vorm="nud.sg.">ma’ggən</sone><sone id="l11_s10" lk="392" lemma="kim" tahendus="kümme" ingl="ten" liik="Nump" vorm="sg.nom.">küm</sone><sone id="l11_s11" lk="392" lemma="pǟva" tahendus="päev" ingl="day" liik="S" vorm="sg.part.">pävvə</sone><sone id="l11_s12" lk="392" lemma="sǟ’l" tahendus="seal" ingl="there" liik="ProAdv">sǟ’l</sone><sone id="l11_s13" lk="392" meta="vahemärk">,</sone><sone id="l11_s14" lk="392" lemma="un" tahendus="ja" ingl="and" liik="Konj">un</sone><sone id="l11_s15" lk="392" lemma="sǟ’l" tahendus="seal" ingl="there" liik="ProAdv">sǟ’l</sone><sone id="l11_s16" lk="392" lemma="ve’l" tahendus="veel" ingl="still" liik="ModAdv">vel</sone><sone id="l11_s17" lk="392" lemma="paldīž" tahendus="praegu" ingl="at this moment" liik="Adv">paldīš</sone><sone id="l11_s18" lk="392" meta="vahemärk">[</sone><sone id="l11_s19" lk="392" lemma="paldīņ" tahendus="praegu" ingl="at this moment" liik="Adv">paldīń</sone><sone id="l11_s20" lk="392" meta="vahemärk">]</sone><sone id="l11_s21" lk="392" lemma="nǟ’dõb" tahendus="nähtav" ingl="visible" liik="A" vorm="sg.nom." kommentaar="?">nǟ’dəb</sone><sone id="l11_s22" lk="392" lemma="seļļi" tahendus="selline" ingl="such" liik="ProA" vorm="sg.nom.">seĺĺi</sone><sone id="l11_s23" lk="392" lemma="grǭv" tahendus="kraav" ingl="ditch" liik="S" vorm="sg.nom.">grå̄v</sone><sone id="l11_s24" lk="392" meta="vahemärk">,</sone><sone id="l11_s25" lk="392" lemma="kus" tahendus="kus" ingl="where" liik="Intr">kus</sone><sone id="l11_s26" lk="392" lemma="tämā" tahendus="tema" ingl="he" liik="ProS" vorm="sg.nom.">ta</sone><sone lk="392" keel="eesti" id="l11_s27" lemma="vȱlda" tahendus="olla" ingl="be" liik="Va" vorm="pers.ind.pr.sg.3.">m’</sone><sone id="l11_s28" lk="392" lemma="ma’ggõ" tahendus="magada" ingl="sleep" liik="V" vorm="nud.sg.">ma’ggən</sone><sone id="l11_s29" lk="392" lemma="sizāl" tahendus="sees" ingl="in" liik="Adv">sizāl</sone><sone id="l11_s30" lk="392" meta="vahemärk">.</sone></lause><lause id="l12"><sone id="l12_s1" lk="392" lemma="no" tahendus="no" liik="Par">no</sone><sone id="l12_s2" lk="392" meta="vahemärk">,</sone><sone id="l12_s3" lk="392" lemma="si’z" tahendus="siis" ingl="then" liik="ProAdv">siz</sone><sone id="l12_s4" lk="392" lemma="tämā" tahendus="tema" ingl="he" liik="ProS" vorm="sg.nom.">ta</sone><sone lk="392" keel="eesti" id="l12_s5" lemma="vȱlda" tahendus="olla" ingl="be" liik="Va" vorm="pers.ind.pr.sg.3.">m’</sone><sone id="l12_s6" lk="392" lemma="nūzõ" tahendus="tõusta" ingl="rise" liik="V" vorm="nud.sg.">nūzən</sone><sone id="l12_s7" lk="392" lemma="i’lzõ" tahendus="üles" ingl="up" liik="Adva">ül’zə</sone><sone id="l12_s8" lk="392" lemma="un" tahendus="ja" ingl="and" liik="Konj">un</sone><sone id="l12_s9" lk="392" lemma="lǟʼdõ" tahendus="käia" ingl="go" liik="V" vorm="nud.sg.">lǟ’nd</sone><sone id="l12_s10" lk="392" lemma="Kī’el+kuna" tahendus="Kihelkonna" liik="H" vorm="sg.gen.">kⁱel+kuna</sone><sone id="l12_s11" lk="392" lemma="pivā+kuodā" tahendus="kirik" ingl="church" liik="S" vorm="sg.gen.">püvā+kᵘodā</sone><sone id="l12_s12" lk="392" lemma="jū’rõ" tahendus="juurde" liik="Post">jū’rə</sone><sone id="l12_s13" lk="392" meta="vahemärk">–</sone><sone id="l12_s14" lk="392" lemma="se" tahendus="see" ingl="this" liik="ProS" vorm="sg.nom.">se</sone><sone lk="392" keel="eesti" id="l12_s15" lemma="vȱlda" tahendus="olla" ingl="be" liik="V" vorm="pers.ind.pr.sg.3.">m’</sone><sone id="l12_s16" lk="392" lemma="se" tahendus="see" ingl="this" liik="ProS" vorm="sg.nom.">se</sone><sone id="l12_s17" lk="392" lemma="Sǭr+mǭ" tahendus="Saaremaa" lati="Sāmsala" liik="H" vorm="sg.gen.">så̄r+må̄</sone><sone id="l12_s18" lk="392" lemma="e’žmi" tahendus="esimene" ingl="first" liik="Numj" vorm="sg.nom.">ei’žmə</sone><sone id="l12_s19" lk="392" lemma="pivā+kuodā" tahendus="kirik" ingl="church" liik="S" vorm="sg.nom.">püvā+kᵘodā</sone><sone id="l12_s20" lk="392" meta="vahemärk">–</sone><sone id="l12_s21" lk="392" lemma="un" tahendus="ja" ingl="and" liik="Konj">un</sone><sone id="l12_s22" lk="392" lemma="si’z" tahendus="siis" ingl="then" liik="ProAdv">siz</sone><sone id="l12_s23" lk="392" meta="vahemärk">[</sone><sone id="l12_s24" lk="392" lemma="ti’ggõ" tahendus="toetada" ingl="lean" liik="V" vorm="nud.sg.">ti’ggən</sone><sone id="l12_s25" lk="392" meta="vahemärk"> &gt;</sone><sone id="l12_s26" lk="392" meta="vahemärk">]</sone><sone id="l12_s27" lk="392" lemma="ti’ggõ" tahendus="toetada" ingl="lean" liik="V" vorm="nud.sg.">tü’ggən</sone><sone id="l12_s28" lk="392" lemma="eņtš" tahendus="oma" ingl="own" liik="ProS" vorm="sg.gen.">eńt́š</sone><sone id="l12_s29" lk="392" lemma="sǟlga" tahendus="selg" ingl="back" liik="S" vorm="sg.gen.">sǟlga</sone><sone id="l12_s30" lk="392" meta="vahemärk">[</sone><sone id="l12_s31" lk="392" lemma="mīr" tahendus="müür" ingl="wall" liik="S" vorm="sg.gen.">mīr</sone><sone id="l12_s32" lk="392" meta="vahemärk"> &gt;</sone><sone id="l12_s33" lk="392" meta="vahemärk">]</sone><sone id="l12_s34" lk="393" lemma="mīr" tahendus="müür" ingl="wall" liik="S" vorm="sg.gen.">mǖr</sone><sone id="l12_s35" lk="393" lemma="jūr" tahendus="juurde" liik="Post">jū’r</sone><sone id="l12_s36" lk="393" meta="vahemärk">,</sone><sone id="l12_s37" lk="393" lemma="un" tahendus="ja" ingl="and" liik="Konj">un</sone><sone id="l12_s38" lk="393" lemma="se" tahendus="see" ingl="this" liik="ProS" vorm="sg.nom.">se</sone><sone id="l12_s39" lk="393" lemma="mīr" tahendus="müür" ingl="wall" liik="S" vorm="sg.nom.">mǖr</sone><sone id="l12_s40" lk="393" lemma="vȱlda" tahendus="olla" ingl="be" liik="Va" vorm="pers.ind.pr.sg.3.">um’</sone><sone id="l12_s41" lk="393" lemma="vändi" tahendus="viltune" ingl="crooked" liik="A" vorm="sg.tr.">vändizəks</sone><sone id="l12_s42" lk="393" lemma="no+pīkstõ" tahendus="suruda" ingl="press" liik="V" vorm="tud.sg.prf.">nu’o+pīkstəd</sone><sone id="l12_s43" lk="393" meta="vahemärk">,</sone><sone id="l12_s44" lk="393" lemma="un" tahendus="ja" ingl="and" liik="Konj">un</sone><sone id="l12_s45" lk="393" lemma="se" tahendus="see" ingl="this" liik="ProS" vorm="sg.nom.">se</sone><sone id="l12_s46" lk="393" lemma="ka" tahendus="ka" ingl="also" liik="ModAdv">ka</sone><sone id="l12_s47" lk="393" lemma="ve’l" tahendus="veel" ingl="still" liik="Adv">vel</sone><sone id="l12_s48" lk="393" lemma="paldīž" tahendus="praegu" ingl="at this moment" liik="Adv">paldīš</sone><sone id="l12_s49" lk="393" lemma="nǟ’dõb" tahendus="nähtav" ingl="visible" liik="A" vorm="sg.nom." kommentaar="?">nǟ’dəb</sone><sone id="l12_s50" lk="393" meta="vahemärk">.</sone></lause><lause id="l13"><sone id="l13_s1" lk="393" lemma="un" tahendus="ja" ingl="and" liik="Konj">un</sone><sone id="l13_s2" lk="393" lemma="si’z" tahendus="siis" ingl="then" liik="ProAdv">siz</sone><sone id="l13_s3" lk="393" lemma="tämā" tahendus="tema" ingl="he" liik="ProS" vorm="sg.nom.">ta</sone><sone lk="393" keel="eesti" id="l13_s4" lemma="vȱlda" tahendus="olla" ingl="be" liik="Va" vorm="pers.ind.pr.sg.3.">m'</sone><sone id="l13_s5" lk="393" lemma="tūlda" tahendus="tulla" ingl="come" liik="V" vorm="nud.sg.">tund</sone><sone id="l13_s6" lk="393" lemma="linn" tahendus="linn" ingl="town" liik="S" vorm="sg.ill." kommentaar="?">linnə</sone><sone id="l13_s7" lk="393" meta="vahemärk">[</sone><sone id="l13_s8" lk="393" meta="kommentaar">estonismi</sone><sone id="l13_s9" lk="393" meta="vahemärk">]</sone><sone id="l13_s10" lk="393" lemma="un" tahendus="ja" ingl="and" liik="Konj">un</sone><sone id="l13_s11" lk="393" lemma="sǟ’l" tahendus="seal" ingl="there" liik="ProAdv">sǟ’l</sone><sone id="l13_s12" lk="393" lemma="tämā" tahendus="tema" ingl="he" liik="ProS" vorm="sg.nom.">ta</sone><sone lk="393" keel="eesti" id="l13_s13" lemma="vȱlda" tahendus="olla" ingl="be" liik="Va" vorm="pers.ind.pr.sg.3.">m'</sone><sone id="l13_s14" lk="393" lemma="lǟʼdõ" tahendus="minna" ingl="go" liik="V" vorm="nud.sg.">lǟ’nd</sone><sone id="l13_s15" lk="393" lemma="linna+pǟ" tahendus="loss" liik="S" vorm="sg.gen." ingl="castle's " kommentaar="?">linna+pǟ</sone><sone id="l13_s16" lk="393" lemma="jūr" tahendus="juurde" liik="Post">jū’r</sone><sone id="l13_s17" lk="393" lemma="un" tahendus="ja" ingl="and" liik="Konj">un</sone><sone id="l13_s18" lk="393" lemma="si’z" tahendus="siis" ingl="then" liik="ProAdv">siz</sone><sone id="l13_s19" lk="393" lemma="tämā" tahendus="tema" ingl="he" liik="ProS" vorm="sg.nom.">ta</sone><sone lk="393" keel="eesti" id="l13_s20" lemma="vȱlda" tahendus="olla" ingl="be" liik="Va" vorm="pers.ind.pr.sg.3.">m'</sone><sone id="l13_s21" lk="393" lemma="pīkstõ" tahendus="suruda" ingl="press" liik="V" vorm="nud.sg.">pīkstən</sone><sone id="l13_s22" lk="393" lemma="eņtš" tahendus="oma" ingl="own" liik="ProS" vorm="sg.gen.">eńt́š</sone><sone id="l13_s23" lk="393" lemma="sǟlga" tahendus="selg" ingl="back" liik="S" vorm="sg.gen.">sǟlga</sone><sone id="l13_s24" lk="393" lemma="se" tahendus="see" ingl="this" liik="ProS" vorm="sg.gen.">sie</sone><sone id="l13_s25" lk="393" lemma="linna+pǟ" tahendus="loss" liik="H" vorm="sg.gen." ingl="castle" kommentaar="?">linna+pǟ</sone><sone id="l13_s26" lk="393" lemma="tū’r" tahendus="nurk" ingl="corner" liik="S" vorm="sg.gen.">tū’r</sone><sone id="l13_s27" lk="393" lemma="jūr" tahendus="juurde" liik="Post">jū’r</sone><sone id="l13_s28" lk="393" lemma="un" tahendus="ja" ingl="and" liik="Konj">un</sone><sone id="l13_s29" lk="393" lemma="pīkstõ" tahendus="suruda" ingl="press" liik="V" vorm="nud.sg.">pīkstən</sone><sone id="l13_s30" lk="393" lemma="se" tahendus="see" ingl="this" liik="ProS" vorm="sg.gen.">sie</sone><sone id="l13_s31" lk="393" lemma="tū’r" tahendus="nurk" ingl="corner" liik="S" vorm="sg.gen.">tū’r</sone><sone id="l13_s32" lk="393" lemma="vändi" tahendus="viltune" ingl="crooked" liik="A" vorm="sg.tr.">vändizəks</sone><sone id="l13_s33" lk="393" meta="vahemärk">.</sone></lause><lause id="l14"><sone id="l14_s1" lk="393" lemma="se" tahendus="see" ingl="this" liik="ProS" vorm="sg.nom.">se</sone><sone id="l14_s2" lk="393" lemma="vȱlda" tahendus="olla" ingl="be" liik="Va" vorm="pers.ind.pr.sg.3.">um</sone><sone id="l14_s3" lk="393" lemma="vȱlda" tahendus="olla" ingl="be" liik="V" vorm="nud.sg.">ve̮nd</sone><sone id="l14_s4" lk="393" lemma="seļļi" tahendus="selline" ingl="such" liik="ProA" vorm="sg.nom.">seĺĺi</sone><sone id="l14_s5" lk="393" lemma="mīez" tahendus="mees" ingl="man" liik="S" vorm="sg.nom.">miez</sone><sone id="l14_s6" lk="393" meta="vahemärk">,</sone><sone id="l14_s7" lk="393" lemma="ku" tahendus="et" ingl="that" liik="Konj">ku</sone><sone id="l14_s8" lk="393" lemma="mit+ikš" tahendus="mitte keegi" ingl="nonone" liik="ProS" vorm="sg.nom.">mit+ükš</sone><sone id="l14_s9" lk="393" lemma="ä’b" tahendus="ei" ingl="not" liik="Mn" vorm="pr.sg.3.">äb</sone><sone id="l14_s10" lk="393" lemma="vȱlda" tahendus="olla" ingl="be" liik="Va" vorm="pers.ind.sg.3.neg.">uo</sone><sone id="l14_s11" lk="393" lemma="võidõ" tahendus="võida" ingl="can" liik="V" vorm="nud.sg.">vi̮ind</sone><sone id="l14_s12" lk="393" lemma="tämā" tahendus="tema" ingl="he" liik="ProS" vorm="sg.part.">tǟnda</sone><sone id="l14_s13" lk="393" lemma="valdõ" tahendus="valitseda" ingl="rule" liik="V" vorm="inf.">valdə</sone><sone id="l14_s14" lk="393" meta="vahemärk">[</sone><sone id="l14_s15" lk="393" meta="vahemärk">~</sone><sone lk="393" keel="eesti" id="l14_s16" lemma="vindõ" tahendus="võita" ingl="win" liik="V" vorm="inf.">vində</sone><sone lk="393" keel="eesti" id="l14_s17" meta="vahemärk">]</sone><sone id="l14_s18" lk="393" meta="vahemärk">.</sone></lause><lause id="l15"><sone id="l15_s1" lk="393"> </sone></lause></sisu>
</liivike>
