<?xml version="1.0" encoding="UTF-8"?>
<?xml-stylesheet type="text/xsl" href="liivike_tekst.xsl"?>
<liivike>
	<info><tyyp>kirjalik</tyyp><teema>Tarinoita 16</teema><keel>liivi</keel><murre>idaliivi</murre><kirjaviis>foneetiline transkriptsioon</kirjaviis><kyla longituud="22.321" latituud="57.681">Irē?</kyla><teos pealkiri="Näytteitä liivin kielestä" aasta="1953" koht="Helsinki">E. N. Setälä</teos></info><sisu id="Set_Tar_16">
		<lause id="l1">
			<sone id="l1_s1" lk="387" meta="number">16</sone>
			<sone id="l1_s2" lk="387" meta="vahemärk">.</sone></lause>
		<lause id="l2"><sone id="l2_s1" lk="387" lemma="Irē" tahendus="Irē" ingl="Mazirbe" liik="H" vorm="sg.gen.">Ire</sone><sone id="l2_s2" lk="387" meta="vahemärk">?</sone></lause><lause id="l3"><sone id="l3_s1" lk="387"> </sone></lause><lause id="l4"><sone id="l4_s1" lk="387" lemma="Dūoņig" tahendus="Dūoņig" lati="Dundaga" liik="H" vorm="sg.gen.">duońig</sone><sone id="l4_s2" lk="387" lemma="nīnõ" tahendus="loss" ingl="castle" liik="S" vorm="sg.gen.">nīn</sone><sone id="l4_s3" lk="387" lemma="vȱlda" tahendus="olla" ingl="be" liik="Va" vorm="pers.ind.pr.pl.3.">a’dtə</sone><sone id="l4_s4" lk="387" lemma="tī’edõ" tahendus="teha" ingl="make" liik="V" vorm="nud.pl.">ti’enəd</sone><sone id="l4_s5" lk="387" lemma="smilgõ+mīez" tahendus="hiiglane" ingl="giant" liik="S" vorm="pl.nom.">smil’gə+mi’ed</sone><sone id="l4_s6" lk="387" meta="vahemärk">.</sone></lause><lause id="l5"><sone id="l5_s1" lk="387" lemma="si’z" tahendus="siis" ingl="then" liik="ProAdv">siz</sone><sone id="l5_s2" lk="387" lemma="ku" tahendus="kui" ingl="when" liik="Konj">ku</sone><sone id="l5_s3" lk="387" lemma="ne" tahendus="nemad" ingl="they" liik="ProS" vorm="pl.nom.">ne</sone><sone id="l5_s4" lk="387" lemma="vȱlda" tahendus="olla" ingl="be" liik="Va" vorm="pers.ind.ipf.pl.3.">ve̮ĺ’tə</sone><sone id="l5_s5" lk="387" lemma="tǟnõ" tahendus="siia" ingl="here" liik="ProAdv">tǟnə</sone><sone id="l5_s6" lk="387" lemma="ie+tūlda" tahendus="tulla" ingl="come" liik="V" vorm="nud.pl.prf.">i’e+tunnəd</sone><sone id="l5_s7" lk="387" lemma="Dūoņig" tahendus="Dūoņig" lati="Dundaga" liik="H" vorm="sg.ill.">duońigə</sone><sone id="l5_s8" lk="387" meta="vahemärk">,</sone><sone id="l5_s9" lk="387" lemma="ne" tahendus="nemad" ingl="they" liik="ProS" vorm="pl.nom.">ne</sone><sone id="l5_s10" lk="387" lemma="vȱlda" tahendus="olla" ingl="be" liik="Va" vorm="pers.ind.pr.pl.3.">a’dtə</sone><sone id="l5_s11" lk="387" lemma="eņțš" tahendus="oma" ingl="self" liik="ProS" vorm="sg.dat.">eńt́šən</sone><sone id="l5_s12" lk="387" lemma="ie+vaņțlõ" tahendus="vaadata" ingl="look" liik="V" vorm="nud.pl.prf.">i’e+vańḱĺənəd</sone><sone id="l5_s13" lk="387" lemma="seļļi" tahendus="selline" ingl="such" liik="ProA" vorm="sg.gen.">seĺĺiz</sone><sone id="l5_s14" lk="387" lemma="kūož" tahendus="koht" ingl="place" liik="S" vorm="sg.gen.">kuož</sone><sone id="l5_s15" lk="387" meta="vahemärk">,</sone><sone id="l5_s16" lk="387" lemma="kus" tahendus="kus" ingl="where" liik="Intr">kus</sone><sone id="l5_s17" lk="387" lemma="amā" tahendus="kõik" ingl="all" liik="A" vorm="sg.gen.">amā</sone><sone id="l5_s18" lk="387" lemma="immõr" tahendus="ümber" ingl="around" liik="Post">ümmer</sone><sone id="l5_s19" lk="388" lemma="vȱlda" tahendus="olla" ingl="be" liik="V" vorm="pers.ind.pr.sg.3.">um’</sone><sone id="l5_s20" lk="388" lemma="ve’ž" tahendus="vesi" ingl="water" liik="S" vorm="sg.nom.">vei’ž</sone><sone id="l5_s21" lk="388" meta="vahemärk">,</sone><sone id="l5_s22" lk="388" lemma="seļļi" tahendus="selline" ingl="such" liik="ProA" vorm="sg.gen.">seĺĺiz</sone><sone id="l5_s23" lk="388" lemma="dīk+a’igi" tahendus="tiigiäärne" ingl="by the pond" liik="A" vorm="sg.gen.">dīk+aigīz</sone><sone id="l5_s24" lk="388" meta="vahemärk">,</sone><sone id="l5_s25" lk="388" lemma="un" tahendus="ja" ingl="and" liik="Konj">un</sone><sone id="l5_s26" lk="388" lemma="si’z" tahendus="siis" ingl="then" liik="ProAdv">siz</sone><sone id="l5_s27" lk="388" lemma="ne" tahendus="nemad" ingl="they" liik="ProS">n</sone><sone lk="388" keel="eesti" id="l5_s28" lemma="vȱlda" tahendus="olla" ingl="be" liik="Va" vorm="pers.ind.pr.pl.3.">a’dtə</sone><sone id="l5_s29" lk="388" lemma="tī’edõ" tahendus="teha" ingl="make" liik="V" vorm="nud.pl.">ti’enəd</sone><sone id="l5_s30" lk="388" lemma="se" tahendus="see" ingl="this" liik="ProS" vorm="sg.gen.">sie</sone><sone id="l5_s31" lk="388" lemma="nīnõ" tahendus="loss" ingl="castle" liik="S" vorm="sg.gen.">nīn</sone><sone id="l5_s32" lk="388" meta="vahemärk">.</sone></lause><lause id="l6"><sone id="l6_s1" lk="388" lemma="bet" tahendus="aga" ingl="but" liik="Konj">bet</sone><sone id="l6_s2" lk="388" lemma="agā" tahendus="aga" ingl="but" liik="Konj">agā</sone><sone id="l6_s3" lk="388" lemma="ne" tahendus="need" ingl="these" liik="ProS" vorm="pl.nom.">ne</sone><sone id="l6_s4" lk="388" lemma="smilgõ+mīez" tahendus="hiiglane" ingl="giant" liik="S" vorm="pl.nom.">smil’gə+mi’ed</sone><sone id="l6_s5" lk="388" lemma="vȱlda" tahendus="olla" ingl="be" liik="Va" vorm="pers.ind.pr.pl.3.">a’dtə</sone><sone id="l6_s6" lk="388" lemma="vȱlda" tahendus="olla" ingl="be" liik="V" vorm="nud.pl.">ve̮nnəd</sone><sone id="l6_s7" lk="388" lemma="ne" tahendus="need" ingl="these" liik="ProS" vorm="pl.nom.">ne</sone><sone id="l6_s8" lk="388" lemma="mēstar" tahendus="meister" ingl="master" liik="S" vorm="pl.nom.">mēstard</sone><sone id="l6_s9" lk="388" meta="vahemärk">.</sone></lause><lause id="l7"><sone id="l7_s1" lk="388" lemma="un" tahendus="ja" ingl="and" liik="Konj">un</sone><sone id="l7_s2" lk="388" lemma="si’z" tahendus="siis" ingl="then" liik="ProAdv">siz</sone><sone id="l7_s3" lk="388" lemma="ne" tahendus="nemad" ingl="they" liik="ProS" vorm="pl.nom.">ne</sone><sone id="l7_s4" lk="388" lemma="vȱlda" tahendus="olla" ingl="be" liik="Va" vorm="pers.ind.pr.pl.3.">a’dtə</sone><sone id="l7_s5" lk="388" lemma="võttõ" tahendus="võtta" ingl="take" liik="V" vorm="nud.pl.">vi̮ttənəd</sone><sone id="l7_s6" lk="388" lemma="ne" tahendus="need" ingl="these" liik="ProS" vorm="pl.part.">nēd́i</sone><sone id="l7_s7" lk="388" lemma="piški" tahendus="pisike" ingl="small" liik="A" vorm="pl.part.">piškīži</sone><sone id="l7_s8" lk="388" lemma="ro’vzt" tahendus="inimesed" ingl="people" liik="S" vorm="pl.part.">rou’sti</sone><sone id="l7_s9" lk="388" lemma="tīe+tēji" tahendus="töötegija" ingl="worker" liik="S" vorm="sg.instl.">tüö+tējiks</sone><sone id="l7_s10" lk="388" lemma="eņțš" tahendus="oma" ingl="self" liik="ProS" vorm="sg.dat.">eńt́šən</sone><sone id="l7_s11" lk="388" meta="vahemärk">.</sone></lause><lause id="l8"><sone id="l8_s1" lk="388" lemma="bet" tahendus="aga" ingl="but" liik="Konj">bet</sone><sone id="l8_s2" lk="388" lemma="ne" tahendus="nemad" ingl="they" liik="ProS" vorm="pl.nom.">ne</sone><sone id="l8_s3" lk="388" lemma="vȱlda" tahendus="olla" ingl="be" liik="Va" vorm="pers.ind.pr.pl.3.">a’dtə</sone><sone id="l8_s4" lk="388" lemma="ne" tahendus="nemad" ingl="they" liik="ProS" vorm="pl.part.">nēd́i</sone><sone id="l8_s5" lk="388" lemma="vä’ggi" tahendus="väga" ingl="very" liik="Adv">vä’ggi</sone><sone id="l8_s6" lk="388" lemma="mūotšõ" tahendus="piinata" ingl="torture" liik="V" vorm="nud.pl.">muot́šənəd</sone><sone id="l8_s7" lk="388" lemma="un" tahendus="ja" ingl="and" liik="Konj">un</sone><sone id="l8_s8" lk="388" lemma="sīemn+āiga" tahendus="söök" ingl="food" liik="S" vorm="sg.nom.">süömn+āiga</sone><sone id="l8_s9" lk="388" lemma="nämād" tahendus="nemad" ingl="they" liik="ProAdv" vorm="pl.dat.">näntən</sone><sone id="l8_s10" lk="388" lemma="vȱlda" tahendus="olla" ingl="be" liik="Va" vorm="pers.ind.pr.sg.3.">um’</sone><sone id="l8_s11" lk="388" lemma="vȱlda" tahendus="olla" ingl="be" liik="V" vorm="nud.sg.">ve̮nd</sone><sone id="l8_s12" lk="388" lemma="mȯļḑ" tahendus="mold" ingl="trough" liik="S" vorm="sg.gen.">mᵘe̮ĺd</sone><sone id="l8_s13" lk="388" lemma="sizāl" tahendus="sees" ingl="in" liik="Post">sizāl</sone><sone id="l8_s14" lk="388" lemma="un" tahendus="ja" ingl="and" liik="Konj">un</sone><sone id="l8_s15" lk="388" lemma="pǭtõg" tahendus="piits" ingl="whip" liik="S" vorm="pl.instl.">på̄təgədəks</sone><sone id="l8_s16" lk="388" lemma="vȱlda" tahendus="olla" ingl="be" liik="Va" vorm="pers.ind.pr.pl.3.">a’dtə</sone><sone id="l8_s17" lk="388" lemma="a’jjõ" tahendus="ajada" ingl="run" liik="V" vorm="tud.">ai’təd</sone><sone id="l8_s18" lk="388" lemma="sīemi" tahendus="söömine" ingl="eating" liik="S" vorm="sg.gen.">süömiž</sone><sone id="l8_s19" lk="388" meta="vahemärk">‿</sone><sone id="l8_s20" lk="388" lemma="jūr" tahendus="juurde" ingl="to" liik="Post">jū’r</sone><sone id="l8_s21" lk="388" lemma="un" tahendus="ja" ingl="and" liik="Konj">un</sone><sone id="l8_s22" lk="388" lemma="pǭtõg" tahendus="piits" ingl="whip" liik="S" vorm="pl.instl.">på̄təgədəks</sone><sone id="l8_s23" lk="388" lemma="tīe" tahendus="töö" ingl="work" liik="S" vorm="sg.gen.">tüö</sone><sone id="l8_s24" lk="388" lemma="jūr" tahendus="juurde" ingl="to" liik="Post">jū’r</sone><sone id="l8_s25" lk="388" lemma="tegīž" tahendus="jälle" ingl="again" liik="Adv">tegīž</sone><sone id="l8_s26" lk="388" lemma="sīemi" tahendus="söömine" ingl="eating" liik="S" vorm="sg.gen.">süömiž</sone><sone id="l8_s27" lk="388" meta="vahemärk">‿</sone><sone id="l8_s28" lk="388" lemma="jūstõ" tahendus="juurest" liik="Post">jūst</sone><sone id="l8_s29" lk="388" lemma="jarā" tahendus="ära" ingl="away" liik="Adva">je̮rā</sone><sone id="l8_s30" lk="388" meta="vahemärk">.</sone></lause><lause id="l9"><sone id="l9_s1" lk="388" lemma="si’z" tahendus="siis" ingl="then" liik="ProAdv">siz</sone><sone id="l9_s2" lk="388" lemma="ne" tahendus="need" ingl="these" liik="ProS" vorm="pl.nom.">ne</sone><sone id="l9_s3" lk="388" lemma="smilgõ+mīez" tahendus="hiiglane" ingl="giant" liik="S" vorm="pl.nom.">smil’gə+mi’ed</sone><sone id="l9_s4" lk="388" lemma="vȱlda" tahendus="olla" ingl="be" liik="Va" vorm="pers.ind.pr.pl.3.">a’dt</sone><sone id="l9_s5" lk="388" lemma="tī’edõ" tahendus="teha" ingl="make" liik="V" vorm="nud.pl.">ti’enəd</sone><sone id="l9_s6" lk="388" lemma="eņțš" tahendus="oma" ingl="self" liik="ProS" vorm="sg.dat.">eńt́šən</sone><sone id="l9_s7" lk="388" lemma="seļļi" tahendus="selline" ingl="such" liik="ProA" vorm="pl.nom.">seĺĺist</sone><sone id="l9_s8" lk="388" lemma="knaš" tahendus="kaunis" ingl="beautiful" liik="A" vorm="pl.nom.">knaššəd</sone><sone id="l9_s9" lk="388" lemma="tubā" tahendus="tuba" ingl="room" liik="S" vorm="pl.nom.">tubād</sone><sone id="l9_s10" lk="388" meta="vahemärk">.</sone></lause><lause id="l10"><sone id="l10_s1" lk="388" lemma="un" tahendus="ja" ingl="and" liik="Konj">un</sone><sone id="l10_s2" lk="388" lemma="ulzõ+pēḑõn" tahendus="väljapoole" ingl="outside" liik="Adv">ulzə+pēd́ən</sone><sone id="l10_s3" lk="388" lemma="se" tahendus="see" ingl="this" liik="ProS" vorm="sg.part.">sⁱedā</sone><sone id="l10_s4" lk="388" lemma="mīr" tahendus="müür" ingl="wall" liik="S" vorm="sg.part.">mǖrə</sone><sone id="l10_s5" lk="388" meta="vahemärk">,</sone><sone id="l10_s6" lk="388" lemma="sǟ’l" tahendus="seal" ingl="there" liik="ProAdv">sǟ’l</sone><sone id="l10_s7" lk="388" lemma="vȱlda" tahendus="olla" ingl="be" liik="V" vorm="pers.ind.ipf.pl.3.">ve̮ĺ’tə</sone><sone id="l10_s8" lk="388" lemma="piški" tahendus="pisike" ingl="small" liik="A" vorm="pl.nom.">piškist</sone><sone id="l10_s9" lk="388" lemma="vǟ’rõd" tahendus="väravad" ingl="gate" liik="S" vorm="pl.nom.">vǟ’rəd</sone><sone id="l10_s10" lk="388" lemma="un" tahendus="ja" ingl="and" liik="Konj">un</sone><sone id="l10_s11" lk="388" lemma="sīnõ" tahendus="sinna" ingl="there" liik="ProAdv">sīnə</sone><sone id="l10_s12" lk="388" lemma="ne" tahendus="need" ingl="these" liik="ProS" vorm="pl.nom.">ne</sone><sone id="l10_s13" lk="388" lemma="vǟ’rõd" tahendus="väravad" ingl="gate" liik="S" vorm="pl.gen.">vǟ’rəd</sone><sone id="l10_s14" lk="388" lemma="pǟl " tahendus="peal" ingl="on" liik="Post">pǟl</sone><sone id="l10_s15" lk="388" lemma="i’lzõ" tahendus="üles" ingl="up" liik="Adv">ül’zə</sone><sone id="l10_s16" lk="388" meta="vahemärk">,</sone><sone id="l10_s17" lk="388" lemma="sīnõ" tahendus="sinna" ingl="there" liik="ProAdv">sīnə</sone><sone id="l10_s18" lk="388" lemma="ne" tahendus="nemad" ingl="they" liik="ProS" vorm="pl.nom.">ne</sone><sone id="l10_s19" lk="388" lemma="vȱlda" tahendus="olla" ingl="be" liik="Va" vorm="pers.ind.pr.pl.3.">a’dtə</sone><sone id="l10_s20" lk="388" lemma="mīrtõ" tahendus="müürida" ingl="build in the wall" liik="V" vorm="nud.pl.">mǖrtənd</sone><sone id="l10_s21" lk="388" lemma="ikš" tahendus="üks" ingl="one" liik="Nump" vorm="sg.gen.">ǖ’d</sone><sone id="l10_s22" lk="388" lemma="ki’v" tahendus="kivi" ingl="stone" liik="S" vorm="sg.gen.">kiw’</sone><sone id="l10_s23" lk="388" lemma="pūol" tahendus="pool" ingl="half" liik="Adv">puol</sone><sone id="l10_s24" lk="388" lemma="mīr" tahendus="müür" ingl="wall" liik="S" vorm="sg.gen.">mǖr</sone><sone id="l10_s25" lk="388" lemma="si’zzõl" tahendus="sisse" ingl="in" liik="Post">si’zzəl</sone><sone id="l10_s26" lk="388" meta="vahemärk">,</sone><sone id="l10_s27" lk="388" lemma="pūol" tahendus="pool" ingl="half" liik="Adv">puol</sone><sone id="l10_s28" lk="388" lemma="mīr" tahendus="müür" ingl="wall" liik="S" vorm="sg.el.">mǖrst</sone><sone id="l10_s29" lk="388" lemma="ulzõ" tahendus="välja" ingl="out" liik="Post">ulzə</sone><sone id="l10_s30" lk="388" meta="vahemärk">.</sone></lause><lause id="l11"><sone id="l11_s1" lk="388" lemma="sǟ’l" tahendus="seal" ingl="there" liik="ProAdv">sǟl</sone><sone id="l11_s2" lk="388" lemma="ne" tahendus="nemad" ingl="they" liik="ProS" vorm="pl.nom.">ne</sone><sone id="l11_s3" lk="388" lemma="vȱlda" tahendus="olla" ingl="be" liik="Va" vorm="pers.kvt.pr.sg.3.">ve̮ĺ’ti</sone><sone id="l11_s4" lk="388" lemma="sīedõ" tahendus="süüa" ingl="eat" liik="V" vorm="nud.pl.">süönəd</sone><sone id="l11_s5" lk="388" lemma="un" tahendus="ja" ingl="and" liik="Konj">un</sone><sone id="l11_s6" lk="388" lemma="jūodõ" tahendus="juua" ingl="drink" liik="V" vorm="nud.pl.">juonəd</sone><sone id="l11_s7" lk="388" lemma="ne" tahendus="need" ingl="these" liik="ProS" vorm="pl.nom.">ne</sone><sone id="l11_s8" lk="388" lemma="smilgõ+mīez" tahendus="hiiglane" ingl="giant" liik="S" vorm="pl.nom.">smil’gə+mi’ed</sone><sone id="l11_s9" lk="388" meta="vahemärk">.</sone></lause><lause id="l12"><sone id="l12_s1" lk="388" lemma="ku" tahendus="kui" ingl="when" liik="Konj">ku</sone><sone id="l12_s2" lk="388" lemma="si’z" tahendus="siis" ingl="then" liik="ProAdv">siz</sone><sone id="l12_s3" lk="388" lemma="se" tahendus="see" ingl="this" liik="ProS" vorm="sg.nom.">se</sone><sone id="l12_s4" lk="388" lemma="Dūoņig" tahendus="Dūoņig" lati="Dundaga" liik="H" vorm="sg.gen.">duońig</sone><sone id="l12_s5" lk="388" lemma="nīnõ" tahendus="loss" ingl="castle" liik="S" vorm="sg.nom.">nīn</sone><sone id="l12_s6" lk="388" lemma="vȱlda" tahendus="olla" ingl="be" liik="Va" vorm="pers.ind.ipf.sg.3.">ve̮ĺ’</sone><sone id="l12_s7" lk="388" lemma="no+tī’edõ" tahendus="valmis teha" ingl="make" liik="V" vorm="tud.">nu’o+ti’edəd</sone><sone id="l12_s8" lk="388" meta="vahemärk">,</sone><sone id="l12_s9" lk="388" lemma="un" tahendus="ja" ingl="and" liik="Konj">un</sone><sone id="l12_s10" lk="388" lemma="si’z" tahendus="siis" ingl="then" liik="ProAdv">siz</sone><sone id="l12_s11" lk="388" lemma="Dōvid" tahendus="Dōvid" lati="Dāvida" liik="H" vorm="sg.gen.">då̄vit</sone><sone id="l12_s12" lk="388" lemma="nīnõ" tahendus="loss" ingl="castle" liik="S" vorm="sg.nom.">nīn</sone><sone id="l12_s13" lk="388" lemma="vȱlda" tahendus="olla" ingl="be" liik="Va" vorm="pers.ind.pr.sg.3.">um’</sone><sone id="l12_s14" lk="388" lemma="va’jjõ" tahendus="vajuda" ingl="sink" liik="V" vorm="nud.sg.">vai’jən</sone><sone id="l12_s15" lk="388" lemma="mǭ" tahendus="maa" ingl="ground" liik="S" vorm="sg.gen.">må̄</sone><sone id="l12_s16" lk="388" lemma="si’zzõl" tahendus="sisse" ingl="in" liik="Post">si’zzəl</sone><sone id="l12_s17" lk="388" meta="vahemärk">.</sone></lause><lause id="l13"><sone id="l13_s1" lk="388" lemma="si’z" tahendus="siis" ingl="then" liik="ProAdv">siz</sone><sone id="l13_s2" lk="388" lemma="ne" tahendus="need" ingl="these" liik="ProS" vorm="pl.nom.">ne</sone><sone id="l13_s3" lk="388" lemma="Dūoņig" tahendus="Dūoņig" lati="Dundaga" liik="H" vorm="sg.gen.">duońig</sone><sone id="l13_s4" lk="388" lemma="izānd" tahendus="isand" ingl="lord" liik="S" vorm="pl.nom.">izāndəd</sone><sone id="l13_s5" lk="388" lemma="vȱlda" tahendus="olla" ingl="be" liik="Va" vorm="pers.ind.pr.pl.3.">a’dtə</sone><sone id="l13_s6" lk="388" lemma="tūlda" tahendus="tulla" ingl="come" liik="V" vorm="nud.pl.">tunnəd</sone><sone id="l13_s7" lk="388" lemma="se" tahendus="see" ingl="this" liik="ProS" vorm="sg.part.">sⁱedā</sone><sone id="l13_s8" lk="388" lemma="Dōvid" tahendus="Dōvid" lati="Dāvida" liik="H" vorm="sg.gen.">då̄vit</sone><sone id="l13_s9" lk="388" lemma="nīnõ" tahendus="loss" ingl="castle" liik="S" vorm="sg.part.">nīnə</sone><sone id="l13_s10" lk="388" lemma="vaņțlõ" tahendus="vaadata" ingl="look" liik="V" vorm="sup.">vańḱĺəm</sone><sone id="l13_s11" lk="388" lemma="un" tahendus="ja" ingl="and" liik="Konj">un</sone><sone id="l13_s12" lk="388" lemma="vȭrõz" tahendus="võõras" ingl="foreign" liik="A" vorm="pl.nom.">vī̮rəd</sone><sone id="l13_s13" lk="388" lemma="izānd" tahendus="isand" ingl="lord" liik="S" vorm="pl.nom.">izāndəd</sone><sone id="l13_s14" lk="388" lemma="Saksā+mǭ" tahendus="Saksamaa" ingl="Germany" liik="H" vorm="sg.abl.">saksā+må̄ld</sone><sone id="l13_s15" lk="388" meta="vahemärk">.</sone></lause><lause id="l14"><sone id="l14_s1" lk="388" lemma="un" tahendus="ja" ingl="and" liik="Konj">un</sone><sone id="l14_s2" lk="388" lemma="si’z" tahendus="siis" ingl="then" liik="ProAdv">siz</sone><sone id="l14_s3" lk="388" lemma="vȱlda" tahendus="olla" ingl="be" liik="Va" vorm="pers.ind.pr.sg.3.">um’</sone><sone id="l14_s4" lk="388" lemma="perīzõks" tahendus="lõpuks" ingl="lastly" liik="Adv">perīzəks</sone><sone id="l14_s5" lk="388" lemma="tūlda" tahendus="tulla" ingl="come" liik="V" vorm="nud.sg.">tund</sone><sone id="l14_s6" lk="388" lemma="ikš" tahendus="üks" ingl="one" liik="Nump" vorm="sg.nom.">ükš</sone><sone id="l14_s7" lk="388" lemma="vȭrõz" tahendus="võõras" ingl="foreign" liik="A" vorm="sg.nom.">vī̮rəz</sone><sone id="l14_s8" lk="388" lemma="sūr" tahendus="suur" ingl="great" liik="A" vorm="sg.nom.">sūr</sone><sone id="l14_s9" lk="388" lemma="izānd" tahendus="isand" ingl="lord" liik="S" vorm="sg.nom.">izānd</sone><sone id="l14_s10" lk="388" lemma="se" tahendus="see" ingl="this" liik="ProS" vorm="sg.part.">sⁱedā</sone><sone id="l14_s11" lk="388" lemma="vaņțlõ" tahendus="vaadata" ingl="look" liik="V" vorm="sup.">vańḱĺəm</sone><sone id="l14_s12" lk="388" lemma="un" tahendus="ja" ingl="and" liik="Konj">un</sone><sone id="l14_s13" lk="388" lemma="no+zǟlõ" tahendus="kahetseda" ingl="feel sorry for" liik="V" vorm="nud.sg.prf.">nu’o+zǟlən</sone><sone id="l14_s14" lk="388" lemma="ku" tahendus="et" ingl="that" liik="Konj">ku</sone><sone id="l14_s15" lk="388" lemma="seļļi" tahendus="selline" ingl="such" liik="ProA" vorm="sg.nom.">seĺĺi</sone><sone id="l14_s16" lk="388" lemma="nīnõ" tahendus="loss" ingl="castle" liik="S" vorm="sg.nom.">nīnə</sone><sone id="l14_s17" lk="388" lemma="vȱlda" tahendus="olla" ingl="be" liik="Va" vorm="pers.ind.pr.sg.3.">um’</sone><sone id="l14_s18" lk="388" lemma="jarā" tahendus="ära" ingl="away" liik="Adva">je̮rā</sone><sone id="l14_s19" lk="388" lemma="va’jjõ" tahendus="vajuda" ingl="sink" liik="V" vorm="nud.sg.">vai’jən</sone><sone id="l14_s20" lk="388" meta="vahemärk">.</sone></lause><lause id="l15"><sone id="l15_s1" lk="388" lemma="si’z" tahendus="siis" ingl="then" liik="ProAdv">siz</sone><sone id="l15_s2" lk="388" lemma="vȱlda" tahendus="olla" ingl="be" liik="Va" vorm="pers.ind.pr.sg.3.">um’</sone><sone id="l15_s3" lk="388" lemma="tūlda" tahendus="tulla" ingl="come" liik="V" vorm="nud.sg.">tund</sone><sone id="l15_s4" lk="388" lemma="tämā" tahendus="tema" ingl="he" liik="ProS" vorm="sg.dat.">täm’mən</sone><sone id="l15_s5" lk="388" lemma="jū’rõ" tahendus="juurde" liik="Post">jū’rə</sone><sone id="l15_s6" lk="388" lemma="seļļi" tahendus="selline" ingl="such" liik="ProA" vorm="pl.part.">seĺĺiži</sone><sone id="l15_s7" lk="388" lemma="piški" tahendus="pisike" ingl="small" liik="A" vorm="pl.part.">piškīži</sone><sone id="l15_s8" lk="388" meta="vahemärk">[</sone><sone id="l15_s9" lk="388" lemma="garā" tahendus="vaim" ingl="spirit" liik="S" vorm="pl.part.">garīdi</sone><sone id="l15_s10" lk="388" meta="vahemärk"> &gt;</sone><sone id="l15_s11" lk="388" meta="vahemärk">]</sone><sone id="l15_s12" lk="388" lemma="jeng" tahendus="hing" ingl="spirit" liik="S" vorm="pl.part.">jē̮ŋgidi</sone><sone id="l15_s13" lk="388" lemma="un" tahendus="ja" ingl="and" liik="Konj">un</sone><sone id="l15_s14" lk="388" lemma="ikš" tahendus="üks" ingl="one" liik="Nump" vorm="sg.nom.">ükš</sone><sone id="l15_s15" lk="388" lemma="vȱlda" tahendus="olla" ingl="be" liik="Va" vorm="pers.ind.pr.sg.3.">um’</sone><sone id="l15_s16" lk="388" lemma="vȱlda" tahendus="olla" ingl="be" liik="V" vorm="nud.sg.">ve̮nd</sone><sone id="l15_s17" lk="388" lemma="se" tahendus="see" ingl="this" liik="ProS" vorm="sg.nom.">se</sone><sone id="l15_s18" lk="388" lemma="jeng+kēņig" tahendus="hingedekuningas" ingl="spirit king" liik="S" vorm="sg.nom.">je̮ŋg+kȫńig</sone><sone id="l15_s19" lk="388" lemma="un" tahendus="ja" ingl="and" liik="Konj">un</sone><sone id="l15_s20" lk="388" lemma="se" tahendus="see" ingl="this" liik="ProS" vorm="sg.nom.">se</sone><sone lk="388" keel="eesti" id="l15_s21" lemma="vȱlda" tahendus="olla" ingl="be" liik="Va" vorm="pers.ind.pr.sg.3.">m’</sone><sone id="l15_s22" lk="388" lemma="kītõ" tahendus="öelda" ingl="tell" liik="V" vorm="nud.sg.">kītən</sone><sone id="l15_s23" lk="388" meta="vahemärk">,</sone><sone id="l15_s24" lk="388" lemma="a’ž" tahendus="kui" ingl="if" liik="Konj">aš</sone><sone id="l15_s25" lk="388" lemma="tämā" tahendus="tema" ingl="he" liik="ProS" vorm="sg.dat.">täm’mən</sone><sone id="l15_s26" lk="388" lemma="līdõ" tahendus="olema saada" ingl="will be" liik="V" vorm="pers.ind.pr.sg.3.">līb</sone><sone id="l15_s27" lk="388" lemma="brī" tahendus="prii" ingl="free" liik="A" vorm="sg.nom.">brī</sone><sone id="l15_s28" lk="388" meta="vahemärk">[</sone><sone id="l15_s29" lk="388" lemma="armõl" tahendus="rahulikult" ingl="peacefully" liik="Adv">armə</sone><sone id="l15_s30" lk="388" meta="vahemärk">]</sone><sone id="l15_s31" lk="388" lemma="Dūoņig" tahendus="Dūoņig" lati="Dundaga" liik="H" vorm="sg.gen.">duońig</sone><sone id="l15_s32" lk="388" lemma="nīnõ" tahendus="loss" ingl="castle" liik="S" vorm="sg.in.">nīns</sone><sone id="l15_s33" lk="388" lemma="eņtš" tahendus="oma" ingl="own" liik="ProS" vorm="sg.gen.">eńt́š</sone><sone id="l15_s34" lk="388" lemma="kǭzgõnd" tahendus="pulmad" ingl="wedding" liik="S" vorm="pl.nom.">kå̄zgənd</sone><sone id="l15_s35" lk="388" lemma="jū’odõ" tahendus="juhtida" liik="V" vorm="inf.">juodə</sone><sone id="l15_s36" lk="388" meta="vahemärk">,</sone><sone id="l15_s37" lk="388" lemma="si’z" tahendus="siis" ingl="then" liik="ProAdv">siz</sone><sone id="l15_s38" lk="388" lemma="se" tahendus="see" ingl="this" liik="ProS" vorm="sg.nom.">se</sone><sone id="l15_s39" lk="388" lemma="Dōvid" tahendus="Dōvid" lati="Dāvida" liik="H" vorm="sg.gen.">då̄vit</sone><sone id="l15_s40" lk="388" lemma="nīnõ" tahendus="loss" ingl="castle" liik="S" vorm="sg.nom.">nīn</sone><sone id="l15_s41" lk="388" lemma="nūzõ" tahendus="kerkida" liik="V" vorm="pers.ind.pr.sg.3.">nūzəb</sone><sone id="l15_s42" lk="388" lemma="i’lzõ" tahendus="üles" ingl="up" liik="Adva">ül’z</sone><sone id="l15_s43" lk="388" meta="vahemärk">.</sone></lause><lause id="l16"><sone id="l16_s1" lk="388" lemma="no" tahendus="no" liik="Par">no</sone><sone id="l16_s2" lk="388" meta="vahemärk">,</sone><sone id="l16_s3" lk="388" lemma="un" tahendus="ja" ingl="and" liik="Konj">un</sone><sone id="l16_s4" lk="389" lemma="ni" tahendus="nüüd" ingl="now" liik="Adv">nɪ</sone><sone id="l16_s5" lk="389" lemma="se" tahendus="see" ingl="this" liik="ProS" vorm="sg.nom.">se</sone><sone id="l16_s6" lk="389" lemma="vȭrõz" tahendus="võõras" ingl="foreign" liik="A" vorm="sg.nom.">vī̮rəz</sone><sone id="l16_s7" lk="389" lemma="izānd" tahendus="isand" ingl="lord" liik="S" vorm="sg.nom.">izānd</sone><sone id="l16_s8" lk="389" lemma="vȱlda" tahendus="olla" ingl="be" liik="Va" vorm="pers.ind.pr.sg.3.">um’</sone><sone id="l16_s9" lk="389" lemma="bro’utšõ" tahendus="sõita" ingl="ride" liik="V" vorm="nud.sg.">brou’tšən</sone><sone id="l16_s10" lk="389" lemma="Dūoņig" tahendus="Dūoņig" lati="Dundaga" liik="H" vorm="sg.gen.">duońig</sone><sone id="l16_s11" lk="389" lemma="se" tahendus="see" ingl="this" liik="ProS" vorm="sg.gen.">sie</sone><sone id="l16_s12" lk="389" lemma="sūr" tahendus="suur" ingl="great" liik="A" vorm="sg.gen.">sūr</sone><sone id="l16_s13" lk="389" lemma="izānd" tahendus="isand" ingl="lord" liik="S" vorm="sg.gen.">izānd</sone><sone id="l16_s14" lk="389" lemma="jū’rõ" tahendus="juurde" liik="Post">jū’rə</sone><sone id="l16_s15" lk="389" lemma="un" tahendus="ja" ingl="and" liik="Konj">un</sone><sone id="l16_s16" lk="389" lemma="kītõ" tahendus="öelda" ingl="tell" liik="V" vorm="nud.sg.">kītən</sone><sone id="l16_s17" lk="389" meta="vahemärk">:</sone><sone id="l16_s18" lk="389" meta="vahemärk">”</sone><sone lk="389" keel="eesti" id="l16_s19" lemma="se" tahendus="see" ingl="this" liik="ProS" vorm="sg.gen.">sie</sone><sone id="l16_s20" lk="389" lemma="un" tahendus="ja" ingl="and" liik="Konj">un</sone><sone id="l16_s21" lk="389" lemma="se" tahendus="see" ingl="this" liik="ProS" vorm="sg.gen.">sie</sone><sone id="l16_s22" lk="389" lemma="īe" tahendus="öö" ingl="night" liik="S" vorm="sg.gen.">üö</sone><sone id="l16_s23" lk="389" lemma="sizāl" tahendus="sees" ingl="in" liik="Post">sizāl</sone><sone id="l16_s24" lk="389" lemma="se" tahendus="see" ingl="this" liik="ProS" vorm="sg.nom.">se</sone><sone id="l16_s25" lk="389" lemma="jeng" tahendus="hing" ingl="spirit" liik="S" vorm="pl.gen.">jē̮ŋgəd</sone><sone id="l16_s26" lk="389" lemma="kēņig" tahendus="kuningas" ingl="king" liik="S" vorm="sg.nom.">kȫńig</sone><sone id="l16_s27" lk="389" lemma="tǭ’dõ" tahendus="tahta" ingl="want" liik="V" vorm="pers.ind.pr.sg.3.">tå̄’b</sone><sone id="l16_s28" lk="389" lemma="täsā" tahendus="siin" ingl="here" liik="ProAdv">tässə</sone><sone id="l16_s29" lk="389" lemma="eņtš" tahendus="oma" ingl="own" liik="ProS" vorm="sg.gen.">eńt́š</sone><sone id="l16_s30" lk="389" lemma="kǭzgõnd" tahendus="pulmad" ingl="wedding" liik="S" vorm="pl.nom.">kå̄zgənd</sone><sone id="l16_s31" lk="389" lemma="pi’ddõ" tahendus="pidada" ingl="hold" liik="V" vorm="inf.">pi’ddə</sone><sone id="l16_s32" lk="389" lemma="un" tahendus="ja" ingl="and" liik="Konj">un</sone><sone id="l16_s33" lk="389" lemma="a’ž" tahendus="kui" ingl="if" liik="Konj">aš</sone><sone id="l16_s34" lk="389" lemma="tämā" tahendus="tema" ingl="he" liik="ProS" vorm="sg.nom.">ta</sone><sone id="l16_s35" lk="389" lemma="eņtš" tahendus="oma" ingl="own" liik="ProS" vorm="sg.gen.">eńt́š</sone><sone id="l16_s36" lk="389" lemma="kǭzgõnd" tahendus="pulmad" ingl="wedding" liik="S" vorm="pl.nom.">kå̄zgənd</sone><sone id="l16_s37" lk="389" lemma="no+pi’ddõ" tahendus="pidada" ingl="hold" liik="V" vorm="pers.ind.pr.sg.3.">nu’opidāb</sone><sone id="l16_s38" lk="389" lemma="ne’i" tahendus="nii" ingl="so" liik="ProAdv">nei’</sone><sone id="l16_s39" lk="389" lemma="ku" tahendus="et" ingl="that" liik="Konj">ku</sone><sone id="l16_s40" lk="389" lemma="mit+ikš" tahendus="mitte keegi" ingl="nonone" liik="ProS" vorm="sg.nom.">mit+ükš</sone><sone id="l16_s41" lk="389" lemma="ä’b" tahendus="ei" ingl="not" liik="Mn" vorm="pers.ind.pr.sg.3.">äb</sone><sone id="l16_s42" lk="389" lemma="nǟ’dõ" tahendus="näha" ingl="see" liik="V" vorm="pers.ind.sg.3.neg.">nǟ</sone><sone id="l16_s43" lk="389" lemma="ä’b" tahendus="ei" ingl="not" liik="Mn" vorm="pers.ind.pr.sg.3.">äb</sone><sone id="l16_s44" lk="389" lemma="kūlõ" tahendus="kuulda" ingl="hear" liik="V" vorm="pers.ind.sg.3.neg.">kūl</sone><sone id="l16_s45" lk="389" meta="vahemärk">,</sone><sone id="l16_s46" lk="389" lemma="si’z" tahendus="siis" ingl="then" liik="ProAdv">siz</sone><sone id="l16_s47" lk="389" lemma="se" tahendus="see" ingl="this" liik="ProS" vorm="sg.nom.">se</sone><sone id="l16_s48" lk="389" lemma="Dōvid" tahendus="Dōvid" lati="Dāvida" liik="H" vorm="sg.gen.">då̄vit</sone><sone id="l16_s49" lk="389" lemma="nīnõ" tahendus="loss" ingl="castle" liik="S" vorm="sg.nom.">nīn</sone><sone id="l16_s50" lk="389" lemma="nūzõ" tahendus="kerkida" ingl="rise" liik="V" vorm="pers.ind.pr.sg.3.">nūzəb</sone><sone lk="389" keel="eesti" id="l16_s51" meta="vahemärk">.</sone><sone id="l16_s52" lk="389" meta="vahemärk">”</sone></lause><lause id="l17"><sone id="l17_s1" lk="389" lemma="si’z" tahendus="siis" ingl="then" liik="ProAdv">siz</sone><sone id="l17_s2" lk="389" lemma="se" tahendus="see" ingl="this" liik="ProS" vorm="sg.nom.">se</sone><sone id="l17_s3" lk="389" lemma="īe" tahendus="öö" ingl="night" liik="S" vorm="sg.nom.">üö</sone><sone id="l17_s4" lk="389" lemma="vȱlda" tahendus="olla" ingl="be" liik="Va" vorm="pers.ind.pr.sg.3.">um’</sone><sone id="l17_s5" lk="389" lemma="tūlda" tahendus="tulla" ingl="come" liik="V" vorm="nud.sg.">tund</sone><sone id="l17_s6" lk="389" lemma="un" tahendus="ja" ingl="and" liik="Konj">un</sone><sone id="l17_s7" lk="389" lemma="se" tahendus="see" ingl="this" liik="ProS" vorm="sg.nom.">se</sone><sone id="l17_s8" lk="389" lemma="izānd" tahendus="isand" ingl="lord" liik="S" vorm="sg.nom.">izānd</sone><sone id="l17_s9" lk="389" lemma="vȱlda" tahendus="olla" ingl="be" liik="Va" vorm="pers.ind.pr.sg.3.">um’</sone><sone id="l17_s10" lk="389" lemma="no+kītõ" tahendus="öelda" ingl="say" liik="V" vorm="nud.sg.">nu’o+kītən</sone><sone id="l17_s11" lk="389" lemma="eņtš" tahendus="oma" ingl="own" liik="ProS" vorm="sg.gen.">eńt́š</sone><sone id="l17_s12" lk="389" lemma="ro’v" tahendus="rahvas" ingl="people" liik="S" vorm="sg.dat.">rou’vən</sone><sone id="l17_s13" lk="389" lemma="ku" tahendus="et" ingl="that" liik="Konj">ku</sone><sone id="l17_s14" lk="389" meta="vahemärk">:</sone><sone id="l17_s15" lk="389" meta="vahemärk">”</sone><sone lk="389" keel="eesti" id="l17_s16" lemma="se" tahendus="see" ingl="this" liik="ProS" vorm="sg.gen.">sie</sone><sone id="l17_s17" lk="389" lemma="īe" tahendus="öö" ingl="night" liik="S" vorm="sg.gen.">üö</sone><sone id="l17_s18" lk="389" lemma="tēg" tahendus="teie" ingl="you" liik="ProS" vorm="pl.nom.">tēg</sone><sone id="l17_s19" lk="389" lemma="vȱlda" tahendus="olla" ingl="be" liik="V" vorm="pers.imp.pr.pl.2.">ve̮lgid</sone><sone id="l17_s20" lk="389" lemma="pāikal" tahendus="paigal" liik="Adv">pāikal</sone><sone id="l17_s21" lk="389" lemma="jegā+ikš" tahendus="igaüks" ingl="everyone" liik="ProS" vorm="sg.nom.">je̮gā+ükš</sone><sone id="l17_s22" lk="389" lemma="eņtš" tahendus="oma" ingl="own" liik="ProS" vorm="sg.gen.">eńt́š</sone><sone id="l17_s23" lk="389" lemma="tubā" tahendus="tuba" ingl="room" liik="S" vorm="sg.in.">tubās</sone><sone lk="389" keel="eesti" id="l17_s24" meta="vahemärk">!</sone><sone id="l17_s25" lk="389" meta="vahemärk">”</sone></lause><lause id="l18"><sone id="l18_s1" lk="389" lemma="ni" tahendus="nüüd" ingl="now" liik="Adv">ni</sone><sone id="l18_s2" lk="389" lemma="ikš" tahendus="üks" ingl="one" liik="Nump" vorm="sg.nom.">ükš</sone><sone id="l18_s3" lk="389" lemma="sūr" tahendus="suur" ingl="big" liik="A" vorm="sg.nom.">sūr</sone><sone id="l18_s4" lk="389" lemma="zǭl" tahendus="saal" ingl="hall" liik="S" vorm="sg.nom.">zå̄l</sone><sone id="l18_s5" lk="389" lemma="vȱlda" tahendus="olla" ingl="be" liik="Va" vorm="pers.ind.pr.sg.3.">um’</sone><sone id="l18_s6" lk="389" lemma="tī’edõ" tahendus="teha" ingl="make" liik="V" vorm="tud.">ti’edəd</sone><sone id="l18_s7" lk="389" lemma="tijā" tahendus="tühi" ingl="empty" liik="A" vorm="sg.tr.">tüjāks</sone><sone id="l18_s8" lk="389" meta="vahemärk">,</sone><sone id="l18_s9" lk="389" lemma="ku" tahendus="et" ingl="that" liik="Konj">ku</sone><sone id="l18_s10" lk="389" lemma="se" tahendus="see" ingl="this" liik="ProS" vorm="sg.nom.">se</sone><sone id="l18_s11" lk="389" lemma="jeng" tahendus="hing" ingl="spirit" liik="S" vorm="pl.gen.">jē̮ŋgəd</sone><sone id="l18_s12" lk="389" lemma="kēņig" tahendus="kuningas" ingl="king" liik="S" vorm="sg.nom.">kȫńig</sone><sone id="l18_s13" lk="389" lemma="tūlda" tahendus="tulla" ingl="come" liik="V" vorm="pers.ind.pr.sg.3.">tulāb</sone><sone id="l18_s14" lk="389" lemma="eņtš" tahendus="oma" ingl="own" liik="ProS" vorm="sg.gen.">eńt́š</sone><sone id="l18_s15" lk="389" lemma="kǭzgõnd" tahendus="pulmad" ingl="wedding" liik="S" vorm="pl.part.">kå̄zgińi</sone><sone id="l18_s16" lk="389" lemma="pi’ddõ" tahendus="pidada" ingl="hold" liik="V" vorm="sup.">pidām</sone><sone id="l18_s17" lk="389" meta="vahemärk">.</sone></lause><lause id="l19"><sone id="l19_s1" lk="389" lemma="un" tahendus="ja" ingl="and" liik="Konj">un</sone><sone id="l19_s2" lk="389" lemma="sǟ’l" tahendus="seal" ingl="there" liik="ProAdv">sǟ’l</sone><sone id="l19_s3" lk="389" lemma="vȱlda" tahendus="olla" ingl="be" liik="Va" vorm="pers.ind.pr.sg.3.">um’</sone><sone id="l19_s4" lk="389" lemma="vȱlda" tahendus="olla" ingl="be" liik="Va" vorm="nud.sg.">ve̮nd</sone><sone id="l19_s5" lk="389" lemma="ikš" tahendus="üks" ingl="one" liik="Nump" vorm="sg.nom.">üks</sone><sone id="l19_s6" lk="389" lemma="jumpro’vz" tahendus="kammerneitsi" ingl="maid" liik="S" vorm="sg.nom." kommentaar="Kettuse SR">jumprou’z</sone><sone id="l19_s7" lk="389" meta="vahemärk">.</sone></lause><lause id="l20"><sone id="l20_s1" lk="389" lemma="se" tahendus="see" ingl="this" liik="ProS" vorm="sg.nom.">se</sone><sone lk="389" keel="eesti" id="l20_s2" lemma="vȱlda" tahendus="olla" ingl="be" liik="Va" vorm="pers.ind.pr.sg.3.">m’</sone><sone id="l20_s3" lk="389" lemma="vȱlda" tahendus="olla" ingl="be" liik="V" vorm="nud.sg.">ve̮nd</sone><sone id="l20_s4" lk="389" lemma="mõltsi" tahendus="roheline" ingl="green" liik="A" vorm="pl.gen.">mi̮ltsist</sone><sone id="l20_s5" lk="389" lemma="kle’it" tahendus="kleit" ingl="gown" liik="S" vorm="pl.instl.">klei’tədəks</sone><sone id="l20_s6" lk="389" lemma="ē’ḑõ" tahendus="riietuda" ingl="dress" liik="V" vorm="nud.sg.">ē’d́ən</sone><sone id="l20_s7" lk="389" lemma="un" tahendus="ja" ingl="and" liik="Konj">un</sone><sone id="l20_s8" lk="389" lemma="se" tahendus="see" ingl="this" liik="ProS" vorm="sg.nom.">se</sone><sone id="l20_s9" lk="389" lemma="vȱlda" tahendus="olla" ingl="be" liik="Va" vorm="pers.ind.pr.sg.3.">um’</sone><sone id="l20_s10" lk="389" lemma="tǭ’dõ" tahendus="tahta" ingl="want" liik="V" vorm="nud.sg.">tå̄’nd</sone><sone id="l20_s11" lk="389" lemma="nǟ’dõ" tahendus="näha" ingl="see" liik="V" vorm="inf.">nǟ’də</sone><sone id="l20_s12" lk="389" lemma="kui" tahendus="kuidas" ingl="how" liik="Intr">kui’</sone><sone id="l20_s13" lk="389" lemma="ne" tahendus="need" ingl="these" liik="ProS" vorm="pl.part.">nēd́i</sone><sone id="l20_s14" lk="389" lemma="kǭzgõnd" tahendus="pulmad" ingl="wedding" liik="S" vorm="pl.part.">kå̄zgəńi</sone><sone id="l20_s15" lk="389" lemma="jū’odõ" tahendus="juhtida" ingl="lead" liik="V" vorm="ips.ind.pr.pl.3." kommentaar="?">juobəd</sone><sone id="l20_s16" lk="389" lemma="un" tahendus="ja" ingl="and" liik="Konj">un</sone><sone id="l20_s17" lk="389" lemma="se" tahendus="see" ingl="this" liik="ProS" vorm="sg.nom.">se</sone><sone lk="389" keel="eesti" id="l20_s18" lemma="vȱlda" tahendus="olla" ingl="be" liik="Va" vorm="pers.ind.pr.sg.3.">m’</sone><sone id="l20_s19" lk="389" lemma="lǟʼdõ" tahendus="minna" ingl="go" liik="V" vorm="nud.sg.">lǟ’nd</sone><sone id="l20_s20" lk="389" lemma="se" tahendus="see" ingl="this" liik="ProS" vorm="sg.gen.">sie</sone><sone id="l20_s21" lk="389" lemma="ukš" tahendus="uks" ingl="door" liik="S" vorm="sg.gen.">uks</sone><sone id="l20_s22" lk="389" lemma="tagān" tahendus="taha" ingl="behind" liik="Post">tagān</sone><sone id="l20_s23" lk="389" lemma="sa’lliz" tahendus="salaja" ingl="secretly" liik="Adv">sal’liz</sone><sone id="l20_s24" lk="389" lemma="vaņțlõ" tahendus="vaadata" ingl="look" liik="V" vorm="sup.">vańḱĺəm</sone><sone id="l20_s25" lk="389" lemma="võțīm" tahendus="võti" ingl="key" liik="S" vorm="sg.gen.">vi̮t́īm</sone><sone id="l20_s26" lk="389" lemma="ouk" tahendus="auk" ingl="hole" liik="S" vorm="sg.el.">oukst</sone><sone id="l20_s27" lk="389" meta="vahemärk">.</sone></lause><lause id="l21"><sone id="l21_s1" lk="389" lemma="si’z" tahendus="siis" ingl="then" liik="ProAdv">siz</sone><sone id="l21_s2" lk="389" lemma="se" tahendus="see" ingl="this" liik="ProS" vorm="sg.nom.">se</sone><sone lk="389" keel="eesti" id="l21_s3" lemma="vȱlda" tahendus="olla" ingl="be" liik="Va" vorm="pers.ind.pr.sg.3.">m’</sone><sone id="l21_s4" lk="389" lemma="nǟ’dõ" tahendus="näha" ingl="see" liik="V" vorm="nud.sg.">nǟnd</sone><sone id="l21_s5" lk="389" meta="vahemärk">,</sone><sone id="l21_s6" lk="389" lemma="ku" tahendus="et" ingl="that" liik="Konj">ku</sone><sone id="l21_s7" lk="389" lemma="sǟ’l" tahendus="seal" ingl="there" liik="ProAdv">sǟ’l</sone><sone id="l21_s8" lk="389" lemma="zǭl" tahendus="saal" ingl="hall" liik="S" vorm="sg.in.">zå̄lsə</sone><sone id="l21_s9" lk="389" lemma="vȱlda" tahendus="olla" ingl="be" liik="Va" vorm="pers.ind.pr.pl.3.">a’dtə</sone><sone id="l21_s10" lk="389" lemma="daņtšõ" tahendus="tantsida" ingl="dance" liik="V" vorm="nud.pl.">dańt́šənəd</sone><sone id="l21_s11" lk="389" lemma="un" tahendus="ja" ingl="and" liik="Konj">un</sone><sone id="l21_s12" lk="389" lemma="spēļõ" tahendus="mängida" ingl="play" liik="V" vorm="nud.pl.">spēĺənəd</sone><sone id="l21_s13" lk="389" lemma="un" tahendus="ja" ingl="and" liik="Konj">un</sone><sone id="l21_s14" lk="389" lemma="ūlastõ" tahendus="hullata" ingl="frisk" liik="V" vorm="nud.pl.">ūlastənəd</sone><sone id="l21_s15" lk="389" lemma="seļļi" tahendus="selline" ingl="such" liik="ProA" vorm="pl.nom.">seĺĺist</sone><sone id="l21_s16" lk="389" lemma="piški" tahendus="pisike" ingl="small" liik="A" vorm="pl.nom.">piškist</sone><sone id="l21_s17" lk="389" lemma="ro’vz" tahendus="rahvas" ingl="people" liik="S" vorm="sg.nom.">rou’z</sone><sone id="l21_s18" lk="389" lemma="un" tahendus="ja" ingl="and" liik="Konj">un</sone><sone id="l21_s19" lk="389" lemma="si’z" tahendus="siis" ingl="then" liik="ProAdv">siz</sone><sone id="l21_s20" lk="389" lemma="tämā" tahendus="tema" ingl="she" liik="ProS" vorm="sg.nom.">ta</sone><sone lk="389" keel="eesti" id="l21_s21" lemma="vȱlda" tahendus="olla" ingl="be" liik="Va" vorm="pers.ind.pr.sg.3.">m’</sone><sone id="l21_s22" lk="389" lemma="nǟ’dõ" tahendus="näha" ingl="see" liik="V" vorm="nud.sg.">nǟnd</sone><sone id="l21_s23" lk="389" lemma="se" tahendus="see" ingl="this" liik="ProS" vorm="sg.part.">sⁱedā</sone><sone id="l21_s24" lk="389" lemma="brūț" tahendus="pruut" ingl="bride" liik="S" vorm="sg.part.">brūt́ə</sone><sone id="l21_s25" lk="389" lemma="un" tahendus="ja" ingl="and" liik="Konj">un</sone><sone id="l21_s26" lk="389" lemma="brūtganā" tahendus="peigmees" ingl="bridegroom" liik="S" vorm="sg.part.">brūdgan’nə</sone><sone id="l21_s27" lk="389" meta="vahemärk">,</sone><sone id="l21_s28" lk="389" lemma="ku" tahendus="kuidas" ingl="how" liik="Intr">ku</sone><sone id="l21_s29" lk="389" lemma="ne" tahendus="nemad" ingl="they" liik="ProS" vorm="pl.nom.">ne</sone><sone id="l21_s30" lk="389" lemma="vȱlda" tahendus="olla" ingl="be" liik="Va" vorm="pers.ind.pr.pl.3.">a’dtə</sone><sone id="l21_s31" lk="389" lemma="istõ" tahendus="istuda" ingl="sit" liik="V" vorm="nud.pl.">istənd</sone><sone id="l21_s32" lk="389" lemma="lōda" tahendus="laud" ingl="table" liik="S" vorm="sg.gen.">lōda</sone><sone id="l21_s33" lk="389" lemma="tagān" tahendus="taga" ingl="behind" liik="Post">tagān</sone><sone id="l21_s34" lk="389" meta="vahemärk">.</sone></lause><lause id="l22"><sone id="l22_s1" lk="389" lemma="bet" tahendus="aga" ingl="but" liik="Konj">bet</sone><sone id="l22_s2" lk="389" lemma="tämā" tahendus="tema" ingl="she" liik="ProS" vorm="sg.dat.">täm’mən</sone><sone id="l22_s3" lk="389" lemma="vȱlda" tahendus="olla" ingl="be" liik="Va" vorm="pers.ind.pr.sg.3.">um’</sone><sone id="l22_s4" lk="389" lemma="tūlda" tahendus="tulla" ingl="come" liik="V" vorm="nud.sg.">tund</sone><sone id="l22_s5" lk="389" lemma="na’grimi" tahendus="naer" ingl="laughter" liik="S" vorm="sg.nom.">na’grimi</sone><sone id="l22_s6" lk="389" meta="vahemärk">,</sone><sone id="l22_s7" lk="389" lemma="ku" tahendus="et" ingl="that" liik="Konj">ku</sone><sone id="l22_s8" lk="389" lemma="ne" tahendus="nemad" ingl="they" liik="ProS" vorm="pl.nom.">ne</sone><sone id="l22_s9" lk="389" lemma="sǟ’l" tahendus="seal" ingl="there" liik="ProAdv">sǟ’l</sone><sone id="l22_s10" lk="389" lemma="vȱlda" tahendus="olla" ingl="be" liik="Va" vorm="pers.ind.pr.pl.3.">a’dtə</sone><sone id="l22_s11" lk="389" lemma="ūlastõ" tahendus="hullata" ingl="frisk" liik="V" vorm="nud.pl.">ūlastənəd</sone><sone id="l22_s12" lk="389" lemma="un" tahendus="ja" ingl="and" liik="Konj">un</sone><sone id="l22_s13" lk="389" lemma="ne+ka" tahendus="nagu" ingl="as" liik="Konj">ne+ka</sone><sone id="l22_s14" lk="389" lemma="ta" tahendus="ta" ingl="she" liik="ProS" vorm="sg.nom.">tämā</sone><sone id="l22_s15" lk="389" lemma="akkõ" tahendus="hakata" ingl="begin" liik="V" vorm="nud.sg.">akkən</sone><sone id="l22_s16" lk="389" lemma="na’grõ" tahendus="naerda" ingl="laugh" liik="V" vorm="sup.">na’grəm</sone><sone id="l22_s17" lk="389" meta="vahemärk">,</sone><sone id="l22_s18" lk="389" lemma="ne’i" tahendus="nii" ingl="so" liik="ProAdv">nei’</sone><sone id="l22_s19" lk="389" lemma="vȱlda" tahendus="olla" ingl="be" liik="Va" vorm="pers.ind.pr.pl.3.">a’dtə</sone><sone id="l22_s20" lk="389" lemma="ka’ddõ" tahendus="kaduda" ingl="disappear" liik="V" vorm="nud.pl.">ka’ddənəd</sone><sone id="l22_s21" lk="389" lemma="jarā" tahendus="ära" ingl="away" liik="Adva">je̮rā</sone><sone id="l22_s22" lk="389" meta="vahemärk">[</sone><sone id="l22_s23" lk="389" lemma="tikkiž" tahendus="kõik" ingl="all" liik="ProS" vorm="sg.nom.">tükkiž</sone><sone id="l22_s24" lk="389" meta="vahemärk">]</sone><sone id="l22_s25" lk="389" lemma="tu’ļ" tahendus="tuli" ingl="light" liik="S" vorm="pl.nom.">tul’d</sone><sone id="l22_s26" lk="389" lemma="un" tahendus="ja" ingl="and" liik="Konj">un</sone><sone id="l22_s27" lk="389" lemma="ne" tahendus="need" ingl="these" liik="ProS" vorm="pl.nom.">ne</sone><sone id="l22_s28" lk="389" lemma="ro’vz" tahendus="rahvas" ingl="people" liik="S" vorm="sg.nom.">rou’z</sone><sone id="l22_s29" lk="389" lemma="un" tahendus="ja" ingl="and" liik="Konj">un</sone><sone id="l22_s30" lk="389" lemma="ne" tahendus="need" ingl="these" liik="ProS" vorm="pl.nom.">ne</sone><sone id="l22_s31" lk="389" lemma="brūț" tahendus="pruut" ingl="bride" liik="S" vorm="pl.nom.">brūt́əd</sone><sone id="l22_s32" lk="389" lemma="un" tahendus="ja" ingl="and" liik="Konj">un</sone><sone id="l22_s33" lk="389" lemma="brūtganā" tahendus="peigmees" ingl="bridegroom" liik="S" vorm="pl.nom.">brūdganād</sone><sone id="l22_s34" lk="389" meta="vahemärk">.</sone></lause><lause id="l23"><sone id="l23_s1" lk="389" lemma="ni" tahendus="nüüd" ingl="now" liik="Adv">ni</sone><sone id="l23_s2" lk="389" lemma="se" tahendus="see" ingl="this" liik="ProS" vorm="sg.nom.">se</sone><sone id="l23_s3" lk="389" lemma="jeng" tahendus="hing" ingl="spirit" liik="S" vorm="pl.gen.">jē̮ŋgəd</sone><sone id="l23_s4" lk="389" lemma="kēņig" tahendus="kuningas" ingl="king" liik="S" vorm="sg.nom.">kȫńig</sone><sone id="l23_s5" lk="389" lemma="vȱlda" tahendus="olla" ingl="be" liik="Va" vorm="pers.ind.pr.sg.3.">um’</sone><sone id="l23_s6" lk="389" lemma="lǟʼdõ" tahendus="minna" ingl="go" liik="V" vorm="nud.sg.">lǟ’nd</sone><sone id="l23_s7" lk="389" lemma="se" tahendus="see" ingl="this" liik="ProS" vorm="sg.gen.">sie</sone><sone id="l23_s8" lk="389" lemma="izānd" tahendus="isand" ingl="lord" liik="S" vorm="sg.gen.">izānd</sone><sone id="l23_s9" lk="389" lemma="jūr" tahendus="juurde" liik="Post">jū’r</sone><sone id="l23_s10" lk="389" lemma="un" tahendus="ja" ingl="and" liik="Konj">un</sone><sone id="l23_s11" lk="389" lemma="kītõ" tahendus="öelda" ingl="say" liik="V" vorm="nud.sg.">kītən</sone><sone id="l23_s12" lk="389" meta="vahemärk">:</sone><sone id="l23_s13" lk="389" meta="vahemärk">”</sone><sone lk="389" keel="eesti" id="l23_s14" lemma="sinā" tahendus="sina" ingl="you" liik="ProS" vorm="sg.nom.">sinā</sone><sone id="l23_s15" lk="389" lemma="tõitõ" tahendus="tõotada" ingl="promise" liik="V" vorm="pers.ind.ipf.sg.2.">tī̮itist</sone><sone id="l23_s16" lk="390" lemma="eņtš" tahendus="oma" ingl="own" liik="ProS" vorm="sg.gen.">eńt́š</sone><sone id="l23_s17" lk="390" lemma="nīnõ+ro’v" tahendus="lossiteenijad" ingl="castle workers" liik="S" vorm="sg.gen.">nīnə+rou’</sone><sone id="l23_s18" lk="390" lemma="ne’i" tahendus="nii" ingl="so" liik="ProAdv">nei’</sone><sone id="l23_s19" lk="390" lemma="pānda" tahendus="panna" ingl="put" liik="V" vorm="inf.">pānda</sone><sone id="l23_s20" lk="390" lemma="paikõl" tahendus="paika" liik="Adva">paikəl</sone><sone id="l23_s21" lk="390" lemma="un" tahendus="ja" ingl="and" liik="Konj">un</sone><sone id="l23_s22" lk="390" lemma="ikš" tahendus="üks" ingl="one" liik="ProS" vorm="sg.nom.">ükš</sone><sone id="l23_s23" lk="390" lemma="jumpro’vz" tahendus="kammerneitsi" ingl="maid" liik="S" vorm="sg.nom.">jumprou’z</sone><sone id="l23_s24" lk="390" lemma="tūlda" tahendus="tulla" ingl="come" liik="V" vorm="pers.ind.ipf.sg.3.">tuĺ’</sone><sone id="l23_s25" lk="390" meta="vahemärk">[</sone><sone id="l23_s26" lk="390" lemma="tokš" tahendus="muidugi" ingl="of course" liik="ModAdv">tokš</sone><sone id="l23_s27" lk="390" meta="vahemärk">]</sone><sone id="l23_s28" lk="390" lemma="vaņțlõ" tahendus="vaadata" ingl="look" liik="V" vorm="sup.">vańḱĺəm</sone><sone id="l23_s29" lk="390" lemma="un" tahendus="ja" ingl="and" liik="Konj">un</sone><sone id="l23_s30" lk="390" lemma="irgõ" tahendus="hakata" ingl="begin" liik="V" vorm="pers.ind.ipf.sg.3.">ǖrgiz</sone><sone id="l23_s31" lk="390" lemma="na’grõ" tahendus="naerda" ingl="laugh" liik="V" vorm="inf.">na’grə</sone><sone id="l23_s32" lk="390" lemma="un" tahendus="ja" ingl="and" liik="Konj">un</sone><sone id="l23_s33" lk="390" lemma="i’z" tahendus="ei" ingl="not" liik="Mn" vorm="pers.ind.ipf.sg.3.">iz</sone><sone id="l23_s34" lk="390" lemma="vȱlda" tahendus="olla" ingl="be" liik="V" vorm="pers.ind.ipf.sg.3.neg." kommentaar="?">vēĺ</sone><sone id="l23_s35" lk="390" lemma="minā" tahendus="mina" ingl="I" liik="ProS" vorm="sg.dat.">min’nən</sone><sone id="l23_s36" lk="390" lemma="eņtš" tahendus="oma" ingl="own" liik="ProS" vorm="sg.gen.">eńt́š</sone><sone id="l23_s37" lk="390" lemma="kǭzgõnd" tahendus="pulmad" ingl="wedding" liik="S" vorm="sg.nom.gen.">kå̄zgənd</sone><sone id="l23_s38" lk="390" lemma="no+pi’ddõ" tahendus="pidada" ingl="hold" liik="V" vorm="inf.prf.">nu’o+pi’ddə</sone><sone lk="390" keel="eesti" id="l23_s39" meta="vahemärk">.</sone><sone id="l23_s40" lk="390" meta="vahemärk">”</sone></lause><lause id="l24"><sone id="l24_s1" lk="390" lemma="un" tahendus="ja" ingl="and" liik="Konj">un</sone><sone id="l24_s2" lk="390" lemma="ni" tahendus="nüüd" ingl="now" liik="Adv">ni</sone><sone id="l24_s3" lk="390" lemma="se" tahendus="see" ingl="this" liik="ProS" vorm="sg.nom.">se</sone><sone id="l24_s4" lk="390" lemma="nīnõ" tahendus="loss" ingl="castle" liik="S" vorm="sg.gen.">nīn</sone><sone id="l24_s5" lk="390" lemma="izānd" tahendus="isand" ingl="lord" liik="S" vorm="sg.nom.">izānd</sone><sone id="l24_s6" lk="390" lemma="sǭdõ" tahendus="saada" ingl="get" liik="V" vorm="pers.ind.ipf.sg.3.">sai</sone><sone id="l24_s7" lk="390" lemma="kõ’zzi" tahendus="vihane" ingl="angry" liik="A" vorm="sg.tr.">ki̮zīzəks</sone><sone id="l24_s8" lk="390" meta="vahemärk">.</sone></lause><lause id="l25"><sone id="l25_s1" lk="390" lemma="si’z" tahendus="siis" ingl="then" liik="ProAdv">siz</sone><sone id="l25_s2" lk="390" lemma="se" tahendus="see" ingl="this" liik="ProS" vorm="sg.nom.">se</sone><sone id="l25_s3" lk="390" lemma="jeng" tahendus="hing" ingl="spirit" liik="S" vorm="pl.gen.">jē̮ŋgəd</sone><sone id="l25_s4" lk="390" lemma="kēņig" tahendus="kuningas" ingl="king" liik="S" vorm="sg.nom.">kȫńig</sone><sone id="l25_s5" lk="390" lemma="kītõ" tahendus="öelda" ingl="say" liik="V" vorm="pers.ind.ipf.sg.3.">kītiz</sone><sone id="l25_s6" lk="390" meta="vahemärk">,</sone><sone id="l25_s7" lk="390" lemma="ku" tahendus="et" ingl="that" liik="Konj">ku</sone><sone id="l25_s8" lk="390" lemma="tämā" tahendus="tema" ingl="he" liik="ProS" vorm="sg.nom.">ta</sone><sone id="l25_s9" lk="390" lemma="eņtš" tahendus="oma" ingl="own" liik="ProS" vorm="sg.gen.">eńt́š</sone><sone id="l25_s10" lk="390" lemma="tsilt" tahendus="sugu" ingl="kind" liik="S" vorm="sg.el." kommentaar="lv cilts">tsil’təst</sone><sone id="l25_s11" lk="390" lemma="ä’b" tahendus="ei" ingl="not" liik="Mn" vorm="pers.ind.pr.sg.3.">äb</sone><sone id="l25_s12" lk="390" lemma="sǭdõ" tahendus="saada" ingl="get" liik="V" vorm="pers.ind.sg.3.neg.">så̄</sone><sone id="l25_s13" lk="390" lemma="tämā" tahendus="tema" ingl="he" liik="ProS" vorm="sg.gen.">täm’</sone><sone id="l25_s14" lk="390" lemma="vīļa+vǭļikšiji" tahendus="varavalitseja" liik="S" vorm="sg.part.">vīĺa+vå̄ĺikšīt</sone><sone id="l25_s15" lk="390" meta="vahemärk">[</sone><sone id="l25_s16" lk="390" lemma="mantnik" tahendus="valitseja" liik="S" vorm="sg.part." kommentaar="?">mantnikkə</sone><sone lk="390" keel="eesti" id="l25_s17" meta="vahemärk">]</sone><sone id="l25_s18" lk="390" meta="vahemärk">,</sone><sone id="l25_s19" lk="390" lemma="kis" tahendus="kes" ingl="who" liik="Intr" vorm="sg.nom.">kis</sone><sone id="l25_s20" lk="390" lemma="se" tahendus="see" ingl="this" liik="ProS" vorm="sg.part.">sⁱedā</sone><sone id="l25_s21" lk="390" lemma="nīnõ" tahendus="loss" ingl="castle" liik="S" vorm="sg.part.">nīnə</sone><sone id="l25_s22" lk="390" lemma="pi’ddõ" tahendus="pidada" ingl="hold" liik="V" vorm="pers.ind.pr.sg.3.">pidāb</sone><sone id="l25_s23" lk="390" meta="vahemärk">.</sone></lause><lause id="l26"><sone id="l26_s1" lk="390" lemma="un" tahendus="ja" ingl="and" liik="Konj">un</sone><sone id="l26_s2" lk="390" lemma="si’z" tahendus="siis" ingl="then" liik="ProAdv">siz</sone><sone id="l26_s3" lk="390" lemma="tämā" tahendus="tema" ingl="he" liik="ProS" vorm="sg.nom.">ta</sone><sone id="l26_s4" lk="390" lemma="je’ds" tahendus="enne" ingl="before" liik="Adv">je’ds</sone><sone id="l26_s5" lk="390" lemma="ä’b" tahendus="ei" ingl="not" liik="Mn" vorm="pers.ind.pr.sg.3.">äb</sone><sone id="l26_s6" lk="390" lemma="sǭdõ" tahendus="saada" ingl="get" liik="V" vorm="pers.ind.sg.3.neg.">så̄</sone><sone id="l26_s7" lk="390" lemma="se" tahendus="see" ingl="this" liik="ProS" vorm="sg.part.">sⁱedā</sone><sone id="l26_s8" lk="390" lemma="vīļa+vǭļikšiji" tahendus="varavalitseja" liik="S" vorm="sg.part.">vīĺa+vå̄ĺikšīt</sone><sone id="l26_s9" lk="390" meta="vahemärk">,</sone><sone id="l26_s10" lk="390" lemma="ku" tahendus="kui" ingl="when" liik="Konj">ku</sone><sone id="l26_s11" lk="390" lemma="sīnõ" tahendus="sinna" ingl="there" liik="ProAdv">sīnə</sone><sone id="l26_s12" lk="390" lemma="kus" tahendus="kus" ingl="where" liik="Intr">kus</sone><sone id="l26_s13" lk="390" lemma="ne" tahendus="need" ingl="these" liik="ProS" vorm="pl.gen.">ne</sone><sone id="l26_s14" lk="390" lemma="smilgõ+mīez" tahendus="hiiglane" ingl="giant" liik="S" vorm="pl.gen.">smil’gə+mi’ed</sone><sone id="l26_s15" lk="390" lemma="lōda" tahendus="laud" ingl="table" liik="S" vorm="sg.nom.">lōda</sone><sone id="l26_s16" lk="390" lemma="vȱlda" tahendus="olla" ingl="be" liik="V" vorm="pers.ind.pr.sg.3.">um’</sone><sone id="l26_s17" lk="390" meta="vahemärk">,</sone><sone id="l26_s18" lk="390" lemma="ku" tahendus="kui" ingl="when" liik="Konj">ku</sone><sone id="l26_s19" lk="390" lemma="sīnõ" tahendus="sinna" ingl="there" liik="ProAdv">sīnə</sone><sone id="l26_s20" lk="390" lemma="ka’zzõ" tahendus="kasvada" ingl="grow" liik="V" vorm="pers.ind.pr.sg.3.">kazāb</sone><sone id="l26_s21" lk="390" lemma="ikš" tahendus="üks" ingl="one" liik="ProS" vorm="sg.nom.">ükš</sone><sone id="l26_s22" lk="390" lemma="kõuvõ" tahendus="kask" ingl="birch" liik="S" vorm="sg.nom.">ki̮vvə</sone><sone id="l26_s23" lk="390" meta="vahemärk">,</sone><sone id="l26_s24" lk="390" lemma="un" tahendus="ja" ingl="and" liik="Konj">un</sone><sone id="l26_s25" lk="390" lemma="si’z" tahendus="siis" ingl="then" liik="ProAdv">siz</sone><sone id="l26_s26" lk="390" lemma="se" tahendus="see" ingl="this" liik="ProS" vorm="sg.gen.">sie</sone><sone id="l26_s27" lk="390" lemma="kõuvõ" tahendus="kask" ingl="birch" liik="S" vorm="sg.gen.">ki̮vvə</sone><sone id="l26_s28" lk="390" lemma="vȱlda" tahendus="olla" ingl="be" liik="Va" vorm="pers.ind.pr.sg.3.">um’</sone><sone id="l26_s29" lk="390" lemma="ra’dļõ" tahendus="raiuda" ingl="chop" liik="V" vorm="deb.">ra’d́ĺəməst</sone><sone id="l26_s30" lk="390" lemma="mǭ’zõ" tahendus="maha" ingl="down" liik="Adva">må̄’zə</sone><sone id="l26_s31" lk="390" lemma="un" tahendus="ja" ingl="and" liik="Konj">un</sone><sone id="l26_s32" lk="390" lemma="se" tahendus="see" ingl="this" liik="ProS" vorm="sg.el.">siest</sone><sone id="l26_s33" lk="390" lemma="kõuvõ" tahendus="kask" ingl="birch" liik="S" vorm="sg.el.">ki̮vvəst</sone><sone id="l26_s34" lk="390" lemma="vȱlda" tahendus="olla" ingl="be" liik="Va" vorm="pers.ind.pr.sg.3.">um’</sone><sone id="l26_s35" lk="390" lemma="tī’edõ" tahendus="teha" ingl="make" liik="V" vorm="deb.">ti’eməst</sone><sone id="l26_s36" lk="390" lemma="läpš" tahendus="laps" ingl="child" liik="S" vorm="sg.gen.">laps</sone><sone id="l26_s37" lk="390" lemma="äl" tahendus="häll" ingl="cradle" liik="S" vorm="sg.gen.">äll</sone><sone id="l26_s38" lk="390" meta="vahemärk">.</sone></lause><lause id="l27"><sone id="l27_s1" lk="390" lemma="ni" tahendus="nüüd" ingl="now" liik="Adv">ni</sone><sone id="l27_s2" lk="390" lemma="se" tahendus="see" ingl="this" liik="ProS" vorm="sg.nom.">se</sone><sone id="l27_s3" lk="390" lemma="jeng" tahendus="hing" ingl="spirit" liik="S" vorm="pl.gen.">jē̮ŋgəd</sone><sone id="l27_s4" lk="390" lemma="kēņig" tahendus="kuningas" ingl="king" liik="S" vorm="sg.nom.">kȫńig</sone><sone id="l27_s5" lk="390" lemma="ka’ddõ" tahendus="kaduda" ingl="disappear" liik="V" vorm="pers.ind.pr.sg.3.">kadūb</sone><sone id="l27_s6" lk="390" lemma="järāndiz" tahendus="ära" ingl="away" liik="Adva">je̮rāndəz</sone><sone id="l27_s7" lk="390" meta="vahemärk">.</sone></lause><lause id="l28"><sone id="l28_s1" lk="390" lemma="un" tahendus="ja" ingl="and" liik="Konj">un</sone><sone id="l28_s2" lk="390" lemma="ni" tahendus="nüüd" ingl="now" liik="Adv">ni</sone><sone id="l28_s3" lk="390" lemma="ūoņdžõl" tahendus="hommikul" ingl="in the morning" liik="Adv">uońdžəl</sone><sone id="l28_s4" lk="390" lemma="izānd" tahendus="isand" ingl="lord" liik="S" vorm="sg.nom.">izānd</sone><sone id="l28_s5" lk="390" lemma="nūzõ" tahendus="tõusta" ingl="rise" liik="V" vorm="pers.ind.pr.sg.3.">nūzəb</sone><sone id="l28_s6" lk="390" lemma="i’lzõ" tahendus="üles" ingl="up" liik="Adva">ül’z</sone><sone id="l28_s7" lk="390" lemma="un" tahendus="ja" ingl="and" liik="Konj">un</sone><sone id="l28_s8" lk="390" lemma="ni" tahendus="nüüd" ingl="now" liik="Adv">ni</sone><sone id="l28_s9" lk="390" lemma="kutsõ" tahendus="kutsuda" ingl="invite" liik="V" vorm="pers.ind.pr.sg.3.">kutsūb</sone><sone id="l28_s10" lk="390" lemma="eņtš" tahendus="oma" ingl="own" liik="ProS" vorm="sg.gen.">eńt́š</sone><sone id="l28_s11" lk="390" lemma="ro’v" tahendus="teenijarahvas" ingl="workers" liik="S" vorm="sg.gen.">rou’</sone><sone id="l28_s12" lk="390" lemma="je’ddõ" tahendus="ette" ingl="in front" liik="Adva">je̮’ddə</sone><sone id="l28_s13" lk="390" lemma="un" tahendus="ja" ingl="and" liik="Konj">un</sone><sone id="l28_s14" lk="390" lemma="ki’zzõ" tahendus="küsida" ingl="ask" liik="V" vorm="pers.ind.pr.sg.3.">küzūb</sone><sone id="l28_s15" lk="390" meta="vahemärk">[</sone><sone id="l28_s16" lk="390" lemma="ne" tahendus="nemad" ingl="they" liik="ProS" vorm="pl.gen.">nänt</sone><sone id="l28_s17" lk="390" lemma="kä’dst" tahendus="käest" ingl="from" liik="Post">kä’dstə</sone><sone lk="390" keel="eesti" id="l28_s18" meta="vahemärk">]</sone><sone id="l28_s19" lk="390" meta="vahemärk">,</sone><sone id="l28_s20" lk="390" lemma="kis" tahendus="kes" ingl="who" liik="Intr" vorm="sg.nom.">kis</sone><sone id="l28_s21" lk="390" lemma="se" tahendus="see" ingl="this" liik="ProS" vorm="sg.nom.">se</sone><sone id="l28_s22" lk="390" lemma="vȱlda" tahendus="olla" ingl="be" liik="Va" vorm="pers.ind.pr.sg.3.">um’</sone><sone id="l28_s23" lk="390" lemma="vȱlda" tahendus="olla" ingl="be" liik="V" vorm="nud.sg.">ve̮nd</sone><sone id="l28_s24" lk="390" meta="vahemärk">,</sone><sone id="l28_s25" lk="390" lemma="kis" tahendus="kes" ingl="who" liik="Intr" vorm="sg.nom.">kis</sone><sone id="l28_s26" lk="390" lemma="vȱlda" tahendus="olla" ingl="be" liik="Va" vorm="pers.ind.pr.sg.3.">um’</sone><sone id="l28_s27" lk="390" lemma="lǟʼdõ" tahendus="minna" ingl="go" liik="V" vorm="nud.sg.">lǟ’nd</sone><sone id="l28_s28" lk="390" lemma="se" tahendus="see" ingl="this" liik="ProS" vorm="sg.gen.">sie</sone><sone id="l28_s29" lk="390" lemma="zǭl" tahendus="saal" ingl="hall" liik="S" vorm="sg.gen.">zå̄l</sone><sone id="l28_s30" lk="390" lemma="ukš" tahendus="uks" ingl="door" liik="S" vorm="sg.gen.">uks</sone><sone id="l28_s31" lk="390" lemma="tagān" tahendus="taga" ingl="behind" liik="Post">tagān</sone><sone id="l28_s32" lk="390" lemma="vaņțlõ" tahendus="vaadata" ingl="look" liik="V" vorm="sup.">vańḱĺəm</sone><sone id="l28_s33" lk="390" meta="vahemärk">.</sone></lause><lause id="l29"><sone id="l29_s1" lk="390" lemma="si’z" tahendus="siis" ingl="then" liik="ProAdv">siz</sone><sone id="l29_s2" lk="390" lemma="se" tahendus="see" ingl="this" liik="ProS" vorm="sg.nom.">se</sone><sone id="l29_s3" lk="390" lemma="jumpro’vz" tahendus="kammerneitsi" ingl="maid" liik="S" vorm="sg.nom.">jumprou’z</sone><sone id="l29_s4" lk="390" lemma="vȱlda" tahendus="olla" ingl="be" liik="Va" vorm="pers.ind.pr.sg.3.">um’</sone><sone id="l29_s5" lk="390" lemma="kītõ" tahendus="öelda" ingl="say" liik="V" vorm="nud.sg.">kītən</sone><sone id="l29_s6" lk="390" meta="vahemärk">,</sone><sone id="l29_s7" lk="390" lemma="ku" tahendus="et" ingl="that" liik="Konj">ku</sone><sone id="l29_s8" lk="390" lemma="ta" tahendus="ta" ingl="she" liik="ProS" vorm="sg.nom.">tämā</sone><sone id="l29_s9" lk="390" lemma="vȱlda" tahendus="olla" ingl="be" liik="Va" vorm="pers.ind.pr.sg.3.">um’</sone><sone id="l29_s10" lk="390" lemma="vȱlda" tahendus="olla" ingl="be" liik="V" vorm="nud.sg.">ve̮nd</sone><sone id="l29_s11" lk="390" lemma="un" tahendus="ja" ingl="and" liik="Konj">un</sone><sone id="l29_s12" lk="390" lemma="ku" tahendus="et" ingl="that" liik="Konj">ku</sone><sone id="l29_s13" lk="390" lemma="tämā" tahendus="tema" ingl="she" liik="ProS" vorm="sg.nom.">ta</sone><sone id="l29_s14" lk="390" lemma="vȱlda" tahendus="olla" ingl="be" liik="Va" vorm="pers.ind.pr.sg.3.">um’</sone><sone id="l29_s15" lk="390" lemma="ne’i" tahendus="nii" ingl="so" liik="ProAdv">nei’</sone><sone id="l29_s16" lk="390" lemma="nǟ’dõ" tahendus="näha" ingl="see" liik="V" vorm="nud.sg.">nǟnd</sone><sone id="l29_s17" lk="390" lemma="un" tahendus="ja" ingl="and" liik="Konj">un</sone><sone id="l29_s18" lk="390" lemma="ku" tahendus="et" ingl="that" liik="Konj">ku</sone><sone id="l29_s19" lk="390" lemma="tämā" tahendus="tema" ingl="she" liik="ProS" vorm="sg.nom.">ta</sone><sone id="l29_s20" lk="390" lemma="vȱlda" tahendus="olla" ingl="be" liik="Va" vorm="pers.ind.pr.sg.3.">um’</sone><sone id="l29_s21" lk="390" lemma="si’z" tahendus="siis" ingl="then" liik="ProAdv">siz</sone><sone id="l29_s22" lk="390" lemma="na’grõ" tahendus="naerda" ingl="laugh" liik="V" vorm="nud.sg.">na’grən</sone><sone id="l29_s23" lk="390" meta="vahemärk">.</sone></lause><lause id="l30"><sone id="l30_s1" lk="390" lemma="si’z" tahendus="siis" ingl="then" liik="ProAdv">siz</sone><sone id="l30_s2" lk="390" lemma="se" tahendus="see" ingl="this" liik="ProS" vorm="sg.nom.">se</sone><sone id="l30_s3" lk="390" lemma="izānd" tahendus="isand" ingl="lord" liik="S" vorm="sg.nom.">izānd</sone><sone id="l30_s4" lk="390" lemma="vȱlda" tahendus="olla" ingl="be" liik="Va" vorm="pers.ind.pr.sg.3.">um’</sone><sone id="l30_s5" lk="390" lemma="se" tahendus="see" ingl="this" liik="ProS" vorm="sg.gen.">sie</sone><sone id="l30_s6" lk="390" lemma="kõzā" tahendus="viha" ingl="anger" liik="S" vorm="sg.instl.">ki̮zāks</sone><sone id="l30_s7" lk="390" lemma="pānda" tahendus="panna" ingl="make" liik="V" vorm="nud.sg.">pand</sone><sone id="l30_s8" lk="390" lemma="se" tahendus="see" ingl="this" liik="ProS" vorm="sg.gen.">sie</sone><sone id="l30_s9" lk="390" lemma="jumpro’vz" tahendus="kammerneitsi" ingl="maid" liik="S" vorm="sg.gen.">jumprou’</sone><sone id="l30_s10" lk="390" lemma="je’lsõ" tahendus="elus" ingl="alive" liik="A" vorm="sg.nom.">je̮l’sə</sone><sone id="l30_s11" lk="390" lemma="mīrtõ" tahendus="müürida" ingl="build in the wall" liik="V" vorm="sup.">mǖrtəm</sone><sone id="l30_s12" lk="390" lemma="mīr" tahendus="müür" ingl="wall" liik="S" vorm="sg.gen.">mǖr</sone><sone id="l30_s13" lk="390" lemma="si’zzõl" tahendus="sisse" ingl="in" liik="Post">si’zzəl</sone><sone id="l30_s14" lk="390" lemma="un" tahendus="ja" ingl="and" liik="Konj">un</sone><sone id="l30_s15" lk="390" lemma="si’z" tahendus="siis" ingl="then" liik="ProAdv">siz</sone><sone id="l30_s16" lk="390" lemma="ve’l" tahendus="veel" ingl="still" liik="Adv">vel</sone><sone id="l30_s17" lk="390" lemma="mūnda" tahendus="mõni" ingl="some" liik="ProS" vorm="sg.gen.">mūnda</sone><sone id="l30_s18" lk="390" lemma="āigast" tahendus="aasta" ingl="year" liik="S" vorm="sg.gen.">āigast</sone><sone id="l30_s19" lk="390" lemma="pie’rrõ" tahendus="pärast" ingl="after" liik="Adv">pⁱer’r</sone><sone id="l30_s20" lk="390" lemma="se" tahendus="see" ingl="this" liik="ProS" vorm="sg.gen.">sie</sone><sone id="l30_s21" lk="390" lemma="īe" tahendus="öö" ingl="night" liik="S" vorm="sg.gen.">üö</sone><sone id="l30_s22" lk="390" lemma="sizāl" tahendus="sees" ingl="in" liik="Post">sizāl</sone><sone id="l30_s23" lk="390" lemma="si’z" tahendus="siis" ingl="then" liik="ProAdv">siz</sone><sone id="l30_s24" lk="390" lemma="tämā" tahendus="tema" ingl="she" liik="ProS" vorm="sg.nom.">ta</sone><sone id="l30_s25" lk="390" lemma="ve’l" tahendus="veel" ingl="still" liik="Adv">vel</sone><sone id="l30_s26" lk="390" lemma="kǟ’dõ" tahendus="käia" ingl="go" liik="V" vorm="pers.ind.ipf.sg.3.">kei’</sone><sone id="l30_s27" lk="390" lemma="se" tahendus="see" ingl="this" liik="ProS" vorm="sg.gen.">sie</sone><sone id="l30_s28" lk="390" lemma="mõltsi" tahendus="roheline" ingl="green" liik="A" vorm="sg.gen.">mi̮ltsiz</sone><sone id="l30_s29" lk="390" lemma="kle’it" tahendus="kleit" ingl="gown" liik="S" vorm="sg.instl.">klei’təks</sone><sone id="l30_s30" lk="390" lemma="sǟ’l" tahendus="seal" ingl="there" liik="ProAdv">sǟ’l</sone><sone id="l30_s31" lk="390" lemma="zǭl" tahendus="saal" ingl="hall" liik="S" vorm="sg.in.">zå̄ls</sone><sone id="l30_s32" lk="390" lemma="un" tahendus="ja" ingl="and" liik="Konj">un</sone><sone id="l30_s33" lk="390" lemma="se" tahendus="see" ingl="this" liik="ProS" vorm="sg.part.">sⁱedā</sone><sone id="l30_s34" lk="390" lemma="vȱlda" tahendus="olla" ingl="be" liik="Va" vorm="pers.ind.pr.sg.3.">um’</sone><sone id="l30_s35" lk="390" lemma="nǟ’dõ" tahendus="näha" ingl="see" liik="V" vorm="nud.pl.">nǟnəd</sone><sone id="l30_s36" lk="390" lemma="amād" tahendus="kõik" ingl="all" liik="ProS" vorm="pl.nom.">amād</sone><sone id="l30_s37" lk="390" meta="vahemärk">.</sone></lause><lause id="l31"><sone id="l31_s1" lk="390" lemma="un" tahendus="ja" ingl="and" liik="Konj">un</sone><sone id="l31_s2" lk="390" lemma="se" tahendus="see" ingl="this" liik="ProS" vorm="sg.part.">sⁱedā</sone><sone id="l31_s3" lk="390" lemma="kȭvaz" tahendus="kask" ingl="birch" liik="S" vorm="sg.part.">kī̮vast</sone><sone id="l31_s4" lk="390" lemma="se" tahendus="see" ingl="this" liik="ProS" vorm="sg.part.">sⁱedā</sone><sone id="l31_s5" lk="390" lemma="mēg" tahendus="meie" ingl="we" liik="ProS" vorm="pl.nom.">meg</sone><sone id="l31_s6" lk="390" lemma="ve’l" tahendus="veel" ingl="still" liik="Adv">vel</sone><sone id="l31_s7" lk="390" meta="vahemärk">[</sone><sone id="l31_s8" lk="390" meta="kommentaar">neizmə</sone><sone id="l31_s9" lk="390" meta="vahemärk"> &gt;</sone><sone id="l31_s10" lk="390" meta="vahemärk">]</sone><sone id="l31_s11" lk="390" lemma="nǟ’dõ" tahendus="näha" ingl="see" liik="V" vorm="pers.ind.ipf.pl.1.">neizəm</sone><sone id="l31_s12" lk="390" meta="vahemärk">,</sone><sone id="l31_s13" lk="390" lemma="ku" tahendus="kui" ingl="when" liik="Konj">ku</sone><sone id="l31_s14" lk="390" lemma="se" tahendus="see" ingl="this" liik="ProS" vorm="sg.nom.">se</sone><sone id="l31_s15" lk="390" lemma="kȭvaz" tahendus="kask" ingl="birch" liik="S" vorm="sg.nom.">kī̮vaz</sone><sone id="l31_s16" lk="390" lemma="sǟ’l" tahendus="seal" ingl="there" liik="ProAdv">sǟ’l</sone><sone id="l31_s17" lk="390" lemma="ka’zzõ" tahendus="kasvada" ingl="grow" liik="V" vorm="pers.ind.ipf.sg.3.">kazīz</sone><sone id="l31_s18" lk="390" meta="vahemärk">.</sone></lause><lause id="l32"><sone id="l32_s1" lk="390" lemma="un" tahendus="ja" ingl="and" liik="Konj">un</sone><sone id="l32_s2" lk="390" lemma="si’z" tahendus="siis" ingl="then" liik="ProAdv">siz</sone><sone id="l32_s3" lk="390" lemma="se" tahendus="see" ingl="this" liik="ProS" vorm="sg.nom.">se</sone><sone id="l32_s4" lk="390" lemma="izānd" tahendus="isand" ingl="lord" liik="S" vorm="sg.nom.">izānd</sone><sone id="l32_s5" lk="390" meta="vahemärk">,</sone><sone id="l32_s6" lk="390" lemma="kis" tahendus="kes" ingl="who" liik="Intr" vorm="sg.nom.">kis</sone><sone id="l32_s7" lk="390" lemma="sǟ’l" tahendus="seal" ingl="there" liik="ProAdv">sǟl</sone><sone id="l32_s8" lk="390" lemma="paldīž" tahendus="praegu" ingl="now" liik="Adv">paldīš</sone><sone id="l32_s9" lk="390" lemma="vȱlda" tahendus="olla" ingl="be" liik="V" vorm="pers.ind.pr.sg.3.">um’</sone><sone id="l32_s10" lk="390" meta="vahemärk">,</sone><sone id="l32_s11" lk="390" lemma="Kǭrli" tahendus="Kǭrli" ingl="Karl" liik="H" vorm="sg.nom.">kå̄rli</sone><sone id="l32_s12" lk="390" lemma="Ōsten" tahendus="Ōsten" ingl="Osten" liik="H" vorm="sg.nom.">ōsten</sone><sone id="l32_s13" lk="390" lemma="Sahen" tahendus="Sahen" ingl="Sacken" liik="H" vorm="sg.nom.">sahen</sone><sone id="l32_s14" lk="390" meta="vahemärk">,</sone><sone id="l32_s15" lk="390" lemma="se" tahendus="see" ingl="this" liik="ProS" vorm="sg.nom.">se</sone><sone id="l32_s16" lk="390" lemma="vȱlda" tahendus="olla" ingl="be" liik="Va" vorm="pers.ind.ipf.sg.3.">ve̮ĺ’</sone><sone id="l32_s17" lk="391" lemma="pānda" tahendus="käskida" ingl="make" liik="V" vorm="nud.sg.">pand</sone><sone id="l32_s18" lk="391" lemma="se" tahendus="see" ingl="this" liik="ProS" vorm="sg.gen.">sie</sone><sone id="l32_s19" lk="391" lemma="kõuvõ" tahendus="kask" ingl="birch" liik="S" vorm="sg.gen.">ki̮vvə</sone><sone id="l32_s20" lk="391" lemma="mǭ’zõ" tahendus="maha" ingl="down" liik="Adva">må̄’zə</sone><sone id="l32_s21" lk="391" lemma="ra’dļõ" tahendus="raiuda" ingl="chop" liik="V" vorm="sup.">ra’d́ĺəm</sone><sone id="l32_s22" lk="391" lemma="un" tahendus="ja" ingl="and" liik="Konj">un</sone><sone id="l32_s23" lk="391" lemma="si’z" tahendus="siis" ingl="then" liik="ProAdv">siz</sone><sone id="l32_s24" lk="391" lemma="vȱlda" tahendus="olla" ingl="be" liik="Va" vorm="pers.ind.ipf.sg.3.">ve̮ĺ’</sone><sone id="l32_s25" lk="391" lemma="pānda" tahendus="käskida" ingl="make" liik="V" vorm="nud.sg.">pand</sone><sone id="l32_s26" lk="391" lemma="tī’edõ" tahendus="teha" ingl="make" liik="V" vorm="sup.">ti’em</sone><sone id="l32_s27" lk="391" lemma="eņtš" tahendus="oma" ingl="own" liik="ProS" vorm="sg.gen.">eńt́š</sone><sone id="l32_s28" lk="391" lemma="e’žmi" tahendus="esimene" ingl="first" liik="Numj" vorm="sg.gen.">ei’žmiz</sone><sone id="l32_s29" lk="391" lemma="läpš" tahendus="laps" ingl="child" liik="S" vorm="sg.dat.">lapsən</sone><sone id="l32_s30" lk="391" lemma="äl" tahendus="häll" ingl="cradle" liik="S" vorm="sg.gen.">äll</sone><sone id="l32_s31" lk="391" lemma="un" tahendus="ja" ingl="and" liik="Konj">un</sone><sone id="l32_s32" lk="391" lemma="ni" tahendus="nüüd" ingl="now" liik="Adv">ni</sone><sone id="l32_s33" lk="391" lemma="sǟ’l" tahendus="seal" ingl="there" liik="ProAdv">sǟ’l</sone><sone id="l32_s34" lk="391" lemma="vȱlda" tahendus="olla" ingl="be" liik="V" vorm="pers.ind.pr.sg.3.">um’</sone><sone id="l32_s35" lk="391" lemma="nīnõ" tahendus="loss" ingl="castle" liik="S" vorm="sg.nom.">nīn</sone><sone id="l32_s36" lk="391" lemma="täuž" tahendus="täis" ingl="full" liik="A" vorm="sg.nom.">täwž</sone><sone id="l32_s37" lk="391" lemma="piški" tahendus="väikelaps" ingl="small" liik="S" vorm="pl.part.">piškīži</sone><sone id="l32_s38" lk="391" lemma="barōn" tahendus="parun" ingl="baron" liik="S" vorm="pl.part.">barōnidi</sone><sone id="l32_s39" lk="391" meta="vahemärk">.</sone></lause><lause id="l33"><sone id="l33_s1" lk="391"> </sone></lause></sisu>
</liivike>
