<?xml version="1.0" encoding="UTF-8"?>
<?xml-stylesheet type="text/xsl" href="liivike_tekst.xsl"?>
<liivike>
	<info><tyyp>kirjalik</tyyp><teema>Tarinoita 14</teema><keel>liivi</keel><murre>idaliivi</murre><kirjaviis>foneetiline transkriptsioon</kirjaviis><kyla longituud="22.321" latituud="57.681">Irē?</kyla><teos pealkiri="Näytteitä liivin kielestä" aasta="1953" koht="Helsinki">E. N. Setälä</teos><muu>Keelejuht Didrik Damberg</muu><kyla longituud="" latituud="">Irē?</kyla><teos pealkiri="Näytteitä liivin kielestä" aasta="1953" koht="Helsinki">E. N. Setälä</teos></info><sisu id="Set_Tar_14">
		<lause id="l1">
			<sone id="l1_s1" lk="386" meta="number">14</sone>
			<sone id="l1_s2" lk="386" meta="vahemärk">.</sone></lause>
		<lause id="l2"><sone id="l2_s1" lk="386" lemma="Irē" tahendus="Irē" liik="H" vorm="sg.nom.">Ire</sone><sone id="l2_s2" lk="386" meta="vahemärk">?</sone></lause><lause id="l3"><sone id="l3_s1" lk="386" lemma="ne" tahendus="need" ingl="these" liik="ProS" vorm="pl.nom.">ne</sone><sone id="l3_s2" lk="386" lemma="vanā" tahendus="vana" ingl="old" liik="A" vorm="pl.nom.">vanād</sone><sone id="l3_s3" lk="386" lemma="kalā+mīez" tahendus="kalamees" ingl="fisherman" liik="S" vorm="pl.nom.">kalā+mi’ed</sone><sone id="l3_s4" lk="386" lemma="vȱlda" tahendus="olla" ingl="be" liik="Va" vorm="pers.ind.pr.pl.3.">a’dtə</sone><sone id="l3_s5" lk="386" lemma="tūlda" tahendus="tulla" ingl="come" liik="V" vorm="nud.pl.">tunnəd</sone><sone id="l3_s6" lk="386" lemma="tǟnõ" tahendus="siia" ingl="here" liik="ProAdv">tǟnə</sone><sone id="l3_s7" lk="386" lemma="ku" tahendus="kui" ingl="as" liik="Konj">ku</sone><sone id="l3_s8" lk="386" lemma="ne" tahendus="need" ingl="these" liik="ProS" vorm="pl.nom.">ne</sone><sone id="l3_s9" lk="386" liik="S" vorm="pl.nom." lemma="kurāli" tahendus="kuralane">kūrad</sone><sone id="l3_s10" lk="386" lemma="vȱlda" tahendus="olla" ingl="be" liik="Va" vorm="pers.ind.pr.pl.3.">a’dtə</sone><sone id="l3_s11" lk="386" lemma="ne" tahendus="nemad" ingl="they" liik="ProS" vorm="pl.part.">nēd́i</sone><sone id="l3_s12" lk="386" lemma="a’jjõ" tahendus="ajada" ingl="run" liik="V" vorm="nud.pl.">ai’jənəd</sone><sone id="l3_s13" lk="386" lemma="un" tahendus="ja" ingl="and" liik="Konj">un</sone><sone id="l3_s14" lk="386" lemma="si’z" tahendus="siis" ingl="then" liik="ProAdv">siz</sone><sone id="l3_s15" lk="386" lemma="ne" tahendus="nemad" ingl="they" liik="ProS" vorm="pl.nom.">ne</sone><sone id="l3_s16" lk="386" lemma="vȱlda" tahendus="olla" ingl="be" liik="Va" vorm="pers.ind.pr.pl.3.">a’dtə</sone><sone id="l3_s17" lk="386" lemma="ne’i" tahendus="nii" ingl="so" liik="ProAdv">nei’</sone><sone id="l3_s18" lk="386" lemma="kōgaz" tahendus="kaugele" liik="Adv">kōgaz</sone><sone id="l3_s19" lk="386" lemma="tūlda" tahendus="tulla" ingl="come" liik="V" vorm="nud.pl.">tunnəd</sone><sone id="l3_s20" lk="386" lemma="ku" tahendus="et" ingl="that" liik="Konj">ku</sone><sone id="l3_s21" lk="386" lemma="mie’r" tahendus="meri" ingl="sea" liik="S" vorm="sg.nom.">mer’</sone><sone id="l3_s22" lk="386" lemma="vȱlda" tahendus="olla" ingl="be" liik="Va" vorm="pers.ind.pr.sg.3.">um’</sone><sone id="l3_s23" lk="386" lemma="tūlda" tahendus="tulla" ingl="come" liik="V" vorm="nud.sg.">tund</sone><sone id="l3_s24" lk="386" lemma="vastõ" tahendus="vastu" liik="Adva" ingl="across">vastə</sone><sone id="l3_s25" lk="386" meta="vahemärk">.</sone></lause><lause id="l4"><sone id="l4_s1" lk="386" lemma="ni" tahendus="nüüd" ingl="now" liik="Adv">ni</sone><sone id="l4_s2" lk="386" lemma="ne" tahendus="nemad" ingl="they" liik="ProS" vorm="pl.nom.">ne</sone><sone id="l4_s3" lk="386" lemma="mõtlõ" tahendus="mõelda" ingl="think" liik="V" vorm="nud.pl.">mi̮tlənəd</sone><sone id="l4_s4" lk="386" meta="vahemärk">,</sone><sone id="l4_s5" lk="386" lemma="mis" tahendus="mis" ingl="what" liik="Intr" vorm="sg.part." kommentaar="?">mis</sone><sone id="l4_s6" lk="386" lemma="ne" tahendus="nemad" ingl="they" liik="ProS" vorm="pl.nom.">ne</sone><sone id="l4_s7" lk="386" lemma="ni" tahendus="nüüd" ingl="now" liik="Adv">ni</sone><sone id="l4_s8" lk="386" lemma="tǭ’dõ" tahendus="tahta" ingl="want" liik="V" vorm="pers.ind.pr.pl.3.">tå̄’bəd</sone><sone id="l4_s9" lk="386" lemma="tī’edõ" tahendus="teha" ingl="do" liik="V" vorm="inf.">ti’edə</sone><sone id="l4_s10" lk="386" meta="vahemärk">.</sone></lause><lause id="l5"><sone id="l5_s1" lk="386" lemma="si’z" tahendus="siis" ingl="then" liik="ProAdv">siz</sone><sone id="l5_s2" lk="386" lemma="vanā" tahendus="vana" ingl="old" liik="A" vorm="sg.nom.">vanā</sone><sone id="l5_s3" lk="386" lemma="Jak" liik="H" vorm="sg.nom." tahendus="Jak">jak</sone><sone id="l5_s4" lk="386" lemma="Mikīļ" tahendus="Mikīļ" liik="H" vorm="sg.nom.">mikīĺ</sone><sone id="l5_s5" lk="386" lemma="vȱlda" tahendus="olla" ingl="be" liik="Va" vorm="pers.ind.pr.sg.3.">um’</sone><sone id="l5_s6" lk="386" lemma="vȱlda" tahendus="olla" ingl="be" liik="V" vorm="nud.sg.">ve̮nd</sone><sone id="l5_s7" lk="386" lemma="seļļi" tahendus="selline" ingl="such" liik="ProA" vorm="sg.nom.">seĺĺi</sone><sone id="l5_s8" lk="386" lemma="kurē+tē’ji" tahendus="kuraditegija" ingl="devil speller" liik="S" vorm="sg.nom.ag." kommentaar="?">kurē+tēji</sone><sone id="l5_s9" lk="386" meta="vahemärk">,</sone><sone id="l5_s10" lk="386" lemma="se" tahendus="see" ingl="this" liik="ProS" vorm="sg.nom.">se</sone><sone lk="386" keel="eesti" id="l5_s11" meta="vahemärk">=</sone><sone lk="386" keel="eesti" id="l5_s12" lemma="vȱlda" tahendus="olla" ingl="be" liik="Va" vorm="pers.ind.pr.sg.3.">m’</sone><sone id="l5_s13" lk="386" lemma="lǟʼdõ" tahendus="minna" ingl="go" liik="V" vorm="nud.sg.">lǟ’nd</sone><sone id="l5_s14" lk="386" lemma="Sūr+kāngar" tahendus="Suur-seljandik" liik="H" vorm="sg.gen.">sūr+kāŋgaŕ</sone><sone id="l5_s15" lk="386" lemma="pǟl " tahendus="peale" ingl="onto" liik="Post">pǟl</sone><sone id="l5_s16" lk="386" lemma="un" tahendus="ja" ingl="and" liik="Konj">un</sone><sone id="l5_s17" lk="386" lemma="sviļpõ" tahendus="vilistada" ingl="whistle" liik="V" vorm="nud.sg.">sviĺpən</sone><sone id="l5_s18" lk="386" lemma="kuolm" tahendus="kolm" ingl="three" liik="Nump" vorm="sg.nom.">kᵘolm</sone><sone id="l5_s19" lk="386" lemma="kõrd" tahendus="kord" ingl="time" liik="S" vorm="sg.part." kommentaar="?">ki̮rd</sone><sone id="l5_s20" lk="386" meta="vahemärk">.</sone></lause><lause id="l6"><sone id="l6_s1" lk="386" lemma="no" tahendus="no" liik="Par">no</sone><sone id="l6_s2" lk="386" meta="vahemärk">,</sone><sone id="l6_s3" lk="386" lemma="un" tahendus="ja" ingl="and" liik="Konj">un</sone><sone id="l6_s4" lk="386" lemma="ni" tahendus="nii" ingl="so" liik="ProAdv">ni</sone><sone lk="386" keel="eesti" id="l6_s5" meta="vahemärk">=</sone><sone lk="386" keel="eesti" id="l6_s6" lemma="vȱlda" tahendus="olla" ingl="be" liik="Va" vorm="pers.ind.pr.sg.3.">m’</sone><sone id="l6_s7" lk="386" lemma="tūlda" tahendus="tulla" ingl="come" liik="V" vorm="nud.sg.">tund</sone><sone id="l6_s8" lk="386" lemma="tämā" tahendus="tema" ingl="he" liik="ProS" vorm="sg.gen.">täm’</sone><sone id="l6_s9" lk="386" lemma="izānd" tahendus="isand" ingl="lord" liik="S" vorm="sg.nom.">izānd</sone><sone id="l6_s10" lk="386" lemma="kuŗē" tahendus="kurat" ingl="devil" liik="S" vorm="sg.nom.">kurē</sone><sone id="l6_s11" lk="386" lemma="tämā" tahendus="tema" ingl="he" liik="ProS" vorm="sg.dat.">täm’mən</sone><sone id="l6_s12" lk="386" lemma="jū’rõ" tahendus="juurde" ingl="at" liik="Post">jū’rə</sone><sone id="l6_s13" lk="386" meta="vahemärk">.</sone></lause><lause id="l7"><sone id="l7_s1" lk="386" lemma="tämā" tahendus="tema" ingl="he" liik="ProS" vorm="sg.nom.">ta</sone><sone id="l7_s2" lk="386" lemma="vȱlda" tahendus="olla" ingl="be" liik="Va" vorm="pers.ind.pr.sg.3.">um’</sone><sone id="l7_s3" lk="386" lemma="kītõ" tahendus="öelda" ingl="tell" liik="V" vorm="nud.sg.">kītən</sone><sone id="l7_s4" lk="386" meta="vahemärk">,</sone><sone id="l7_s5" lk="386" lemma="või" tahendus="kas" ingl="if" liik="Intr">vi̮i</sone><sone id="l7_s6" lk="386" lemma="ä’b" tahendus="ei" ingl="not" liik="Mn" vorm="pr.sg.3." kommentaar="?">äb</sone><sone id="l7_s7" lk="386" lemma="võidõ" tahendus="võida" ingl="can" liik="V" vorm="pers.knd.pr.sg.3.">vi̮iks</sone><sone id="l7_s8" lk="386" lemma="ä’bțõ" tahendus="aidata" ingl="help" liik="V" vorm="inf.">ä’bt́ə</sone><sone id="l7_s9" lk="386" lemma="tämā" tahendus="tema" ingl="he" liik="ProS" vorm="sg.dat.">täm’mən</sone><sone id="l7_s10" lk="386" lemma="riek" tahendus="tee" ingl="road" liik="S" vorm="sg.part.">rⁱekkə</sone><sone id="l7_s11" lk="386" lemma="tī’edõ" tahendus="teha" ingl="make" liik="V" vorm="inf.">ti’edə</sone><sone id="l7_s12" lk="386" lemma="i’ļ" tahendus="üle" ingl="over" liik="Pre">üĺ’</sone><sone id="l7_s13" lk="386" lemma="mie’r" tahendus="meri" ingl="sea" liik="S" vorm="sg.gen.">mⁱer’</sone><sone id="l7_s14" lk="386" meta="vahemärk">.</sone></lause><lause id="l8"><sone id="l8_s1" lk="386" lemma="ni" tahendus="nüüd" ingl="so" liik="Adv">ni</sone><sone id="l8_s2" lk="386" lemma="kuŗē" tahendus="kurat" ingl="devil" liik="S" vorm="sg.nom.">kurē</sone><sone id="l8_s3" lk="386" lemma="kītõ" tahendus="öelda" ingl="tell" liik="V" vorm="nud.sg.">kītən</sone><sone id="l8_s4" lk="386" meta="vahemärk">,</sone><sone id="l8_s5" lk="386" lemma="se" tahendus="see" ingl="this" liik="ProS" vorm="sg.gen.">sie</sone><sone id="l8_s6" lk="386" lemma="tämā" tahendus="tema" ingl="he" liik="ProS" vorm="sg.nom.">ta</sone><sone id="l8_s7" lk="386" lemma="tī’edõ" tahendus="teha" ingl="make" liik="V" vorm="pers.kvt.pr.sg.3.">tå̄’ji</sone><sone id="l8_s8" lk="386" meta="vahemärk">.</sone></lause><lause id="l9"><sone id="l9_s1" lk="386" lemma="un" tahendus="ja" ingl="and" liik="Konj">un</sone><sone id="l9_s2" lk="386" lemma="si’z" tahendus="siis" ingl="then" liik="ProAdv">siz</sone><sone id="l9_s3" lk="386" lemma="tämā" tahendus="tema" ingl="he" liik="ProS" vorm="sg.nom.">ta</sone><sone id="l9_s4" lk="386" lemma="vȱlda" tahendus="olla" ingl="be" liik="Va" vorm="pers.ind.pr.sg.3.">um’</sone><sone id="l9_s5" lk="386" lemma="lǟʼdõ" tahendus="minna" ingl="go" liik="V" vorm="nud.sg.">lǟ’nd</sone><sone id="l9_s6" lk="386" lemma="ikš" tahendus="üks" ingl="some" liik="Adv">ǖ’d</sone><sone id="l9_s7" lk="386" lemma="kǭ’dõks" tahendus="kaheksa" ingl="eight" liik="Nump" vorm="sg.nom.">kå̄’dəks</sone><sone id="l9_s8" lk="386" lemma="veršt" tahendus="verst (1,0668 km)" ingl="verst" liik="S" vorm="sg.part.">verstə</sone><sone id="l9_s9" lk="386" lemma="sī’ḑõ" tahendus="siia" ingl="here" liik="ProAdv">sī’d́ə</sone><sone id="l9_s10" lk="386" lemma="mõtsā" tahendus="mets" ingl="forest" liik="S" vorm="sg.ill." kommentaar="?">mi̮tsəz</sone><sone id="l9_s11" lk="386" lemma="un" tahendus="ja" ingl="and" liik="Konj">un</sone><sone id="l9_s12" lk="386" lemma="si’z" tahendus="siis" ingl="then" liik="ProAdv">siz</sone><sone id="l9_s13" lk="386" lemma="tämā" tahendus="tema" ingl="he" liik="ProS" vorm="sg.nom.">ta</sone><sone id="l9_s14" lk="386" lemma="vȱlda" tahendus="olla" ingl="be" liik="Va" vorm="pers.ind.pr.sg.3.">um’</sone><sone id="l9_s15" lk="386" lemma="võttõ" tahendus="võtta" ingl="take" liik="V" vorm="nud.sg.">vi̮ttən</sone><sone id="l9_s16" lk="386" lemma="ikš" tahendus="üks" ingl="one" liik="Nump" vorm="sg.gen.">ǖ’d</sone><sone id="l9_s17" lk="386" lemma="si’l+täuž" tahendus="sületäis" ingl="armful" liik="S" vorm="sg.gen.">sül’+täwd</sone><sone id="l9_s18" lk="386" lemma="mǭ" tahendus="muld" ingl="earth" liik="S" vorm="sg.part.">må̄də</sone><sone id="l9_s19" lk="386" lemma="un" tahendus="ja" ingl="and" liik="Konj">un</sone><sone id="l9_s20" lk="386" lemma="se" tahendus="see" ingl="this" liik="ProS" vorm="sg.nom.">se</sone><sone id="l9_s21" lk="386" lemma="vȱlda" tahendus="olla" ingl="be" liik="Va" vorm="pers.ind.pr.sg.3.">um’</sone><sone id="l9_s22" lk="386" lemma="ve’l" tahendus="veel" ingl="still" liik="Adv">vel</sone><sone id="l9_s23" lk="386" lemma="paldīņ" tahendus="praegu" ingl="at this moment" liik="Adv">paldīń</sone><sone id="l9_s24" lk="386" lemma="nǟ’dõb" tahendus="nähtav" ingl="visible" liik="A" vorm="sg.nom." kommentaar="?">nǟ’dəb</sone><sone id="l9_s25" lk="386" lemma="un" tahendus="ja" ingl="and" liik="Konj">un</sone><sone id="l9_s26" lk="386" lemma="sǭdõ" tahendus="saada" ingl="get" liik="V" vorm="pers.ind.pr.sg.3.">så̄b</sone><sone id="l9_s27" lk="386" lemma="nuttõ" tahendus="kutsuda" ingl="call" liik="V" vorm="tud.">nuttəd</sone><sone id="l9_s28" lk="386" lemma="Tijābõr" liik="H" vorm="sg.gen." tahendus="Tijābõr">tüjābər</sone><sone id="l9_s29" lk="386" lemma="ouk" tahendus="auk" ingl="hole" liik="S" vorm="sg.nom.">ouk</sone><sone id="l9_s30" lk="386" meta="vahemärk">[</sone><sone id="l9_s31" lk="386" lemma="grǭv" tahendus="kraav" ingl="ditch" liik="S" vorm="sg.nom.">grå̄v</sone><sone lk="386" keel="eesti" id="l9_s32" meta="vahemärk">]</sone><sone id="l9_s33" lk="386" meta="vahemärk">.</sone></lause><lause id="l10"><sone id="l10_s1" lk="386" lemma="si’z" tahendus="siis" ingl="then" liik="ProAdv">siz</sone><sone id="l10_s2" lk="386" lemma="kakš" tahendus="kaks" ingl="two" liik="Nump" vorm="sg.nom.">kakš</sone><sone id="l10_s3" lk="386" lemma="kõrd" tahendus="kord" ingl="time" liik="S" vorm="sg.part." kommentaar="?">ki̮rd</sone><sone id="l10_s4" lk="386" lemma="tämā" tahendus="tema" ingl="he" liik="ProS" vorm="sg.nom.">ta</sone><sone lk="386" keel="eesti" id="l10_s5" meta="vahemärk">=</sone><sone lk="386" keel="eesti" id="l10_s6" lemma="vȱlda" tahendus="olla" ingl="be" liik="Va" vorm="pers.ind.pr.sg.3.">m’</sone><sone id="l10_s7" lk="386" lemma="sǟ’ld" tahendus="sealt" ingl="from there" liik="ProAdv">sǟ’ldə</sone><sone id="l10_s8" lk="386" lemma="tūodõ" tahendus="tuua" ingl="bring" liik="V" vorm="nud.sg.">tuond</sone><sone id="l10_s9" lk="386" lemma="un" tahendus="ja" ingl="and" liik="Konj">un</sone><sone id="l10_s10" lk="386" lemma="vīdõ" tahendus="viia" ingl="take" liik="V" vorm="nud.sg.">vīnd</sone><sone id="l10_s11" lk="386" lemma="Kūolka" tahendus="Kūolka" liik="H" vorm="sg.gen." lati="Kolka">kuolka</sone><sone id="l10_s12" lk="386" lemma="nanā " tahendus="neem" ingl="cape" liik="S" vorm="sg.ill.">nan’nə</sone><sone id="l10_s13" lk="386" lemma="un" tahendus="ja" ingl="and" liik="Konj">un</sone><sone id="l10_s14" lk="386" lemma="sǟ’l" tahendus="seal" ingl="there" liik="ProAdv">sǟl</sone><sone id="l10_s15" lk="386" lemma="vȱlda" tahendus="olla" ingl="be" liik="Va" vorm="pers.ind.pr.sg.3.">um’</sone><sone id="l10_s16" lk="386" lemma="ni" tahendus="nüüd" ingl="now" liik="Adv">ni</sone><sone id="l10_s17" lk="386" lemma="ī’dõks" tahendus="üheksa" ingl="nine" liik="Nump" vorm="sg.nom.">ǖ’dəks</sone><sone id="l10_s18" lk="386" lemma="veršt" tahendus="verst (1,0668 km)" ingl="verst" liik="S" vorm="sg.part.">verstə</sone><sone id="l10_s19" lk="386" lemma="laid" tahendus="madal" ingl="shallow" liik="A" vorm="sg.nom.">laid</sone><sone id="l10_s20" lk="386" lemma="un" tahendus="ja" ingl="and" liik="Konj">un</sone><sone id="l10_s21" lk="386" lemma="si’z" tahendus="siis" ingl="then" liik="ProAdv">siz</sone><sone id="l10_s22" lk="386" lemma="kuolmõz" tahendus="kolmas" ingl="third" liik="Numj" vorm="sg.part.">kᵘolmənd</sone><sone id="l10_s23" lk="386" lemma="kõrd" tahendus="kord" ingl="time" liik="S" vorm="sg.part.">ki̮rdə</sone><sone id="l10_s24" lk="386" lemma="tämā" tahendus="tema" ingl="he" liik="ProS" vorm="sg.nom.">ta</sone><sone id="l10_s25" lk="386" lemma="vȱlda" tahendus="olla" ingl="be" liik="Va" vorm="pers.knd.pr.sg.3.">ve̮lks</sone><sone id="l10_s26" lk="386" lemma="vīdõ" tahendus="viia" ingl="take" liik="V" vorm="nud.sg.">vīnd</sone><sone id="l10_s27" lk="386" lemma="sīnõ" tahendus="sinna" ingl="there" liik="ProAdv">sīn</sone><sone id="l10_s28" lk="386" lemma="Kūolka" tahendus="Kūolka" lati="Kolka" liik="H" vorm="sg.gen.">kuolka</sone><sone id="l10_s29" lk="386" lemma="nanā " tahendus="neem" ingl="cape" liik="S" vorm="sg.ill.">nan’nə</sone><sone id="l10_s30" lk="386" meta="vahemärk">,</sone><sone id="l10_s31" lk="386" lemma="si’z" tahendus="siis" ingl="then" liik="ProAdv">siz</sone><sone id="l10_s32" lk="386" lemma="vȱlda" tahendus="olla" ingl="be" liik="Va" vorm="pers.knd.pr.sg.3.">ve̮lks</sone><sone id="l10_s33" lk="386" lemma="riek" tahendus="tee" ingl="road" liik="S" vorm="sg.nom.">rek</sone><sone id="l10_s34" lk="386" lemma="vȱlda" tahendus="olla" ingl="be" liik="V" vorm="nud.sg.">ve̮nd</sone><sone id="l10_s35" lk="386" lemma="i’ļ" tahendus="üle" ingl="over" liik="Pre">üĺ’</sone><sone id="l10_s36" lk="386" lemma="A’brig" tahendus="Abruka" liik="H" vorm="sg.gen.">abrəkəz</sone><sone id="l10_s37" lk="386" meta="vahemärk">,</sone><sone id="l10_s38" lk="386" lemma="agā" tahendus="aga" ingl="but" liik="Konj">aga</sone><sone id="l10_s39" lk="386" lemma="kik" tahendus="kukk" ingl="cock" liik="S" vorm="sg.nom.">kik</sone><sone id="l10_s40" lk="386" lemma="vȱlda" tahendus="olla" ingl="be" liik="Va" vorm="pers.ind.pr.sg.3.">um</sone><sone id="l10_s41" lk="386" lemma="kīrgastõ" tahendus="kireda" ingl="crow" liik="V" vorm="nud.sg.">kīrgastən</sone><sone id="l10_s42" lk="386" lemma="un" tahendus="ja" ingl="and" liik="Konj">un</sone><sone id="l10_s43" lk="386" lemma="si’z" tahendus="siis" ingl="then" liik="ProAdv">siz</sone><sone id="l10_s44" lk="386" lemma="kuŗē" tahendus="kurat" ingl="devil" liik="S" vorm="sg.nom.">kurē</sone><sone id="l10_s45" lk="386" lemma="vȱlda" tahendus="olla" ingl="be" liik="Va" vorm="pers.ind.pr.sg.3.">um’</sone><sone id="l10_s46" lk="386" lemma="pānda" tahendus="panna" ingl="put" liik="V" vorm="nud.sg.">pand</sone><sone id="l10_s47" lk="386" lemma="eņtš" tahendus="oma" ingl="own" liik="ProS" vorm="sg.gen.">eńt́š</sone><sone id="l10_s48" lk="386" lemma="si’l+täuž" tahendus="sületäis" ingl="armful" liik="S" vorm="sg.gen.">sül’+täwd</sone><sone id="l10_s49" lk="386" lemma="mǭ’zõ" tahendus="maha" ingl="down" liik="Adva">må̄’zə</sone><sone id="l10_s50" lk="386" lemma="Irē" tahendus="Irē" lati="Mazirbe" liik="H" vorm="sg.gen.">irē</sone><sone id="l10_s51" lk="386" meta="vahemärk">[</sone><sone id="l10_s52" lk="386" meta="kommentaar">irāi’</sone><sone id="l10_s53" lk="386" meta="vahemärk">]</sone><sone id="l10_s54" lk="386" lemma="Jǭņ+mä’g" tahendus="Jǭņ+mä’g" liik="H" vorm="sg.gen.">jå̄ń+mä’g</sone><sone id="l10_s55" lk="386" lemma="pǟlõ" tahendus="peale" ingl="onto" liik="Post">pǟlə</sone><sone id="l10_s56" lk="386" lemma="un" tahendus="ja" ingl="and" liik="Konj">un</sone><sone id="l10_s57" lk="386" lemma="se" tahendus="see" ingl="this" liik="ProS" vorm="sg.nom.">se</sone><sone id="l10_s58" lk="386" lemma="vȱlda" tahendus="olla" ingl="be" liik="Va" vorm="pers.ind.pr.sg.3.">um’</sone><sone id="l10_s59" lk="386" lemma="ve’l" tahendus="veel" ingl="still" liik="Adv">vel</sone><sone id="l10_s60" lk="386" lemma="paldīņ" tahendus="praegu" ingl="at this moment" liik="Adv">paldīń</sone><sone id="l10_s61" lk="386" lemma="nǟ’dõb" tahendus="nähtav" ingl="visible" liik="A" vorm="sg.nom." kommentaar="?">nǟ’dəb</sone><sone id="l10_s62" lk="386" meta="vahemärk">.</sone></lause><lause id="l11"><sone id="l11_s1" lk="386" lemma="un" tahendus="ja" ingl="and" liik="Konj">un</sone><sone id="l11_s2" lk="386" lemma="si’z" tahendus="siis" ingl="then" liik="ProAdv">siz</sone><sone id="l11_s3" lk="386" lemma="kuŗē" tahendus="kurat" ingl="devil" liik="S" vorm="sg.nom.">kurē</sone><sone id="l11_s4" lk="386" lemma="vȱlda" tahendus="olla" ingl="be" liik="Va" vorm="pers.ind.pr.sg.3.">um’</sone><sone id="l11_s5" lk="386" lemma="tǭ’dõ" tahendus="tahta" ingl="want" liik="V" vorm="nud.sg.">tå̄’nd</sone><sone id="l11_s6" lk="386" lemma="ve’l" tahendus="veel" ingl="also" liik="Adv">vel</sone><sone id="l11_s7" lk="386" lemma="ki’v" tahendus="kivi" ingl="stone" liik="S" vorm="pl.part.">kivīdi</sone><sone id="l11_s8" lk="386" lemma="ka" tahendus="ka" ingl="also" liik="ModAdv">ka</sone><sone id="l11_s9" lk="387" lemma="vīdõ" tahendus="viia" ingl="take" liik="V" vorm="inf.">vīdə</sone><sone id="l11_s10" lk="387" lemma="sīnõ" tahendus="sinna" ingl="there" liik="ProAdv">sīnə</sone><sone id="l11_s11" lk="387" lemma="un" tahendus="ja" ingl="and" liik="Konj">un</sone><sone id="l11_s12" lk="387" lemma="si’z" tahendus="siis" ingl="then" liik="ProAdv">siz</sone><sone id="l11_s13" lk="387" lemma="tämā" tahendus="tema" ingl="he" liik="ProS" vorm="sg.dat.">täm’mən</sone><sone id="l11_s14" lk="387" lemma="vȱlda" tahendus="olla" ingl="be" liik="Va" vorm="pers.ind.pr.sg.3.">um’</sone><sone id="l11_s15" lk="387" lemma="lǟʼdõ" tahendus="minna" ingl="go" liik="V" vorm="nud.sg.">lǟ’nd</sone><sone id="l11_s16" lk="387" lemma="aš" tahendus="telg" ingl="axis" liik="S" vorm="sg.nom.">aš</sone><sone id="l11_s17" lk="387" lemma="kațki" tahendus="katki" ingl="broken" liik="Adv" kommentaar="?">kat́ki</sone><sone id="l11_s18" lk="387" lemma="un" tahendus="ja" ingl="and" liik="Konj">un</sone><sone id="l11_s19" lk="387" lemma="si’z" tahendus="siis" ingl="then" liik="ProAdv">siz</sone><sone id="l11_s20" lk="387" lemma="se" tahendus="see" ingl="this" liik="ProS" vorm="sg.nom.">se</sone><sone id="l11_s21" lk="387" lemma="kivīd+rovā" tahendus="kivihunnik" ingl="pile of stones" liik="S" vorm="sg.nom.">kivīd+rovā</sone><sone id="l11_s22" lk="387" lemma="sa’ddõ" tahendus="kukkuda" ingl="fall" liik="V" vorm="nud.sg.">sa’ddən</sone><sone id="l11_s23" lk="387" lemma="mǭ’zõ" tahendus="maha" ingl="down" liik="Adva">må̄’zə</sone><sone id="l11_s24" lk="387" lemma="un" tahendus="ja" ingl="and" liik="Konj">un</sone><sone id="l11_s25" lk="387" lemma="se" tahendus="see" ingl="this" liik="ProS" vorm="sg.nom.">se</sone><sone id="l11_s26" lk="387" lemma="vȱlda" tahendus="olla" ingl="be" liik="Va" vorm="pers.ind.pr.sg.3.">um’</sone><sone id="l11_s27" lk="387" lemma="ve’l" tahendus="veel" ingl="still" liik="Adv">vel</sone><sone id="l11_s28" lk="387" lemma="paldīž" tahendus="praegu" ingl="now" liik="Adv">paldīž</sone><sone id="l11_s29" lk="387" lemma="nǟ’dõb" tahendus="nähtav" ingl="visible" liik="A" vorm="sg.nom." kommentaar="?">nǟ’dəb</sone><sone id="l11_s30" lk="387" lemma="kakš" tahendus="kaks" ingl="two" liik="Nump" vorm="sg.gen.">kå̄’d</sone><sone id="l11_s31" lk="387" lemma="Brōska" tahendus="Brōska" liik="H" vorm="sg.gen." kommentaar="Looritsa põhjal Brõskõ">brōska</sone><sone id="l11_s32" lk="387" meta="vahemärk">[</sone><sone id="l11_s33" lk="387" meta="kommentaar">kaksi</sone><sone id="l11_s34" lk="387" meta="kommentaar">Gesindeä</sone><sone id="l11_s35" lk="387" meta="kommentaar">,</sone><sone id="l11_s36" lk="387" meta="kommentaar">”päp</sone><sone id="l11_s37" lk="387" meta="kommentaar">kǖndajid”</sone><sone id="l11_s38" lk="387" meta="vahemärk">]</sone><sone id="l11_s39" lk="387" lemma="va’isõ" tahendus="vahel" ingl="between" liik="Post">vai’s</sone><sone id="l11_s40" lk="387" meta="vahemärk">.</sone></lause><lause id="l12"><sone id="l12_s1" lk="387" lemma="tuoi" tahendus="teine" ingl="second" liik="Nump" vorm="sg.nom.">tᵘoi</sone><sone id="l12_s2" lk="387" lemma="sūr" tahendus="suur" ingl="big" liik="A" vorm="sg.nom.">sūr</sone><sone id="l12_s3" lk="387" meta="vahemärk">[</sone><sone id="l12_s4" lk="387" lemma="kivīd+tšupā" tahendus="kivihunnik" liik="S" vorm="sg.nom.">kivī+tšupā</sone><sone id="l12_s5" lk="387" meta="vahemärk"> &gt;</sone><sone id="l12_s6" lk="387" meta="vahemärk">]</sone><sone id="l12_s7" lk="387" lemma="kivīd+rovā" tahendus="kivihunnik" ingl="pile of stones" liik="S" vorm="sg.nom.">kivīd+rovā</sone><sone id="l12_s8" lk="387" lemma="vȱlda" tahendus="olla" ingl="be" liik="V" vorm="pers.ind.pr.sg.3.">um</sone><sone id="l12_s9" lk="387" lemma="Žviedŗ" tahendus="Žviedŗ" liik="H" vorm="sg.gen." kommentaar="talunimi Looritsa põhjal">žviedr̥</sone><sone id="l12_s10" lk="387" lemma="jūs" tahendus="juures" liik="Post">jūs</sone><sone id="l12_s11" lk="387" lemma="num" tahendus="nõmm" ingl="heath" liik="S" vorm="sg.in.">nums</sone><sone id="l12_s12" lk="387" meta="vahemärk">.</sone></lause><lause id="l13"><sone id="l13_s1" lk="387"> </sone></lause></sisu>
</liivike>
