<?xml version="1.0" encoding="UTF-8"?>
<?xml-stylesheet type="text/xsl" href="liivike_tekst.xsl"?>
<liivike>
	<info><tyyp>kirjalik</tyyp><keel>liivi</keel><murre>Īra</murre><kirjaviis>foneetiline transkriptsioon</kirjaviis><kyla longituud="22.107" latituud="57.62">Īra</kyla><teos pealkiri="Näytteitä liivin kielestä" aasta="1953" koht="Helsinki">E. N. Setälä</teos></info><sisu id="Set Tap 4">
		<lause id="l1">
			<sone id="l1_s1" lk="444" meta="number">4</sone>
			<sone id="l1_s2" lk="444" meta="vahemärk">.</sone></lause>
		<lause id="l2"><sone id="l2_s1" lk="444" lemma="Īra" tahendus="Īra" lati="Lielirbe" liik="H" vorm="sg.gen.">Īra</sone><sone id="l2_s2" lk="444" meta="vahemärk">?</sone></lause><lause id="l3"><sone id="l3_s1" lk="444" lemma="brūtganā" tahendus="peigmees" ingl="bridegroom" liik="S" vorm="sg.nom.">brūdganā</sone><sone id="l3_s2" lk="444" lemma="kutsõ" tahendus="kutsuda" ingl="invite" liik="V" vorm="pers.ind.pr.sg.3.">kutsūb</sone><sone id="l3_s3" lk="444" lemma="viedāji" tahendus="peiupoolne noor sugulane" liik="S" vorm="pl.nom.">vⁱedājid</sone><sone id="l3_s4" lk="444" meta="vahemärk">,</sone><sone id="l3_s5" lk="444" lemma="agā" tahendus="aga" ingl="but" liik="Konj">aga</sone><sone id="l3_s6" lk="444" lemma="brūț" tahendus="pruut" ingl="bride" liik="S" vorm="sg.nom.">brūt́</sone><sone id="l3_s7" lk="444" lemma="kutsõ" tahendus="kutsuda" ingl="invite" liik="V" vorm="pers.ind.pr.sg.3.">kutsūb</sone><sone id="l3_s8" lk="444" lemma="panūkstnikā" tahendus="pruudipoolne noor sugulane" liik="S" vorm="pl.nom.">panūkstnikād</sone><sone id="l3_s9" lk="444" meta="vahemärk">.</sone></lause><lause id="l4"><sone id="l4_s1" lk="444" lemma="si’z" tahendus="siis" ingl="then" liik="ProAdv">siz</sone><sone id="l4_s2" lk="444" lemma="viedāji+pȯis" tahendus="peiupoolne poiss" liik="S" vorm="pl.nom.">vⁱedāji+pue̮šid</sone><sone id="l4_s3" lk="444" lemma="un" tahendus="ja" ingl="and" liik="Konj">un</sone><sone id="l4_s4" lk="444" lemma="viedāji+neitst" tahendus="peiupoolne tüdruk" liik="S" vorm="pl.nom.">vⁱedāji+neitsəd</sone><sone id="l4_s5" lk="444" lemma="vȱlda" tahendus="olla" ingl="be" liik="V" vorm="pers.ind.pr.pl.3.">ā’t</sone><sone id="l4_s6" lk="444" lemma="e’žmi" tahendus="esimene" ingl="first" liik="Numj" vorm="sg.part.">e’ⁱžmist</sone><sone id="l4_s7" lk="444" lemma="kõrd" tahendus="kord" ingl="time" liik="S" vorm="sg.part.">ki̮rd</sone><sone id="l4_s8" lk="444" lemma="lōda" tahendus="laud" ingl="table" liik="S" vorm="sg.gen.">lōda</sone><sone id="l4_s9" lk="444" lemma="tagān" tahendus="taga" liik="Adv">tagān</sone><sone id="l4_s10" lk="444" meta="vahemärk">,</sone><sone id="l4_s11" lk="444" lemma="si’z" tahendus="siis" ingl="then" liik="ProAdv">siz</sone><sone id="l4_s12" lk="445" lemma="panūkstnikā" tahendus="pruudipoolne noor sugulane" liik="S" vorm="pl.nom.">panūkstnikād</sone><sone id="l4_s13" lk="445" lemma="tuoi" tahendus="teine" ingl="second" liik="Nump" vorm="sg.part.">tue̮ista</sone><sone id="l4_s14" lk="445" lemma="kõrd" tahendus="kord" ingl="time" liik="S" vorm="sg.part.">ki̮rd</sone><sone id="l4_s15" lk="445" meta="vahemärk">.</sone></lause><lause id="l5"><sone id="l5_s1" lk="445" lemma="viedāji" tahendus="peiupoolne noor sugulane" liik="S" vorm="pl.nom.">vⁱedājid</sone><sone id="l5_s2" lk="445" lemma="nämād" tahendus="nemad" ingl="they" liik="ProS" vorm="pl.nom.">ne</sone><sone id="l5_s3" lk="445" lemma="vȱlda" tahendus="olla" ingl="be" liik="V" vorm="pers.ind.pr.pl.3.">ā’t</sone><sone id="l5_s4" lk="445" lemma="ne" tahendus="need" ingl="these" liik="ProS" vorm="pl.nom.">ne</sone><sone id="l5_s5" lk="445" lemma="sūr" tahendus="suur" liik="A" vorm="pl.nom.">sūrd</sone><sone id="l5_s6" lk="445" lemma="izānd" tahendus="peremees" liik="S" vorm="pl.nom.">izāndəd</sone><sone id="l5_s7" lk="445" meta="vahemärk">.</sone></lause><lause id="l6"><sone id="l6_s1" lk="445" lemma="brūtganā" tahendus="peigmees" ingl="bridegroom" liik="S" vorm="sg.nom.">brūdganā</sone><sone id="l6_s2" lk="445" lemma="kutsõ" tahendus="kutsuda" ingl="invite" liik="V" vorm="pers.ind.pr.sg.3.">kutsūb</sone><sone id="l6_s3" lk="445" lemma="mārš+jālga" tahendus="pulmavanem" liik="S" vorm="sg.gen.">må̄’ŕš+jālga</sone><sone id="l6_s4" lk="445" meta="vahemärk">,</sone><sone id="l6_s5" lk="445" lemma="brūtganā" tahendus="peigmees" ingl="bridegroom" liik="S" vorm="sg.nom.">brūdganā</sone><sone id="l6_s6" lk="445" lemma="kutsõ" tahendus="kutsuda" ingl="invite" liik="V" vorm="pers.ind.pr.sg.3.">kutsūb</sone><sone id="l6_s7" lk="445" lemma="sūr+viedāji" tahendus="peaisamees" liik="S" vorm="sg.gen.">sūr+vⁱedāji</sone><sone id="l6_s8" lk="445" lemma="ka" tahendus="ka" ingl="also" liik="ModAdv">ka</sone><sone id="l6_s9" lk="445" meta="vahemärk">,</sone><sone id="l6_s10" lk="445" lemma="agā" tahendus="aga" ingl="but" liik="Konj">aga</sone><sone id="l6_s11" lk="445" lemma="brūț" tahendus="pruut" ingl="bride" liik="S" vorm="sg.nom.">brūt́</sone><sone id="l6_s12" lk="445" lemma="kutsõ" tahendus="kutsuda" ingl="invite" liik="V" vorm="pers.ind.pr.sg.3.">kutsūb</sone><sone id="l6_s13" lk="445" lemma="ȭ’dõg+ve’ļ" tahendus="peiupoiss" liik="S" vorm="sg.gen.">ī̮’dəg+veĺ’</sone><sone id="l6_s14" lk="445" meta="vahemärk">.</sone></lause><lause id="l7"><sone id="l7_s1" lk="445" lemma="ku" tahendus="kui" ingl="when" liik="Konj">Ku</sone><sone id="l7_s2" lk="445" lemma="e’žmi" tahendus="esimene" ingl="first" liik="Numj" vorm="sg.part.">e’ⁱžmist</sone><sone id="l7_s3" lk="445" lemma="kõrd" tahendus="kord" ingl="time" liik="S" vorm="sg.part.">ki̮rd</sone><sone id="l7_s4" lk="445" lemma="sūr+viedāji" tahendus="peaisamees" liik="S" vorm="sg.nom.">sūr+vⁱedāji</sone><sone id="l7_s5" lk="445" lemma="tūodõ" tahendus="tuua" ingl="bring" liik="V" vorm="pers.ind.pr.sg.3.">tue̮b</sone><sone id="l7_s6" lk="445" lemma="brūț" tahendus="pruut" ingl="bride" liik="S" vorm="sg.gen.">brūt́</sone><sone id="l7_s7" lk="445" lemma="brūtganā" tahendus="peigmees" ingl="bridegroom" liik="S" vorm="sg.instl.">brūdganāks</sone><sone id="l7_s8" lk="445" lemma="tubā" tahendus="elamu" ingl="house" vorm="sg.ill.">tu’bbə</sone><sone id="l7_s9" lk="445" meta="vahemärk">,</sone><sone id="l7_s10" lk="445" lemma="si’z" tahendus="siis" ingl="then" liik="ProAdv">siz</sone><sone id="l7_s11" lk="445" lemma="sūr+viedāji" tahendus="peaisamees" liik="S" vorm="sg.dat.">sūr+vⁱedājin</sone><sone id="l7_s12" lk="445" lemma="sǭdõ" tahendus="saada" ingl="get" liik="V" vorm="pers.ind.pr.sg.3.">sāb</sone><sone id="l7_s13" lk="445" lemma="võttõ" tahendus="võtta" ingl="take" liik="V" vorm="tud.">vi̮ttəd</sone><sone id="l7_s14" lk="445" lemma="mȭk" tahendus="mõõk" ingl="sword" liik="S" vorm="sg.nom.">mī̮k</sone><sone id="l7_s15" lk="445" lemma="jarā" tahendus="ära" ingl="away" liik="Adva">jerā</sone><sone id="l7_s16" lk="445" lemma="un" tahendus="ja" ingl="and" liik="Konj">un</sone><sone id="l7_s17" lk="445" lemma="andõ" tahendus="anda" ingl="give" liik="V" vorm="tud.">antəd</sone><sone id="l7_s18" lk="445" lemma="ȭ’dõg+ve’ļ" tahendus="peiupoiss" liik="S" vorm="sg.dat.">ī̮’dəg+veĺ’ĺən</sone><sone id="l7_s19" lk="445" meta="vahemärk">.</sone><sone id="l7_s20" lk="445" lemma="si’z" tahendus="siis" ingl="then" liik="ProAdv">siz</sone><sone id="l7_s21" lk="445" lemma="ȭ’dõg+ve’ļ" tahendus="peiupoiss" liik="S" vorm="sg.nom.">ī̮’dəg+veĺ’</sone><sone id="l7_s22" lk="445" lemma="vȱlda" tahendus="olla" ingl="be" liik="V" vorm="pers.ind.pr.sg.3.">um’</sone><sone id="l7_s23" lk="445" lemma="se" tahendus="see" ingl="this" liik="ProS" vorm="sg.nom.">se</sone><sone id="l7_s24" lk="445" lemma="sūr" tahendus="suur" liik="A" vorm="sg.nom.">sūr</sone><sone id="l7_s25" lk="445" lemma="izānd" tahendus="peremees" liik="S" vorm="sg.nom.">izānd</sone><sone id="l7_s26" lk="445" lemma="i’ļ" tahendus="üle" liik="Pre">üĺ’</sone><sone id="l7_s27" lk="445" lemma="amā" tahendus="kogu" ingl="whole" liik="ProS" vorm="sg.gen.">amā</sone><sone id="l7_s28" lk="445" lemma="kǭzgõnd" tahendus="pulmad" ingl="wedding" liik="S" vorm="pl.gen.">kāznəgəd</sone><sone id="l7_s29" lk="445" lemma="āiga" tahendus="aeg" ingl="time" liik="S" vorm="sg.gen.">å̄iga</sone><sone id="l7_s30" lk="445" meta="vahemärk">.</sone></lause></sisu>
</liivike>
